student_id,marital_status,application_mode,application_order,course,daytime_evening_attendance,previous_qualification,previous_qualification_grade,nationality,mother_qualification,father_qualification,mother_occupation,father_occupation,admission_grade,displaced,educational_special_needs,debtor,tuition_fees_up_to_date,gender,scholarship_holder,age_at_enrollment,international,curricular_units_1st_sem_credited,curricular_units_1st_sem_enrolled,curricular_units_1st_sem_evaluations,curricular_units_1st_sem_approved,curricular_units_1st_sem_grade,curricular_units_1st_sem_without_evaluations,curricular_units_2nd_sem_credited,curricular_units_2nd_sem_enrolled,curricular_units_2nd_sem_evaluations,curricular_units_2nd_sem_approved,curricular_units_2nd_sem_grade,curricular_units_2nd_sem_without_evaluations,unemployment_rate,inflation_rate,gdp,target,gender_label,scholarship_label,debtor_label,tuition_fees_label,displaced_label,semester_grade_change,semester_approval_change,approval_rate_sem1,approval_rate_sem2,academic_progression_index,financial_risk_indicator,academic_load_ratio,performance_stability
EDU-000001,1,17,5,171,1,1,122.0,1,19,12,5,9,127.3,1,0,0,1,1,0,20,0,0,0,0,0,0.0,0,0,0,0,0,0.0,0,10.8,1.4,1.74,Dropout,Male,No,No,Up to Date,Yes,0.0,0,0.0,0.0,0.0,0,0.0,0.0
EDU-000002,1,15,1,9254,1,1,160.0,1,1,3,3,3,142.5,1,0,0,0,1,0,19,0,0,6,6,6,14.0,0,0,6,6,6,13.666666666666666,0,13.9,-0.3,0.79,Graduate,Male,No,No,In Arrears,Yes,-0.33,0,1.0,1.0,13.8,0,1.0,0.33
EDU-000003,1,1,5,9070,1,1,122.0,1,37,37,9,9,124.8,1,0,0,0,1,0,19,0,0,6,0,0,0.0,0,0,6,0,0,0.0,0,10.8,1.4,1.74,Dropout,Male,No,No,In Arrears,Yes,0.0,0,0.0,0.0,0.0,0,1.0,0.0
EDU-000004,1,17,2,9773,1,1,122.0,1,38,37,5,3,119.6,1,0,0,1,0,0,20,0,0,6,8,6,13.428571428571429,0,0,6,10,5,12.4,0,9.4,-0.8,-3.12,Graduate,Female,No,No,Up to Date,Yes,-1.03,-1,1.0,0.8333,10.68,0,1.0,1.03
EDU-000005,2,39,1,8014,0,1,100.0,1,37,38,9,9,141.5,0,0,0,1,0,0,45,0,0,6,9,5,12.333333333333334,0,0,6,6,6,13.0,0,13.9,-0.3,0.79,Graduate,Female,No,No,Up to Date,No,0.67,1,0.8333,1.0,12.73,0,1.0,0.67
EDU-000006,2,39,1,9991,0,19,133.1,1,37,37,9,7,114.8,0,0,1,1,1,0,50,0,0,5,10,5,11.857142857142858,0,0,5,17,5,11.5,5,16.2,0.3,-0.92,Graduate,Male,No,Yes,Up to Date,No,-0.36,0,1.0,1.0,11.64,0,0.83,0.36
EDU-000007,1,1,1,9500,1,1,142.0,1,19,38,7,10,128.4,1,0,0,1,0,1,18,0,0,7,9,7,13.3,0,0,8,8,8,14.345,0,15.5,2.8,-4.06,Graduate,Female,Yes,No,Up to Date,Yes,1.04,1,1.0,1.0,13.93,0,1.17,1.04
EDU-000008,1,18,4,9254,1,1,119.0,1,37,37,9,9,113.1,1,0,0,0,1,0,22,0,0,5,5,0,0.0,0,0,5,5,0,0.0,0,15.5,2.8,-4.06,Dropout,Male,No,No,In Arrears,Yes,0.0,0,0.0,0.0,0.0,0,0.83,0.0
EDU-000009,1,1,3,9238,1,1,137.0,62,1,1,9,9,129.3,0,0,0,1,0,1,21,1,0,6,8,6,13.875,0,0,6,7,6,14.142857142857142,0,16.2,0.3,-0.92,Graduate,Female,Yes,No,Up to Date,No,0.27,0,1.0,1.0,14.04,0,1.0,0.27
EDU-000010,1,1,1,9238,1,1,138.0,1,1,19,4,7,123.0,1,0,1,0,0,0,18,0,0,6,9,5,11.4,0,0,6,14,2,13.5,0,8.9,1.4,3.51,Dropout,Female,No,Yes,In Arrears,Yes,2.1,-3,0.8333,0.3333,4.22,1,1.0,2.1
EDU-000011,1,1,1,9670,1,1,139.0,1,38,19,5,7,130.6,1,0,0,1,0,0,18,0,0,6,6,6,12.333333333333334,0,0,6,7,5,14.2,0,13.9,-0.3,0.79,Graduate,Female,No,No,Up to Date,Yes,1.87,-1,1.0,0.8333,11.21,0,1.0,1.87
EDU-000012,1,1,1,9500,1,1,136.0,1,19,38,9,9,119.3,1,0,0,1,0,1,18,0,0,8,8,7,13.214285714285714,0,0,8,8,7,13.214285714285714,0,12.7,3.7,-1.7,Graduate,Female,Yes,No,Up to Date,Yes,0.0,0,0.875,0.875,11.56,0,1.33,0.0
EDU-000013,1,1,2,9853,1,1,133.0,1,19,37,4,9,130.2,1,0,0,1,0,0,19,0,0,6,6,0,0.0,0,0,6,0,0,0.0,0,12.7,3.7,-1.7,Dropout,Female,No,No,Up to Date,Yes,0.0,0,0.0,0.0,0.0,0,1.0,0.0
EDU-000014,1,53,1,9254,1,42,110.0,1,1,1,4,7,111.8,1,0,0,1,0,1,21,0,0,6,7,6,10.571428571428571,0,0,6,8,5,11.0,0,8.9,1.4,3.51,Graduate,Female,Yes,No,Up to Date,Yes,0.43,-1,1.0,0.8333,9.02,0,1.0,0.43
EDU-000015,1,1,1,9085,1,1,149.0,1,38,37,5,5,137.1,1,0,0,1,0,1,18,0,0,5,7,4,13.25,0,0,5,5,5,12.0,0,10.8,1.4,1.74,Graduate,Female,Yes,No,Up to Date,Yes,-1.25,1,0.8,1.0,12.5,0,0.83,1.25
EDU-000016,1,1,1,9773,1,1,127.0,1,19,37,9,3,120.7,1,0,0,1,0,0,20,0,0,6,6,5,13.2,0,0,6,7,0,0.0,0,15.5,2.8,-4.06,Dropout,Female,No,No,Up to Date,Yes,-13.2,-5,0.8333,0.0,0.0,0,1.0,13.2
EDU-000017,1,18,1,9238,1,1,137.0,1,19,38,5,8,137.4,1,0,0,1,0,0,18,0,0,6,10,1,12.0,0,0,6,14,2,11.0,0,10.8,1.4,1.74,Enrolled,Female,No,No,Up to Date,Yes,-1.0,1,0.1667,0.3333,3.8,0,1.0,1.0
EDU-000018,1,17,2,9500,1,1,135.0,1,19,1,5,4,127.3,1,0,0,1,0,0,18,0,0,7,8,7,13.30625,0,0,8,8,8,14.545,0,15.5,2.8,-4.06,Graduate,Female,No,No,Up to Date,Yes,1.24,1,1.0,1.0,14.05,0,1.17,1.24
EDU-000019,1,1,1,9130,1,1,137.0,1,3,19,3,5,136.3,1,0,0,1,0,0,20,0,0,5,8,4,12.5,1,0,5,8,4,12.25,2,10.8,1.4,1.74,Graduate,Female,No,No,Up to Date,Yes,-0.25,0,0.8,0.8,9.88,0,0.83,0.25
EDU-000020,1,1,1,9853,1,1,140.0,1,19,19,7,7,124.6,1,0,0,1,0,0,18,0,0,7,7,6,11.666666666666666,0,0,7,8,6,13.5,0,16.2,0.3,-0.92,Enrolled,Female,No,No,Up to Date,Yes,1.83,0,0.8571,0.8571,10.94,0,1.17,1.83
EDU-000021,1,1,3,171,1,1,122.0,1,1,1,9,8,120.3,0,0,0,1,0,1,21,0,0,0,0,0,0.0,0,0,0,0,0,0.0,0,11.1,0.6,2.02,Graduate,Female,Yes,No,Up to Date,No,0.0,0,0.0,0.0,0.0,0,0.0,0.0
EDU-000022,1,18,4,9556,1,1,127.0,1,1,38,4,7,121.8,1,0,0,1,0,0,20,0,0,7,14,7,11.4375,0,0,8,9,8,11.425,0,12.7,3.7,-1.7,Enrolled,Female,No,No,Up to Date,Yes,-0.01,1,1.0,1.0,11.43,0,1.17,0.01
EDU-000023,1,1,4,9500,1,1,142.0,1,19,19,1,1,125.5,1,0,0,1,0,0,18,0,0,8,12,7,12.857142857142858,0,0,8,12,7,12.857142857142858,0,12.7,3.7,-1.7,Graduate,Female,No,No,Up to Date,Yes,0.0,0,0.875,0.875,11.25,0,1.33,0.0
EDU-000024,1,1,4,9670,1,1,125.0,1,1,38,4,7,114.9,1,0,0,1,0,1,19,0,0,6,8,6,13.375,0,0,6,7,6,12.285714285714286,0,11.1,0.6,2.02,Graduate,Female,Yes,No,Up to Date,Yes,-1.09,0,1.0,1.0,12.72,0,1.0,1.09
EDU-000025,1,1,1,9500,1,1,126.0,1,19,19,3,7,123.9,0,0,0,1,0,0,19,0,0,7,8,6,13.296666666666669,0,0,8,9,7,14.114285714285714,0,11.1,0.6,2.02,Graduate,Female,No,No,Up to Date,No,0.82,1,0.8571,0.875,12.06,0,1.17,0.82
EDU-000026,1,1,1,9238,1,1,151.0,1,19,38,9,9,157.0,1,0,1,1,0,1,18,0,0,6,8,5,11.6,0,0,6,12,4,11.0,0,7.6,2.6,0.32,Enrolled,Female,Yes,Yes,Up to Date,Yes,-0.6,-1,0.8333,0.6667,7.49,0,1.0,0.6
EDU-000027,1,17,2,9238,1,1,115.0,1,19,38,7,8,116.4,1,0,0,1,0,0,21,0,0,6,9,6,11.375,0,0,6,9,6,13.285714285714286,0,16.2,0.3,-0.92,Graduate,Female,No,No,Up to Date,Yes,1.91,0,1.0,1.0,12.52,0,1.0,1.91
EDU-000028,1,1,1,9085,1,1,138.0,1,19,19,3,3,131.0,1,0,0,1,0,0,18,0,0,5,9,5,12.666666666666666,2,0,5,7,4,13.0,0,9.4,-0.8,-3.12,Enrolled,Female,No,No,Up to Date,Yes,0.33,-1,1.0,0.8,10.29,0,0.83,0.33
EDU-000029,1,1,1,9147,1,1,135.0,1,19,1,9,9,122.1,1,0,0,1,0,0,20,0,0,5,6,5,12.0,0,0,5,6,5,12.333333333333334,0,16.2,0.3,-0.92,Graduate,Female,No,No,Up to Date,Yes,0.33,0,1.0,1.0,12.2,0,0.83,0.33
EDU-000030,1,17,2,9500,1,1,127.0,1,3,3,1,10,118.8,1,0,0,1,1,0,19,0,0,7,9,6,12.933333333333332,0,0,7,7,6,13.716666666666669,0,16.2,0.3,-0.92,Enrolled,Male,No,No,Up to Date,Yes,0.78,0,0.8571,0.8571,11.49,0,1.17,0.78
EDU-000031,1,44,1,9003,1,39,150.0,1,4,5,4,2,150.0,0,0,0,1,1,0,21,0,0,6,15,5,11.857142857142858,0,0,6,17,5,10.571428571428571,0,16.2,0.3,-0.92,Enrolled,Male,No,No,Up to Date,No,-1.29,0,0.8333,0.8333,9.24,0,1.0,1.29
EDU-000032,1,51,1,9070,1,1,125.0,1,42,3,125,124,130.0,1,0,0,1,1,0,20,0,2,6,7,6,12.833333333333334,0,0,6,9,4,13.4,0,8.9,1.4,3.51,Graduate,Male,No,No,Up to Date,Yes,0.57,-2,1.0,0.6667,8.78,0,1.0,0.57
EDU-000033,1,1,1,9147,1,1,143.0,1,1,1,4,6,138.8,0,0,0,0,1,0,18,0,0,5,9,3,11.333333333333334,0,0,5,8,2,13.5,0,8.9,1.4,3.51,Enrolled,Male,No,No,In Arrears,No,2.17,-1,0.6,0.4,5.05,0,0.83,2.17
EDU-000034,1,18,1,8014,0,1,138.0,1,19,1,9,5,134.5,1,0,0,1,0,0,19,0,0,6,6,6,12.666666666666666,0,0,6,8,6,14.375,0,12.4,0.5,1.79,Graduate,Female,No,No,Up to Date,Yes,1.71,0,1.0,1.0,13.69,0,1.0,1.71
EDU-000035,1,1,1,9991,0,1,130.0,1,2,37,3,9,131.4,0,0,0,1,1,0,34,0,0,5,6,5,12.4,0,0,5,9,5,13.428571428571429,0,13.9,-0.3,0.79,Graduate,Male,No,No,Up to Date,No,1.03,0,1.0,1.0,13.02,0,0.83,1.03
EDU-000036,1,39,1,33,1,1,130.0,1,38,37,9,6,102.5,0,0,1,0,1,0,37,0,0,7,7,0,0.0,0,0,7,7,1,10.0,0,8.9,1.4,3.51,Dropout,Male,No,Yes,In Arrears,No,10.0,1,0.0,0.1429,0.86,1,1.17,10.0
EDU-000037,1,39,1,9119,1,10,133.1,1,34,37,0,0,128.8,1,0,0,1,1,0,43,0,0,5,0,0,0.0,0,0,5,0,0,0.0,0,7.6,2.6,0.32,Dropout,Male,No,No,Up to Date,Yes,0.0,0,0.0,0.0,0.0,0,0.83,0.0
EDU-000038,1,43,1,9147,1,1,140.0,1,37,37,6,6,122.9,0,0,0,1,0,0,55,0,0,5,10,1,10.0,0,0,5,8,2,12.0,2,16.2,0.3,-0.92,Dropout,Female,No,No,Up to Date,No,2.0,1,0.2,0.4,4.48,0,0.83,2.0
EDU-000039,4,39,1,9991,0,1,120.0,1,19,19,9,3,113.9,1,0,0,1,0,0,39,0,0,5,8,5,11.0,0,0,5,5,5,11.6,0,7.6,2.6,0.32,Graduate,Female,No,No,Up to Date,Yes,0.6,0,1.0,1.0,11.36,0,0.83,0.6
EDU-000040,1,44,1,9130,1,39,120.0,6,4,4,3,6,120.0,0,0,1,0,0,0,20,1,2,6,13,3,11.666666666666666,0,1,6,11,3,12.0,0,12.4,0.5,1.79,Dropout,Female,No,Yes,In Arrears,No,0.33,0,0.5,0.5,5.93,1,1.0,0.33
EDU-000041,1,1,5,9773,1,1,126.0,1,3,3,2,2,121.1,0,0,1,1,0,0,18,0,0,6,6,4,12.75,0,0,5,5,0,0.0,0,12.7,3.7,-1.7,Dropout,Female,No,Yes,Up to Date,No,-12.75,-4,0.6667,0.0,0.0,0,1.0,12.75
EDU-000042,1,1,2,9147,1,1,133.0,1,3,19,2,7,120.4,1,0,0,1,0,0,22,0,0,5,5,5,14.8,0,0,5,5,5,15.8,0,8.9,1.4,3.51,Graduate,Female,No,No,Up to Date,Yes,1.0,0,1.0,1.0,15.4,0,0.83,1.0
EDU-000043,1,1,6,9500,1,1,103.0,1,1,3,2,2,100.6,1,1,0,1,0,0,22,0,0,7,9,5,13.928,0,0,8,9,7,14.342857142857142,0,11.1,0.6,2.02,Graduate,Female,No,No,Up to Date,Yes,0.41,2,0.7143,0.875,12.4,0,1.17,0.41
EDU-000044,1,17,1,9773,1,1,120.0,1,1,38,5,5,121.4,0,0,0,0,0,0,20,0,0,6,7,4,13.0,0,0,6,7,5,13.8,0,12.4,0.5,1.79,Dropout,Female,No,No,In Arrears,No,0.8,1,0.6667,0.8333,11.23,0,1.0,0.8
EDU-000045,1,39,1,9991,0,1,133.1,1,37,37,9,9,109.7,0,0,0,1,0,0,29,0,0,5,0,0,0.0,0,0,5,0,0,0.0,0,16.2,0.3,-0.92,Dropout,Female,No,No,Up to Date,No,0.0,0,0.0,0.0,0.0,0,0.83,0.0
EDU-000046,1,17,1,9991,0,1,154.0,1,38,38,4,5,134.1,0,0,0,1,0,0,24,0,0,5,9,2,11.5,0,0,5,11,3,14.333333333333334,1,7.6,2.6,0.32,Enrolled,Female,No,No,Up to Date,No,2.83,1,0.4,0.6,7.92,0,0.83,2.83
EDU-000047,1,17,2,9238,1,1,130.0,1,19,19,9,9,127.6,1,0,0,1,0,0,18,0,0,6,6,6,11.666666666666666,0,0,6,8,5,13.2,0,11.1,0.6,2.02,Graduate,Female,No,No,Up to Date,Yes,1.53,-1,1.0,0.8333,10.49,0,1.0,1.53
EDU-000048,1,17,6,9500,1,1,132.0,1,37,19,7,7,132.4,1,0,0,1,0,1,22,0,0,7,8,6,13.516666666666666,0,0,8,9,7,13.771428571428572,0,11.1,0.6,2.02,Graduate,Female,Yes,No,Up to Date,Yes,0.25,1,0.8571,0.875,11.96,0,1.17,0.25
EDU-000049,1,44,1,8014,0,39,130.0,1,1,19,9,9,133.4,0,0,0,1,0,1,21,0,3,6,6,6,11.5,0,2,6,7,6,13.285714285714286,0,12.4,0.5,1.79,Graduate,Female,Yes,No,Up to Date,No,1.79,0,1.0,1.0,12.57,0,1.0,1.79
EDU-000050,1,1,1,9238,1,1,139.0,1,37,38,9,9,126.1,0,0,0,1,0,1,19,0,0,6,7,5,12.333333333333334,0,0,6,7,6,12.833333333333334,0,12.7,3.7,-1.7,Graduate,Female,Yes,No,Up to Date,No,0.5,1,0.8333,1.0,12.63,0,1.0,0.5
EDU-000051,1,39,1,9254,1,1,130.0,1,19,38,9,7,113.5,0,0,0,1,0,1,24,0,0,6,6,6,13.666666666666666,0,0,6,6,6,14.166666666666666,0,12.4,0.5,1.79,Graduate,Female,Yes,No,Up to Date,No,0.5,0,1.0,1.0,13.97,0,1.0,0.5
EDU-000052,1,1,1,9500,1,1,139.0,1,37,38,6,6,121.3,1,0,0,1,0,1,19,0,0,8,10,6,11.833333333333334,0,0,8,10,6,11.833333333333334,0,9.4,-0.8,-3.12,Enrolled,Female,Yes,No,Up to Date,Yes,0.0,0,0.75,0.75,8.88,0,1.33,0.0
EDU-000053,1,1,1,9773,1,1,127.0,1,1,19,7,7,121.8,1,0,0,1,0,1,20,0,0,6,11,4,14.0,0,0,6,12,3,11.0,0,9.4,-0.8,-3.12,Enrolled,Female,Yes,No,Up to Date,Yes,-3.0,-1,0.6667,0.5,6.1,0,1.0,3.0
EDU-000054,1,1,3,9130,1,1,167.0,1,37,37,90,90,159.3,0,0,0,1,0,0,19,0,0,5,7,5,14.714285714285714,0,0,5,5,5,15.8,0,7.6,2.6,0.32,Graduate,Female,No,No,Up to Date,No,1.09,0,1.0,1.0,15.37,0,0.83,1.09
EDU-000055,1,39,1,9991,0,1,130.0,1,38,38,9,9,120.0,0,0,0,1,0,0,27,0,0,5,12,5,10.6,0,0,5,10,5,11.0,0,9.4,-0.8,-3.12,Dropout,Female,No,No,Up to Date,No,0.4,0,1.0,1.0,10.84,0,0.83,0.4
EDU-000056,1,1,1,9500,1,1,130.0,1,1,19,5,5,129.1,1,0,0,1,0,0,18,0,0,7,9,7,13.044444444444444,0,0,8,10,8,13.595,0,15.5,2.8,-4.06,Graduate,Female,No,No,Up to Date,Yes,0.55,1,1.0,1.0,13.37,0,1.17,0.55
EDU-000057,2,7,1,9254,1,3,130.0,1,1,3,4,3,130.0,0,0,0,1,0,0,39,0,0,6,10,0,0.0,0,0,6,6,0,0.0,0,12.4,0.5,1.79,Dropout,Female,No,No,Up to Date,No,0.0,0,0.0,0.0,0.0,0,1.0,0.0
EDU-000058,1,39,1,9130,1,40,129.0,1,3,3,2,2,155.3,1,0,0,1,0,0,27,0,0,6,9,5,13.0,0,5,11,13,10,12.9,0,12.4,0.5,1.79,Dropout,Female,No,No,Up to Date,Yes,-0.1,5,0.8333,0.9091,11.76,0,1.0,0.1
EDU-000059,1,17,1,9500,1,1,141.0,1,38,38,7,10,139.8,1,0,0,1,0,0,18,0,0,8,8,8,14.935,0,0,8,8,8,14.935,0,9.4,-0.8,-3.12,Graduate,Female,No,No,Up to Date,Yes,0.0,0,1.0,1.0,14.94,0,1.33,0.0
EDU-000060,1,1,3,171,1,1,125.0,1,38,37,4,9,115.2,1,0,0,1,0,0,18,0,0,0,0,0,0.0,0,0,0,0,0,0.0,0,7.6,2.6,0.32,Enrolled,Female,No,No,Up to Date,Yes,0.0,0,0.0,0.0,0.0,0,0.0,0.0
EDU-000061,1,1,2,9500,1,1,125.0,1,19,19,9,9,114.9,0,0,0,1,0,0,18,0,0,7,8,6,13.133333333333333,0,0,8,12,7,12.221428571428572,0,16.2,0.3,-0.92,Graduate,Female,No,No,Up to Date,No,-0.91,1,0.8571,0.875,11.01,0,1.17,0.91
EDU-000062,1,44,1,9238,1,39,130.0,1,19,1,9,9,131.9,0,0,0,1,0,1,21,0,3,6,7,6,12.0,0,2,6,7,6,12.0,0,13.9,-0.3,0.79,Graduate,Female,Yes,No,Up to Date,No,0.0,0,1.0,1.0,12.0,0,1.0,0.0
EDU-000063,1,17,3,171,1,1,133.0,1,1,37,4,7,126.0,1,0,0,1,1,1,19,0,0,0,0,0,0.0,0,0,0,0,0,0.0,0,10.8,1.4,1.74,Enrolled,Male,Yes,No,Up to Date,Yes,0.0,0,0.0,0.0,0.0,0,0.0,0.0
EDU-000064,1,17,1,9070,1,1,127.0,1,1,1,3,4,130.2,1,0,0,1,1,0,19,0,0,6,6,5,11.4,0,0,6,8,1,10.0,0,10.8,1.4,1.74,Enrolled,Male,No,No,Up to Date,Yes,-1.4,-4,0.8333,0.1667,1.76,0,1.0,1.4
EDU-000065,1,43,1,9070,1,1,116.0,1,1,1,3,3,120.9,0,0,0,1,1,0,24,0,0,6,6,0,0.0,0,0,6,6,0,0.0,0,12.7,3.7,-1.7,Enrolled,Male,No,No,Up to Date,No,0.0,0,0.0,0.0,0.0,0,1.0,0.0
EDU-000066,4,42,1,9500,1,19,133.1,1,1,1,5,5,126.0,1,0,0,1,1,0,29,0,2,7,10,5,11.9,0,1,8,10,5,11.0,0,13.9,-0.3,0.79,Dropout,Male,No,No,Up to Date,Yes,-0.9,0,0.7143,0.625,7.1,0,1.17,0.9
EDU-000067,1,1,3,171,1,1,139.0,1,19,19,5,3,128.2,1,0,0,1,1,1,19,0,0,0,0,0,0.0,0,0,0,0,0,0.0,0,10.8,1.4,1.74,Graduate,Male,Yes,No,Up to Date,Yes,0.0,0,0.0,0.0,0.0,0,0.0,0.0
EDU-000068,1,44,1,9003,1,39,130.0,1,19,37,9,9,130.0,1,0,0,1,1,0,23,0,0,6,8,6,12.571428571428571,0,0,6,7,6,12.428571428571429,0,8.9,1.4,3.51,Graduate,Male,No,No,Up to Date,Yes,-0.14,0,1.0,1.0,12.49,0,1.0,0.14
EDU-000069,1,1,3,9147,1,1,125.0,1,1,38,7,7,120.1,0,0,1,1,1,0,19,0,0,5,8,5,11.2,0,0,5,10,4,10.75,3,16.2,0.3,-0.92,Dropout,Male,No,Yes,Up to Date,No,-0.45,-1,1.0,0.8,8.74,0,0.83,0.45
EDU-000070,1,39,1,9254,1,1,160.0,1,19,37,7,10,100.0,0,0,0,1,1,0,26,0,0,6,7,6,12.0,0,0,6,8,5,10.8,0,12.7,3.7,-1.7,Enrolled,Male,No,No,Up to Date,No,-1.2,-1,1.0,0.8333,9.4,0,1.0,1.2
EDU-000071,1,17,1,9147,1,1,148.0,1,38,37,5,5,134.0,0,0,0,1,1,0,18,0,0,5,9,0,0.0,0,0,5,5,0,0.0,0,7.6,2.6,0.32,Enrolled,Male,No,No,Up to Date,No,0.0,0,0.0,0.0,0.0,0,0.83,0.0
EDU-000072,1,17,1,9500,1,1,150.0,1,37,19,8,4,130.8,0,0,0,1,1,0,24,0,0,7,8,7,11.975,0,0,8,8,8,13.75,0,13.9,-0.3,0.79,Graduate,Male,No,No,Up to Date,No,1.78,1,1.0,1.0,13.04,0,1.17,1.78
EDU-000073,1,1,1,171,1,1,141.0,1,19,19,5,10,135.8,1,0,0,1,1,0,19,0,0,0,0,0,0.0,0,0,0,0,0,0.0,0,15.5,2.8,-4.06,Dropout,Male,No,No,Up to Date,Yes,0.0,0,0.0,0.0,0.0,0,0.0,0.0
EDU-000074,1,17,4,9254,1,1,118.0,1,38,37,5,7,111.7,1,0,0,1,1,0,18,0,0,6,12,3,11.666666666666666,0,0,6,12,1,12.0,0,12.4,0.5,1.79,Dropout,Male,No,No,Up to Date,Yes,0.33,-2,0.5,0.1667,1.98,0,1.0,0.33
EDU-000075,1,1,2,9773,1,1,142.0,1,38,38,9,9,132.9,1,0,0,1,1,0,18,0,0,6,8,6,12.333333333333334,0,0,6,11,3,12.333333333333334,0,10.8,1.4,1.74,Graduate,Male,No,No,Up to Date,Yes,0.0,-3,1.0,0.5,6.17,0,1.0,0.0
EDU-000076,1,17,3,9147,1,1,120.0,1,19,19,4,7,115.5,1,0,1,1,1,0,18,0,0,5,8,3,10.333333333333334,0,0,5,11,3,10.857142857142858,0,10.8,1.4,1.74,Dropout,Male,No,Yes,Up to Date,Yes,0.52,0,0.6,0.6,6.39,0,0.83,0.52
EDU-000077,1,18,4,9254,1,1,106.0,1,19,37,7,7,106.0,1,0,0,1,1,1,21,0,0,6,8,4,10.5,0,0,6,11,1,11.0,0,9.4,-0.8,-3.12,Dropout,Male,Yes,No,Up to Date,Yes,0.5,-3,0.6667,0.1667,1.8,0,1.0,0.5
EDU-000078,1,17,4,9773,1,1,121.0,1,1,19,9,8,120.3,1,0,1,1,1,1,19,0,0,6,6,6,13.666666666666666,0,0,6,6,6,13.333333333333334,0,8.9,1.4,3.51,Graduate,Male,Yes,Yes,Up to Date,Yes,-0.33,0,1.0,1.0,13.47,0,1.0,0.33
EDU-000079,1,17,4,9500,1,1,150.0,1,38,37,9,9,130.8,0,0,0,1,1,1,22,0,0,7,7,7,14.842857142857142,0,0,8,9,8,15.055555555555555,0,16.2,0.3,-0.92,Graduate,Male,Yes,No,Up to Date,No,0.21,1,1.0,1.0,14.97,0,1.17,0.21
EDU-000080,2,39,1,8014,0,1,120.0,1,37,37,9,6,117.0,0,0,0,1,1,0,33,0,0,6,8,6,12.0,0,0,6,6,6,11.666666666666666,0,10.8,1.4,1.74,Graduate,Male,No,No,Up to Date,No,-0.33,0,1.0,1.0,11.8,0,1.0,0.33
EDU-000081,1,1,6,9853,1,1,114.0,1,19,19,9,9,110.2,1,0,0,1,1,0,20,0,0,6,8,5,12.2,0,0,6,7,5,12.2,0,10.8,1.4,1.74,Dropout,Male,No,No,Up to Date,Yes,0.0,0,0.8333,0.8333,10.17,0,1.0,0.0
EDU-000082,1,39,1,9991,0,2,140.0,1,3,3,2,2,155.7,1,0,0,1,1,0,35,0,0,1,1,0,0.0,1,0,5,0,0,0.0,0,10.8,1.4,1.74,Dropout,Male,No,No,Up to Date,Yes,0.0,0,0.0,0.0,0.0,0,0.17,0.0
EDU-000083,1,39,1,9003,1,4,160.0,1,3,3,4,2,180.4,0,0,1,1,1,0,24,0,6,12,17,6,12.166666666666666,0,7,12,14,10,13.3,0,12.4,0.5,1.79,Dropout,Male,No,Yes,Up to Date,No,1.13,4,0.5,0.8333,10.71,0,2.0,1.13
EDU-000084,1,17,1,9254,1,1,120.0,1,19,19,4,4,125.5,0,0,0,1,1,0,18,0,0,5,6,5,12.0,0,0,5,8,3,11.333333333333334,0,12.7,3.7,-1.7,Enrolled,Male,No,No,Up to Date,No,-0.67,-2,1.0,0.6,6.96,0,0.83,0.67
EDU-000085,2,39,1,8014,0,1,130.0,1,37,37,9,6,110.0,1,0,0,1,0,0,33,0,0,6,7,6,11.0,0,0,6,11,5,11.0,0,9.4,-0.8,-3.12,Graduate,Female,No,No,Up to Date,Yes,0.0,-1,1.0,0.8333,9.17,0,1.0,0.0
EDU-000086,1,42,1,9500,1,1,160.0,1,37,38,9,7,161.0,1,0,0,1,0,1,22,0,0,8,8,7,13.08,0,0,8,8,7,13.08,0,10.8,1.4,1.74,Graduate,Female,Yes,No,Up to Date,Yes,0.0,0,0.875,0.875,11.44,0,1.33,0.0
EDU-000087,1,39,1,9670,1,1,120.0,1,1,19,4,5,100.0,0,0,0,1,0,1,25,0,0,5,7,4,10.5,0,0,5,7,5,11.6,0,9.4,-0.8,-3.12,Graduate,Female,Yes,No,Up to Date,No,1.1,1,0.8,1.0,11.16,0,0.83,1.1
EDU-000088,1,17,1,9070,1,1,124.0,1,19,38,4,0,117.6,1,0,0,1,1,0,20,0,0,6,9,6,10.666666666666666,1,0,6,6,5,11.2,0,7.6,2.6,0.32,Graduate,Male,No,No,Up to Date,Yes,0.53,-1,1.0,0.8333,9.16,0,1.0,0.53
EDU-000089,1,1,6,9147,1,1,143.0,1,38,37,9,9,128.7,1,0,0,1,1,0,23,0,0,5,6,4,14.0,0,0,5,5,5,13.8,0,11.1,0.6,2.02,Enrolled,Male,No,No,Up to Date,Yes,-0.2,1,0.8,1.0,13.88,0,0.83,0.2
EDU-000090,1,43,2,9119,1,1,115.0,1,38,19,9,6,112.2,1,0,1,1,1,0,18,0,0,5,9,2,10.0,0,0,5,9,0,0.0,0,15.5,2.8,-4.06,Enrolled,Male,No,Yes,Up to Date,Yes,-10.0,-2,0.4,0.0,0.0,0,0.83,10.0
EDU-000091,1,39,1,9500,1,1,133.1,1,1,1,4,10,100.8,0,0,0,1,1,0,24,0,0,7,18,0,0.0,0,0,7,7,0,0.0,0,13.9,-0.3,0.79,Dropout,Male,No,No,Up to Date,No,0.0,0,0.0,0.0,0.0,0,1.17,0.0
EDU-000092,1,17,2,9773,1,1,133.1,41,19,1,9,9,105.0,1,0,0,0,0,0,21,1,0,6,6,6,14.0,0,0,6,6,6,13.5,0,8.9,1.4,3.51,Graduate,Female,No,No,In Arrears,Yes,-0.5,0,1.0,1.0,13.7,0,1.0,0.5
EDU-000093,1,15,1,9130,1,1,133.1,41,1,1,4,4,100.0,0,0,0,1,0,0,26,1,0,6,7,2,12.0,1,0,6,6,0,0.0,0,8.9,1.4,3.51,Dropout,Female,No,No,Up to Date,No,-12.0,-2,0.3333,0.0,0.0,0,1.0,12.0
EDU-000094,2,39,1,9853,1,10,133.1,1,37,34,0,0,115.5,0,0,0,1,0,0,39,0,0,6,12,3,12.666666666666666,0,0,6,14,0,0.0,1,7.6,2.6,0.32,Dropout,Female,No,No,Up to Date,No,-12.67,-3,0.5,0.0,0.0,0,1.0,12.67
EDU-000095,2,39,1,8014,0,1,133.1,1,37,19,9,9,114.0,0,0,0,1,0,0,44,0,2,8,11,8,11.875,0,0,6,7,6,12.333333333333334,0,12.7,3.7,-1.7,Graduate,Female,No,No,Up to Date,No,0.46,-2,1.0,1.0,12.15,0,1.33,0.46
EDU-000096,1,15,1,9119,1,1,130.0,26,38,3,9,2,137.0,1,0,0,1,1,0,19,1,0,5,9,5,14.0,0,0,5,11,3,13.25,0,13.9,-0.3,0.79,Enrolled,Male,No,No,Up to Date,Yes,-0.75,-2,1.0,0.6,8.13,0,0.83,0.75
EDU-000097,1,1,5,9773,1,1,135.0,1,37,1,5,5,124.9,1,0,0,1,0,0,18,0,0,6,6,6,13.666666666666666,0,0,6,6,6,13.333333333333334,0,8.9,1.4,3.51,Graduate,Female,No,No,Up to Date,Yes,-0.33,0,1.0,1.0,13.47,0,1.0,0.33
EDU-000098,1,1,5,9500,1,1,132.0,1,37,37,7,7,120.3,1,0,0,1,0,1,18,0,0,7,7,7,13.75,0,0,8,9,8,14.47777777777778,0,12.4,0.5,1.79,Graduate,Female,Yes,No,Up to Date,Yes,0.73,1,1.0,1.0,14.19,0,1.17,0.73
EDU-000099,1,1,1,9085,1,1,135.0,1,1,2,9,1,134.3,1,0,0,1,0,0,19,0,0,5,7,5,14.2,2,0,5,7,5,13.8,0,12.7,3.7,-1.7,Enrolled,Female,No,No,Up to Date,Yes,-0.4,0,1.0,1.0,13.96,0,0.83,0.4
EDU-000100,1,1,4,9500,1,1,115.0,1,3,3,2,2,111.5,1,0,1,0,0,0,19,0,0,7,10,4,11.96,0,0,7,7,0,0.0,0,13.9,-0.3,0.79,Dropout,Female,No,Yes,In Arrears,Yes,-11.96,-4,0.5714,0.0,0.0,1,1.17,11.96
EDU-000101,1,53,1,9085,1,42,130.0,1,38,38,9,9,128.8,0,0,0,1,0,0,21,0,7,10,12,8,12.875,0,4,9,14,5,13.4,0,8.9,1.4,3.51,Dropout,Female,No,No,Up to Date,No,0.53,-3,0.8,0.5556,7.33,0,1.67,0.53
EDU-000102,1,1,4,171,1,1,133.1,1,1,1,9,10,110.0,1,0,0,1,0,0,20,0,0,0,0,0,0.0,0,0,0,0,0,0.0,0,16.2,0.3,-0.92,Graduate,Female,No,No,Up to Date,Yes,0.0,0,0.0,0.0,0.0,0,0.0,0.0
EDU-000103,2,39,1,8014,0,1,130.0,1,37,37,6,5,113.5,1,0,0,1,0,0,36,0,0,6,0,0,0.0,0,0,6,0,0,0.0,0,9.4,-0.8,-3.12,Dropout,Female,No,No,Up to Date,Yes,0.0,0,0.0,0.0,0.0,0,1.0,0.0
EDU-000104,4,39,1,9003,1,12,133.1,1,37,37,9,6,160.0,0,0,0,1,0,0,43,0,13,18,19,18,14.63157894736842,0,10,13,14,13,14.23076923076923,1,15.5,2.8,-4.06,Graduate,Female,No,No,Up to Date,No,-0.4,-5,1.0,1.0,14.39,0,3.0,0.4
EDU-000105,1,18,1,9853,1,1,123.0,1,19,19,9,7,117.4,1,0,0,1,0,0,19,0,0,6,0,0,0.0,0,0,6,0,0,0.0,0,11.1,0.6,2.02,Dropout,Female,No,No,Up to Date,Yes,0.0,0,0.0,0.0,0.0,0,1.0,0.0
EDU-000106,1,51,1,9070,1,1,130.0,1,3,1,2,8,122.2,0,0,1,1,0,0,20,0,4,10,12,10,13.0,0,5,11,11,11,12.272727272727272,0,11.1,0.6,2.02,Graduate,Female,No,Yes,Up to Date,No,-0.73,1,1.0,1.0,12.56,0,1.67,0.73
EDU-000107,1,1,2,9238,1,1,122.0,1,37,38,4,7,118.2,1,0,0,1,0,0,19,0,0,6,0,0,0.0,0,0,6,0,0,0.0,0,16.2,0.3,-0.92,Dropout,Female,No,No,Up to Date,Yes,0.0,0,0.0,0.0,0.0,0,1.0,0.0
EDU-000108,1,1,1,9085,1,1,113.0,1,1,1,4,4,106.7,1,0,0,1,0,0,20,0,0,6,15,4,14.2,0,0,6,17,4,13.25,0,15.5,2.8,-4.06,Dropout,Female,No,No,Up to Date,Yes,-0.95,0,0.6667,0.6667,9.09,0,1.0,0.95
EDU-000109,1,1,5,9500,1,1,111.0,1,3,4,4,3,108.2,1,0,0,1,0,0,20,0,2,7,9,6,13.266666666666666,0,0,7,10,5,12.3,0,12.4,0.5,1.79,Dropout,Female,No,No,Up to Date,Yes,-0.97,-1,0.8571,0.7143,9.06,0,1.17,0.97
EDU-000110,1,17,2,9853,1,1,133.1,1,19,1,9,3,107.0,1,0,0,1,0,0,20,0,0,7,12,6,11.666666666666666,0,0,7,10,3,13.0,0,16.2,0.3,-0.92,Enrolled,Female,No,No,Up to Date,Yes,1.33,-3,0.8571,0.4286,5.34,0,1.17,1.33
EDU-000111,1,1,1,9238,1,1,142.0,1,37,37,6,7,136.1,1,0,0,1,0,0,18,0,0,6,8,6,13.857142857142858,0,0,6,6,6,15.0,0,13.9,-0.3,0.79,Graduate,Female,No,No,Up to Date,Yes,1.14,0,1.0,1.0,14.54,0,1.0,1.14
EDU-000112,1,17,2,9147,1,1,123.0,1,1,38,4,7,115.3,1,0,0,1,0,1,18,0,0,5,9,3,13.0,0,0,5,11,3,11.0,0,8.9,1.4,3.51,Enrolled,Female,Yes,No,Up to Date,Yes,-2.0,0,0.6,0.6,7.08,0,0.83,2.0
EDU-000113,1,1,1,9085,1,1,131.0,1,19,19,9,9,139.8,1,0,0,1,0,0,19,0,0,5,6,5,13.4,0,0,5,5,5,12.8,0,10.8,1.4,1.74,Graduate,Female,No,No,Up to Date,Yes,-0.6,0,1.0,1.0,13.04,0,0.83,0.6
EDU-000114,1,1,3,9773,1,1,158.0,1,1,38,4,7,157.0,1,0,0,1,0,0,18,0,0,6,6,6,12.666666666666666,0,0,6,7,6,12.571428571428571,0,10.8,1.4,1.74,Graduate,Female,No,No,Up to Date,Yes,-0.1,0,1.0,1.0,12.61,0,1.0,0.1
EDU-000115,1,17,2,9500,1,1,122.0,1,37,37,9,9,131.0,1,0,0,1,0,0,18,0,0,7,7,6,12.516666666666666,1,0,7,7,6,12.516666666666666,1,7.6,2.6,0.32,Dropout,Female,No,No,Up to Date,Yes,0.0,0,0.8571,0.8571,10.73,0,1.17,0.0
EDU-000116,1,43,1,9500,1,1,130.0,1,38,38,9,5,100.0,0,0,0,1,0,0,20,0,0,7,11,6,11.616666666666667,0,0,7,7,7,13.0,0,13.9,-0.3,0.79,Enrolled,Female,No,No,Up to Date,No,1.38,1,0.8571,1.0,12.45,0,1.17,1.38
EDU-000117,1,17,1,9238,1,1,154.0,1,19,37,9,7,140.4,1,0,0,1,0,1,20,0,0,6,13,2,10.0,0,0,6,12,4,10.75,0,7.6,2.6,0.32,Enrolled,Female,Yes,No,Up to Date,Yes,0.75,2,0.3333,0.6667,6.97,0,1.0,0.75
EDU-000118,1,17,1,9147,1,1,120.0,1,19,19,3,3,113.4,0,0,0,1,0,0,20,0,0,5,11,3,10.333333333333334,0,0,5,10,3,10.666666666666666,0,12.4,0.5,1.79,Enrolled,Female,No,No,Up to Date,No,0.33,0,0.6,0.6,6.32,0,0.83,0.33
EDU-000119,1,1,2,9085,1,1,140.0,1,37,38,9,7,137.0,0,0,0,1,0,0,18,0,0,5,12,5,13.142857142857142,2,0,5,6,5,11.4,0,9.4,-0.8,-3.12,Graduate,Female,No,No,Up to Date,No,-1.74,0,1.0,1.0,12.1,0,0.83,1.74
EDU-000120,1,1,1,9147,1,1,127.0,1,2,19,4,5,121.8,0,0,0,1,0,0,18,0,0,5,5,5,12.6,0,0,5,5,5,14.0,0,11.1,0.6,2.02,Graduate,Female,No,No,Up to Date,No,1.4,0,1.0,1.0,13.44,0,0.83,1.4
EDU-000121,1,17,1,9254,1,1,133.1,1,1,1,4,5,131.0,1,0,0,1,0,0,21,0,0,6,12,3,11.0,0,0,6,12,2,11.0,0,9.4,-0.8,-3.12,Dropout,Female,No,No,Up to Date,Yes,0.0,-1,0.5,0.3333,3.67,0,1.0,0.0
EDU-000122,1,1,2,9147,1,1,120.0,1,19,19,9,7,118.6,1,0,0,1,0,0,19,0,0,5,8,5,10.8,0,0,5,9,4,11.25,2,16.2,0.3,-0.92,Graduate,Female,No,No,Up to Date,Yes,0.45,-1,1.0,0.8,8.86,0,0.83,0.45
EDU-000123,1,1,1,171,1,1,137.0,1,3,19,2,9,122.3,0,0,0,1,0,0,19,0,0,0,0,0,0.0,0,0,0,0,0,0.0,0,10.8,1.4,1.74,Dropout,Female,No,No,Up to Date,No,0.0,0,0.0,0.0,0.0,0,0.0,0.0
EDU-000124,1,1,1,9670,1,1,131.0,1,38,38,9,9,127.9,0,0,0,1,0,1,19,0,0,5,5,5,12.8,0,0,5,5,5,14.2,0,9.4,-0.8,-3.12,Graduate,Female,Yes,No,Up to Date,No,1.4,0,1.0,1.0,13.64,0,0.83,1.4
EDU-000125,1,1,1,9085,1,1,130.0,1,19,38,4,7,121.3,1,0,0,1,0,0,19,0,0,6,15,6,14.166666666666666,0,0,6,13,6,12.2,0,15.5,2.8,-4.06,Graduate,Female,No,No,Up to Date,Yes,-1.97,0,1.0,1.0,12.99,0,1.0,1.97
EDU-000126,1,17,6,9556,1,1,122.0,1,1,1,4,5,117.1,1,0,0,1,0,0,19,0,0,7,12,5,12.1,0,0,7,0,0,0.0,0,13.9,-0.3,0.79,Dropout,Female,No,No,Up to Date,Yes,-12.1,-5,0.7143,0.0,0.0,0,1.17,12.1
EDU-000127,1,44,1,9085,1,39,160.0,1,37,37,9,9,160.0,1,0,0,1,0,0,20,0,1,6,7,6,14.166666666666666,0,1,6,17,5,13.77777777777778,0,12.4,0.5,1.79,Graduate,Female,No,No,Up to Date,Yes,-0.39,-1,1.0,0.8333,11.61,0,1.0,0.39
EDU-000128,1,1,1,9853,1,1,146.0,1,19,38,9,3,145.3,1,0,0,1,0,1,18,0,0,6,8,5,12.8,0,0,6,7,5,13.4,0,9.4,-0.8,-3.12,Enrolled,Female,Yes,No,Up to Date,Yes,0.6,0,0.8333,0.8333,10.97,0,1.0,0.6
EDU-000129,1,17,3,9238,1,1,131.0,1,1,39,5,3,122.6,1,0,0,1,0,0,18,0,0,6,7,6,13.0,0,0,6,6,6,13.666666666666666,0,12.4,0.5,1.79,Graduate,Female,No,No,Up to Date,Yes,0.67,0,1.0,1.0,13.4,0,1.0,0.67
EDU-000130,1,17,6,9500,1,1,132.0,1,1,37,8,9,128.0,1,0,0,1,0,0,19,0,0,7,7,7,13.467142857142855,0,0,8,9,8,15.011111111111113,0,12.4,0.5,1.79,Graduate,Female,No,No,Up to Date,Yes,1.54,1,1.0,1.0,14.39,0,1.17,1.54
EDU-000131,1,1,3,9500,1,1,138.0,1,19,19,5,8,124.9,1,0,0,1,0,1,18,0,0,7,9,7,13.2375,0,0,8,9,7,13.742857142857144,0,13.9,-0.3,0.79,Dropout,Female,Yes,No,Up to Date,Yes,0.51,0,1.0,0.875,11.85,0,1.17,0.51
EDU-000132,1,17,2,9070,1,1,130.0,1,37,37,9,9,123.7,1,0,0,1,0,0,18,0,0,6,6,6,12.333333333333334,0,0,6,6,6,13.0,0,7.6,2.6,0.32,Graduate,Female,No,No,Up to Date,Yes,0.67,0,1.0,1.0,12.73,0,1.0,0.67
EDU-000133,1,1,4,9147,1,1,126.0,1,1,19,4,8,120.1,1,0,0,1,0,0,19,0,0,5,7,5,12.4,0,0,5,5,5,14.6,0,8.9,1.4,3.51,Graduate,Female,No,No,Up to Date,Yes,2.2,0,1.0,1.0,13.72,0,0.83,2.2
EDU-000134,1,17,6,9500,1,1,148.0,1,1,19,3,3,131.7,1,0,0,1,0,0,19,0,0,7,8,5,14.0,0,0,7,7,0,0.0,0,13.9,-0.3,0.79,Dropout,Female,No,No,Up to Date,Yes,-14.0,-5,0.7143,0.0,0.0,0,1.17,14.0
EDU-000135,1,43,1,9238,1,1,130.0,1,38,37,9,7,133.2,0,0,0,1,0,0,20,0,5,9,15,9,11.666666666666666,0,2,7,8,7,11.714285714285714,0,7.6,2.6,0.32,Graduate,Female,No,No,Up to Date,No,0.05,-2,1.0,1.0,11.7,0,1.5,0.05
EDU-000136,1,1,1,9670,1,1,117.0,1,1,38,3,9,109.3,0,0,1,0,0,1,19,0,0,6,7,5,12.0,0,0,6,9,4,12.5,0,12.4,0.5,1.79,Dropout,Female,Yes,Yes,In Arrears,No,0.5,-1,0.8333,0.6667,8.2,1,1.0,0.5
EDU-000137,1,17,1,9670,1,1,120.0,1,19,19,5,5,113.0,1,0,0,1,0,0,20,0,0,5,7,4,12.2,0,0,5,5,4,11.5,0,7.6,2.6,0.32,Graduate,Female,No,No,Up to Date,Yes,-0.7,0,0.8,0.8,9.42,0,0.83,0.7
EDU-000138,1,1,1,9773,1,1,153.0,1,1,1,141,175,157.9,0,0,1,1,0,1,18,0,0,6,6,6,14.833333333333334,0,0,6,6,6,14.833333333333334,0,8.9,1.4,3.51,Graduate,Female,Yes,Yes,Up to Date,No,0.0,0,1.0,1.0,14.83,0,1.0,0.0
EDU-000139,1,1,2,9500,1,1,117.0,1,19,1,4,7,112.1,0,0,0,1,0,1,20,0,0,7,9,5,13.188,0,0,8,9,7,12.892857142857142,0,11.1,0.6,2.02,Enrolled,Female,Yes,No,Up to Date,No,-0.3,2,0.7143,0.875,11.38,0,1.17,0.3
EDU-000140,1,18,1,9500,1,1,178.0,1,19,1,4,8,174.7,0,0,0,1,0,0,18,0,0,7,8,7,17.125,0,0,8,8,8,17.5875,0,13.9,-0.3,0.79,Graduate,Female,No,No,Up to Date,No,0.46,1,1.0,1.0,17.4,0,1.17,0.46
EDU-000141,1,1,5,9500,1,1,129.0,1,37,37,9,9,128.8,1,0,0,1,0,0,19,0,0,7,7,6,12.666666666666666,0,0,7,7,6,12.666666666666666,0,7.6,2.6,0.32,Graduate,Female,No,No,Up to Date,Yes,0.0,0,0.8571,0.8571,10.86,0,1.17,0.0
EDU-000142,1,1,6,9773,1,1,116.0,1,19,1,4,4,110.1,1,0,0,1,0,1,19,0,0,6,8,6,12.666666666666666,0,0,6,10,5,12.0,0,12.4,0.5,1.79,Graduate,Female,Yes,No,Up to Date,Yes,-0.67,-1,1.0,0.8333,10.22,0,1.0,0.67
EDU-000143,1,51,1,9147,1,1,99.0,1,3,1,3,3,99.7,1,0,1,0,0,0,22,0,0,5,8,0,0.0,0,0,5,7,0,0.0,0,8.9,1.4,3.51,Enrolled,Female,No,Yes,In Arrears,Yes,0.0,0,0.0,0.0,0.0,1,0.83,0.0
EDU-000144,1,1,3,9238,1,1,135.0,1,1,12,9,10,121.0,1,0,0,1,0,1,19,0,0,6,7,6,11.333333333333334,0,0,6,6,6,11.5,0,12.4,0.5,1.79,Graduate,Female,Yes,No,Up to Date,Yes,0.17,0,1.0,1.0,11.43,0,1.0,0.17
EDU-000145,1,1,3,9500,1,1,141.0,1,19,19,9,7,131.7,1,0,0,1,0,1,19,0,0,7,10,7,13.605,0,0,8,11,8,12.33125,0,15.5,2.8,-4.06,Graduate,Female,Yes,No,Up to Date,Yes,-1.27,1,1.0,1.0,12.84,0,1.17,1.27
EDU-000146,1,17,5,9853,1,1,132.0,1,37,38,5,6,119.1,1,0,0,1,0,1,19,0,0,6,10,5,12.0,0,0,6,9,5,10.8,0,9.4,-0.8,-3.12,Graduate,Female,Yes,No,Up to Date,Yes,-1.2,0,0.8333,0.8333,9.4,0,1.0,1.2
EDU-000147,1,1,4,9254,1,1,132.0,1,12,19,9,9,124.7,1,0,0,1,0,0,19,0,0,5,10,0,0.0,0,0,5,10,0,0.0,0,7.6,2.6,0.32,Dropout,Female,No,No,Up to Date,Yes,0.0,0,0.0,0.0,0.0,0,0.83,0.0
EDU-000148,1,17,1,9254,1,1,113.0,1,1,37,9,10,117.2,1,0,0,1,0,0,20,0,0,6,8,5,11.2,0,0,6,12,3,11.666666666666666,0,7.6,2.6,0.32,Dropout,Female,No,No,Up to Date,Yes,0.47,-2,0.8333,0.5,5.74,0,1.0,0.47
EDU-000149,1,1,1,9147,1,1,134.0,1,3,19,2,10,128.8,0,0,0,1,0,0,18,0,0,5,10,5,13.375,0,0,5,9,5,14.166666666666666,0,13.9,-0.3,0.79,Graduate,Female,No,No,Up to Date,No,0.79,0,1.0,1.0,13.85,0,0.83,0.79
EDU-000150,1,1,1,9500,1,1,136.0,1,1,19,9,9,131.5,0,0,0,1,0,1,20,0,0,7,8,6,13.863333333333337,0,0,8,9,7,14.178571428571429,0,11.1,0.6,2.02,Graduate,Female,Yes,No,Up to Date,No,0.32,1,0.8571,0.875,12.3,0,1.17,0.32
EDU-000151,1,1,1,171,1,1,136.0,1,3,37,2,8,121.7,1,0,0,1,0,0,18,0,0,0,0,0,0.0,0,0,0,0,0,0.0,0,9.4,-0.8,-3.12,Enrolled,Female,No,No,Up to Date,Yes,0.0,0,0.0,0.0,0.0,0,0.0,0.0
EDU-000152,1,1,1,9085,1,1,129.0,1,1,38,4,7,123.4,0,0,0,1,0,0,19,0,0,5,6,5,12.4,0,0,5,6,5,13.4,0,7.6,2.6,0.32,Graduate,Female,No,No,Up to Date,No,1.0,0,1.0,1.0,13.0,0,0.83,1.0
EDU-000153,1,17,1,9853,1,1,138.0,1,38,38,7,6,124.7,1,0,0,1,0,0,18,0,0,6,11,3,12.333333333333334,0,0,6,10,5,10.833333333333334,0,9.4,-0.8,-3.12,Enrolled,Female,No,No,Up to Date,Yes,-1.5,2,0.5,0.8333,9.53,0,1.0,1.5
EDU-000154,1,1,1,9853,1,1,137.0,1,37,37,9,9,132.8,1,0,0,1,0,0,18,0,0,6,7,6,13.333333333333334,0,0,6,8,5,11.8,0,7.6,2.6,0.32,Graduate,Female,No,No,Up to Date,Yes,-1.53,-1,1.0,0.8333,10.34,0,1.0,1.53
EDU-000155,1,43,1,9853,1,1,115.0,1,3,37,2,5,108.7,1,0,0,1,0,0,21,0,0,6,10,3,12.666666666666666,0,0,6,12,3,10.0,0,9.4,-0.8,-3.12,Dropout,Female,No,No,Up to Date,Yes,-2.67,0,0.5,0.5,5.53,0,1.0,2.67
EDU-000156,1,1,1,9853,1,1,129.0,1,38,37,6,6,138.1,0,0,0,1,0,0,19,0,0,6,8,6,12.0,0,0,6,10,4,11.5,0,7.6,2.6,0.32,Dropout,Female,No,No,Up to Date,No,-0.5,-2,1.0,0.6667,7.8,0,1.0,0.5
EDU-000157,1,1,1,9147,1,1,131.0,1,38,38,9,9,126.5,0,0,0,1,0,1,18,0,0,5,5,5,10.6,0,0,5,5,5,11.8,0,12.4,0.5,1.79,Graduate,Female,Yes,No,Up to Date,No,1.2,0,1.0,1.0,11.32,0,0.83,1.2
EDU-000158,1,17,2,9238,1,1,133.0,1,1,37,7,9,127.4,1,0,0,1,0,1,18,0,0,6,8,6,12.25,0,0,6,7,6,11.857142857142858,0,12.7,3.7,-1.7,Graduate,Female,Yes,No,Up to Date,Yes,-0.39,0,1.0,1.0,12.01,0,1.0,0.39
EDU-000159,1,1,3,9238,1,1,125.0,1,19,1,9,10,123.6,1,0,0,1,0,0,20,0,0,6,10,4,11.0,0,0,6,9,6,11.833333333333334,0,9.4,-0.8,-3.12,Graduate,Female,No,No,Up to Date,Yes,0.83,2,0.6667,1.0,11.5,0,1.0,0.83
EDU-000160,1,39,1,8014,0,1,120.0,1,1,19,6,8,122.0,0,0,0,1,0,1,24,0,0,6,11,5,11.0,0,0,6,9,5,12.6,0,11.1,0.6,2.02,Graduate,Female,Yes,No,Up to Date,No,1.6,0,0.8333,0.8333,9.97,0,1.0,1.6
EDU-000161,1,1,1,9670,1,1,128.0,1,19,1,4,1,118.2,0,0,0,1,0,0,19,0,0,6,6,6,13.166666666666666,0,0,6,9,6,13.0,0,10.8,1.4,1.74,Dropout,Female,No,No,Up to Date,No,-0.17,0,1.0,1.0,13.07,0,1.0,0.17
EDU-000162,1,1,1,9500,1,1,127.0,1,19,37,9,7,123.9,1,0,0,1,0,1,18,0,0,7,9,7,12.855555555555554,0,0,8,12,7,12.761111111111113,0,15.5,2.8,-4.06,Graduate,Female,Yes,No,Up to Date,Yes,-0.09,0,1.0,0.875,11.2,0,1.17,0.09
EDU-000163,1,1,2,9500,1,1,134.0,1,19,19,9,9,125.8,1,0,0,1,0,0,18,0,0,7,8,7,14.91875,0,0,8,8,8,15.355,0,15.5,2.8,-4.06,Graduate,Female,No,No,Up to Date,Yes,0.44,1,1.0,1.0,15.18,0,1.17,0.44
EDU-000164,1,17,5,9853,1,1,132.0,1,12,12,4,4,123.3,1,0,0,1,0,0,21,0,0,6,13,4,11.5,0,0,6,10,3,11.0,0,10.8,1.4,1.74,Dropout,Female,No,No,Up to Date,Yes,-0.5,-1,0.6667,0.5,5.6,0,1.0,0.5
EDU-000165,1,17,2,9670,1,1,124.0,1,1,19,5,4,124.4,0,0,0,1,0,0,19,0,0,5,5,5,14.2,0,0,5,5,5,14.2,0,7.6,2.6,0.32,Graduate,Female,No,No,Up to Date,No,0.0,0,1.0,1.0,14.2,0,0.83,0.0
EDU-000166,1,17,1,9773,1,1,133.1,1,19,37,7,7,126.0,0,0,0,1,0,1,19,0,0,6,6,6,12.5,0,0,6,7,6,13.0,0,15.5,2.8,-4.06,Graduate,Female,Yes,No,Up to Date,No,0.5,0,1.0,1.0,12.8,0,1.0,0.5
EDU-000167,3,39,1,9003,1,1,170.0,1,1,37,6,6,170.0,0,0,1,1,0,0,47,0,0,1,1,0,0.0,0,0,6,0,0,0.0,0,8.9,1.4,3.51,Enrolled,Female,No,Yes,Up to Date,No,0.0,0,0.0,0.0,0.0,0,0.17,0.0
EDU-000168,1,17,3,9238,1,1,125.0,1,19,19,7,8,121.5,0,0,0,1,0,0,19,0,0,6,10,5,11.666666666666666,0,0,6,12,4,11.0,0,13.9,-0.3,0.79,Graduate,Female,No,No,Up to Date,No,-0.67,-1,0.8333,0.6667,7.51,0,1.0,0.67
EDU-000169,1,39,1,9500,1,3,130.0,1,2,2,1,1,130.0,0,0,0,1,0,0,29,0,1,8,8,7,14.257142857142856,0,1,8,8,7,14.257142857142856,0,12.7,3.7,-1.7,Graduate,Female,No,No,Up to Date,No,0.0,0,0.875,0.875,12.48,0,1.33,0.0
EDU-000170,1,43,1,9238,1,1,125.0,1,19,19,4,8,117.0,1,0,0,1,0,0,21,0,0,6,13,3,12.0,0,0,6,12,2,11.333333333333334,0,16.2,0.3,-0.92,Dropout,Female,No,No,Up to Date,Yes,-0.67,-1,0.5,0.3333,3.87,0,1.0,0.67
EDU-000171,1,39,1,9085,1,1,130.0,1,37,19,9,7,130.0,1,0,0,1,0,0,28,0,0,5,13,4,11.25,1,0,5,11,4,10.5,0,12.7,3.7,-1.7,Enrolled,Female,No,No,Up to Date,Yes,-0.75,0,0.8,0.8,8.64,0,0.83,0.75
EDU-000172,1,17,2,9556,1,1,133.1,1,37,37,3,10,108.0,0,0,0,1,0,0,20,0,0,7,8,7,12.457142857142856,0,0,8,8,8,13.5625,0,15.5,2.8,-4.06,Graduate,Female,No,No,Up to Date,No,1.11,1,1.0,1.0,13.12,0,1.17,1.11
EDU-000173,1,17,1,9500,1,1,131.0,1,2,38,4,5,132.3,1,0,0,1,0,0,19,0,0,7,7,6,11.683333333333332,0,0,7,7,6,11.683333333333332,0,7.6,2.6,0.32,Graduate,Female,No,No,Up to Date,Yes,0.0,0,0.8571,0.8571,10.01,0,1.17,0.0
EDU-000174,1,42,1,8014,0,1,150.0,1,19,2,4,6,148.0,0,0,0,1,0,0,26,0,0,6,10,3,11.666666666666666,0,0,6,8,5,12.0,0,9.4,-0.8,-3.12,Graduate,Female,No,No,Up to Date,No,0.33,2,0.5,0.8333,9.89,0,1.0,0.33
EDU-000175,1,17,2,9254,1,1,125.0,1,37,37,9,8,122.6,1,0,1,0,0,0,20,0,0,6,8,4,11.75,0,0,6,6,6,13.166666666666666,0,11.1,0.6,2.02,Dropout,Female,No,Yes,In Arrears,Yes,1.42,2,0.6667,1.0,12.6,1,1.0,1.42
EDU-000176,1,1,1,9670,1,1,131.0,1,37,37,9,9,123.0,1,0,0,1,0,1,18,0,0,5,6,3,11.666666666666666,0,0,5,6,4,13.5,0,7.6,2.6,0.32,Enrolled,Female,Yes,No,Up to Date,Yes,1.83,1,0.6,0.8,10.21,0,0.83,1.83
EDU-000177,1,39,1,9853,1,1,130.0,1,37,19,9,5,102.5,0,0,0,1,0,0,27,0,0,6,9,5,13.2,0,0,6,10,5,12.0,0,7.6,2.6,0.32,Graduate,Female,No,No,Up to Date,No,-1.2,0,0.8333,0.8333,10.4,0,1.0,1.2
EDU-000178,1,1,2,9500,1,1,123.0,1,34,34,90,90,113.3,1,0,0,1,0,0,20,0,0,7,8,4,11.95,0,0,7,8,4,11.95,0,7.6,2.6,0.32,Dropout,Female,No,No,Up to Date,Yes,0.0,0,0.5714,0.5714,6.83,0,1.17,0.0
EDU-000179,1,1,5,9853,1,1,141.0,1,37,19,9,5,133.0,1,0,0,1,0,0,18,0,0,6,8,5,12.4,0,0,6,12,5,10.4,0,9.4,-0.8,-3.12,Dropout,Female,No,No,Up to Date,Yes,-2.0,0,0.8333,0.8333,9.33,0,1.0,2.0
EDU-000180,1,7,1,9500,1,3,140.0,1,1,1,9,5,140.0,0,0,0,1,0,0,33,0,2,7,8,6,14.35,0,3,8,10,6,14.583333333333334,0,16.2,0.3,-0.92,Dropout,Female,No,No,Up to Date,No,0.23,0,0.8571,0.75,10.87,0,1.17,0.23
EDU-000181,1,43,1,9853,1,1,140.0,1,3,1,3,3,128.3,1,0,0,1,0,0,35,0,19,21,21,21,12.61904761904762,0,13,19,19,19,12.789473684210526,0,12.4,0.5,1.79,Graduate,Female,No,No,Up to Date,Yes,0.17,-2,1.0,1.0,12.72,0,3.5,0.17
EDU-000182,1,44,1,9991,0,39,140.0,1,37,19,9,8,140.0,0,0,0,1,0,1,26,0,2,6,7,6,12.666666666666666,0,2,6,7,6,13.166666666666666,1,9.4,-0.8,-3.12,Enrolled,Female,Yes,No,Up to Date,No,0.5,0,1.0,1.0,12.97,0,1.0,0.5
EDU-000183,1,39,1,9773,1,19,133.1,1,19,19,3,4,104.0,0,0,1,0,0,0,27,0,0,6,6,5,12.0,0,0,6,6,0,0.0,0,11.1,0.6,2.02,Dropout,Female,No,Yes,In Arrears,No,-12.0,-5,0.8333,0.0,0.0,1,1.0,12.0
EDU-000184,1,18,3,9070,1,1,131.0,1,1,37,5,5,122.3,1,0,0,0,0,0,19,0,0,6,6,6,12.166666666666666,0,0,6,6,0,0.0,0,15.5,2.8,-4.06,Dropout,Female,No,No,In Arrears,Yes,-12.17,-6,1.0,0.0,0.0,0,1.0,12.17
EDU-000185,1,17,2,9254,1,1,143.0,1,1,19,4,6,135.0,0,0,0,1,0,0,20,0,0,6,0,0,0.0,0,0,6,0,0,0.0,0,11.1,0.6,2.02,Dropout,Female,No,No,Up to Date,No,0.0,0,0.0,0.0,0.0,0,1.0,0.0
EDU-000186,1,18,2,9147,1,1,132.0,1,3,3,5,7,119.1,1,0,1,0,0,0,20,0,0,5,9,3,10.0,0,0,5,9,3,10.571428571428571,0,10.8,1.4,1.74,Dropout,Female,No,Yes,In Arrears,Yes,0.57,0,0.6,0.6,6.21,1,0.83,0.57
EDU-000187,1,43,1,9238,1,1,143.0,1,1,37,5,9,126.6,0,0,1,0,0,0,21,0,5,10,18,8,11.5,0,0,6,12,4,10.0,0,9.4,-0.8,-3.12,Enrolled,Female,No,Yes,In Arrears,No,-1.5,-4,0.8,0.6667,7.07,1,1.67,1.5
EDU-000188,1,17,3,9500,1,1,141.0,1,38,1,9,4,129.0,1,0,0,1,0,1,18,0,0,7,7,6,13.05,0,0,7,7,6,13.05,0,7.6,2.6,0.32,Graduate,Female,Yes,No,Up to Date,Yes,0.0,0,0.8571,0.8571,11.19,0,1.17,0.0
EDU-000189,1,39,1,9085,1,1,133.1,1,1,19,9,9,162.3,1,0,0,1,0,0,24,0,0,6,10,2,11.0,0,0,6,6,0,0.0,0,8.9,1.4,3.51,Dropout,Female,No,No,Up to Date,Yes,-11.0,-2,0.3333,0.0,0.0,0,1.0,11.0
EDU-000190,1,17,4,9070,1,1,148.0,1,1,3,4,1,163.4,1,0,0,1,0,0,20,0,0,6,7,6,11.5,0,0,6,6,6,12.0,0,16.2,0.3,-0.92,Graduate,Female,No,No,Up to Date,Yes,0.5,0,1.0,1.0,11.8,0,1.0,0.5
EDU-000191,1,1,1,9254,1,1,125.0,1,19,38,9,8,121.5,0,0,0,1,0,1,21,0,0,6,7,6,12.0,0,0,6,6,6,12.5,0,13.9,-0.3,0.79,Graduate,Female,Yes,No,Up to Date,No,0.5,0,1.0,1.0,12.3,0,1.0,0.5
EDU-000192,1,1,1,8014,0,1,120.0,1,1,37,7,3,122.8,0,0,0,1,0,0,23,0,0,6,13,2,10.0,0,0,5,12,1,10.0,0,9.4,-0.8,-3.12,Enrolled,Female,No,No,Up to Date,No,0.0,-1,0.3333,0.2,2.0,0,1.0,0.0
EDU-000193,1,39,1,9147,1,1,140.0,1,12,3,4,3,118.0,1,0,0,1,0,0,24,0,0,5,5,0,0.0,0,0,5,5,0,0.0,0,7.6,2.6,0.32,Dropout,Female,No,No,Up to Date,Yes,0.0,0,0.0,0.0,0.0,0,0.83,0.0
EDU-000194,1,51,1,9853,1,1,139.0,1,1,1,4,10,134.0,0,0,0,1,0,0,21,0,0,6,0,0,0.0,0,0,6,0,0,0.0,0,12.4,0.5,1.79,Dropout,Female,No,No,Up to Date,No,0.0,0,0.0,0.0,0.0,0,1.0,0.0
EDU-000195,1,1,4,9500,1,1,142.0,1,38,38,9,8,129.8,1,0,0,1,0,0,18,0,0,8,8,7,12.242857142857144,0,0,8,8,7,12.242857142857144,0,12.7,3.7,-1.7,Graduate,Female,No,No,Up to Date,Yes,0.0,0,0.875,0.875,10.71,0,1.33,0.0
EDU-000196,1,39,1,9991,0,40,130.0,1,19,1,3,4,152.0,1,0,0,1,0,0,27,0,0,5,0,0,0.0,0,0,5,0,0,0.0,0,8.9,1.4,3.51,Dropout,Female,No,No,Up to Date,Yes,0.0,0,0.0,0.0,0.0,0,0.83,0.0
EDU-000197,1,18,6,9500,1,1,126.0,1,37,37,5,5,122.8,1,0,0,1,0,0,18,0,0,8,8,8,12.93375,0,0,8,8,8,12.93375,0,9.4,-0.8,-3.12,Graduate,Female,No,No,Up to Date,Yes,0.0,0,1.0,1.0,12.93,0,1.33,0.0
EDU-000198,1,7,1,9119,1,3,150.0,1,3,2,2,2,150.0,0,0,0,1,0,0,35,0,0,5,0,0,0.0,0,0,5,0,0,0.0,0,13.9,-0.3,0.79,Dropout,Female,No,No,Up to Date,No,0.0,0,0.0,0.0,0.0,0,0.83,0.0
EDU-000199,1,1,1,9853,1,1,130.0,1,19,19,3,8,131.8,0,0,0,1,0,0,18,0,0,7,9,7,12.571428571428571,0,0,7,8,7,14.428571428571429,0,11.1,0.6,2.02,Graduate,Female,No,No,Up to Date,No,1.86,0,1.0,1.0,13.69,0,1.17,1.86
EDU-000200,1,39,1,9500,1,1,120.0,1,1,3,175,121,105.9,0,0,0,1,0,0,35,0,0,3,4,3,11.816666666666668,0,0,3,3,3,11.333333333333334,0,11.1,0.6,2.02,Enrolled,Female,No,No,Up to Date,No,-0.48,0,1.0,1.0,11.53,0,0.5,0.48
EDU-000201,1,1,1,9085,1,1,138.0,1,1,1,4,7,132.1,1,0,0,1,0,0,19,0,0,5,9,4,13.75,0,0,5,13,4,14.333333333333334,2,10.8,1.4,1.74,Graduate,Female,No,No,Up to Date,Yes,0.58,0,0.8,0.8,11.28,0,0.83,0.58
EDU-000202,1,1,4,9238,1,1,127.0,1,19,19,4,0,127.4,1,0,0,1,0,0,20,0,0,6,8,6,11.166666666666666,0,0,6,6,6,11.333333333333334,0,7.6,2.6,0.32,Graduate,Female,No,No,Up to Date,Yes,0.17,0,1.0,1.0,11.27,0,1.0,0.17
EDU-000203,1,1,4,9500,1,1,140.0,1,19,19,7,7,129.5,1,0,0,1,0,0,18,0,0,8,8,7,12.324285714285711,0,0,8,8,7,12.324285714285711,0,10.8,1.4,1.74,Graduate,Female,No,No,Up to Date,Yes,0.0,0,0.875,0.875,10.78,0,1.33,0.0
EDU-000204,1,44,1,9238,1,39,130.0,1,38,38,5,10,126.7,0,0,1,1,0,0,21,0,3,6,6,6,12.166666666666666,0,2,6,7,6,11.714285714285714,0,13.9,-0.3,0.79,Graduate,Female,No,Yes,Up to Date,No,-0.45,0,1.0,1.0,11.9,0,1.0,0.45
EDU-000205,1,17,2,9238,1,1,128.0,1,19,37,9,8,116.5,0,0,0,1,0,1,18,0,0,6,11,5,11.142857142857142,0,0,6,11,4,11.25,0,16.2,0.3,-0.92,Graduate,Female,Yes,No,Up to Date,No,0.11,-1,0.8333,0.6667,7.47,0,1.0,0.11
EDU-000206,1,1,1,9238,1,1,132.0,1,34,34,0,0,119.1,1,0,0,1,0,0,18,0,0,6,9,4,11.0,0,0,6,9,4,10.75,0,7.6,2.6,0.32,Graduate,Female,No,No,Up to Date,Yes,-0.25,0,0.6667,0.6667,7.23,0,1.0,0.25
EDU-000207,1,1,2,9500,1,1,149.0,1,19,38,9,9,126.5,1,0,0,1,0,0,18,0,0,8,8,7,12.914285714285713,0,0,8,8,7,12.914285714285713,0,12.7,3.7,-1.7,Graduate,Female,No,No,Up to Date,Yes,0.0,0,0.875,0.875,11.3,0,1.33,0.0
EDU-000208,1,1,4,9773,1,1,155.0,1,3,19,1,4,149.8,1,0,0,1,0,1,18,0,0,6,6,6,13.833333333333334,0,0,6,6,6,14.166666666666666,0,16.2,0.3,-0.92,Graduate,Female,Yes,No,Up to Date,Yes,0.33,0,1.0,1.0,14.03,0,1.0,0.33
EDU-000209,1,1,1,9085,1,1,120.0,1,19,1,8,7,115.1,1,0,0,1,0,0,19,0,0,6,8,6,13.857142857142858,0,0,6,9,5,13.4,0,13.9,-0.3,0.79,Graduate,Female,No,No,Up to Date,Yes,-0.46,-1,1.0,0.8333,11.32,0,1.0,0.46
EDU-000210,1,39,1,9254,1,19,133.1,1,3,19,2,3,124.5,0,0,0,1,0,1,36,0,0,6,7,6,13.714285714285714,0,0,6,6,5,12.8,0,16.2,0.3,-0.92,Dropout,Female,Yes,No,Up to Date,No,-0.91,-1,1.0,0.8333,10.97,0,1.0,0.91
EDU-000211,1,1,2,9500,1,1,131.0,1,38,1,7,4,128.3,1,0,0,1,0,1,18,0,0,8,8,7,12.642857142857142,0,0,8,8,7,12.642857142857142,0,12.7,3.7,-1.7,Graduate,Female,Yes,No,Up to Date,Yes,0.0,0,0.875,0.875,11.06,0,1.33,0.0
EDU-000212,1,1,1,9500,1,1,149.0,1,37,37,9,9,136.0,0,0,0,1,0,1,18,0,0,7,7,6,12.916666666666666,0,0,7,7,6,12.916666666666666,0,7.6,2.6,0.32,Graduate,Female,Yes,No,Up to Date,No,0.0,0,0.8571,0.8571,11.07,0,1.17,0.0
EDU-000213,1,43,1,9130,1,1,140.0,1,1,3,9,2,140.0,1,0,0,1,0,1,20,0,0,6,8,6,15.625,0,0,6,8,6,15.857142857142858,0,13.9,-0.3,0.79,Graduate,Female,Yes,No,Up to Date,Yes,0.23,0,1.0,1.0,15.76,0,1.0,0.23
EDU-000214,1,39,1,9991,0,1,133.1,1,37,37,9,9,126.3,0,0,0,1,0,1,26,0,0,5,7,0,0.0,0,0,5,8,0,0.0,0,16.2,0.3,-0.92,Dropout,Female,Yes,No,Up to Date,No,0.0,0,0.0,0.0,0.0,0,0.83,0.0
EDU-000215,1,43,1,9773,1,1,122.0,1,1,1,4,5,126.9,0,0,0,1,0,0,21,0,0,6,8,6,11.714285714285714,0,0,6,7,6,12.0,0,7.6,2.6,0.32,Graduate,Female,No,No,Up to Date,No,0.29,0,1.0,1.0,11.89,0,1.0,0.29
EDU-000216,1,39,1,9556,1,40,130.0,1,1,1,4,5,145.0,0,0,0,1,0,0,25,0,0,7,10,6,12.125,0,0,8,9,8,13.3125,0,15.5,2.8,-4.06,Enrolled,Female,No,No,Up to Date,No,1.19,2,0.8571,1.0,12.84,0,1.17,1.19
EDU-000217,1,18,1,9147,1,1,121.0,1,19,3,5,5,115.8,1,0,0,1,0,1,19,0,0,5,7,5,11.6,0,0,5,5,5,11.6,0,12.4,0.5,1.79,Graduate,Female,Yes,No,Up to Date,Yes,0.0,0,1.0,1.0,11.6,0,0.83,0.0
EDU-000218,1,39,1,8014,0,1,120.0,1,19,37,8,7,100.0,1,0,0,1,0,0,24,0,0,6,11,1,10.0,0,0,6,6,0,0.0,6,9.4,-0.8,-3.12,Dropout,Female,No,No,Up to Date,Yes,-10.0,-1,0.1667,0.0,0.0,0,1.0,10.0
EDU-000219,1,39,1,8014,0,1,133.1,1,1,19,5,4,102.5,0,0,0,1,0,1,27,0,0,6,16,1,10.0,0,0,6,13,0,0.0,0,8.9,1.4,3.51,Dropout,Female,Yes,No,Up to Date,No,-10.0,-1,0.1667,0.0,0.0,0,1.0,10.0
EDU-000220,1,17,1,9085,1,1,121.0,1,19,37,1,3,131.5,0,0,0,1,0,0,21,0,0,5,10,0,0.0,1,0,5,9,2,13.5,0,7.6,2.6,0.32,Dropout,Female,No,No,Up to Date,No,13.5,2,0.0,0.4,3.24,0,0.83,13.5
EDU-000221,1,1,1,9147,1,1,133.0,1,38,38,7,7,147.0,0,0,0,1,0,1,18,0,0,5,7,4,13.0,0,0,5,8,3,12.333333333333334,0,9.4,-0.8,-3.12,Graduate,Female,Yes,No,Up to Date,No,-0.67,-1,0.8,0.6,7.56,0,0.83,0.67
EDU-000222,2,1,4,9853,1,1,134.0,1,37,37,5,7,122.5,0,1,0,1,0,1,19,0,0,6,6,6,13.333333333333334,0,0,6,6,6,14.5,0,10.8,1.4,1.74,Graduate,Female,Yes,No,Up to Date,No,1.17,0,1.0,1.0,14.03,0,1.0,1.17
EDU-000223,1,1,3,9254,1,1,115.0,1,1,1,3,3,117.5,1,0,0,1,0,0,18,0,0,6,9,4,11.25,0,0,6,13,2,12.5,0,9.4,-0.8,-3.12,Dropout,Female,No,No,Up to Date,Yes,1.25,-2,0.6667,0.3333,4.0,0,1.0,1.25
EDU-000224,1,51,1,9500,1,1,127.0,1,19,1,5,9,150.0,0,0,0,1,0,1,19,0,0,7,9,5,13.85,0,0,8,9,7,12.19285714285714,0,11.1,0.6,2.02,Graduate,Female,Yes,No,Up to Date,No,-1.66,2,0.7143,0.875,11.25,0,1.17,1.66
EDU-000225,1,18,1,9500,1,1,135.0,1,1,38,4,5,127.5,1,0,0,1,0,1,19,0,0,7,8,6,13.741666666666667,0,0,8,9,7,14.9125,0,16.2,0.3,-0.92,Graduate,Female,Yes,No,Up to Date,Yes,1.17,1,0.8571,0.875,12.64,0,1.17,1.17
EDU-000226,2,7,1,9991,0,43,140.0,1,40,5,3,3,140.0,0,0,0,1,0,0,33,0,2,6,7,6,15.333333333333334,0,0,5,5,5,15.8,0,11.1,0.6,2.02,Graduate,Female,No,No,Up to Date,No,0.47,-1,1.0,1.0,15.61,0,1.0,0.47
EDU-000227,2,7,1,9147,1,3,130.0,1,1,4,3,10,130.0,0,0,0,1,0,0,45,0,0,5,6,5,11.0,0,0,5,5,5,13.8,0,12.4,0.5,1.79,Graduate,Female,No,No,Up to Date,No,2.8,0,1.0,1.0,12.68,0,0.83,2.8
EDU-000228,1,1,1,9238,1,1,135.0,1,1,1,9,9,133.3,0,0,0,1,0,1,20,0,0,6,6,6,12.0,0,0,6,7,6,12.857142857142858,0,11.1,0.6,2.02,Graduate,Female,Yes,No,Up to Date,No,0.86,0,1.0,1.0,12.51,0,1.0,0.86
EDU-000229,1,39,2,9670,1,1,140.0,1,34,34,0,0,97.0,1,0,0,1,0,0,28,0,0,5,5,0,0.0,0,0,5,5,0,0.0,0,7.6,2.6,0.32,Dropout,Female,No,No,Up to Date,Yes,0.0,0,0.0,0.0,0.0,0,0.83,0.0
EDU-000230,1,43,1,9500,1,1,120.0,1,1,1,5,8,112.0,1,0,0,1,0,1,19,0,0,8,15,7,11.571428571428571,0,0,8,15,7,11.571428571428571,0,12.7,3.7,-1.7,Graduate,Female,Yes,No,Up to Date,Yes,0.0,0,0.875,0.875,10.12,0,1.33,0.0
EDU-000231,1,1,2,9254,1,1,140.0,1,1,37,4,5,123.6,1,0,0,1,0,0,18,0,0,6,10,6,12.857142857142858,0,0,6,6,3,12.666666666666666,0,12.7,3.7,-1.7,Graduate,Female,No,No,Up to Date,Yes,-0.19,-3,1.0,0.5,6.37,0,1.0,0.19
EDU-000232,1,39,1,9254,1,3,133.1,1,19,19,4,6,130.5,0,0,0,1,0,0,38,0,0,6,0,0,0.0,0,0,6,0,0,0.0,0,15.5,2.8,-4.06,Dropout,Female,No,No,Up to Date,No,0.0,0,0.0,0.0,0.0,0,1.0,0.0
EDU-000233,1,1,2,9670,1,1,135.0,1,1,3,4,3,133.3,0,0,0,1,0,0,19,0,0,5,5,5,13.0,0,0,5,5,5,13.2,0,9.4,-0.8,-3.12,Graduate,Female,No,No,Up to Date,No,0.2,0,1.0,1.0,13.12,0,0.83,0.2
EDU-000234,1,1,1,9254,1,1,123.0,1,1,37,9,9,132.1,0,0,0,1,0,1,21,0,0,6,9,5,11.0,0,0,6,8,5,12.0,0,15.5,2.8,-4.06,Graduate,Female,Yes,No,Up to Date,No,1.0,0,0.8333,0.8333,9.67,0,1.0,1.0
EDU-000235,1,1,1,9147,1,1,133.1,1,37,1,9,10,100.0,0,0,0,1,0,0,21,0,0,5,12,3,12.0,0,0,5,12,1,15.0,3,16.2,0.3,-0.92,Dropout,Female,No,No,Up to Date,No,3.0,-2,0.6,0.2,2.76,0,0.83,3.0
EDU-000236,1,1,1,9238,1,1,154.0,1,38,37,9,9,140.4,0,0,0,1,0,1,22,0,0,6,6,5,12.6,0,0,6,6,6,13.0,0,10.8,1.4,1.74,Graduate,Female,Yes,No,Up to Date,No,0.4,1,0.8333,1.0,12.84,0,1.0,0.4
EDU-000237,1,1,1,9853,1,1,148.0,1,19,19,5,7,141.7,0,0,0,1,0,1,18,0,0,6,8,5,13.4,0,0,6,7,6,13.166666666666666,0,9.4,-0.8,-3.12,Graduate,Female,Yes,No,Up to Date,No,-0.23,1,0.8333,1.0,13.26,0,1.0,0.23
EDU-000238,1,17,2,9238,1,1,133.0,1,37,37,3,9,119.7,0,1,0,1,0,1,18,0,0,6,9,6,11.333333333333334,0,0,6,9,6,11.571428571428571,0,15.5,2.8,-4.06,Graduate,Female,Yes,No,Up to Date,No,0.24,0,1.0,1.0,11.48,0,1.0,0.24
EDU-000239,1,1,1,9130,1,1,126.0,1,19,1,9,9,122.5,1,0,0,0,0,0,25,0,0,5,14,4,13.5,2,0,5,10,4,14.25,0,9.4,-0.8,-3.12,Dropout,Female,No,No,In Arrears,Yes,0.75,0,0.8,0.8,11.16,0,0.83,0.75
EDU-000240,1,39,1,9085,1,19,133.1,1,19,19,9,7,140.0,0,0,1,0,0,0,24,0,2,6,11,3,11.75,0,1,6,14,3,10.333333333333334,0,16.2,0.3,-0.92,Dropout,Female,No,Yes,In Arrears,No,-1.42,0,0.5,0.5,5.45,1,1.0,1.42
EDU-000241,1,1,3,9500,1,1,125.0,1,3,1,4,4,119.4,1,0,0,1,0,0,19,0,0,7,10,6,12.471428571428572,0,0,7,8,7,11.4625,0,12.4,0.5,1.79,Enrolled,Female,No,No,Up to Date,Yes,-1.01,1,0.8571,1.0,11.87,0,1.17,1.01
EDU-000242,1,16,1,171,1,1,145.0,1,3,3,3,3,155.0,1,0,0,1,0,0,24,0,11,17,19,11,12.909090909090908,0,9,13,15,9,13.555555555555555,0,12.4,0.5,1.79,Enrolled,Female,No,No,Up to Date,Yes,0.65,-2,0.6471,0.6923,9.21,0,2.83,0.65
EDU-000243,1,1,2,9147,1,1,118.0,1,37,19,5,5,119.1,1,0,0,1,0,1,20,0,0,5,5,5,11.6,0,0,5,5,5,13.6,0,12.4,0.5,1.79,Graduate,Female,Yes,No,Up to Date,Yes,2.0,0,1.0,1.0,12.8,0,0.83,2.0
EDU-000244,1,39,1,9147,1,1,120.0,1,37,1,9,1,122.7,0,0,0,0,0,0,25,0,0,5,5,0,0.0,0,0,5,9,0,0.0,0,10.8,1.4,1.74,Dropout,Female,No,No,In Arrears,No,0.0,0,0.0,0.0,0.0,0,0.83,0.0
EDU-000245,1,1,1,9147,1,1,127.0,1,38,19,9,10,117.9,0,0,0,1,0,1,20,0,5,10,13,9,12.9,0,4,10,12,10,12.363636363636363,0,8.9,1.4,3.51,Graduate,Female,Yes,No,Up to Date,No,-0.54,1,0.9,1.0,12.58,0,1.67,0.54
EDU-000246,1,7,1,9500,1,3,130.0,1,19,38,5,3,130.0,0,0,0,1,0,0,23,0,0,8,8,8,13.22,0,0,8,8,8,13.22,0,9.4,-0.8,-3.12,Graduate,Female,No,No,Up to Date,No,0.0,0,1.0,1.0,13.22,0,1.33,0.0
EDU-000247,1,17,3,9500,1,1,129.0,1,19,37,7,6,120.0,1,0,0,1,0,1,19,0,0,8,8,7,13.151428571428571,0,0,8,8,7,13.151428571428571,0,10.8,1.4,1.74,Graduate,Female,Yes,No,Up to Date,Yes,0.0,0,0.875,0.875,11.51,0,1.33,0.0
EDU-000248,1,44,1,9003,1,39,130.0,1,37,37,9,10,130.0,0,0,1,0,0,0,29,0,0,6,13,3,12.75,0,0,6,8,3,11.333333333333334,0,13.9,-0.3,0.79,Dropout,Female,No,Yes,In Arrears,No,-1.42,0,0.5,0.5,5.95,1,1.0,1.42
EDU-000249,1,1,3,9254,1,1,121.0,1,19,37,4,7,116.8,1,0,0,1,0,0,21,0,0,6,8,6,11.333333333333334,0,0,6,8,4,12.25,0,11.1,0.6,2.02,Graduate,Female,No,No,Up to Date,Yes,0.92,-2,1.0,0.6667,7.92,0,1.0,0.92
EDU-000250,1,1,1,9670,1,1,136.0,1,19,1,9,8,123.4,1,0,0,1,0,1,18,0,0,6,10,6,13.25,0,0,6,13,5,14.142857142857142,0,11.1,0.6,2.02,Graduate,Female,Yes,No,Up to Date,Yes,0.89,-1,1.0,0.8333,11.49,0,1.0,0.89
EDU-000251,1,1,3,9070,1,1,125.0,1,19,38,9,9,125.4,1,0,0,1,0,0,19,0,0,6,7,5,12.4,0,0,6,6,5,12.4,0,9.4,-0.8,-3.12,Enrolled,Female,No,No,Up to Date,Yes,0.0,0,0.8333,0.8333,10.33,0,1.0,0.0
EDU-000252,1,1,3,9773,1,1,131.0,1,38,37,7,7,127.2,1,0,0,1,0,1,18,0,0,6,6,6,15.0,0,0,6,6,6,12.833333333333334,0,8.9,1.4,3.51,Dropout,Female,Yes,No,Up to Date,Yes,-2.17,0,1.0,1.0,13.7,0,1.0,2.17
EDU-000253,1,1,1,9085,1,1,122.0,1,9,19,90,6,103.4,0,0,0,1,0,0,19,0,0,5,6,5,14.4,0,0,5,6,5,13.0,0,7.6,2.6,0.32,Graduate,Female,No,No,Up to Date,No,-1.4,0,1.0,1.0,13.56,0,0.83,1.4
EDU-000254,1,1,1,9773,1,1,127.0,1,37,37,9,8,123.2,1,0,0,1,0,0,18,0,0,6,12,1,11.0,0,0,6,12,0,0.0,0,9.4,-0.8,-3.12,Enrolled,Female,No,No,Up to Date,Yes,-11.0,-1,0.1667,0.0,0.0,0,1.0,11.0
EDU-000255,1,17,1,9147,1,1,136.0,1,1,1,4,4,124.1,0,0,0,1,0,0,18,0,0,5,8,5,12.4,0,0,5,6,5,10.8,0,8.9,1.4,3.51,Graduate,Female,No,No,Up to Date,No,-1.6,0,1.0,1.0,11.44,0,0.83,1.6
EDU-000256,2,39,1,9556,1,19,133.1,1,38,37,7,7,99.5,1,0,1,0,0,1,37,0,0,7,13,1,16.0,0,0,7,12,0,0.0,0,8.9,1.4,3.51,Dropout,Female,Yes,Yes,In Arrears,Yes,-16.0,-1,0.1429,0.0,0.0,1,1.17,16.0
EDU-000257,1,17,1,9991,0,40,127.0,1,37,37,6,6,124.9,0,0,0,1,0,0,29,0,0,5,10,5,13.571428571428571,0,0,5,14,5,12.333333333333334,3,16.2,0.3,-0.92,Graduate,Female,No,No,Up to Date,No,-1.24,0,1.0,1.0,12.83,0,0.83,1.24
EDU-000258,1,17,3,9070,1,1,116.0,1,37,37,9,9,110.8,0,0,0,1,0,0,18,0,0,6,6,6,11.833333333333334,0,0,6,6,6,12.5,0,7.6,2.6,0.32,Enrolled,Female,No,No,Up to Date,No,0.67,0,1.0,1.0,12.23,0,1.0,0.67
EDU-000259,1,1,1,9238,1,1,121.0,1,1,1,9,8,118.9,1,0,0,1,0,1,19,0,0,6,8,5,11.666666666666666,0,0,6,9,5,12.666666666666666,0,12.4,0.5,1.79,Graduate,Female,Yes,No,Up to Date,Yes,1.0,0,0.8333,0.8333,10.22,0,1.0,1.0
EDU-000260,1,43,1,9238,1,1,124.0,1,1,1,3,1,118.8,1,0,1,0,0,0,22,0,6,10,16,6,11.833333333333334,0,2,7,8,2,13.0,0,16.2,0.3,-0.92,Dropout,Female,No,Yes,In Arrears,Yes,1.17,-4,0.6,0.2857,3.58,1,1.67,1.17
EDU-000261,1,1,1,9254,1,1,131.0,1,37,38,9,7,137.0,0,0,0,1,0,1,20,0,0,6,8,6,11.166666666666666,0,0,6,10,5,10.6,0,15.5,2.8,-4.06,Graduate,Female,Yes,No,Up to Date,No,-0.57,-1,1.0,0.8333,9.02,0,1.0,0.57
EDU-000262,1,39,1,8014,0,1,100.0,1,37,37,99,99,100.0,0,0,0,1,0,0,34,0,0,6,0,0,0.0,0,0,6,0,0,0.0,0,12.7,3.7,-1.7,Dropout,Female,No,No,Up to Date,No,0.0,0,0.0,0.0,0.0,0,1.0,0.0
EDU-000263,1,43,1,9119,1,1,130.0,1,37,38,9,9,120.0,0,0,1,0,0,0,30,0,8,12,17,8,11.75,0,6,12,19,6,12.166666666666666,2,7.6,2.6,0.32,Dropout,Female,No,Yes,In Arrears,No,0.42,-2,0.6667,0.5,6.0,1,2.0,0.42
EDU-000264,1,1,1,9238,1,1,135.0,1,1,1,4,4,122.8,0,0,0,1,0,0,18,0,0,6,7,6,14.0,0,0,6,7,6,14.0,0,10.8,1.4,1.74,Graduate,Female,No,No,Up to Date,No,0.0,0,1.0,1.0,14.0,0,1.0,0.0
EDU-000265,1,1,1,9238,1,1,130.0,1,38,19,9,5,121.6,0,0,0,1,0,0,18,0,0,6,6,6,12.833333333333334,0,0,6,6,6,12.0,0,12.4,0.5,1.79,Graduate,Female,No,No,Up to Date,No,-0.83,0,1.0,1.0,12.33,0,1.0,0.83
EDU-000266,1,1,2,9773,1,1,146.0,1,3,1,1,3,149.2,1,0,0,1,0,0,18,0,0,6,11,4,12.25,0,0,6,10,3,11.666666666666666,0,9.4,-0.8,-3.12,Graduate,Female,No,No,Up to Date,Yes,-0.58,-1,0.6667,0.5,5.95,0,1.0,0.58
EDU-000267,1,17,4,9500,1,1,146.0,1,4,1,2,3,140.0,1,0,0,1,0,0,18,0,0,8,8,7,14.828571428571427,0,0,8,8,7,14.828571428571427,0,12.7,3.7,-1.7,Graduate,Female,No,No,Up to Date,Yes,0.0,0,0.875,0.875,12.98,0,1.33,0.0
EDU-000268,1,1,2,9773,1,1,154.0,1,38,38,9,9,133.4,1,0,0,1,0,1,19,0,0,6,7,5,11.4,0,0,6,8,5,12.8,0,12.7,3.7,-1.7,Graduate,Female,Yes,No,Up to Date,Yes,1.4,0,0.8333,0.8333,10.2,0,1.0,1.4
EDU-000269,1,1,1,9070,1,1,137.0,1,37,37,9,9,126.2,1,0,0,1,0,1,19,0,0,6,6,6,13.0,0,0,6,8,6,12.5,0,10.8,1.4,1.74,Graduate,Female,Yes,No,Up to Date,Yes,-0.5,0,1.0,1.0,12.7,0,1.0,0.5
EDU-000270,1,1,5,9500,1,1,151.0,1,1,1,9,9,127.8,0,0,0,1,0,1,18,0,0,8,8,7,13.671428571428573,0,0,8,8,7,13.671428571428573,0,12.7,3.7,-1.7,Graduate,Female,Yes,No,Up to Date,No,0.0,0,0.875,0.875,11.96,0,1.33,0.0
EDU-000271,1,44,1,9003,1,39,150.0,1,37,38,4,8,150.0,0,0,0,1,0,1,21,0,0,6,9,6,12.666666666666666,0,0,6,8,5,12.8,0,13.9,-0.3,0.79,Graduate,Female,Yes,No,Up to Date,No,0.13,-1,1.0,0.8333,10.62,0,1.0,0.13
EDU-000272,1,1,2,9147,1,1,121.0,1,1,19,9,9,113.7,1,0,0,0,0,0,20,0,0,5,10,2,10.0,0,0,5,12,1,13.0,0,7.6,2.6,0.32,Dropout,Female,No,No,In Arrears,Yes,3.0,-1,0.4,0.2,2.36,0,0.83,3.0
EDU-000273,1,17,1,9147,1,1,122.0,1,12,19,4,8,117.8,1,0,0,1,0,0,20,0,0,5,10,5,13.5,0,0,5,8,5,12.333333333333334,0,13.9,-0.3,0.79,Graduate,Female,No,No,Up to Date,Yes,-1.17,0,1.0,1.0,12.8,0,0.83,1.17
EDU-000274,1,1,1,9500,1,1,143.0,1,5,1,2,5,136.7,0,0,0,1,0,0,19,0,2,7,8,7,12.67,0,1,8,8,8,13.55,0,11.1,0.6,2.02,Graduate,Female,No,No,Up to Date,No,0.88,1,1.0,1.0,13.2,0,1.17,0.88
EDU-000275,1,1,1,9238,1,1,152.0,1,1,38,4,5,144.7,0,0,0,1,0,0,20,0,0,6,8,6,14.5,0,0,6,7,6,15.428571428571429,0,16.2,0.3,-0.92,Graduate,Female,No,No,Up to Date,No,0.93,0,1.0,1.0,15.06,0,1.0,0.93
EDU-000276,1,17,3,9500,1,1,145.0,1,12,1,4,10,139.8,1,0,0,1,0,0,18,0,0,7,7,7,13.685714285714283,0,0,8,8,8,15.3875,0,13.9,-0.3,0.79,Graduate,Female,No,No,Up to Date,Yes,1.7,1,1.0,1.0,14.71,0,1.17,1.7
EDU-000277,1,42,1,9853,1,1,120.0,1,37,38,3,3,113.7,0,0,0,1,0,0,20,0,0,6,8,5,11.0,0,0,6,10,3,10.666666666666666,0,12.7,3.7,-1.7,Dropout,Female,No,No,Up to Date,No,-0.33,-2,0.8333,0.5,5.4,0,1.0,0.33
EDU-000278,2,7,1,9130,1,3,140.0,1,5,4,2,0,140.0,0,0,1,0,0,0,29,0,7,9,16,7,11.555555555555555,4,5,7,12,5,13.2,2,7.6,2.6,0.32,Dropout,Female,No,Yes,In Arrears,No,1.64,-2,0.7778,0.7143,8.96,1,1.5,1.64
EDU-000279,1,1,1,9500,1,1,143.0,1,19,19,5,6,142.3,0,0,0,1,0,1,18,0,0,7,7,7,13.79714285714286,0,0,8,8,8,13.775,0,12.4,0.5,1.79,Enrolled,Female,Yes,No,Up to Date,No,-0.02,1,1.0,1.0,13.78,0,1.17,0.02
EDU-000280,1,1,1,9500,1,1,129.0,1,19,19,5,5,119.6,1,0,0,1,0,1,20,0,0,7,8,7,14.00375,0,0,8,11,7,13.812857142857142,0,15.5,2.8,-4.06,Graduate,Female,Yes,No,Up to Date,Yes,-0.19,0,1.0,0.875,12.15,0,1.17,0.19
EDU-000281,1,16,2,9147,1,1,139.0,1,38,37,9,9,123.7,1,0,0,1,0,1,22,0,0,5,8,4,12.0,0,0,5,8,4,11.4,2,16.2,0.3,-0.92,Graduate,Female,Yes,No,Up to Date,Yes,-0.6,0,0.8,0.8,9.31,0,0.83,0.6
EDU-000282,4,1,1,8014,0,1,133.1,1,39,19,4,10,143.0,1,0,0,1,0,1,47,0,0,6,9,5,14.166666666666666,0,0,6,7,6,14.166666666666666,0,16.2,0.3,-0.92,Graduate,Female,Yes,No,Up to Date,Yes,0.0,1,0.8333,1.0,14.17,0,1.0,0.0
EDU-000283,2,51,1,9991,0,1,127.0,1,37,37,8,4,100.1,0,0,0,1,0,0,31,0,1,5,5,5,14.0,0,0,5,5,5,13.8,0,8.9,1.4,3.51,Graduate,Female,No,No,Up to Date,No,-0.2,0,1.0,1.0,13.88,0,0.83,0.2
EDU-000284,1,1,1,9070,1,1,126.0,1,19,37,7,5,119.4,0,0,0,1,0,1,21,0,0,6,7,5,13.8,0,0,6,6,6,12.833333333333334,0,16.2,0.3,-0.92,Graduate,Female,Yes,No,Up to Date,No,-0.97,1,0.8333,1.0,13.22,0,1.0,0.97
EDU-000285,1,1,1,8014,0,1,128.0,1,38,38,0,0,122.1,0,0,0,1,0,0,21,0,0,6,8,5,12.8,0,0,6,10,6,11.857142857142858,0,7.6,2.6,0.32,Graduate,Female,No,No,Up to Date,No,-0.94,1,0.8333,1.0,12.23,0,1.0,0.94
EDU-000286,2,39,1,9773,1,12,100.0,1,1,1,4,4,100.0,0,0,0,1,0,0,24,0,0,6,6,6,12.166666666666666,0,0,6,6,6,13.833333333333334,0,7.6,2.6,0.32,Graduate,Female,No,No,Up to Date,No,1.67,0,1.0,1.0,13.17,0,1.0,1.67
EDU-000287,1,17,1,9070,1,1,123.0,1,4,37,2,9,113.9,0,0,0,1,0,0,18,0,0,6,8,6,12.5,0,0,6,6,6,12.333333333333334,0,15.5,2.8,-4.06,Enrolled,Female,No,No,Up to Date,No,-0.17,0,1.0,1.0,12.4,0,1.0,0.17
EDU-000288,1,39,1,8014,0,15,170.0,1,34,1,90,2,101.0,0,0,0,1,0,0,32,0,0,6,9,4,12.0,0,0,6,12,4,11.5,0,7.6,2.6,0.32,Graduate,Female,No,No,Up to Date,No,-0.5,0,0.6667,0.6667,7.8,0,1.0,0.5
EDU-000289,1,18,2,8014,0,1,117.0,1,3,1,3,4,111.8,1,0,0,1,0,1,19,0,0,6,8,6,10.833333333333334,0,0,6,9,6,11.5,0,10.8,1.4,1.74,Graduate,Female,Yes,No,Up to Date,Yes,0.67,0,1.0,1.0,11.23,0,1.0,0.67
EDU-000290,1,39,1,9500,1,1,140.0,1,3,3,1,1,140.0,1,0,0,1,0,0,24,0,0,8,8,8,13.385,0,0,8,8,8,13.385,0,9.4,-0.8,-3.12,Graduate,Female,No,No,Up to Date,Yes,0.0,0,1.0,1.0,13.38,0,1.33,0.0
EDU-000291,1,17,4,9085,1,1,123.0,1,19,19,4,10,124.4,1,0,0,1,0,0,19,0,0,6,14,6,15.666666666666666,0,0,6,9,6,14.5,0,15.5,2.8,-4.06,Graduate,Female,No,No,Up to Date,Yes,-1.17,0,1.0,1.0,14.97,0,1.0,1.17
EDU-000292,1,44,1,9003,1,39,150.0,1,19,37,6,6,150.0,0,0,1,1,0,1,19,0,0,6,9,6,14.333333333333334,0,0,6,7,6,13.833333333333334,0,13.9,-0.3,0.79,Graduate,Female,Yes,Yes,Up to Date,No,-0.5,0,1.0,1.0,14.03,0,1.0,0.5
EDU-000293,1,44,1,9003,1,39,140.0,1,37,37,9,4,140.0,0,0,0,1,0,0,24,0,0,6,10,6,11.428571428571429,0,0,6,12,5,13.0,0,12.4,0.5,1.79,Enrolled,Female,No,No,Up to Date,No,1.57,-1,1.0,0.8333,10.31,0,1.0,1.57
EDU-000294,1,17,4,9238,1,1,123.0,1,19,19,191,144,116.0,1,0,0,1,0,1,18,0,0,6,9,6,11.666666666666666,0,0,6,8,6,11.666666666666666,0,8.9,1.4,3.51,Graduate,Female,Yes,No,Up to Date,Yes,0.0,0,1.0,1.0,11.67,0,1.0,0.0
EDU-000295,1,1,1,9070,1,1,130.0,1,38,37,3,6,135.6,1,0,0,1,0,1,19,0,0,6,9,5,12.0,0,0,6,10,2,11.333333333333334,0,8.9,1.4,3.51,Dropout,Female,Yes,No,Up to Date,Yes,-0.67,-3,0.8333,0.3333,3.87,0,1.0,0.67
EDU-000296,2,1,1,9500,1,1,137.0,1,3,38,2,4,121.0,0,0,0,1,0,1,19,0,0,8,8,7,14.725714285714288,0,0,8,8,7,14.725714285714288,0,10.8,1.4,1.74,Graduate,Female,Yes,No,Up to Date,No,0.0,0,0.875,0.875,12.89,0,1.33,0.0
EDU-000297,1,17,2,9773,1,1,126.0,1,19,38,9,8,118.7,1,0,0,1,0,1,18,0,0,6,6,6,14.166666666666666,0,0,6,6,6,13.666666666666666,0,12.4,0.5,1.79,Graduate,Female,Yes,No,Up to Date,Yes,-0.5,0,1.0,1.0,13.87,0,1.0,0.5
EDU-000298,1,1,1,9238,1,1,125.0,1,1,1,3,3,125.7,1,0,0,1,0,0,18,0,0,6,10,6,11.571428571428571,0,0,6,8,6,12.333333333333334,0,12.4,0.5,1.79,Graduate,Female,No,No,Up to Date,Yes,0.76,0,1.0,1.0,12.03,0,1.0,0.76
EDU-000299,1,17,4,9556,1,1,112.0,1,1,1,4,10,107.1,1,0,0,1,0,0,20,0,0,7,7,7,12.5,0,0,8,8,8,13.1375,0,12.4,0.5,1.79,Graduate,Female,No,No,Up to Date,Yes,0.64,1,1.0,1.0,12.88,0,1.17,0.64
EDU-000300,1,1,1,9500,1,1,141.0,1,19,38,5,7,125.5,0,0,0,1,0,0,18,0,0,8,10,8,12.86,2,0,8,10,8,12.86,2,9.4,-0.8,-3.12,Graduate,Female,No,No,Up to Date,No,0.0,0,1.0,1.0,12.86,0,1.33,0.0
EDU-000301,1,17,4,9670,1,1,135.0,1,38,38,9,7,127.0,1,0,0,1,0,0,18,0,0,6,10,6,12.25,0,0,6,9,6,13.714285714285714,0,11.1,0.6,2.02,Graduate,Female,No,No,Up to Date,Yes,1.46,0,1.0,1.0,13.13,0,1.0,1.46
EDU-000302,1,1,2,9085,1,1,117.0,1,38,37,9,9,113.5,1,0,0,1,0,1,21,0,0,5,7,4,12.0,0,0,5,5,5,12.2,0,10.8,1.4,1.74,Graduate,Female,Yes,No,Up to Date,Yes,0.2,1,0.8,1.0,12.12,0,0.83,0.2
EDU-000303,1,1,1,9500,1,1,160.0,1,19,19,4,9,154.4,0,0,0,1,0,1,18,0,0,7,9,7,15.116666666666667,0,0,8,9,8,16.168888888888887,0,15.5,2.8,-4.06,Graduate,Female,Yes,No,Up to Date,No,1.05,1,1.0,1.0,15.75,0,1.17,1.05
EDU-000304,1,51,1,9670,1,1,136.0,1,19,19,5,5,122.0,0,0,1,0,0,0,18,0,0,5,6,2,12.5,0,0,5,6,4,10.25,0,9.4,-0.8,-3.12,Dropout,Female,No,Yes,In Arrears,No,-2.25,2,0.4,0.8,8.92,1,0.83,2.25
EDU-000305,1,17,2,9238,1,1,143.0,1,1,11,4,3,128.0,1,0,0,1,0,0,19,0,0,6,11,0,0.0,0,0,6,0,0,0.0,0,9.4,-0.8,-3.12,Dropout,Female,No,No,Up to Date,Yes,0.0,0,0.0,0.0,0.0,0,1.0,0.0
EDU-000306,1,1,1,9670,1,1,119.0,1,1,19,4,10,115.5,1,0,0,1,0,0,19,0,0,6,8,4,11.0,0,0,6,9,4,11.0,0,10.8,1.4,1.74,Enrolled,Female,No,No,Up to Date,Yes,0.0,0,0.6667,0.6667,7.33,0,1.0,0.0
EDU-000307,1,17,4,9670,1,1,120.0,1,1,19,5,5,117.2,1,0,0,1,0,0,18,0,0,6,8,6,11.875,0,0,6,11,4,14.6,0,11.1,0.6,2.02,Graduate,Female,No,No,Up to Date,Yes,2.72,-2,1.0,0.6667,9.01,0,1.0,2.72
EDU-000308,1,39,1,9130,1,3,150.0,1,3,1,90,90,150.0,1,0,0,1,0,0,34,0,1,5,6,1,11.0,0,0,5,5,0,0.0,0,12.7,3.7,-1.7,Dropout,Female,No,No,Up to Date,Yes,-11.0,-1,0.2,0.0,0.0,0,0.83,11.0
EDU-000309,1,1,3,9085,1,1,142.0,1,11,11,90,90,155.3,0,0,0,1,0,0,19,0,0,5,5,5,15.2,0,0,5,6,5,13.2,0,7.6,2.6,0.32,Graduate,Female,No,No,Up to Date,No,-2.0,0,1.0,1.0,14.0,0,0.83,2.0
EDU-000310,1,44,1,9130,1,39,120.0,1,37,37,7,8,120.0,1,0,1,0,0,0,19,0,2,6,7,5,11.6,0,1,6,12,2,11.0,0,12.4,0.5,1.79,Dropout,Female,No,Yes,In Arrears,Yes,-0.6,-3,0.8333,0.3333,3.75,1,1.0,0.6
EDU-000311,1,51,1,9238,1,1,160.0,1,3,19,2,1,116.1,0,0,1,1,0,0,26,0,0,6,6,6,14.833333333333334,0,0,6,7,6,15.142857142857142,0,11.1,0.6,2.02,Graduate,Female,No,Yes,Up to Date,No,0.31,0,1.0,1.0,15.02,0,1.0,0.31
EDU-000312,1,17,1,9853,1,1,133.1,1,34,34,0,0,118.9,1,0,0,1,0,0,21,0,0,6,12,3,11.333333333333334,0,0,6,10,3,11.333333333333334,0,7.6,2.6,0.32,Dropout,Female,No,No,Up to Date,Yes,0.0,0,0.5,0.5,5.67,0,1.0,0.0
EDU-000313,1,17,2,9147,1,1,142.0,1,19,19,4,8,127.3,0,0,0,1,0,1,18,0,0,5,5,5,11.2,0,0,5,5,5,11.8,0,11.1,0.6,2.02,Graduate,Female,Yes,No,Up to Date,No,0.6,0,1.0,1.0,11.56,0,0.83,0.6
EDU-000314,1,17,4,9853,1,1,121.0,1,38,38,5,7,113.7,1,0,0,1,0,1,20,0,0,6,8,5,13.4,0,0,6,9,5,13.666666666666666,0,9.4,-0.8,-3.12,Graduate,Female,Yes,No,Up to Date,Yes,0.27,0,0.8333,0.8333,11.3,0,1.0,0.27
EDU-000315,1,51,1,9147,1,1,135.0,1,1,1,4,4,118.5,0,0,0,1,0,0,25,0,0,5,12,2,10.5,0,0,5,5,0,0.0,0,11.1,0.6,2.02,Dropout,Female,No,No,Up to Date,No,-10.5,-2,0.4,0.0,0.0,0,0.83,10.5
EDU-000316,1,1,1,9147,1,1,153.0,1,1,38,4,3,146.7,0,0,0,1,0,0,18,0,0,5,5,5,16.2,0,0,5,5,5,16.4,0,11.1,0.6,2.02,Graduate,Female,No,No,Up to Date,No,0.2,0,1.0,1.0,16.32,0,0.83,0.2
EDU-000317,1,1,1,9500,1,1,140.0,1,19,19,3,6,124.3,1,0,0,1,0,1,18,0,0,7,7,7,14.542857142857144,0,0,8,11,8,14.88181818181818,0,16.2,0.3,-0.92,Graduate,Female,Yes,No,Up to Date,Yes,0.34,1,1.0,1.0,14.75,0,1.17,0.34
EDU-000318,1,1,1,9500,1,1,152.0,1,41,19,3,5,137.8,0,0,0,1,0,0,19,0,0,7,7,7,13.694285714285714,0,0,8,9,8,14.355555555555554,0,11.1,0.6,2.02,Graduate,Female,No,No,Up to Date,No,0.66,1,1.0,1.0,14.09,0,1.17,0.66
EDU-000319,1,1,1,9238,1,1,120.0,1,19,38,5,9,130.2,0,0,0,1,0,1,18,0,0,6,8,6,11.285714285714286,0,0,6,10,6,11.857142857142858,0,12.4,0.5,1.79,Graduate,Female,Yes,No,Up to Date,No,0.57,0,1.0,1.0,11.63,0,1.0,0.57
EDU-000320,1,17,1,9500,1,1,160.0,1,38,38,7,7,147.8,0,0,0,1,0,0,20,0,0,7,11,6,11.757142857142856,0,0,8,12,6,13.083333333333334,0,15.5,2.8,-4.06,Enrolled,Female,No,No,Up to Date,No,1.33,0,0.8571,0.75,9.41,0,1.17,1.33
EDU-000321,1,7,1,9085,1,40,150.0,1,19,19,9,5,150.0,0,0,1,0,0,0,26,0,0,3,3,0,0.0,0,0,6,0,0,0.0,0,8.9,1.4,3.51,Dropout,Female,No,Yes,In Arrears,No,0.0,0,0.0,0.0,0.0,1,0.5,0.0
EDU-000322,1,42,1,9500,1,1,100.0,1,37,37,7,9,100.0,1,0,0,1,0,1,19,0,0,8,8,7,13.058571428571428,0,0,8,8,7,13.058571428571428,0,10.8,1.4,1.74,Graduate,Female,Yes,No,Up to Date,Yes,0.0,0,0.875,0.875,11.43,0,1.33,0.0
EDU-000323,1,1,1,9500,1,1,150.0,1,1,1,5,1,155.6,0,0,0,1,0,0,19,0,0,7,7,7,14.3,0,0,8,9,8,14.055555555555555,0,16.2,0.3,-0.92,Graduate,Female,No,No,Up to Date,No,-0.24,1,1.0,1.0,14.15,0,1.17,0.24
EDU-000324,1,43,4,9147,1,1,124.0,1,37,37,9,9,117.4,0,0,0,1,0,0,19,0,3,10,15,5,11.8,0,4,10,14,8,12.0,0,7.6,2.6,0.32,Graduate,Female,No,No,Up to Date,No,0.2,3,0.5,0.8,9.54,0,1.67,0.2
EDU-000325,1,5,3,9085,1,1,141.0,1,1,19,7,5,128.8,1,0,0,1,0,0,19,0,0,5,9,3,10.333333333333334,1,0,5,8,3,13.0,0,7.6,2.6,0.32,Enrolled,Female,No,No,Up to Date,Yes,2.67,0,0.6,0.6,7.16,0,0.83,2.67
EDU-000326,1,1,1,9254,1,1,121.0,1,19,19,5,8,117.5,1,0,0,1,0,0,18,0,0,6,7,6,10.571428571428571,0,0,6,11,3,11.666666666666666,0,16.2,0.3,-0.92,Graduate,Female,No,No,Up to Date,Yes,1.1,-3,1.0,0.5,5.61,0,1.0,1.1
EDU-000327,1,43,1,9500,1,6,134.0,1,1,37,9,9,120.4,1,0,0,1,0,0,19,0,0,7,7,6,13.333333333333334,0,0,7,7,6,13.333333333333334,0,7.6,2.6,0.32,Graduate,Female,No,No,Up to Date,Yes,0.0,0,0.8571,0.8571,11.43,0,1.17,0.0
EDU-000328,1,1,1,9238,1,1,134.0,1,1,1,9,6,130.9,0,0,1,1,0,0,18,0,0,6,10,6,11.857142857142858,0,0,6,9,5,11.0,0,13.9,-0.3,0.79,Graduate,Female,No,Yes,Up to Date,No,-0.86,-1,1.0,0.8333,9.45,0,1.0,0.86
EDU-000329,1,1,1,9853,1,1,132.0,1,2,19,4,4,125.0,1,0,0,1,0,0,18,0,0,6,9,5,12.6,0,0,6,8,5,11.4,0,9.4,-0.8,-3.12,Enrolled,Female,No,No,Up to Date,Yes,-1.2,0,0.8333,0.8333,9.9,0,1.0,1.2
EDU-000330,1,1,1,9085,1,1,135.0,1,19,38,9,5,136.8,1,0,0,1,0,0,18,0,0,5,11,5,14.0,3,0,5,7,5,11.6,0,9.4,-0.8,-3.12,Enrolled,Female,No,No,Up to Date,Yes,-2.4,0,1.0,1.0,12.56,0,0.83,2.4
EDU-000331,1,1,1,9853,1,1,123.0,1,1,38,9,6,121.6,1,0,0,1,0,0,18,0,0,7,12,5,12.0,0,0,7,9,6,12.666666666666666,0,11.1,0.6,2.02,Enrolled,Female,No,No,Up to Date,Yes,0.67,1,0.7143,0.8571,10.63,0,1.17,0.67
EDU-000332,1,44,1,9119,1,39,151.0,1,19,37,4,7,151.0,0,0,1,1,0,0,26,0,0,5,6,0,0.0,0,0,5,5,0,0.0,0,16.2,0.3,-0.92,Dropout,Female,No,Yes,Up to Date,No,0.0,0,0.0,0.0,0.0,0,0.83,0.0
EDU-000333,1,1,1,9238,1,1,107.0,1,38,38,7,7,103.5,1,0,0,1,0,0,20,0,0,6,7,6,12.0,0,0,6,7,6,13.0,0,12.4,0.5,1.79,Graduate,Female,No,No,Up to Date,Yes,1.0,0,1.0,1.0,12.6,0,1.0,1.0
EDU-000334,1,1,1,8014,0,1,126.0,1,37,38,9,10,119.4,0,0,0,1,0,0,19,0,0,6,6,6,12.666666666666666,0,0,6,6,6,11.666666666666666,0,12.7,3.7,-1.7,Graduate,Female,No,No,Up to Date,No,-1.0,0,1.0,1.0,12.07,0,1.0,1.0
EDU-000335,1,1,1,9238,1,1,133.0,1,34,37,4,9,134.4,1,0,0,1,0,1,18,0,0,6,6,6,12.166666666666666,0,0,6,9,6,13.666666666666666,0,9.4,-0.8,-3.12,Graduate,Female,Yes,No,Up to Date,Yes,1.5,0,1.0,1.0,13.07,0,1.0,1.5
EDU-000336,1,44,1,9238,1,39,140.0,1,38,37,7,7,143.0,0,0,0,1,0,0,19,0,3,6,6,6,13.333333333333334,0,2,6,6,6,14.666666666666666,0,13.9,-0.3,0.79,Graduate,Female,No,No,Up to Date,No,1.33,0,1.0,1.0,14.13,0,1.0,1.33
EDU-000337,1,7,1,9853,1,40,110.0,1,41,3,2,1,110.0,0,0,1,1,0,0,40,0,0,7,8,7,15.0,0,0,7,7,7,14.571428571428571,0,12.4,0.5,1.79,Graduate,Female,No,Yes,Up to Date,No,-0.43,0,1.0,1.0,14.74,0,1.17,0.43
EDU-000338,1,1,4,9500,1,1,141.0,1,38,38,7,7,132.5,1,0,0,1,0,1,18,0,0,8,8,8,13.39125,0,0,8,8,8,13.39125,0,9.4,-0.8,-3.12,Graduate,Female,Yes,No,Up to Date,Yes,0.0,0,1.0,1.0,13.39,0,1.33,0.0
EDU-000339,1,17,1,9238,1,1,122.0,1,3,1,9,10,114.7,0,0,0,1,0,0,19,0,0,6,9,5,12.166666666666666,0,0,6,8,6,12.428571428571429,0,13.9,-0.3,0.79,Graduate,Female,No,No,Up to Date,No,0.26,1,0.8333,1.0,12.32,0,1.0,0.26
EDU-000340,1,17,1,9130,1,1,156.0,1,2,9,3,5,166.9,0,0,0,1,0,0,18,0,0,5,9,4,11.25,0,0,5,6,4,12.5,0,7.6,2.6,0.32,Graduate,Female,No,No,Up to Date,No,1.25,0,0.8,0.8,9.6,0,0.83,1.25
EDU-000341,1,1,1,9085,1,1,129.0,1,1,2,3,1,125.9,1,0,0,1,0,0,19,0,0,5,13,4,12.0,2,0,5,8,3,12.0,0,9.4,-0.8,-3.12,Enrolled,Female,No,No,Up to Date,Yes,0.0,-1,0.8,0.6,7.2,0,0.83,0.0
EDU-000342,1,1,1,171,1,1,188.0,1,3,3,2,2,178.3,1,0,0,1,0,0,18,0,0,0,0,0,0.0,0,0,0,0,0,0.0,0,15.5,2.8,-4.06,Dropout,Female,No,No,Up to Date,Yes,0.0,0,0.0,0.0,0.0,0,0.0,0.0
EDU-000343,2,39,1,8014,0,1,120.0,1,37,37,9,9,117.0,1,0,0,1,0,0,33,0,0,6,7,6,12.833333333333334,0,0,6,8,6,12.857142857142858,0,12.4,0.5,1.79,Graduate,Female,No,No,Up to Date,Yes,0.02,0,1.0,1.0,12.85,0,1.0,0.02
EDU-000344,1,39,1,9003,1,3,130.0,1,3,3,1,2,150.0,0,0,0,1,0,0,35,0,0,6,10,6,14.0,0,0,6,11,6,13.1,0,16.2,0.3,-0.92,Graduate,Female,No,No,Up to Date,No,-0.9,0,1.0,1.0,13.46,0,1.0,0.9
EDU-000345,1,42,1,9147,1,1,130.0,1,37,38,9,1,130.0,1,0,0,1,0,0,26,0,3,5,5,4,13.0,0,1,5,7,2,12.0,0,9.4,-0.8,-3.12,Enrolled,Female,No,No,Up to Date,Yes,-1.0,-2,0.8,0.4,4.96,0,0.83,1.0
EDU-000346,1,1,1,9773,1,1,140.0,1,19,19,7,5,135.1,1,0,0,1,0,0,18,0,0,6,7,6,13.5,0,0,6,8,6,12.5,0,9.4,-0.8,-3.12,Graduate,Female,No,No,Up to Date,Yes,-1.0,0,1.0,1.0,12.9,0,1.0,1.0
EDU-000347,1,43,1,9238,1,1,110.0,1,37,37,9,9,110.0,0,0,0,1,0,0,36,0,10,16,24,13,10.692307692307692,1,9,13,19,9,12.307692307692308,0,15.5,2.8,-4.06,Enrolled,Female,No,No,Up to Date,No,1.62,-4,0.8125,0.6923,8.07,0,2.67,1.62
EDU-000348,4,39,1,9991,0,1,133.1,1,37,37,6,6,136.2,0,0,0,1,0,0,39,0,0,5,6,5,11.0,0,0,5,9,5,11.666666666666666,0,10.8,1.4,1.74,Graduate,Female,No,No,Up to Date,No,0.67,0,1.0,1.0,11.4,0,0.83,0.67
EDU-000349,2,39,1,9238,1,1,120.0,1,37,37,9,9,116.0,0,0,0,1,0,0,44,0,0,6,8,6,13.0,0,0,6,6,6,13.833333333333334,0,12.7,3.7,-1.7,Graduate,Female,No,No,Up to Date,No,0.83,0,1.0,1.0,13.5,0,1.0,0.83
EDU-000350,1,1,2,8014,0,1,96.0,1,3,1,3,9,100.0,0,0,0,1,0,0,20,0,0,6,10,5,12.0,0,0,6,9,4,11.25,0,9.4,-0.8,-3.12,Enrolled,Female,No,No,Up to Date,No,-0.75,-1,0.8333,0.6667,7.7,0,1.0,0.75
EDU-000351,1,1,1,9254,1,1,117.0,1,19,19,9,9,116.3,1,0,0,1,0,0,24,0,0,6,9,4,12.6,0,0,6,6,4,11.5,0,12.7,3.7,-1.7,Dropout,Female,No,No,Up to Date,Yes,-1.1,0,0.6667,0.6667,7.96,0,1.0,1.1
EDU-000352,1,43,1,9773,1,1,123.0,1,19,19,9,8,134.0,0,0,0,1,0,1,20,0,0,6,6,6,13.666666666666666,0,0,6,6,6,13.333333333333334,0,12.4,0.5,1.79,Graduate,Female,Yes,No,Up to Date,No,-0.33,0,1.0,1.0,13.47,0,1.0,0.33
EDU-000353,1,1,4,171,1,1,127.0,1,1,1,9,5,124.2,1,0,0,0,0,0,19,0,0,0,0,0,0.0,0,0,0,0,0,0.0,0,9.4,-0.8,-3.12,Dropout,Female,No,No,In Arrears,Yes,0.0,0,0.0,0.0,0.0,0,0.0,0.0
EDU-000354,2,1,1,9500,1,1,151.0,1,37,38,9,7,134.5,0,0,1,1,0,1,18,0,0,7,7,6,14.2,0,0,7,7,6,14.2,0,7.6,2.6,0.32,Graduate,Female,Yes,Yes,Up to Date,No,0.0,0,0.8571,0.8571,12.17,0,1.17,0.0
EDU-000355,1,1,1,9254,1,1,127.0,1,19,19,4,6,120.7,0,0,1,0,0,0,22,0,0,6,10,5,11.0,0,0,6,12,0,0.0,0,10.8,1.4,1.74,Dropout,Female,No,Yes,In Arrears,No,-11.0,-5,0.8333,0.0,0.0,1,1.0,11.0
EDU-000356,1,17,1,9085,1,1,133.0,1,19,1,4,5,127.1,1,0,0,1,0,0,18,0,0,6,7,6,15.0,0,0,6,7,6,16.428571428571427,0,11.1,0.6,2.02,Graduate,Female,No,No,Up to Date,Yes,1.43,0,1.0,1.0,15.86,0,1.0,1.43
EDU-000357,1,39,1,9500,1,19,133.1,1,38,37,9,9,133.0,0,0,0,1,0,0,24,0,0,7,9,6,12.585714285714284,0,0,8,9,7,13.44285714285714,0,13.9,-0.3,0.79,Graduate,Female,No,No,Up to Date,No,0.86,1,0.8571,0.875,11.46,0,1.17,0.86
EDU-000358,1,39,1,9991,0,1,133.1,1,37,37,90,8,128.2,0,0,0,1,0,0,33,0,0,5,0,0,0.0,0,0,5,0,0,0.0,0,12.7,3.7,-1.7,Dropout,Female,No,No,Up to Date,No,0.0,0,0.0,0.0,0.0,0,0.83,0.0
EDU-000359,1,39,1,9003,1,1,133.1,1,37,37,3,8,130.0,0,0,1,1,0,1,30,0,0,6,6,0,0.0,0,0,6,6,0,0.0,0,11.1,0.6,2.02,Enrolled,Female,Yes,Yes,Up to Date,No,0.0,0,0.0,0.0,0.0,0,1.0,0.0
EDU-000360,1,39,1,9085,1,43,160.0,1,3,39,2,3,172.0,0,0,0,1,0,0,26,0,0,6,0,0,0.0,0,0,6,0,0,0.0,0,8.9,1.4,3.51,Dropout,Female,No,No,Up to Date,No,0.0,0,0.0,0.0,0.0,0,1.0,0.0
EDU-000361,1,17,4,9853,1,1,140.0,1,19,38,4,1,128.5,1,0,0,1,0,0,18,0,0,6,7,6,11.666666666666666,0,0,6,10,6,11.833333333333334,0,10.8,1.4,1.74,Graduate,Female,No,No,Up to Date,Yes,0.17,0,1.0,1.0,11.77,0,1.0,0.17
EDU-000362,1,1,1,9773,1,1,146.0,1,37,38,9,7,128.5,0,0,1,1,0,0,19,0,0,6,13,3,12.666666666666666,0,0,6,12,2,10.0,0,10.8,1.4,1.74,Dropout,Female,No,Yes,Up to Date,No,-2.67,-1,0.5,0.3333,3.69,0,1.0,2.67
EDU-000363,1,17,4,9147,1,1,112.0,1,19,38,9,10,112.0,1,0,0,1,0,0,20,0,0,5,10,3,10.333333333333334,0,0,5,9,4,11.0,2,16.2,0.3,-0.92,Enrolled,Female,No,No,Up to Date,Yes,0.67,1,0.6,0.8,8.59,0,0.83,0.67
EDU-000364,1,53,1,9085,1,42,140.0,1,19,37,9,8,142.5,1,0,0,1,0,1,22,0,7,11,18,8,13.5,0,4,9,16,7,13.714285714285714,0,8.9,1.4,3.51,Graduate,Female,Yes,No,Up to Date,Yes,0.21,-1,0.7273,0.7778,10.6,0,1.83,0.21
EDU-000365,1,1,4,9500,1,1,136.0,1,1,1,9,1,133.0,1,0,0,1,0,0,19,0,0,7,8,5,13.98,0,0,7,8,5,13.98,0,7.6,2.6,0.32,Enrolled,Female,No,No,Up to Date,Yes,0.0,0,0.7143,0.7143,9.99,0,1.17,0.0
EDU-000366,1,1,1,9085,1,1,133.1,1,37,38,7,5,106.0,1,0,0,1,0,1,21,0,0,6,13,6,16.153846153846153,0,0,6,10,6,15.75,0,15.5,2.8,-4.06,Graduate,Female,Yes,No,Up to Date,Yes,-0.4,0,1.0,1.0,15.91,0,1.0,0.4
EDU-000367,1,1,4,9500,1,1,136.0,1,19,38,4,8,125.5,1,0,0,1,0,1,21,0,0,7,7,6,14.033333333333331,0,0,7,7,6,14.033333333333331,0,7.6,2.6,0.32,Graduate,Female,Yes,No,Up to Date,Yes,0.0,0,0.8571,0.8571,12.03,0,1.17,0.0
EDU-000368,1,17,1,9085,1,1,134.0,1,19,37,2,7,131.2,0,0,0,1,0,0,19,0,0,5,8,1,11.0,0,0,5,6,5,11.2,0,7.6,2.6,0.32,Enrolled,Female,No,No,Up to Date,No,0.2,4,0.2,1.0,11.12,0,0.83,0.2
EDU-000369,1,1,1,9853,1,1,122.0,1,38,37,191,195,112.9,1,0,0,1,0,1,19,0,0,7,8,7,13.857142857142858,0,0,7,8,6,13.666666666666666,0,8.9,1.4,3.51,Graduate,Female,Yes,No,Up to Date,Yes,-0.19,-1,1.0,0.8571,11.78,0,1.17,0.19
EDU-000370,1,1,6,9500,1,1,138.0,1,19,19,9,5,124.8,1,0,0,1,0,0,18,0,0,8,8,7,13.414285714285716,0,0,8,8,7,13.414285714285716,0,12.7,3.7,-1.7,Dropout,Female,No,No,Up to Date,Yes,0.0,0,0.875,0.875,11.74,0,1.33,0.0
EDU-000371,2,43,1,8014,0,1,160.0,1,37,39,9,4,140.9,0,0,0,1,0,0,50,0,7,11,11,11,13.545454545454543,0,3,7,7,7,13.571428571428571,0,16.2,0.3,-0.92,Graduate,Female,No,No,Up to Date,No,0.03,-4,1.0,1.0,13.56,0,1.83,0.03
EDU-000372,4,39,1,9991,0,1,130.0,1,38,19,9,7,148.0,0,0,0,1,0,1,31,0,0,5,11,4,11.25,0,0,5,10,4,10.833333333333334,0,13.9,-0.3,0.79,Enrolled,Female,Yes,No,Up to Date,No,-0.42,0,0.8,0.8,8.8,0,0.83,0.42
EDU-000373,1,17,1,9773,1,1,161.0,1,1,19,4,7,148.4,0,0,0,1,0,1,19,0,0,6,6,6,13.833333333333334,0,0,6,7,6,14.428571428571429,0,15.5,2.8,-4.06,Graduate,Female,Yes,No,Up to Date,No,0.6,0,1.0,1.0,14.19,0,1.0,0.6
EDU-000374,4,39,1,9991,0,1,140.0,1,1,37,141,192,129.7,0,0,0,1,0,0,35,0,0,5,8,5,12.0,0,0,5,9,5,12.857142857142858,0,13.9,-0.3,0.79,Graduate,Female,No,No,Up to Date,No,0.86,0,1.0,1.0,12.51,0,0.83,0.86
EDU-000375,2,39,1,9085,1,19,133.1,1,38,38,4,7,128.2,0,0,0,1,0,0,31,0,0,6,0,0,0.0,0,0,6,0,0,0.0,0,12.7,3.7,-1.7,Dropout,Female,No,No,Up to Date,No,0.0,0,0.0,0.0,0.0,0,1.0,0.0
EDU-000376,2,51,1,8014,0,19,133.1,1,37,37,9,9,104.0,0,0,1,1,0,0,42,0,5,11,14,10,11.9,0,5,11,14,10,12.8,0,11.1,0.6,2.02,Enrolled,Female,No,Yes,Up to Date,No,0.9,0,0.9091,0.9091,11.31,0,1.83,0.9
EDU-000377,1,18,4,9147,1,1,130.0,1,37,37,9,9,119.9,1,0,0,0,0,0,34,0,0,5,5,0,0.0,0,0,5,0,0,0.0,0,9.4,-0.8,-3.12,Dropout,Female,No,No,In Arrears,Yes,0.0,0,0.0,0.0,0.0,0,0.83,0.0
EDU-000378,1,1,1,9500,1,1,152.0,1,1,1,4,4,141.0,1,0,0,1,0,1,18,0,0,7,7,7,15.135714285714286,0,0,8,8,8,15.287499999999998,0,12.4,0.5,1.79,Graduate,Female,Yes,No,Up to Date,Yes,0.15,1,1.0,1.0,15.23,0,1.17,0.15
EDU-000379,1,17,1,9853,1,1,125.0,1,3,3,3,3,116.6,1,0,0,0,0,1,18,0,0,7,7,7,12.285714285714286,0,0,7,8,6,13.333333333333334,0,8.9,1.4,3.51,Enrolled,Female,Yes,No,In Arrears,Yes,1.05,-1,1.0,0.8571,11.07,0,1.17,1.05
EDU-000380,1,44,1,9085,1,39,140.0,1,37,38,5,6,140.0,1,0,0,1,0,0,21,0,2,6,16,5,12.666666666666666,0,1,6,15,2,13.5,0,16.2,0.3,-0.92,Enrolled,Female,No,No,Up to Date,Yes,0.83,-3,0.8333,0.3333,4.39,0,1.0,0.83
EDU-000381,4,39,1,9500,1,19,133.1,1,38,19,5,7,140.0,0,0,0,1,0,1,26,0,0,7,13,5,12.74,0,0,8,12,6,10.978571428571428,0,16.2,0.3,-0.92,Dropout,Female,Yes,No,Up to Date,No,-1.76,1,0.7143,0.75,8.76,0,1.17,1.76
EDU-000382,1,43,1,9500,1,1,170.0,1,19,37,8,8,100.0,0,0,0,1,0,0,20,0,0,7,8,6,13.25,0,0,8,8,8,13.75,0,13.9,-0.3,0.79,Enrolled,Female,No,No,Up to Date,No,0.5,2,0.8571,1.0,13.55,0,1.17,0.5
EDU-000383,1,1,1,9238,1,1,135.0,1,38,38,5,7,121.0,0,0,0,1,0,0,19,0,0,6,13,3,10.333333333333334,0,0,6,12,3,10.333333333333334,0,7.6,2.6,0.32,Enrolled,Female,No,No,Up to Date,No,0.0,0,0.5,0.5,5.17,0,1.0,0.0
EDU-000384,1,1,1,9853,1,1,125.0,1,19,19,5,5,117.0,0,0,0,1,0,1,19,0,0,6,7,6,13.428571428571429,0,0,6,6,6,13.166666666666666,0,15.5,2.8,-4.06,Graduate,Female,Yes,No,Up to Date,No,-0.26,0,1.0,1.0,13.27,0,1.0,0.26
EDU-000385,1,53,1,9147,1,42,140.0,1,3,4,2,1,140.2,0,0,0,1,0,0,20,0,6,11,19,9,12.555555555555555,0,3,9,14,8,11.11111111111111,0,8.9,1.4,3.51,Graduate,Female,No,No,Up to Date,No,-1.44,-1,0.8182,0.8889,10.39,0,1.83,1.44
EDU-000386,1,1,1,9238,1,1,124.0,1,34,34,0,0,129.3,0,0,0,1,0,0,19,0,0,6,8,6,11.5,0,0,6,7,6,11.166666666666666,0,7.6,2.6,0.32,Graduate,Female,No,No,Up to Date,No,-0.33,0,1.0,1.0,11.3,0,1.0,0.33
EDU-000387,1,1,1,9853,1,1,140.0,1,37,37,9,9,145.3,0,0,0,1,0,0,18,0,0,6,6,6,13.666666666666666,0,0,6,9,6,12.333333333333334,0,7.6,2.6,0.32,Graduate,Female,No,No,Up to Date,No,-1.33,0,1.0,1.0,12.87,0,1.0,1.33
EDU-000388,1,39,1,9991,0,3,130.0,1,37,37,9,9,146.2,0,0,0,1,0,0,28,0,10,14,16,11,11.272727272727272,0,6,11,16,10,12.0,0,10.8,1.4,1.74,Graduate,Female,No,No,Up to Date,No,0.73,-1,0.7857,0.9091,10.64,0,2.33,0.73
EDU-000389,1,17,1,9853,1,1,134.0,1,1,19,4,5,122.5,1,0,0,1,0,0,22,0,0,6,10,5,13.166666666666666,0,0,6,8,5,12.4,0,15.5,2.8,-4.06,Enrolled,Female,No,No,Up to Date,Yes,-0.77,0,0.8333,0.8333,10.59,0,1.0,0.77
EDU-000390,1,44,1,8014,0,39,160.0,1,37,37,7,7,156.1,0,0,0,1,0,1,21,0,3,6,6,6,14.666666666666666,0,2,6,6,6,14.166666666666666,0,13.9,-0.3,0.79,Graduate,Female,Yes,No,Up to Date,No,-0.5,0,1.0,1.0,14.37,0,1.0,0.5
EDU-000391,1,44,1,9085,1,39,140.0,1,4,38,4,5,140.0,1,0,0,1,0,0,21,0,0,6,11,4,12.75,0,0,6,19,1,11.0,0,12.4,0.5,1.79,Enrolled,Female,No,No,Up to Date,Yes,-1.75,-3,0.6667,0.1667,1.95,0,1.0,1.75
EDU-000392,1,39,1,9500,1,1,150.0,1,1,19,5,3,140.0,0,1,0,1,0,0,26,0,0,7,11,5,11.2,0,0,8,13,5,12.14,0,16.2,0.3,-0.92,Enrolled,Female,No,No,Up to Date,No,0.94,0,0.7143,0.625,7.35,0,1.17,0.94
EDU-000393,1,1,6,9773,1,1,141.0,1,30,37,7,7,128.4,1,0,1,0,0,0,18,0,0,6,8,5,13.0,0,0,6,8,5,11.4,0,7.6,2.6,0.32,Dropout,Female,No,Yes,In Arrears,Yes,-1.6,0,0.8333,0.8333,10.03,1,1.0,1.6
EDU-000394,1,17,2,9085,1,1,120.0,1,1,1,9,10,115.0,0,0,0,0,0,0,20,0,0,5,8,2,10.5,0,0,5,8,2,12.333333333333334,0,7.6,2.6,0.32,Dropout,Female,No,No,In Arrears,No,1.83,0,0.4,0.4,4.64,0,0.83,1.83
EDU-000395,1,17,2,9085,1,1,166.0,1,1,19,4,3,158.7,0,0,0,1,0,0,18,0,0,6,7,6,14.857142857142858,0,0,6,7,6,14.0,0,11.1,0.6,2.02,Graduate,Female,No,No,Up to Date,No,-0.86,0,1.0,1.0,14.34,0,1.0,0.86
EDU-000396,1,1,4,9500,1,1,147.0,1,1,1,4,9,124.5,1,0,0,1,0,1,19,0,0,8,11,7,12.86,0,0,8,11,7,12.86,0,10.8,1.4,1.74,Graduate,Female,Yes,No,Up to Date,Yes,0.0,0,0.875,0.875,11.25,0,1.33,0.0
EDU-000397,1,51,1,9238,1,1,121.0,1,3,19,3,10,111.9,1,0,0,1,0,0,20,0,5,11,12,11,11.727272727272728,0,5,11,14,11,12.0,0,12.4,0.5,1.79,Graduate,Female,No,No,Up to Date,Yes,0.27,0,1.0,1.0,11.89,0,1.83,0.27
EDU-000398,1,44,1,9085,1,39,150.0,1,38,37,4,6,150.0,1,0,0,1,0,1,22,0,3,6,11,6,13.142857142857142,0,2,6,10,3,12.0,0,13.9,-0.3,0.79,Graduate,Female,Yes,No,Up to Date,Yes,-1.14,-3,1.0,0.5,6.23,0,1.0,1.14
EDU-000399,1,17,1,9670,1,1,124.0,1,37,19,5,8,114.2,1,0,1,1,0,0,18,0,0,6,6,5,11.8,0,0,6,9,4,13.714285714285714,0,10.8,1.4,1.74,Dropout,Female,No,Yes,Up to Date,Yes,1.91,-1,0.8333,0.6667,8.63,0,1.0,1.91
EDU-000400,1,17,1,9147,1,1,96.0,1,38,37,6,4,96.0,1,0,0,1,0,0,19,0,0,5,10,3,10.666666666666666,0,0,5,9,0,0.0,3,16.2,0.3,-0.92,Dropout,Female,No,No,Up to Date,Yes,-10.67,-3,0.6,0.0,0.0,0,0.83,10.67
EDU-000401,1,17,4,9070,1,1,125.0,1,1,3,3,3,128.9,0,0,0,1,0,1,18,0,0,6,9,5,11.6,0,0,6,8,4,11.2,0,8.9,1.4,3.51,Enrolled,Female,Yes,No,Up to Date,No,-0.4,-1,0.8333,0.6667,7.57,0,1.0,0.4
EDU-000402,1,17,1,9254,1,1,136.0,1,37,37,7,7,121.7,1,0,0,1,0,0,20,0,0,6,13,3,10.333333333333334,0,0,6,12,3,10.333333333333334,0,10.8,1.4,1.74,Enrolled,Female,No,No,Up to Date,Yes,0.0,0,0.5,0.5,5.17,0,1.0,0.0
EDU-000403,1,1,1,9773,1,1,120.0,1,38,37,9,9,114.8,1,1,0,1,0,0,19,0,0,6,11,4,12.25,0,0,6,11,3,11.0,0,7.6,2.6,0.32,Enrolled,Female,No,No,Up to Date,Yes,-1.25,-1,0.6667,0.5,5.75,0,1.0,1.25
EDU-000404,1,1,1,9254,1,1,128.0,1,19,38,9,9,127.0,0,0,0,1,0,0,19,0,0,6,6,6,12.0,0,0,6,7,4,12.75,0,12.4,0.5,1.79,Enrolled,Female,No,No,Up to Date,No,0.75,-2,1.0,0.6667,8.3,0,1.0,0.75
EDU-000405,1,17,1,9500,1,1,142.0,1,37,37,5,5,131.3,1,0,0,1,0,0,19,0,0,8,8,7,14.731428571428571,0,0,8,8,7,14.731428571428571,0,10.8,1.4,1.74,Graduate,Female,No,No,Up to Date,Yes,0.0,0,0.875,0.875,12.89,0,1.33,0.0
EDU-000406,1,1,1,171,1,1,135.0,1,1,19,3,9,137.1,1,0,0,1,0,0,18,0,0,0,0,0,0.0,0,0,0,0,0,0.0,0,12.7,3.7,-1.7,Graduate,Female,No,No,Up to Date,Yes,0.0,0,0.0,0.0,0.0,0,0.0,0.0
EDU-000407,1,7,1,9070,1,40,120.0,1,1,19,3,9,120.0,1,0,0,1,0,0,21,0,9,13,14,13,13.615384615384617,1,6,12,12,12,14.25,0,13.9,-0.3,0.79,Graduate,Female,No,No,Up to Date,Yes,0.63,-1,1.0,1.0,14.0,0,2.17,0.63
EDU-000408,1,39,1,9991,0,40,140.0,1,1,19,9,9,139.0,0,0,0,1,0,0,27,0,0,5,5,5,15.8,0,0,5,5,5,14.8,0,8.9,1.4,3.51,Graduate,Female,No,No,Up to Date,No,-1.0,0,1.0,1.0,15.2,0,0.83,1.0
EDU-000409,1,17,1,9238,1,1,135.0,1,1,19,4,4,129.1,0,0,0,1,0,0,19,0,0,6,6,6,14.666666666666666,0,0,6,7,6,14.571428571428571,0,15.5,2.8,-4.06,Graduate,Female,No,No,Up to Date,No,-0.1,0,1.0,1.0,14.61,0,1.0,0.1
EDU-000410,4,39,1,9085,1,1,133.1,1,34,34,0,0,128.2,0,0,0,1,0,0,25,0,0,5,5,0,0.0,0,0,5,5,0,0.0,0,7.6,2.6,0.32,Dropout,Female,No,No,Up to Date,No,0.0,0,0.0,0.0,0.0,0,0.83,0.0
EDU-000411,1,1,2,9500,1,1,137.0,1,19,19,7,7,120.8,1,0,0,1,0,1,18,0,0,8,8,7,14.654285714285717,0,0,8,8,7,14.654285714285717,0,10.8,1.4,1.74,Graduate,Female,Yes,No,Up to Date,Yes,0.0,0,0.875,0.875,12.82,0,1.33,0.0
EDU-000412,1,39,1,9500,1,3,122.0,1,19,1,4,8,135.8,0,0,0,1,0,0,24,0,0,8,8,7,12.401428571428571,0,0,8,8,7,12.401428571428571,0,10.8,1.4,1.74,Graduate,Female,No,No,Up to Date,No,0.0,0,0.875,0.875,10.85,0,1.33,0.0
EDU-000413,1,1,3,9500,1,1,128.0,1,1,1,4,10,118.9,1,0,0,1,0,0,20,0,0,7,8,7,11.5875,0,0,8,9,7,14.071428571428571,0,13.9,-0.3,0.79,Graduate,Female,No,No,Up to Date,Yes,2.48,0,1.0,0.875,11.44,0,1.17,2.48
EDU-000414,1,7,1,9991,0,40,140.0,1,37,37,6,6,140.0,0,0,0,1,0,0,26,0,3,5,5,5,14.0,0,1,5,5,5,15.6,0,12.4,0.5,1.79,Graduate,Female,No,No,Up to Date,No,1.6,0,1.0,1.0,14.96,0,0.83,1.6
EDU-000415,1,1,1,9238,1,1,132.0,1,1,38,9,7,127.1,1,0,0,1,0,1,20,0,0,6,9,6,12.333333333333334,0,0,6,6,6,11.833333333333334,0,8.9,1.4,3.51,Graduate,Female,Yes,No,Up to Date,Yes,-0.5,0,1.0,1.0,12.03,0,1.0,0.5
EDU-000416,1,1,1,9085,1,1,131.0,1,37,37,90,90,137.0,0,0,0,1,0,0,18,0,0,5,5,5,14.0,0,0,5,6,5,15.4,0,7.6,2.6,0.32,Graduate,Female,No,No,Up to Date,No,1.4,0,1.0,1.0,14.84,0,0.83,1.4
EDU-000417,1,1,1,9085,1,1,126.0,1,1,1,9,9,127.4,1,0,0,1,0,0,19,0,0,6,13,6,15.23076923076923,0,0,6,10,6,12.375,0,15.5,2.8,-4.06,Graduate,Female,No,No,Up to Date,Yes,-2.86,0,1.0,1.0,13.52,0,1.0,2.86
EDU-000418,1,1,1,9853,1,1,133.1,1,19,19,9,9,97.0,1,0,0,1,0,0,23,0,0,6,9,5,11.6,0,0,6,9,3,11.0,0,12.7,3.7,-1.7,Dropout,Female,No,No,Up to Date,Yes,-0.6,-2,0.8333,0.5,5.62,0,1.0,0.6
EDU-000419,1,1,4,9500,1,1,136.0,1,37,37,9,9,126.3,1,0,0,1,0,1,18,0,0,7,7,6,11.6,0,0,7,7,6,11.6,0,7.6,2.6,0.32,Graduate,Female,Yes,No,Up to Date,Yes,0.0,0,0.8571,0.8571,9.94,0,1.17,0.0
EDU-000420,1,1,4,9500,1,1,140.0,1,1,19,4,5,127.5,0,0,0,1,0,0,18,0,0,7,0,0,0.0,0,0,8,0,0,0.0,0,12.7,3.7,-1.7,Dropout,Female,No,No,Up to Date,No,0.0,0,0.0,0.0,0.0,0,1.17,0.0
EDU-000421,1,1,1,9500,1,1,135.0,1,2,1,2,8,126.6,0,0,0,1,0,1,19,0,0,7,7,7,12.901428571428571,0,0,8,9,8,13.094444444444443,0,11.1,0.6,2.02,Graduate,Female,Yes,No,Up to Date,No,0.19,1,1.0,1.0,13.02,0,1.17,0.19
EDU-000422,1,42,1,9991,0,1,160.0,1,1,2,4,3,120.0,0,0,0,1,0,0,30,0,4,7,9,7,14.142857142857142,0,1,5,5,5,14.8,0,7.6,2.6,0.32,Graduate,Female,No,No,Up to Date,No,0.66,-2,1.0,1.0,14.54,0,1.17,0.66
EDU-000423,1,44,1,9085,1,39,140.0,1,1,2,4,6,140.0,1,0,0,1,0,0,29,0,0,6,0,0,0.0,0,0,6,0,0,0.0,0,15.5,2.8,-4.06,Dropout,Female,No,No,Up to Date,Yes,0.0,0,0.0,0.0,0.0,0,1.0,0.0
EDU-000424,1,1,6,9500,1,1,140.0,1,3,1,3,3,131.5,1,0,0,1,0,0,19,0,0,8,8,8,13.25375,0,0,8,8,8,13.25375,0,9.4,-0.8,-3.12,Graduate,Female,No,No,Up to Date,Yes,0.0,0,1.0,1.0,13.25,0,1.33,0.0
EDU-000425,1,17,6,9556,1,1,115.0,1,19,2,5,3,112.2,1,0,0,1,0,0,20,0,0,7,7,7,13.785714285714286,0,0,8,8,8,14.1,0,12.4,0.5,1.79,Graduate,Female,No,No,Up to Date,Yes,0.31,1,1.0,1.0,13.97,0,1.17,0.31
EDU-000426,1,1,1,9500,1,1,144.0,1,37,37,9,3,150.5,0,0,0,1,0,0,20,0,0,7,7,6,13.916666666666666,0,0,7,7,6,13.916666666666666,0,7.6,2.6,0.32,Graduate,Female,No,No,Up to Date,No,0.0,0,0.8571,0.8571,11.93,0,1.17,0.0
EDU-000427,1,1,4,9670,1,1,128.0,1,38,38,3,7,121.0,1,0,0,1,0,0,19,0,0,6,8,6,13.5,0,0,6,9,6,13.571428571428571,0,11.1,0.6,2.02,Graduate,Female,No,No,Up to Date,Yes,0.07,0,1.0,1.0,13.54,0,1.0,0.07
EDU-000428,1,17,1,9147,1,1,116.0,1,38,2,9,2,112.2,1,0,0,1,0,0,20,0,0,5,8,3,11.333333333333334,0,0,5,12,2,10.666666666666666,0,10.8,1.4,1.74,Enrolled,Female,No,No,Up to Date,Yes,-0.67,-1,0.6,0.4,4.37,0,0.83,0.67
EDU-000429,3,1,2,9085,1,1,135.0,1,19,1,4,4,129.4,1,0,0,1,0,0,21,0,0,5,8,0,0.0,4,0,5,12,0,0.0,4,10.8,1.4,1.74,Dropout,Female,No,No,Up to Date,Yes,0.0,0,0.0,0.0,0.0,0,0.83,0.0
EDU-000430,1,17,1,9670,1,1,121.0,1,19,38,4,10,114.4,0,0,0,1,0,0,19,0,0,6,10,5,11.5,0,0,6,9,4,14.6,0,11.1,0.6,2.02,Graduate,Female,No,No,Up to Date,No,3.1,-1,0.8333,0.6667,8.91,0,1.0,3.1
EDU-000431,1,1,3,9500,1,1,134.0,1,37,38,9,9,120.3,1,0,0,1,0,1,18,0,0,8,8,7,12.082857142857142,0,0,8,8,7,12.082857142857142,0,10.8,1.4,1.74,Graduate,Female,Yes,No,Up to Date,Yes,0.0,0,0.875,0.875,10.57,0,1.33,0.0
EDU-000432,1,39,1,8014,0,1,120.0,1,37,37,7,8,120.0,0,0,0,1,0,1,27,0,0,6,8,6,11.833333333333334,0,0,6,10,5,12.8,0,15.5,2.8,-4.06,Graduate,Female,Yes,No,Up to Date,No,0.97,-1,1.0,0.8333,10.34,0,1.0,0.97
EDU-000433,1,17,2,9147,1,1,125.0,1,38,38,6,8,114.5,1,0,0,1,0,1,19,0,0,5,6,5,13.4,0,0,5,5,5,12.4,0,12.4,0.5,1.79,Graduate,Female,Yes,No,Up to Date,Yes,-1.0,0,1.0,1.0,12.8,0,0.83,1.0
EDU-000434,1,1,1,9500,1,1,141.0,1,1,1,90,3,127.8,0,0,0,1,0,1,19,0,0,7,7,0,0.0,2,0,7,7,0,0.0,2,7.6,2.6,0.32,Dropout,Female,Yes,No,Up to Date,No,0.0,0,0.0,0.0,0.0,0,1.17,0.0
EDU-000435,1,1,1,9773,1,1,140.0,1,1,19,4,8,124.6,1,0,0,1,0,0,19,0,0,6,7,5,14.2,0,0,6,7,6,14.571428571428571,0,15.5,2.8,-4.06,Graduate,Female,No,No,Up to Date,Yes,0.37,1,0.8333,1.0,14.42,0,1.0,0.37
EDU-000436,1,1,6,9500,1,1,144.0,1,19,19,5,5,130.3,1,0,0,1,0,1,18,0,0,8,8,7,13.814285714285717,0,0,8,8,7,13.814285714285717,0,12.7,3.7,-1.7,Graduate,Female,Yes,No,Up to Date,Yes,0.0,0,0.875,0.875,12.09,0,1.33,0.0
EDU-000437,1,17,1,9254,1,1,122.0,1,19,19,5,5,118.2,0,0,0,1,0,1,20,0,0,6,10,4,11.25,0,0,6,6,6,10.5,0,12.4,0.5,1.79,Enrolled,Female,Yes,No,Up to Date,No,-0.75,2,0.6667,1.0,10.8,0,1.0,0.75
EDU-000438,1,1,1,9670,1,1,130.0,1,19,37,4,5,118.8,0,0,0,1,0,1,18,0,0,6,6,6,14.5,0,0,6,8,6,13.666666666666666,0,12.7,3.7,-1.7,Graduate,Female,Yes,No,Up to Date,No,-0.83,0,1.0,1.0,14.0,0,1.0,0.83
EDU-000439,1,1,5,9670,1,1,133.1,1,9,1,2,4,133.0,1,0,0,1,0,0,19,0,0,6,0,0,0.0,0,0,6,0,0,0.0,0,7.6,2.6,0.32,Dropout,Female,No,No,Up to Date,Yes,0.0,0,0.0,0.0,0.0,0,1.0,0.0
EDU-000440,2,39,1,9500,1,19,133.1,1,37,37,9,9,129.0,1,0,0,1,0,0,36,0,0,7,7,6,11.3,0,0,7,7,6,11.3,0,7.6,2.6,0.32,Graduate,Female,No,No,Up to Date,Yes,0.0,0,0.8571,0.8571,9.69,0,1.17,0.0
EDU-000441,1,43,1,9556,1,1,147.0,1,3,4,3,2,100.0,0,0,0,1,0,0,18,0,0,2,2,0,0.0,0,0,4,4,1,16.0,0,10.8,1.4,1.74,Enrolled,Female,No,No,Up to Date,No,16.0,1,0.0,0.25,2.4,0,0.33,16.0
EDU-000442,1,43,1,9130,1,1,127.0,1,19,38,4,5,120.7,1,0,1,1,0,0,18,0,0,5,11,1,12.0,0,0,5,9,3,12.0,0,12.7,3.7,-1.7,Enrolled,Female,No,Yes,Up to Date,Yes,0.0,2,0.2,0.6,7.2,0,0.83,0.0
EDU-000443,1,17,6,9500,1,1,136.0,1,19,38,9,3,132.5,1,0,0,1,0,0,19,0,0,8,9,7,12.3,0,0,8,9,7,12.3,0,12.7,3.7,-1.7,Graduate,Female,No,No,Up to Date,Yes,0.0,0,0.875,0.875,10.76,0,1.33,0.0
EDU-000444,1,1,5,9500,1,1,127.0,1,19,19,7,8,120.3,1,0,0,1,0,1,18,0,0,8,8,7,12.694285714285714,0,0,8,8,7,12.694285714285714,0,10.8,1.4,1.74,Graduate,Female,Yes,No,Up to Date,Yes,0.0,0,0.875,0.875,11.11,0,1.33,0.0
EDU-000445,1,17,1,9670,1,1,123.0,1,19,19,1,1,114.6,0,0,0,1,0,0,18,0,0,5,5,4,11.0,0,0,5,5,4,11.0,0,9.4,-0.8,-3.12,Graduate,Female,No,No,Up to Date,No,0.0,0,0.8,0.8,8.8,0,0.83,0.0
EDU-000446,1,1,1,9238,1,1,128.0,1,37,19,9,3,116.5,1,0,0,1,0,1,19,0,0,6,6,6,13.0,0,0,6,6,6,14.166666666666666,0,12.4,0.5,1.79,Graduate,Female,Yes,No,Up to Date,Yes,1.17,0,1.0,1.0,13.7,0,1.0,1.17
EDU-000447,1,1,1,9500,1,1,128.0,1,3,1,2,1,127.8,0,0,0,1,0,1,19,0,0,7,8,7,14.4125,0,0,8,8,8,16.05,0,13.9,-0.3,0.79,Graduate,Female,Yes,No,Up to Date,No,1.64,1,1.0,1.0,15.4,0,1.17,1.64
EDU-000448,1,1,2,9500,1,1,140.0,1,1,19,7,7,129.9,1,0,0,1,0,0,18,0,0,7,8,7,12.92875,0,0,8,8,8,14.0625,0,15.5,2.8,-4.06,Dropout,Female,No,No,Up to Date,Yes,1.13,1,1.0,1.0,13.61,0,1.17,1.13
EDU-000449,1,1,2,9773,1,1,121.0,1,1,19,9,7,118.9,1,0,0,1,0,0,20,0,0,6,6,6,13.333333333333334,0,0,6,10,5,12.8,0,11.1,0.6,2.02,Graduate,Female,No,No,Up to Date,Yes,-0.53,-1,1.0,0.8333,10.84,0,1.0,0.53
EDU-000450,1,1,3,9254,1,1,122.0,1,19,38,3,10,114.3,1,0,0,1,0,1,20,0,0,6,8,5,12.8,0,0,6,9,5,12.8,0,12.4,0.5,1.79,Enrolled,Female,Yes,No,Up to Date,Yes,0.0,0,0.8333,0.8333,10.67,0,1.0,0.0
EDU-000451,1,18,1,9500,1,1,126.0,1,38,37,5,5,114.8,1,0,0,1,0,0,20,0,0,8,8,7,14.402857142857142,0,0,8,8,7,14.402857142857142,0,10.8,1.4,1.74,Graduate,Female,No,No,Up to Date,Yes,0.0,0,0.875,0.875,12.6,0,1.33,0.0
EDU-000452,1,1,4,9500,1,1,135.0,1,37,37,9,8,123.0,1,0,0,1,0,1,18,0,0,8,8,7,13.381428571428572,0,0,8,8,7,13.381428571428572,0,10.8,1.4,1.74,Graduate,Female,Yes,No,Up to Date,Yes,0.0,0,0.875,0.875,11.71,0,1.33,0.0
EDU-000453,1,1,2,9500,1,1,131.0,1,19,19,7,5,122.1,1,0,0,1,0,0,18,0,0,7,8,7,14.13125,0,0,8,8,8,13.98375,0,15.5,2.8,-4.06,Graduate,Female,No,No,Up to Date,Yes,-0.15,1,1.0,1.0,14.04,0,1.17,0.15
EDU-000454,1,17,4,9085,1,1,140.0,1,19,37,4,7,123.7,0,0,0,1,0,0,19,0,0,5,11,5,11.714285714285714,2,0,5,6,5,12.6,0,9.4,-0.8,-3.12,Graduate,Female,No,No,Up to Date,No,0.89,0,1.0,1.0,12.25,0,0.83,0.89
EDU-000455,1,1,3,9147,1,1,131.0,1,19,38,9,7,132.4,1,0,0,1,0,0,19,0,0,5,5,5,11.8,0,0,5,8,4,11.25,0,9.4,-0.8,-3.12,Enrolled,Female,No,No,Up to Date,Yes,-0.55,-1,1.0,0.8,9.18,0,0.83,0.55
EDU-000456,2,39,1,8014,0,1,130.0,1,34,34,99,99,114.8,0,0,0,1,0,0,44,0,0,6,9,6,11.166666666666666,0,1,6,15,2,11.0,1,7.6,2.6,0.32,Graduate,Female,No,No,Up to Date,No,-0.17,-4,1.0,0.3333,3.69,0,1.0,0.17
EDU-000457,1,7,1,9003,1,3,130.0,1,38,37,5,6,130.0,0,0,0,1,0,0,32,0,0,6,7,0,0.0,0,0,6,6,0,0.0,0,12.4,0.5,1.79,Dropout,Female,No,No,Up to Date,No,0.0,0,0.0,0.0,0.0,0,1.0,0.0
EDU-000458,1,43,1,9853,1,1,140.0,1,37,19,9,8,122.3,0,0,0,1,0,0,22,0,0,6,9,5,13.6,0,0,6,8,5,12.0,0,12.7,3.7,-1.7,Dropout,Female,No,No,Up to Date,No,-1.6,0,0.8333,0.8333,10.53,0,1.0,1.6
EDU-000459,2,39,1,9003,1,1,130.0,1,1,19,4,9,152.4,1,0,0,1,0,0,36,0,4,12,14,12,13.846153846153848,0,5,12,18,11,14.090909090909092,0,8.9,1.4,3.51,Graduate,Female,No,No,Up to Date,Yes,0.24,-1,1.0,0.9167,12.83,0,2.0,0.24
EDU-000460,1,17,1,9773,1,1,125.0,1,37,37,5,7,120.1,0,0,0,1,0,1,18,0,0,6,7,6,12.5,0,0,6,8,6,13.333333333333334,0,16.2,0.3,-0.92,Graduate,Female,Yes,No,Up to Date,No,0.83,0,1.0,1.0,13.0,0,1.0,0.83
EDU-000461,1,1,1,9130,1,1,160.0,1,3,3,3,2,155.1,1,0,0,1,0,0,20,0,0,5,5,5,16.4,0,0,5,5,5,14.6,0,12.7,3.7,-1.7,Graduate,Female,No,No,Up to Date,Yes,-1.8,0,1.0,1.0,15.32,0,0.83,1.8
EDU-000462,1,51,1,9070,1,1,130.0,1,19,19,5,7,124.5,0,0,0,1,0,1,20,0,5,11,11,11,13.818181818181818,0,5,11,11,11,13.454545454545457,0,11.1,0.6,2.02,Graduate,Female,Yes,No,Up to Date,No,-0.36,0,1.0,1.0,13.6,0,1.83,0.36
EDU-000463,1,17,1,9238,1,1,144.0,1,3,1,2,3,126.9,0,0,0,1,0,0,19,0,0,6,8,5,10.6,0,0,6,11,4,10.5,0,15.5,2.8,-4.06,Graduate,Female,No,No,Up to Date,No,-0.1,-1,0.8333,0.6667,7.03,0,1.0,0.1
EDU-000464,1,39,1,9147,1,19,133.1,1,3,1,3,5,153.2,1,0,1,1,0,0,24,0,0,5,8,5,10.2,0,0,5,6,5,12.2,0,12.4,0.5,1.79,Graduate,Female,No,Yes,Up to Date,Yes,2.0,0,1.0,1.0,11.4,0,0.83,2.0
EDU-000465,1,17,1,9238,1,1,148.0,1,1,1,4,9,129.8,0,0,0,1,0,0,20,0,0,6,11,5,10.6,0,0,6,11,4,10.4,0,15.5,2.8,-4.06,Enrolled,Female,No,No,Up to Date,No,-0.2,-1,0.8333,0.6667,6.99,0,1.0,0.2
EDU-000466,1,43,1,8014,0,1,133.1,1,3,3,2,3,135.0,0,0,0,1,0,0,27,0,7,10,10,9,11.444444444444445,0,4,11,11,5,10.8,0,10.8,1.4,1.74,Dropout,Female,No,No,Up to Date,No,-0.64,-4,0.9,0.4545,5.03,0,1.67,0.64
EDU-000467,1,1,1,9853,1,1,133.0,1,1,38,5,10,131.3,1,0,0,1,0,0,20,0,0,6,9,5,14.333333333333334,0,4,8,8,8,12.625,0,15.5,2.8,-4.06,Enrolled,Female,No,No,Up to Date,Yes,-1.71,3,0.8333,1.0,13.31,0,1.0,1.71
EDU-000468,1,43,6,9238,1,1,129.0,1,34,34,0,0,125.2,0,0,0,1,0,1,23,0,15,16,18,16,13.0,0,11,13,15,13,13.266666666666667,0,9.4,-0.8,-3.12,Graduate,Female,Yes,No,Up to Date,No,0.27,-3,1.0,1.0,13.16,0,2.67,0.27
EDU-000469,1,1,5,9500,1,1,144.0,1,19,38,4,8,141.3,1,0,0,1,0,1,18,0,0,8,9,8,13.31,1,0,8,9,8,13.31,1,9.4,-0.8,-3.12,Graduate,Female,Yes,No,Up to Date,Yes,0.0,0,1.0,1.0,13.31,0,1.33,0.0
EDU-000470,1,17,1,9238,1,1,120.0,1,37,37,4,9,117.1,1,0,0,1,0,1,18,0,0,6,10,5,10.571428571428571,1,0,6,9,5,12.2,0,12.7,3.7,-1.7,Graduate,Female,Yes,No,Up to Date,Yes,1.63,0,0.8333,0.8333,9.62,0,1.0,1.63
EDU-000471,1,17,3,9500,1,1,144.0,1,1,37,9,9,126.5,1,0,0,1,0,1,20,0,0,8,8,7,13.487142857142857,0,0,8,8,7,13.487142857142857,0,10.8,1.4,1.74,Graduate,Female,Yes,No,Up to Date,Yes,0.0,0,0.875,0.875,11.8,0,1.33,0.0
EDU-000472,1,1,1,9254,1,1,132.0,1,19,38,9,7,120.1,0,0,0,1,0,1,20,0,0,6,6,6,12.333333333333334,0,0,6,7,6,11.833333333333334,0,13.9,-0.3,0.79,Graduate,Female,Yes,No,Up to Date,No,-0.5,0,1.0,1.0,12.03,0,1.0,0.5
EDU-000473,1,1,1,9670,1,1,142.0,1,38,19,7,10,128.4,0,0,0,1,0,0,23,0,0,6,11,6,11.875,0,0,6,9,5,12.833333333333334,0,11.1,0.6,2.02,Dropout,Female,No,No,Up to Date,No,0.96,-1,1.0,0.8333,10.37,0,1.0,0.96
EDU-000474,1,1,2,9500,1,1,136.0,1,19,19,9,9,140.0,1,0,0,1,0,0,20,0,0,7,7,6,13.966666666666669,0,0,7,7,6,13.966666666666669,0,7.6,2.6,0.32,Graduate,Female,No,No,Up to Date,Yes,0.0,0,0.8571,0.8571,11.97,0,1.17,0.0
EDU-000475,1,39,1,9254,1,9,133.1,1,34,34,0,0,110.0,1,0,0,0,0,0,28,0,0,5,10,0,0.0,0,0,5,10,0,0.0,0,7.6,2.6,0.32,Dropout,Female,No,No,In Arrears,Yes,0.0,0,0.0,0.0,0.0,0,0.83,0.0
EDU-000476,1,1,1,9670,1,1,122.0,1,1,19,3,5,116.8,1,0,0,1,0,0,21,0,0,5,8,4,11.5,0,0,5,5,5,12.8,0,7.6,2.6,0.32,Graduate,Female,No,No,Up to Date,Yes,1.3,1,0.8,1.0,12.28,0,0.83,1.3
EDU-000477,1,1,2,9556,1,1,133.1,1,19,19,9,9,104.5,1,0,0,1,0,0,21,0,0,2,2,2,12.5,0,0,7,0,0,0.0,0,12.4,0.5,1.79,Dropout,Female,No,No,Up to Date,Yes,-12.5,-2,1.0,0.0,0.0,0,0.33,12.5
EDU-000478,1,7,1,9500,1,3,140.0,1,34,34,0,0,140.0,0,0,0,1,0,0,28,0,0,7,0,0,0.0,0,0,8,0,0,0.0,0,7.6,2.6,0.32,Dropout,Female,No,No,Up to Date,No,0.0,0,0.0,0.0,0.0,0,1.17,0.0
EDU-000479,1,1,1,9500,1,1,117.0,1,3,1,3,3,113.2,0,1,0,1,0,0,18,0,0,7,10,6,11.98,0,0,8,11,7,13.225,0,16.2,0.3,-0.92,Graduate,Female,No,No,Up to Date,No,1.24,1,0.8571,0.875,11.14,0,1.17,1.24
EDU-000480,1,17,1,9238,1,1,128.0,1,38,19,191,175,118.6,1,0,0,1,0,1,21,0,0,6,8,5,13.2,0,0,6,7,5,11.8,0,8.9,1.4,3.51,Enrolled,Female,Yes,No,Up to Date,Yes,-1.4,0,0.8333,0.8333,10.3,0,1.0,1.4
EDU-000481,1,1,1,9500,1,1,136.0,1,1,1,4,4,123.8,0,0,0,1,0,0,19,0,0,7,10,6,11.614285714285714,0,0,8,8,8,14.0375,0,13.9,-0.3,0.79,Graduate,Female,No,No,Up to Date,No,2.42,2,0.8571,1.0,13.07,0,1.17,2.42
EDU-000482,1,18,6,9500,1,1,141.0,1,1,19,1,1,126.7,1,0,0,1,0,1,18,0,0,8,8,7,14.314285714285717,0,0,8,8,7,14.314285714285717,0,12.7,3.7,-1.7,Graduate,Female,Yes,No,Up to Date,Yes,0.0,0,0.875,0.875,12.53,0,1.33,0.0
EDU-000483,1,1,3,9500,1,1,130.0,1,3,1,2,5,133.8,0,0,0,1,0,0,19,0,0,7,0,0,0.0,0,0,8,0,0,0.0,0,7.6,2.6,0.32,Dropout,Female,No,No,Up to Date,No,0.0,0,0.0,0.0,0.0,0,1.17,0.0
EDU-000484,1,44,1,9085,1,39,140.0,1,38,38,9,7,140.0,0,0,0,1,0,0,20,0,2,6,9,6,12.666666666666666,0,1,6,12,2,13.0,0,13.9,-0.3,0.79,Enrolled,Female,No,No,Up to Date,No,0.33,-4,1.0,0.3333,4.29,0,1.0,0.33
EDU-000485,1,1,3,9500,1,1,102.0,1,1,19,9,5,100.6,1,0,0,1,0,1,20,0,0,7,9,6,12.766666666666666,0,0,8,10,7,12.128571428571428,0,12.4,0.5,1.79,Graduate,Female,Yes,No,Up to Date,Yes,-0.64,1,0.8571,0.875,10.84,0,1.17,0.64
EDU-000486,1,17,1,9853,1,1,126.0,1,1,37,7,9,132.7,0,0,0,1,0,1,18,0,0,6,7,6,12.666666666666666,0,0,6,7,5,12.2,0,10.8,1.4,1.74,Graduate,Female,Yes,No,Up to Date,No,-0.47,-1,1.0,0.8333,10.32,0,1.0,0.47
EDU-000487,1,43,2,9670,1,1,125.0,1,38,19,4,3,106.6,1,0,0,1,0,0,20,0,4,6,7,6,11.5,0,0,6,10,4,10.571428571428571,0,10.8,1.4,1.74,Dropout,Female,No,No,Up to Date,Yes,-0.93,-2,1.0,0.6667,7.3,0,1.0,0.93
EDU-000488,1,39,1,9670,1,1,120.0,1,1,19,5,4,140.4,0,0,0,1,0,0,31,0,2,6,13,5,11.4,0,0,6,14,4,11.75,0,13.9,-0.3,0.79,Dropout,Female,No,No,Up to Date,No,0.35,-1,0.8333,0.6667,7.74,0,1.0,0.35
EDU-000489,1,17,3,9500,1,1,132.0,1,37,37,9,7,128.3,1,0,0,1,0,1,19,0,0,7,8,7,14.70625,0,0,8,8,8,14.4775,0,15.5,2.8,-4.06,Graduate,Female,Yes,No,Up to Date,Yes,-0.23,1,1.0,1.0,14.57,0,1.17,0.23
EDU-000490,1,1,3,9500,1,1,128.0,1,38,38,5,5,118.6,1,0,0,1,0,1,19,0,0,7,9,6,11.814285714285717,0,0,8,8,7,13.542857142857144,0,13.9,-0.3,0.79,Graduate,Female,Yes,No,Up to Date,Yes,1.73,1,0.8571,0.875,11.25,0,1.17,1.73
EDU-000491,1,1,1,9070,1,1,115.0,1,19,1,3,8,123.4,0,0,0,1,0,0,23,0,1,6,8,6,13.0,1,0,6,8,6,11.875,0,13.9,-0.3,0.79,Graduate,Female,No,No,Up to Date,No,-1.12,0,1.0,1.0,12.32,0,1.0,1.12
EDU-000492,1,1,1,9670,1,1,125.0,1,37,37,5,5,124.0,0,0,0,1,0,0,19,0,0,6,7,6,14.857142857142858,0,0,6,6,6,13.333333333333334,0,12.4,0.5,1.79,Graduate,Female,No,No,Up to Date,No,-1.52,0,1.0,1.0,13.94,0,1.0,1.52
EDU-000493,1,1,6,9500,1,1,137.0,1,1,3,3,2,121.3,1,0,0,1,0,0,20,0,0,7,7,6,12.6,0,0,7,7,6,12.6,0,7.6,2.6,0.32,Graduate,Female,No,No,Up to Date,Yes,0.0,0,0.8571,0.8571,10.8,0,1.17,0.0
EDU-000494,1,1,1,9085,1,1,101.0,1,37,37,9,4,101.0,1,0,1,1,0,0,22,0,0,6,9,5,13.333333333333334,0,0,6,17,4,11.4,0,12.4,0.5,1.79,Enrolled,Female,No,Yes,Up to Date,Yes,-1.93,-1,0.8333,0.6667,8.12,0,1.0,1.93
EDU-000495,1,1,1,9853,1,1,126.0,1,3,1,2,5,116.9,1,1,0,1,0,0,18,0,0,7,10,6,10.666666666666666,0,0,7,12,6,12.833333333333334,0,13.9,-0.3,0.79,Enrolled,Female,No,No,Up to Date,Yes,2.17,0,0.8571,0.8571,10.26,0,1.17,2.17
EDU-000496,1,7,3,9130,1,3,130.0,1,19,37,90,5,130.0,0,0,1,0,0,0,27,0,1,5,6,2,11.5,0,0,5,5,1,11.0,0,12.7,3.7,-1.7,Dropout,Female,No,Yes,In Arrears,No,-0.5,-1,0.4,0.2,2.24,1,0.83,0.5
EDU-000497,1,39,1,9556,1,19,100.0,1,37,38,9,9,120.0,0,0,0,1,0,0,29,0,0,7,9,1,10.0,0,0,7,0,0,0.0,0,12.7,3.7,-1.7,Dropout,Female,No,No,Up to Date,No,-10.0,-1,0.1429,0.0,0.0,0,1.17,10.0
EDU-000498,1,17,1,9254,1,1,122.0,1,1,19,4,3,130.4,1,0,0,1,0,0,18,0,0,6,10,5,11.8,0,0,6,10,5,12.2,0,11.1,0.6,2.02,Graduate,Female,No,No,Up to Date,Yes,0.4,0,0.8333,0.8333,10.03,0,1.0,0.4
EDU-000499,1,17,1,9070,1,1,126.0,1,19,38,9,7,118.7,0,0,0,1,0,0,18,0,0,6,7,5,11.8,0,0,6,6,6,12.666666666666666,0,16.2,0.3,-0.92,Graduate,Female,No,No,Up to Date,No,0.87,1,0.8333,1.0,12.32,0,1.0,0.87
EDU-000500,1,17,1,9500,1,1,128.0,1,38,38,7,7,131.5,0,0,0,1,0,0,18,0,0,8,8,8,12.77125,0,0,8,8,8,12.77125,0,9.4,-0.8,-3.12,Graduate,Female,No,No,Up to Date,No,0.0,0,1.0,1.0,12.77,0,1.33,0.0
EDU-000501,1,17,3,9085,1,1,134.0,1,37,38,9,9,120.4,1,0,0,1,0,0,20,0,0,5,13,3,11.333333333333334,2,0,5,8,5,12.6,0,9.4,-0.8,-3.12,Enrolled,Female,No,No,Up to Date,Yes,1.27,2,0.6,1.0,12.09,0,0.83,1.27
EDU-000502,1,17,2,9254,1,1,128.0,1,38,38,9,9,129.1,1,0,0,1,0,0,18,0,0,6,6,6,12.666666666666666,0,0,6,7,5,14.6,0,11.1,0.6,2.02,Graduate,Female,No,No,Up to Date,Yes,1.93,-1,1.0,0.8333,11.52,0,1.0,1.93
EDU-000503,1,1,1,9070,1,1,125.0,1,1,1,4,4,132.0,0,0,0,0,0,0,18,0,1,6,10,5,12.2,1,0,6,11,4,10.833333333333334,0,13.9,-0.3,0.79,Enrolled,Female,No,No,In Arrears,No,-1.37,-1,0.8333,0.6667,7.59,0,1.0,1.37
EDU-000504,1,7,2,9085,1,3,130.0,1,3,3,1,1,130.0,0,0,0,0,0,0,28,0,0,5,9,1,12.0,1,0,4,10,0,0.0,4,10.8,1.4,1.74,Dropout,Female,No,No,In Arrears,No,-12.0,-1,0.2,0.0,0.0,0,0.83,12.0
EDU-000505,1,1,2,9500,1,1,135.0,1,37,1,7,7,132.8,1,0,0,1,0,1,18,0,0,8,12,7,11.721428571428572,0,0,8,12,7,11.721428571428572,0,12.7,3.7,-1.7,Graduate,Female,Yes,No,Up to Date,Yes,0.0,0,0.875,0.875,10.26,0,1.33,0.0
EDU-000506,1,39,1,9500,1,19,133.1,1,37,38,151,161,143.7,0,0,0,1,0,0,27,0,0,7,12,4,14.0,0,0,7,14,3,12.525,0,12.4,0.5,1.79,Enrolled,Female,No,No,Up to Date,No,-1.47,-1,0.5714,0.4286,5.62,0,1.17,1.47
EDU-000507,1,39,1,33,1,1,140.0,1,3,1,2,4,152.8,0,0,0,1,0,0,26,0,0,7,9,7,14.75,0,0,7,12,5,13.8,3,16.2,0.3,-0.92,Enrolled,Female,No,No,Up to Date,No,-0.95,-2,1.0,0.7143,10.13,0,1.17,0.95
EDU-000508,1,1,2,9773,1,1,138.0,1,19,1,9,3,133.5,1,0,0,1,0,0,18,0,0,6,6,6,12.666666666666666,0,0,6,6,6,13.666666666666666,0,12.7,3.7,-1.7,Graduate,Female,No,No,Up to Date,Yes,1.0,0,1.0,1.0,13.27,0,1.0,1.0
EDU-000509,1,1,1,9130,1,1,150.0,1,5,5,2,2,146.2,0,0,0,1,0,0,18,0,0,5,12,4,13.0,2,0,5,6,5,14.0,0,9.4,-0.8,-3.12,Dropout,Female,No,No,Up to Date,No,1.0,1,0.8,1.0,13.6,0,0.83,1.0
EDU-000510,1,1,2,9147,1,1,125.0,1,1,19,4,6,115.2,0,1,0,1,0,0,21,0,0,5,6,0,0.0,0,0,5,5,0,0.0,0,15.5,2.8,-4.06,Dropout,Female,No,No,Up to Date,No,0.0,0,0.0,0.0,0.0,0,0.83,0.0
EDU-000511,1,1,2,9070,1,1,121.0,1,4,1,2,3,120.7,1,0,0,1,0,0,18,0,0,6,8,4,10.75,0,0,6,9,0,0.0,0,9.4,-0.8,-3.12,Enrolled,Female,No,No,Up to Date,Yes,-10.75,-4,0.6667,0.0,0.0,0,1.0,10.75
EDU-000512,2,39,1,8014,0,1,120.0,1,34,34,99,99,101.8,0,0,0,0,0,0,32,0,0,5,5,0,0.0,0,0,5,10,0,0.0,0,10.8,1.4,1.74,Dropout,Female,No,No,In Arrears,No,0.0,0,0.0,0.0,0.0,0,0.83,0.0
EDU-000513,1,39,2,9670,1,1,140.0,1,34,34,0,0,100.0,0,0,0,1,0,0,28,0,0,5,6,4,12.5,0,0,5,7,4,11.75,0,7.6,2.6,0.32,Graduate,Female,No,No,Up to Date,No,-0.75,0,0.8,0.8,9.64,0,0.83,0.75
EDU-000514,1,39,1,9991,0,1,100.0,1,37,19,9,2,121.9,0,0,0,0,0,0,40,0,0,4,4,0,0.0,0,0,5,0,0,0.0,0,12.7,3.7,-1.7,Dropout,Female,No,No,In Arrears,No,0.0,0,0.0,0.0,0.0,0,0.67,0.0
EDU-000515,2,18,2,8014,0,1,140.0,1,37,37,9,10,120.4,0,0,1,0,0,0,39,0,0,5,5,0,0.0,0,0,4,4,0,0.0,0,9.4,-0.8,-3.12,Dropout,Female,No,Yes,In Arrears,No,0.0,0,0.0,0.0,0.0,1,0.83,0.0
EDU-000516,2,18,2,9238,1,1,140.0,1,37,37,9,10,120.4,0,0,1,0,0,0,39,0,0,6,0,0,0.0,0,0,6,0,0,0.0,0,9.4,-0.8,-3.12,Dropout,Female,No,Yes,In Arrears,No,0.0,0,0.0,0.0,0.0,1,1.0,0.0
EDU-000517,2,39,1,9003,1,1,120.0,1,37,19,9,4,148.8,0,0,0,1,0,0,50,0,0,6,7,6,12.5,0,0,6,15,5,12.4,0,8.9,1.4,3.51,Graduate,Female,No,No,Up to Date,No,-0.1,-1,1.0,0.8333,10.37,0,1.0,0.1
EDU-000518,1,17,2,9853,1,1,138.0,1,1,1,9,4,123.0,1,0,0,1,0,0,23,0,0,6,10,5,12.8,0,0,6,9,3,11.666666666666666,0,10.8,1.4,1.74,Dropout,Female,No,No,Up to Date,Yes,-1.13,-2,0.8333,0.5,6.06,0,1.0,1.13
EDU-000519,4,39,1,8014,0,19,133.1,1,34,34,0,0,100.0,0,0,0,1,0,0,48,0,0,6,11,1,10.0,0,0,6,11,1,11.0,0,9.4,-0.8,-3.12,Dropout,Female,No,No,Up to Date,No,1.0,0,0.1667,0.1667,1.77,0,1.0,1.0
EDU-000520,1,17,2,9853,1,1,118.0,1,37,37,9,9,112.1,1,0,0,1,0,0,23,0,0,6,11,4,11.25,0,0,6,10,5,10.2,0,7.6,2.6,0.32,Dropout,Female,No,No,Up to Date,Yes,-1.05,1,0.6667,0.8333,8.85,0,1.0,1.05
EDU-000521,1,1,6,9500,1,1,135.0,1,37,1,5,5,126.8,1,0,0,1,0,1,18,0,0,8,8,7,12.61,0,0,8,8,7,12.61,0,10.8,1.4,1.74,Graduate,Female,Yes,No,Up to Date,Yes,0.0,0,0.875,0.875,11.03,0,1.33,0.0
EDU-000522,1,17,1,9130,1,1,130.0,1,3,19,2,9,115.9,0,0,0,1,0,0,18,0,0,5,14,2,12.0,2,0,5,6,5,12.6,0,9.4,-0.8,-3.12,Graduate,Female,No,No,Up to Date,No,0.6,3,0.4,1.0,12.36,0,0.83,0.6
EDU-000523,1,15,1,9238,1,1,150.0,26,3,37,2,8,132.5,1,0,0,0,0,0,20,1,0,6,9,5,13.0,0,0,6,7,6,13.5,0,13.9,-0.3,0.79,Graduate,Female,No,No,In Arrears,Yes,0.5,1,0.8333,1.0,13.3,0,1.0,0.5
EDU-000524,1,18,3,9085,1,1,149.0,103,1,1,9,9,132.2,1,0,0,1,0,1,18,1,0,5,9,4,12.0,0,0,5,8,5,13.0,0,10.8,1.4,1.74,Graduate,Female,Yes,No,Up to Date,Yes,1.0,1,0.8,1.0,12.6,0,0.83,1.0
EDU-000525,1,1,1,9556,1,1,180.0,103,5,3,1,1,183.5,1,0,0,1,0,0,18,1,0,7,8,4,12.0,0,0,8,8,0,0.0,0,16.2,0.3,-0.92,Dropout,Female,No,No,Up to Date,Yes,-12.0,-4,0.5714,0.0,0.0,0,1.17,12.0
EDU-000526,1,43,1,9119,1,1,133.1,1,1,1,9,3,136.0,0,0,0,1,1,0,31,0,0,5,12,1,12.0,0,0,5,9,1,11.0,4,16.2,0.3,-0.92,Dropout,Male,No,No,Up to Date,No,-1.0,0,0.2,0.2,2.28,0,0.83,1.0
EDU-000527,1,39,1,9119,1,19,133.1,1,19,19,5,3,100.9,1,0,0,1,1,0,24,0,0,5,9,1,12.0,0,0,5,6,3,10.5,0,10.8,1.4,1.74,Enrolled,Male,No,No,Up to Date,Yes,-1.5,2,0.2,0.6,6.66,0,0.83,1.5
EDU-000528,1,39,1,171,1,1,145.0,1,3,1,2,10,114.5,1,0,0,1,1,0,24,0,0,0,0,0,0.0,0,0,0,0,0,0.0,0,9.4,-0.8,-3.12,Graduate,Male,No,No,Up to Date,Yes,0.0,0,0.0,0.0,0.0,0,0.0,0.0
EDU-000529,1,39,1,9147,1,1,110.0,1,37,37,9,9,110.3,0,0,1,0,1,0,26,0,0,5,5,0,0.0,0,0,5,9,0,0.0,0,10.8,1.4,1.74,Dropout,Male,No,Yes,In Arrears,No,0.0,0,0.0,0.0,0.0,1,0.83,0.0
EDU-000530,1,1,1,9130,1,1,154.0,1,3,3,2,2,137.2,1,0,1,1,1,0,18,0,0,6,11,5,13.625,0,0,6,9,4,11.75,0,16.2,0.3,-0.92,Dropout,Male,No,Yes,Up to Date,Yes,-1.88,-1,0.8333,0.6667,8.33,0,1.0,1.88
EDU-000531,1,17,1,9147,1,1,126.0,1,37,37,4,7,116.9,0,0,0,1,1,1,19,0,0,5,12,3,11.666666666666666,0,0,5,10,3,11.666666666666666,0,12.7,3.7,-1.7,Enrolled,Male,Yes,No,Up to Date,No,0.0,0,0.6,0.6,7.0,0,0.83,0.0
EDU-000532,1,17,1,9670,1,1,133.0,1,19,37,9,8,121.8,1,0,0,1,1,0,22,0,0,6,0,0,0.0,0,0,6,0,0,0.0,0,13.9,-0.3,0.79,Dropout,Male,No,No,Up to Date,Yes,0.0,0,0.0,0.0,0.0,0,1.0,0.0
EDU-000533,1,1,2,9500,1,1,145.0,1,4,2,2,3,127.3,1,0,0,1,1,0,18,0,0,8,8,7,11.69,0,0,8,8,7,11.69,0,10.8,1.4,1.74,Graduate,Male,No,No,Up to Date,Yes,0.0,0,0.875,0.875,10.23,0,1.33,0.0
EDU-000534,1,44,1,9070,1,39,120.0,1,1,19,4,7,120.0,0,0,1,0,1,0,20,0,0,6,11,0,0.0,6,0,6,12,0,0.0,12,16.2,0.3,-0.92,Dropout,Male,No,Yes,In Arrears,No,0.0,0,0.0,0.0,0.0,1,1.0,0.0
EDU-000535,1,44,1,171,1,39,150.0,1,4,4,2,2,150.0,0,0,0,1,1,0,25,0,0,0,0,0,0.0,0,0,0,0,0,0.0,0,15.5,2.8,-4.06,Graduate,Male,No,No,Up to Date,No,0.0,0,0.0,0.0,0.0,0,0.0,0.0
EDU-000536,1,43,1,9991,0,1,150.0,1,3,3,4,4,100.0,1,0,0,1,1,0,24,0,0,5,10,4,11.5,0,0,5,11,5,11.285714285714286,0,13.9,-0.3,0.79,Graduate,Male,No,No,Up to Date,Yes,-0.21,1,0.8,1.0,11.37,0,0.83,0.21
EDU-000537,1,39,1,9119,1,1,150.0,1,3,3,4,4,150.0,1,0,0,1,1,0,27,0,0,5,10,1,14.0,0,0,5,0,0,0.0,0,8.9,1.4,3.51,Dropout,Male,No,No,Up to Date,Yes,-14.0,-1,0.2,0.0,0.0,0,0.83,14.0
EDU-000538,1,17,1,9254,1,1,127.0,1,3,19,4,4,116.9,0,0,0,1,1,0,21,0,0,6,7,5,11.0,0,0,6,7,5,12.4,0,15.5,2.8,-4.06,Graduate,Male,No,No,Up to Date,No,1.4,0,0.8333,0.8333,9.87,0,1.0,1.4
EDU-000539,1,44,1,9003,1,39,140.0,1,19,38,3,9,140.0,1,0,0,1,1,0,21,0,0,6,7,6,12.857142857142858,0,0,6,6,6,13.166666666666666,0,12.4,0.5,1.79,Graduate,Male,No,No,Up to Date,Yes,0.31,0,1.0,1.0,13.04,0,1.0,0.31
EDU-000540,1,18,3,9773,1,1,128.0,1,19,1,9,9,122.1,1,0,0,1,1,0,19,0,0,6,9,4,12.5,0,0,6,6,6,11.333333333333334,0,10.8,1.4,1.74,Dropout,Male,No,No,Up to Date,Yes,-1.17,2,0.6667,1.0,11.8,0,1.0,1.17
EDU-000541,1,39,1,9500,1,1,127.0,1,19,19,5,5,160.0,0,0,0,1,1,0,28,0,0,7,7,7,14.528571428571428,0,0,8,11,8,15.018181818181818,0,16.2,0.3,-0.92,Graduate,Male,No,No,Up to Date,No,0.49,1,1.0,1.0,14.82,0,1.17,0.49
EDU-000542,1,1,1,9147,1,1,117.0,1,19,19,5,7,118.4,0,0,0,1,1,0,20,0,0,5,8,5,10.0,0,0,5,10,2,12.0,0,7.6,2.6,0.32,Enrolled,Male,No,No,Up to Date,No,2.0,-3,1.0,0.4,4.48,0,0.83,2.0
EDU-000543,1,44,1,9003,1,39,150.0,1,1,19,4,10,150.0,0,0,0,1,1,1,21,0,0,6,8,6,13.0,0,0,6,10,6,12.625,0,15.5,2.8,-4.06,Graduate,Male,Yes,No,Up to Date,No,-0.38,0,1.0,1.0,12.77,0,1.0,0.38
EDU-000544,1,1,1,9500,1,1,154.0,1,1,1,5,3,144.9,0,0,0,1,1,1,18,0,0,7,7,7,15.957142857142856,0,0,8,9,8,15.188888888888888,0,16.2,0.3,-0.92,Graduate,Male,Yes,No,Up to Date,No,-0.77,1,1.0,1.0,15.5,0,1.17,0.77
EDU-000545,1,17,2,9119,1,1,127.0,1,19,1,9,10,121.1,1,0,0,1,1,1,18,0,0,5,6,5,13.2,0,0,5,8,5,12.6,0,8.9,1.4,3.51,Enrolled,Male,Yes,No,Up to Date,Yes,-0.6,0,1.0,1.0,12.84,0,0.83,0.6
EDU-000546,1,1,2,9147,1,1,133.0,1,19,1,5,10,121.8,0,0,0,1,1,0,20,0,0,5,9,4,10.2,0,0,5,6,3,11.0,0,15.5,2.8,-4.06,Enrolled,Male,No,No,Up to Date,No,0.8,-1,0.8,0.6,6.41,0,0.83,0.8
EDU-000547,1,39,1,9119,1,40,120.0,1,1,1,5,10,146.8,0,0,0,1,1,0,25,0,2,5,6,5,14.2,0,1,5,5,2,13.5,0,16.2,0.3,-0.92,Enrolled,Male,No,No,Up to Date,No,-0.7,-3,1.0,0.4,5.51,0,0.83,0.7
EDU-000548,1,1,1,9670,1,1,133.1,1,38,19,5,6,138.0,0,0,1,1,1,0,22,0,0,6,8,6,12.625,0,0,6,11,2,14.5,0,11.1,0.6,2.02,Enrolled,Male,No,Yes,Up to Date,No,1.88,-4,1.0,0.3333,4.58,0,1.0,1.88
EDU-000549,1,1,1,9500,1,1,149.0,1,37,37,9,9,138.0,0,0,0,1,1,0,18,0,0,8,11,6,13.496666666666668,1,0,8,11,6,13.496666666666668,1,9.4,-0.8,-3.12,Enrolled,Male,No,No,Up to Date,No,0.0,0,0.75,0.75,10.12,0,1.33,0.0
EDU-000550,1,17,2,9147,1,1,125.0,1,19,38,9,7,116.3,1,0,0,1,1,0,19,0,0,5,8,5,13.25,0,0,5,8,5,11.0,0,13.9,-0.3,0.79,Graduate,Male,No,No,Up to Date,Yes,-2.25,0,1.0,1.0,11.9,0,0.83,2.25
EDU-000551,1,1,5,9119,1,1,126.0,1,12,19,4,5,122.5,1,0,0,1,1,0,19,0,0,5,12,3,12.0,0,0,5,10,3,12.0,0,12.4,0.5,1.79,Dropout,Male,No,No,Up to Date,Yes,0.0,0,0.6,0.6,7.2,0,0.83,0.0
EDU-000552,1,39,1,9773,1,19,133.1,1,19,1,7,9,115.0,1,0,1,0,1,0,25,0,0,6,10,4,13.0,0,0,6,9,4,13.75,0,12.7,3.7,-1.7,Dropout,Male,No,Yes,In Arrears,Yes,0.75,0,0.6667,0.6667,8.97,1,1.0,0.75
EDU-000553,1,43,1,9070,1,1,115.0,1,12,12,1,10,115.0,0,0,1,1,1,0,21,0,5,11,12,9,11.77777777777778,0,3,8,11,3,13.666666666666666,0,15.5,2.8,-4.06,Dropout,Male,No,Yes,Up to Date,No,1.89,-6,0.8182,0.375,4.84,0,1.83,1.89
EDU-000554,1,17,3,9119,1,1,117.0,1,1,2,3,2,119.8,1,0,0,1,1,0,19,0,0,5,10,2,11.0,0,0,6,10,0,0.0,0,11.1,0.6,2.02,Dropout,Male,No,No,Up to Date,Yes,-11.0,-2,0.4,0.0,0.0,0,0.83,11.0
EDU-000555,1,17,2,9147,1,1,133.1,1,1,1,4,4,95.0,0,0,0,1,1,0,20,0,0,5,14,0,0.0,0,0,5,5,0,0.0,0,11.1,0.6,2.02,Dropout,Male,No,No,Up to Date,No,0.0,0,0.0,0.0,0.0,0,0.83,0.0
EDU-000556,1,44,1,9003,1,39,150.0,1,3,2,2,2,150.0,0,0,0,1,1,0,25,0,9,14,16,14,12.428571428571429,0,3,9,13,6,10.857142857142858,0,15.5,2.8,-4.06,Dropout,Male,No,No,Up to Date,No,-1.57,-8,1.0,0.6667,7.66,0,2.33,1.57
EDU-000557,1,17,1,9147,1,1,130.0,1,19,1,7,4,117.8,1,0,0,1,1,0,20,0,0,5,8,3,11.0,0,0,5,11,3,12.0,0,10.8,1.4,1.74,Enrolled,Male,No,No,Up to Date,Yes,1.0,0,0.6,0.6,6.96,0,0.83,1.0
EDU-000558,1,1,1,171,1,1,161.0,1,37,37,9,9,144.2,1,0,0,1,1,0,18,0,0,0,0,0,0.0,0,0,0,0,0,0.0,0,7.6,2.6,0.32,Graduate,Male,No,No,Up to Date,Yes,0.0,0,0.0,0.0,0.0,0,0.0,0.0
EDU-000559,1,44,1,9254,1,39,130.0,1,39,39,194,193,130.0,1,0,1,1,1,0,23,0,0,6,12,3,11.5,0,0,6,12,3,10.666666666666666,0,8.9,1.4,3.51,Enrolled,Male,No,Yes,Up to Date,Yes,-0.83,0,0.5,0.5,5.5,0,1.0,0.83
EDU-000560,1,42,1,9500,1,1,111.0,1,1,3,9,10,128.2,1,0,0,1,1,0,23,0,0,8,8,8,12.5075,0,0,8,8,8,12.5075,0,9.4,-0.8,-3.12,Graduate,Male,No,No,Up to Date,Yes,0.0,0,1.0,1.0,12.51,0,1.33,0.0
EDU-000561,1,53,1,9003,1,42,140.0,1,3,38,141,151,135.3,0,0,0,1,1,0,21,0,7,12,18,11,12.090909090909092,0,5,12,14,11,12.0,0,8.9,1.4,3.51,Graduate,Male,No,No,Up to Date,No,-0.09,0,0.9167,0.9167,11.03,0,2.0,0.09
EDU-000562,1,1,1,9130,1,1,132.0,1,1,1,3,3,143.9,1,0,0,1,1,0,20,0,0,5,14,2,11.0,3,0,5,9,3,12.666666666666666,0,9.4,-0.8,-3.12,Enrolled,Male,No,No,Up to Date,Yes,1.67,1,0.4,0.6,7.2,0,0.83,1.67
EDU-000563,1,39,1,9991,0,1,139.0,1,1,1,4,10,140.7,0,0,0,1,1,0,25,0,0,5,13,1,10.0,0,0,5,8,2,11.333333333333334,0,12.4,0.5,1.79,Dropout,Male,No,No,Up to Date,No,1.33,1,0.2,0.4,4.32,0,0.83,1.33
EDU-000564,1,1,1,9130,1,1,132.0,1,19,38,9,9,130.4,1,0,0,1,1,0,18,0,0,6,6,6,13.5,0,0,6,9,5,13.2,0,8.9,1.4,3.51,Graduate,Male,No,No,Up to Date,Yes,-0.3,-1,1.0,0.8333,11.1,0,1.0,0.3
EDU-000565,1,1,6,9070,1,6,119.0,1,1,1,9,9,123.2,1,0,0,1,1,0,22,0,0,6,6,6,14.166666666666666,0,0,6,8,6,13.625,0,10.8,1.4,1.74,Graduate,Male,No,No,Up to Date,Yes,-0.54,0,1.0,1.0,13.84,0,1.0,0.54
EDU-000566,1,39,1,9670,1,1,133.1,1,19,19,3,9,118.0,0,0,0,1,1,0,27,0,0,6,7,6,14.0,0,0,6,7,6,14.714285714285714,0,8.9,1.4,3.51,Graduate,Male,No,No,Up to Date,No,0.71,0,1.0,1.0,14.43,0,1.0,0.71
EDU-000567,1,39,1,9003,1,19,133.1,1,4,1,2,4,120.0,0,0,0,1,1,0,25,0,0,3,4,0,0.0,0,0,3,5,0,0.0,0,16.2,0.3,-0.92,Dropout,Male,No,No,Up to Date,No,0.0,0,0.0,0.0,0.0,0,0.5,0.0
EDU-000568,1,17,4,9119,1,1,129.0,1,34,36,0,5,118.9,1,0,0,1,1,0,18,0,0,5,9,3,11.666666666666666,0,0,5,10,3,11.333333333333334,4,7.6,2.6,0.32,Dropout,Male,No,No,Up to Date,Yes,-0.33,0,0.6,0.6,6.88,0,0.83,0.33
EDU-000569,1,17,1,9085,1,1,128.0,1,38,19,8,8,117.2,0,0,0,1,1,0,20,0,0,5,7,5,14.6,1,0,5,5,5,14.2,0,12.7,3.7,-1.7,Graduate,Male,No,No,Up to Date,No,-0.4,0,1.0,1.0,14.36,0,0.83,0.4
EDU-000570,1,39,1,9003,1,1,120.0,1,3,4,2,2,120.0,0,0,0,1,1,0,27,0,0,6,10,5,13.0,0,0,6,13,5,11.5,0,16.2,0.3,-0.92,Graduate,Male,No,No,Up to Date,No,-1.5,0,0.8333,0.8333,10.08,0,1.0,1.5
EDU-000571,1,1,1,8014,0,1,130.0,1,1,1,9,9,118.1,0,0,0,1,1,0,20,0,0,6,7,6,12.166666666666666,0,0,6,9,6,12.0,0,7.6,2.6,0.32,Graduate,Male,No,No,Up to Date,No,-0.17,0,1.0,1.0,12.07,0,1.0,0.17
EDU-000572,1,1,1,9147,1,1,130.0,1,38,37,9,9,124.8,1,0,0,1,1,0,22,0,0,5,9,0,0.0,0,0,5,5,1,12.0,0,7.6,2.6,0.32,Dropout,Male,No,No,Up to Date,Yes,12.0,1,0.0,0.2,1.44,0,0.83,12.0
EDU-000573,1,17,6,9119,1,1,111.0,1,19,3,5,10,106.5,1,0,0,1,1,0,19,0,0,5,10,3,10.5,0,0,5,11,3,10.8,0,12.4,0.5,1.79,Dropout,Male,No,No,Up to Date,Yes,0.3,0,0.6,0.6,6.41,0,0.83,0.3
EDU-000574,1,1,6,9147,1,1,121.0,1,3,19,4,5,116.8,0,0,0,1,1,0,20,0,0,5,14,3,12.4,0,0,5,8,5,10.833333333333334,0,13.9,-0.3,0.79,Enrolled,Male,No,No,Up to Date,No,-1.57,2,0.6,1.0,11.46,0,0.83,1.57
EDU-000575,1,43,4,171,1,1,117.0,1,19,12,9,10,109.3,0,0,0,1,1,0,19,0,0,0,0,0,0.0,0,0,0,0,0,0.0,0,9.4,-0.8,-3.12,Graduate,Male,No,No,Up to Date,No,0.0,0,0.0,0.0,0.0,0,0.0,0.0
EDU-000576,2,39,1,9085,1,9,133.1,1,1,1,4,4,120.0,1,0,0,0,1,0,29,0,0,5,12,0,0.0,4,0,5,8,0,0.0,1,9.4,-0.8,-3.12,Dropout,Male,No,No,In Arrears,Yes,0.0,0,0.0,0.0,0.0,0,0.83,0.0
EDU-000577,1,1,2,9500,1,1,149.0,1,3,1,9,9,137.5,0,0,0,1,1,0,19,0,0,8,8,7,13.828571428571427,0,0,8,8,7,13.828571428571427,0,12.7,3.7,-1.7,Graduate,Male,No,No,Up to Date,No,0.0,0,0.875,0.875,12.1,0,1.33,0.0
EDU-000578,1,39,2,9991,0,1,172.0,1,19,37,9,8,150.0,1,0,0,1,0,1,28,0,0,5,7,5,10.6,0,0,5,6,5,10.2,0,9.4,-0.8,-3.12,Enrolled,Female,Yes,No,Up to Date,Yes,-0.4,0,1.0,1.0,10.36,0,0.83,0.4
EDU-000579,2,1,1,9238,1,1,134.0,1,37,37,5,5,120.4,0,0,0,1,0,0,20,0,0,6,7,6,11.5,0,0,6,6,6,11.666666666666666,0,7.6,2.6,0.32,Graduate,Female,No,No,Up to Date,No,0.17,0,1.0,1.0,11.6,0,1.0,0.17
EDU-000580,1,1,4,9070,1,1,136.0,1,37,37,9,8,136.7,1,0,0,1,0,0,20,0,0,6,6,4,13.5,0,0,6,8,6,13.625,0,10.8,1.4,1.74,Graduate,Female,No,No,Up to Date,Yes,0.12,2,0.6667,1.0,13.58,0,1.0,0.12
EDU-000581,1,39,1,8014,0,1,133.1,1,34,5,0,1,118.5,1,0,0,1,0,0,31,0,0,6,12,0,0.0,0,0,6,0,0,0.0,0,7.6,2.6,0.32,Dropout,Female,No,No,Up to Date,Yes,0.0,0,0.0,0.0,0.0,0,1.0,0.0
EDU-000582,1,17,5,9500,1,1,141.0,1,12,1,5,5,133.0,1,0,0,1,0,0,18,0,0,7,8,7,12.5375,0,0,8,9,7,12.614285714285714,0,13.9,-0.3,0.79,Graduate,Female,No,No,Up to Date,Yes,0.08,0,1.0,0.875,11.01,0,1.17,0.08
EDU-000583,1,17,1,9670,1,1,141.0,1,1,19,8,7,128.8,1,0,0,1,0,0,19,0,0,6,6,6,14.833333333333334,0,0,6,8,6,13.285714285714286,0,8.9,1.4,3.51,Enrolled,Female,No,No,Up to Date,Yes,-1.55,0,1.0,1.0,13.9,0,1.0,1.55
EDU-000584,1,1,1,9147,1,1,148.0,1,37,38,9,8,133.0,1,0,0,1,0,0,18,0,0,5,10,4,12.0,0,0,5,9,4,12.8,0,13.9,-0.3,0.79,Graduate,Female,No,No,Up to Date,Yes,0.8,0,0.8,0.8,9.98,0,0.83,0.8
EDU-000585,1,17,1,9254,1,1,102.0,1,37,37,7,7,102.0,0,0,0,1,0,0,19,0,0,6,8,5,11.8,0,0,6,8,5,11.6,0,10.8,1.4,1.74,Graduate,Female,No,No,Up to Date,No,-0.2,0,0.8333,0.8333,9.73,0,1.0,0.2
EDU-000586,1,1,1,9147,1,1,143.0,1,1,19,3,3,133.9,0,0,0,1,0,1,18,0,0,5,5,5,15.0,0,0,5,5,5,15.2,0,12.7,3.7,-1.7,Graduate,Female,Yes,No,Up to Date,No,0.2,0,1.0,1.0,15.12,0,0.83,0.2
EDU-000587,1,17,1,9085,1,1,120.0,1,38,19,90,90,127.0,0,0,0,1,0,0,19,0,0,5,7,3,12.0,0,0,5,7,5,13.2,0,7.6,2.6,0.32,Graduate,Female,No,No,Up to Date,No,1.2,2,0.6,1.0,12.72,0,0.83,1.2
EDU-000588,1,17,1,9773,1,1,121.0,1,38,38,9,8,120.4,1,0,0,1,0,1,18,0,0,6,6,6,12.833333333333334,0,0,6,7,6,12.285714285714286,0,15.5,2.8,-4.06,Graduate,Female,Yes,No,Up to Date,Yes,-0.55,0,1.0,1.0,12.5,0,1.0,0.55
EDU-000589,1,1,3,9254,1,1,122.0,1,37,37,9,3,124.5,1,0,0,1,0,0,19,0,0,6,12,6,11.666666666666666,0,0,6,14,3,12.0,0,7.6,2.6,0.32,Graduate,Female,No,No,Up to Date,Yes,0.33,-3,1.0,0.5,5.93,0,1.0,0.33
EDU-000590,1,1,4,9556,1,1,122.0,1,37,1,5,4,123.9,0,0,0,1,0,0,19,0,0,7,9,7,12.1625,0,0,8,8,8,13.825,0,13.9,-0.3,0.79,Graduate,Female,No,No,Up to Date,No,1.66,1,1.0,1.0,13.16,0,1.17,1.66
EDU-000591,1,1,2,9670,1,1,123.0,1,19,1,9,3,117.8,1,0,0,1,0,0,18,0,0,6,6,6,13.833333333333334,0,0,6,11,6,14.555555555555555,0,10.8,1.4,1.74,Graduate,Female,No,No,Up to Date,Yes,0.72,0,1.0,1.0,14.27,0,1.0,0.72
EDU-000592,1,1,1,9500,1,1,133.0,1,3,19,2,8,126.7,0,0,0,1,0,0,19,0,0,7,12,4,12.45,0,0,7,11,5,11.7,0,16.2,0.3,-0.92,Enrolled,Female,No,No,Up to Date,No,-0.75,1,0.5714,0.7143,8.57,0,1.17,0.75
EDU-000593,1,44,1,9670,1,39,110.0,1,37,1,9,4,110.0,0,0,0,1,0,1,20,0,2,6,9,6,12.125,0,2,6,7,6,13.571428571428571,0,11.1,0.6,2.02,Graduate,Female,Yes,No,Up to Date,No,1.45,0,1.0,1.0,12.99,0,1.0,1.45
EDU-000594,1,17,1,9670,1,1,155.0,1,1,19,4,8,134.7,1,0,0,1,0,0,20,0,0,6,8,5,13.4,0,0,6,10,4,13.0,0,12.7,3.7,-1.7,Enrolled,Female,No,No,Up to Date,Yes,-0.4,-1,0.8333,0.6667,8.77,0,1.0,0.4
EDU-000595,1,17,1,9003,1,1,119.0,1,37,37,4,6,113.2,0,0,1,1,0,0,20,0,0,6,8,6,13.333333333333334,0,0,6,8,5,14.0,0,11.1,0.6,2.02,Enrolled,Female,No,Yes,Up to Date,No,0.67,-1,1.0,0.8333,11.44,0,1.0,0.67
EDU-000596,1,39,1,9991,0,3,120.0,1,37,37,9,9,141.0,0,0,0,1,0,0,29,0,10,15,15,11,11.454545454545457,0,9,13,16,11,11.545454545454543,0,10.8,1.4,1.74,Dropout,Female,No,No,Up to Date,No,0.09,0,0.7333,0.8462,9.74,0,2.5,0.09
EDU-000597,1,17,1,9853,1,1,133.1,1,38,12,7,0,111.5,0,0,0,0,0,1,20,0,0,6,10,4,12.0,0,0,6,14,3,10.0,0,7.6,2.6,0.32,Dropout,Female,Yes,No,In Arrears,No,-2.0,-1,0.6667,0.5,5.4,0,1.0,2.0
EDU-000598,4,39,1,9853,1,1,143.0,1,37,1,9,10,140.0,0,0,1,0,0,0,31,0,0,7,8,6,12.666666666666666,0,0,7,9,5,12.6,0,8.9,1.4,3.51,Dropout,Female,No,Yes,In Arrears,No,-0.07,-1,0.8571,0.7143,9.02,1,1.17,0.07
EDU-000599,1,17,1,9670,1,1,149.0,1,19,37,7,4,134.3,0,1,0,1,0,0,20,0,0,6,7,6,12.666666666666666,0,0,6,9,6,13.77777777777778,0,10.8,1.4,1.74,Graduate,Female,No,No,Up to Date,No,1.11,0,1.0,1.0,13.33,0,1.0,1.11
EDU-000600,1,17,1,9003,1,1,133.0,1,38,37,9,9,125.3,1,0,0,1,0,0,21,0,12,18,22,18,11.88888888888889,1,11,13,13,13,11.461538461538462,0,15.5,2.8,-4.06,Graduate,Female,No,No,Up to Date,Yes,-0.43,-5,1.0,1.0,11.63,0,3.0,0.43
EDU-000601,1,7,1,9130,1,3,140.0,1,19,38,9,9,140.0,1,0,0,1,0,0,23,0,0,6,0,0,0.0,0,0,6,0,0,0.0,0,12.4,0.5,1.79,Dropout,Female,No,No,Up to Date,Yes,0.0,0,0.0,0.0,0.0,0,1.0,0.0
EDU-000602,1,17,5,9070,1,1,122.0,1,19,38,5,7,119.6,0,0,1,0,0,0,21,0,0,6,6,4,13.0,0,0,6,8,4,11.6,0,10.8,1.4,1.74,Dropout,Female,No,Yes,In Arrears,No,-1.4,0,0.6667,0.6667,8.11,1,1.0,1.4
EDU-000603,1,7,1,9500,1,40,170.0,1,1,1,9,4,170.0,0,0,0,1,0,0,24,0,4,7,7,7,16.885714285714283,0,3,8,9,8,15.744444444444444,0,16.2,0.3,-0.92,Graduate,Female,No,No,Up to Date,No,-1.14,1,1.0,1.0,16.2,0,1.17,1.14
EDU-000604,1,39,1,8014,0,1,120.0,1,1,1,4,4,150.5,0,0,0,1,0,0,27,0,0,6,6,6,12.5,0,1,6,6,6,12.333333333333334,0,15.5,2.8,-4.06,Graduate,Female,No,No,Up to Date,No,-0.17,0,1.0,1.0,12.4,0,1.0,0.17
EDU-000605,1,1,1,9500,1,1,143.0,1,1,37,3,8,128.0,0,0,0,1,0,1,18,0,0,7,9,7,13.055555555555555,0,0,8,8,8,15.8125,0,13.9,-0.3,0.79,Graduate,Female,Yes,No,Up to Date,No,2.76,1,1.0,1.0,14.71,0,1.17,2.76
EDU-000606,1,1,3,171,1,1,115.0,1,9,1,6,6,108.7,1,0,0,0,0,0,21,0,0,0,0,0,0.0,0,0,0,0,0,0.0,0,9.4,-0.8,-3.12,Dropout,Female,No,No,In Arrears,Yes,0.0,0,0.0,0.0,0.0,0,0.0,0.0
EDU-000607,1,17,1,9130,1,1,123.0,1,19,3,3,2,121.6,1,0,1,1,0,1,19,0,0,5,7,0,0.0,0,0,5,5,0,0.0,0,7.6,2.6,0.32,Dropout,Female,Yes,Yes,Up to Date,Yes,0.0,0,0.0,0.0,0.0,0,0.83,0.0
EDU-000608,1,1,6,9500,1,1,131.0,1,38,19,7,7,125.3,1,0,0,1,0,1,19,0,0,8,8,7,12.355714285714283,0,0,8,8,7,12.355714285714283,0,10.8,1.4,1.74,Graduate,Female,Yes,No,Up to Date,Yes,0.0,0,0.875,0.875,10.81,0,1.33,0.0
EDU-000609,1,17,1,9085,1,1,127.0,1,19,38,194,193,117.6,0,0,0,1,0,0,18,0,0,6,0,0,0.0,0,0,6,0,0,0.0,0,12.4,0.5,1.79,Dropout,Female,No,No,Up to Date,No,0.0,0,0.0,0.0,0.0,0,1.0,0.0
EDU-000610,1,43,3,9500,1,1,126.0,1,38,37,6,5,124.3,1,0,0,1,0,1,18,0,0,7,8,5,11.98,0,0,7,8,5,11.98,0,7.6,2.6,0.32,Enrolled,Female,Yes,No,Up to Date,Yes,0.0,0,0.7143,0.7143,8.56,0,1.17,0.0
EDU-000611,1,1,2,9853,1,1,112.0,1,37,37,191,182,106.1,1,0,1,1,0,1,20,0,0,7,7,7,13.857142857142858,0,0,7,8,7,12.571428571428571,0,8.9,1.4,3.51,Graduate,Female,Yes,Yes,Up to Date,Yes,-1.29,0,1.0,1.0,13.09,0,1.17,1.29
EDU-000612,2,1,1,8014,0,1,150.0,1,1,37,4,7,139.9,1,0,0,1,0,0,24,0,0,6,9,5,13.0,0,0,6,6,6,14.166666666666666,0,9.4,-0.8,-3.12,Graduate,Female,No,No,Up to Date,Yes,1.17,1,0.8333,1.0,13.7,0,1.0,1.17
EDU-000613,1,1,1,9070,1,1,116.0,1,1,1,1,1,110.8,1,0,0,1,0,0,20,0,0,6,6,6,12.833333333333334,0,0,6,10,6,11.166666666666666,0,12.4,0.5,1.79,Graduate,Female,No,No,Up to Date,Yes,-1.67,0,1.0,1.0,11.83,0,1.0,1.67
EDU-000614,1,17,3,9147,1,1,118.0,1,1,19,5,7,118.0,0,0,0,1,0,0,20,0,0,5,11,4,11.0,0,0,5,7,5,13.2,0,12.4,0.5,1.79,Enrolled,Female,No,No,Up to Date,No,2.2,1,0.8,1.0,12.32,0,0.83,2.2
EDU-000615,1,1,1,9500,1,1,130.0,1,19,37,9,9,117.8,1,0,0,1,0,1,19,0,0,8,8,7,12.357142857142858,0,0,8,8,7,12.357142857142858,0,12.7,3.7,-1.7,Graduate,Female,Yes,No,Up to Date,Yes,0.0,0,0.875,0.875,10.81,0,1.33,0.0
EDU-000616,1,1,6,9500,1,1,144.0,1,1,37,9,9,127.5,1,0,0,1,0,1,18,0,0,8,8,7,13.857142857142858,0,0,8,8,7,13.857142857142858,0,12.7,3.7,-1.7,Graduate,Female,Yes,No,Up to Date,Yes,0.0,0,0.875,0.875,12.12,0,1.33,0.0
EDU-000617,1,17,2,9238,1,3,105.0,1,37,37,7,8,129.7,1,0,0,1,0,1,20,0,0,6,6,6,12.333333333333334,0,0,6,6,6,10.666666666666666,0,9.4,-0.8,-3.12,Graduate,Female,Yes,No,Up to Date,Yes,-1.67,0,1.0,1.0,11.33,0,1.0,1.67
EDU-000618,1,17,1,9500,1,1,143.0,1,37,37,9,8,130.6,1,0,0,1,0,0,20,0,0,7,8,7,12.847142857142858,0,0,8,10,8,13.788888888888888,0,16.2,0.3,-0.92,Graduate,Female,No,No,Up to Date,Yes,0.94,1,1.0,1.0,13.41,0,1.17,0.94
EDU-000619,1,17,2,9500,1,1,137.0,1,19,37,4,7,126.3,1,0,0,1,0,1,19,0,0,7,9,6,12.339999999999998,0,0,8,9,8,13.01875,0,11.1,0.6,2.02,Graduate,Female,Yes,No,Up to Date,Yes,0.68,2,0.8571,1.0,12.75,0,1.17,0.68
EDU-000620,1,44,1,9085,1,39,140.0,1,3,1,2,3,140.0,1,0,0,1,0,0,19,0,0,6,10,5,12.666666666666666,0,0,6,19,4,11.75,0,12.4,0.5,1.79,Enrolled,Female,No,No,Up to Date,Yes,-0.92,-1,0.8333,0.6667,8.08,0,1.0,0.92
EDU-000621,1,1,1,9773,1,1,133.1,1,3,19,4,5,105.0,1,0,0,1,0,0,20,0,0,6,6,6,13.833333333333334,0,0,6,6,6,12.5,0,12.7,3.7,-1.7,Graduate,Female,No,No,Up to Date,Yes,-1.33,0,1.0,1.0,13.03,0,1.0,1.33
EDU-000622,1,17,2,9147,1,1,116.0,1,1,38,4,3,114.6,1,0,0,1,0,0,19,0,0,5,15,2,10.75,0,0,5,11,2,10.0,0,13.9,-0.3,0.79,Dropout,Female,No,No,Up to Date,Yes,-0.75,0,0.4,0.4,4.12,0,0.83,0.75
EDU-000623,1,17,5,9853,1,1,117.0,1,38,38,9,7,114.6,1,0,0,1,0,0,19,0,0,6,11,4,13.25,0,0,6,10,4,10.25,0,9.4,-0.8,-3.12,Dropout,Female,No,No,Up to Date,Yes,-3.0,0,0.6667,0.6667,7.63,0,1.0,3.0
EDU-000624,1,17,1,9500,1,1,137.0,1,38,37,7,5,131.0,1,0,0,1,0,1,18,0,0,8,8,8,13.73125,0,0,8,8,8,13.73125,0,9.4,-0.8,-3.12,Graduate,Female,Yes,No,Up to Date,Yes,0.0,0,1.0,1.0,13.73,0,1.33,0.0
EDU-000625,1,17,4,9070,1,1,116.0,1,38,37,9,9,109.0,0,0,0,1,0,1,23,0,0,6,6,6,13.333333333333334,0,0,6,8,3,12.666666666666666,0,11.1,0.6,2.02,Dropout,Female,Yes,No,Up to Date,No,-0.67,-3,1.0,0.5,6.47,0,1.0,0.67
EDU-000626,1,1,1,9853,1,1,133.1,1,19,19,9,8,132.0,1,0,0,1,0,0,21,0,0,6,8,5,12.0,0,0,6,9,5,10.8,0,12.7,3.7,-1.7,Dropout,Female,No,No,Up to Date,Yes,-1.2,0,0.8333,0.8333,9.4,0,1.0,1.2
EDU-000627,1,44,1,8014,0,39,130.0,1,37,38,6,6,130.0,1,0,0,1,0,0,23,0,5,9,10,9,10.88888888888889,0,3,8,10,6,11.333333333333334,0,11.1,0.6,2.02,Graduate,Female,No,No,Up to Date,Yes,0.44,-3,1.0,0.75,8.37,0,1.5,0.44
EDU-000628,1,1,3,9500,1,1,106.0,1,19,37,9,7,109.5,1,0,0,1,0,0,19,0,0,7,8,7,13.025,0,0,8,9,8,13.811111111111112,0,13.9,-0.3,0.79,Graduate,Female,No,No,Up to Date,Yes,0.79,1,1.0,1.0,13.5,0,1.17,0.79
EDU-000629,1,17,2,9773,1,1,125.0,1,1,38,5,6,115.9,1,0,0,1,0,0,18,0,0,6,6,6,13.0,0,0,6,6,6,14.166666666666666,0,12.4,0.5,1.79,Graduate,Female,No,No,Up to Date,Yes,1.17,0,1.0,1.0,13.7,0,1.0,1.17
EDU-000630,1,1,1,9773,1,1,134.0,1,19,37,9,9,131.6,1,1,0,1,0,0,19,0,0,6,10,5,11.8,0,0,6,10,5,12.0,0,10.8,1.4,1.74,Graduate,Female,No,No,Up to Date,Yes,0.2,0,0.8333,0.8333,9.93,0,1.0,0.2
EDU-000631,1,39,1,9500,1,1,133.1,1,19,37,9,9,120.0,0,0,0,1,0,1,25,0,0,8,8,7,12.042857142857144,0,0,8,8,7,12.042857142857144,0,12.7,3.7,-1.7,Graduate,Female,Yes,No,Up to Date,No,0.0,0,0.875,0.875,10.54,0,1.33,0.0
EDU-000632,1,1,2,9853,1,1,117.0,1,1,38,4,9,109.7,1,0,0,1,0,0,19,0,0,6,9,5,12.2,0,0,6,10,4,13.0,0,9.4,-0.8,-3.12,Enrolled,Female,No,No,Up to Date,Yes,0.8,-1,0.8333,0.6667,8.45,0,1.0,0.8
EDU-000633,1,1,1,9500,1,1,136.0,1,1,19,5,7,136.4,0,0,0,1,0,1,19,0,0,7,8,7,12.8375,0,0,8,8,8,15.5,0,13.9,-0.3,0.79,Graduate,Female,Yes,No,Up to Date,No,2.66,1,1.0,1.0,14.43,0,1.17,2.66
EDU-000634,1,39,1,9556,1,1,120.0,1,38,38,191,193,120.0,0,0,1,1,0,1,24,0,0,7,13,7,11.0,0,0,8,13,7,11.7,0,12.7,3.7,-1.7,Graduate,Female,Yes,Yes,Up to Date,No,0.7,0,1.0,0.875,9.99,0,1.17,0.7
EDU-000635,1,1,1,9670,1,1,135.0,1,37,37,9,7,132.6,1,0,0,1,0,1,18,0,0,6,7,6,13.5,0,0,6,9,5,14.0,0,8.9,1.4,3.51,Graduate,Female,Yes,No,Up to Date,Yes,0.5,-1,1.0,0.8333,11.5,0,1.0,0.5
EDU-000636,1,17,5,9238,1,1,122.0,1,37,37,7,5,112.9,1,0,0,1,0,1,19,0,0,6,8,6,12.125,0,0,6,7,6,12.714285714285714,0,16.2,0.3,-0.92,Graduate,Female,Yes,No,Up to Date,Yes,0.59,0,1.0,1.0,12.48,0,1.0,0.59
EDU-000637,1,1,5,9500,1,1,147.0,1,37,37,9,9,134.3,0,0,0,1,0,1,18,0,0,8,12,7,12.62857142857143,0,0,8,12,7,12.62857142857143,0,12.7,3.7,-1.7,Graduate,Female,Yes,No,Up to Date,No,0.0,0,0.875,0.875,11.05,0,1.33,0.0
EDU-000638,1,39,1,9991,0,1,120.0,1,38,1,9,4,123.2,0,0,0,1,0,0,27,0,0,5,9,3,10.666666666666666,0,0,5,7,4,11.4,0,10.8,1.4,1.74,Enrolled,Female,No,No,Up to Date,No,0.73,1,0.6,0.8,8.89,0,0.83,0.73
EDU-000639,1,17,3,9238,1,1,121.0,1,1,1,4,5,117.2,0,0,0,1,0,0,19,0,0,6,11,5,11.2,0,0,6,13,5,11.6,0,15.5,2.8,-4.06,Graduate,Female,No,No,Up to Date,No,0.4,0,0.8333,0.8333,9.53,0,1.0,0.4
EDU-000640,1,18,1,9773,1,1,135.0,1,1,1,3,3,129.8,0,0,0,1,0,1,18,0,0,6,6,6,12.666666666666666,0,0,6,6,6,11.833333333333334,0,12.7,3.7,-1.7,Dropout,Female,Yes,No,Up to Date,No,-0.83,0,1.0,1.0,12.17,0,1.0,0.83
EDU-000641,2,39,1,9670,1,1,130.0,1,37,37,9,0,158.0,0,0,1,0,0,0,34,0,0,6,7,4,13.5,0,0,6,6,0,0.0,6,12.7,3.7,-1.7,Dropout,Female,No,Yes,In Arrears,No,-13.5,-4,0.6667,0.0,0.0,1,1.0,13.5
EDU-000642,1,1,6,9147,1,1,128.0,1,37,37,9,9,116.5,0,0,0,1,0,0,18,0,0,5,9,3,11.666666666666666,0,0,5,15,2,11.0,0,7.6,2.6,0.32,Enrolled,Female,No,No,Up to Date,No,-0.67,-1,0.6,0.4,4.51,0,0.83,0.67
EDU-000643,1,1,1,9147,1,1,129.0,1,37,38,4,9,121.0,1,0,0,1,0,0,18,0,0,5,8,2,10.5,0,0,5,7,3,12.333333333333334,0,7.6,2.6,0.32,Enrolled,Female,No,No,Up to Date,Yes,1.83,1,0.4,0.6,6.96,0,0.83,1.83
EDU-000644,1,1,3,9500,1,1,143.0,1,37,38,7,7,133.8,1,0,0,1,0,0,18,0,0,8,8,8,14.26875,0,0,8,8,8,14.26875,0,9.4,-0.8,-3.12,Enrolled,Female,No,No,Up to Date,Yes,0.0,0,1.0,1.0,14.27,0,1.33,0.0
EDU-000645,1,1,2,9773,1,1,108.0,1,38,38,7,7,115.0,1,0,1,0,0,0,20,0,0,6,0,0,0.0,0,0,6,0,0,0.0,0,8.9,1.4,3.51,Dropout,Female,No,Yes,In Arrears,Yes,0.0,0,0.0,0.0,0.0,1,1.0,0.0
EDU-000646,1,1,1,9147,1,1,130.0,1,19,37,9,9,131.8,1,0,0,1,0,1,19,0,0,5,8,2,10.5,0,0,5,11,3,13.333333333333334,0,7.6,2.6,0.32,Enrolled,Female,Yes,No,Up to Date,Yes,2.83,1,0.4,0.6,7.32,0,0.83,2.83
EDU-000647,1,1,1,9238,1,1,135.0,1,37,1,3,5,121.0,0,0,0,1,0,0,21,0,0,6,11,5,11.2,0,0,6,15,1,10.0,0,7.6,2.6,0.32,Enrolled,Female,No,No,Up to Date,No,-1.2,-4,0.8333,0.1667,1.75,0,1.0,1.2
EDU-000648,2,39,1,9991,0,3,140.0,1,19,19,9,7,152.4,0,0,0,1,0,0,26,0,0,5,5,5,12.0,0,0,5,6,5,14.833333333333334,0,10.8,1.4,1.74,Graduate,Female,No,No,Up to Date,No,2.83,0,1.0,1.0,13.7,0,0.83,2.83
EDU-000649,1,43,2,9556,1,1,120.0,1,1,19,4,3,110.2,0,0,0,1,0,0,27,0,0,7,9,7,12.228571428571428,0,1,8,10,8,13.2125,0,10.8,1.4,1.74,Graduate,Female,No,No,Up to Date,No,0.98,1,1.0,1.0,12.82,0,1.17,0.98
EDU-000650,1,1,1,9670,1,1,117.0,1,1,38,5,1,113.5,1,0,0,1,0,0,20,0,0,5,6,4,11.5,0,0,5,5,4,10.75,0,9.4,-0.8,-3.12,Graduate,Female,No,No,Up to Date,Yes,-0.75,0,0.8,0.8,8.84,0,0.83,0.75
EDU-000651,1,17,1,9238,1,1,151.0,1,19,1,5,0,144.4,1,0,0,1,0,0,18,0,0,6,8,6,15.375,0,0,6,7,6,16.428571428571427,0,16.2,0.3,-0.92,Graduate,Female,No,No,Up to Date,Yes,1.05,0,1.0,1.0,16.01,0,1.0,1.05
EDU-000652,1,53,1,9085,1,42,140.0,1,1,1,5,5,143.3,1,0,0,0,0,0,23,0,7,12,19,9,13.666666666666666,0,4,9,15,6,13.5,0,8.9,1.4,3.51,Enrolled,Female,No,No,In Arrears,Yes,-0.17,-3,0.75,0.6667,9.04,0,2.0,0.17
EDU-000653,1,39,1,9500,1,19,133.1,1,1,5,4,3,100.0,0,0,0,1,0,0,24,0,0,8,11,7,12.614285714285714,0,0,8,11,7,12.614285714285714,0,12.7,3.7,-1.7,Graduate,Female,No,No,Up to Date,No,0.0,0,0.875,0.875,11.04,0,1.33,0.0
EDU-000654,1,44,1,9238,1,39,130.0,1,38,38,6,9,126.3,1,0,0,1,0,1,19,0,3,6,7,5,12.2,0,2,6,6,6,11.5,0,13.9,-0.3,0.79,Graduate,Female,Yes,No,Up to Date,Yes,-0.7,1,0.8333,1.0,11.78,0,1.0,0.7
EDU-000655,1,1,1,9773,1,1,125.0,1,19,38,3,5,115.9,0,0,0,1,0,0,19,0,0,6,13,4,11.75,0,0,6,10,4,11.0,0,10.8,1.4,1.74,Graduate,Female,No,No,Up to Date,No,-0.75,0,0.6667,0.6667,7.53,0,1.0,0.75
EDU-000656,1,1,4,9238,1,1,125.0,1,19,38,9,6,114.9,1,0,1,1,0,1,19,0,0,6,9,5,11.4,0,0,6,9,3,10.0,0,8.9,1.4,3.51,Enrolled,Female,Yes,Yes,Up to Date,Yes,-1.4,-2,0.8333,0.5,5.28,0,1.0,1.4
EDU-000657,1,1,1,9238,1,1,135.0,1,37,19,5,10,121.0,0,0,1,1,0,0,18,0,0,6,10,5,10.6,0,0,6,14,2,10.0,0,7.6,2.6,0.32,Enrolled,Female,No,Yes,Up to Date,No,-0.6,-3,0.8333,0.3333,3.41,0,1.0,0.6
EDU-000658,1,51,1,8014,0,1,121.0,1,1,38,5,7,112.3,0,0,0,1,0,0,22,0,14,16,16,13,10.923076923076923,0,13,13,13,11,11.454545454545457,0,16.2,0.3,-0.92,Graduate,Female,No,No,Up to Date,No,0.53,-2,0.8125,0.8462,9.51,0,2.67,0.53
EDU-000659,1,43,1,9070,1,1,141.0,1,1,19,5,10,127.0,0,0,0,1,0,0,20,0,0,6,6,5,12.4,0,0,6,9,5,12.4,0,12.7,3.7,-1.7,Graduate,Female,No,No,Up to Date,No,0.0,0,0.8333,0.8333,10.33,0,1.0,0.0
EDU-000660,1,39,1,9003,1,1,130.0,1,19,19,9,9,120.0,0,0,0,1,0,0,25,0,0,6,6,0,0.0,0,0,6,6,0,0.0,0,11.1,0.6,2.02,Dropout,Female,No,No,Up to Date,No,0.0,0,0.0,0.0,0.0,0,1.0,0.0
EDU-000661,1,44,1,9003,1,39,180.0,1,1,3,4,2,180.0,0,0,0,1,0,0,21,0,0,6,6,6,15.833333333333334,0,0,6,8,6,15.5,0,15.5,2.8,-4.06,Graduate,Female,No,No,Up to Date,No,-0.33,0,1.0,1.0,15.63,0,1.0,0.33
EDU-000662,1,1,1,9500,1,1,117.0,1,19,19,194,193,117.4,1,0,0,1,0,0,19,0,0,7,12,5,11.8,0,0,7,9,6,11.708333333333334,0,11.1,0.6,2.02,Enrolled,Female,No,No,Up to Date,Yes,-0.09,1,0.7143,0.8571,10.07,0,1.17,0.09
EDU-000663,1,17,4,9773,1,1,127.0,1,1,19,4,1,115.8,1,0,0,1,0,0,18,0,0,6,7,6,12.571428571428571,0,0,6,6,6,13.666666666666666,0,13.9,-0.3,0.79,Graduate,Female,No,No,Up to Date,Yes,1.1,0,1.0,1.0,13.23,0,1.0,1.1
EDU-000664,1,1,3,9670,1,1,126.0,1,37,37,0,0,136.5,1,0,0,1,0,0,18,0,0,5,7,3,12.0,0,0,5,7,4,13.25,1,7.6,2.6,0.32,Graduate,Female,No,No,Up to Date,Yes,1.25,1,0.6,0.8,10.2,0,0.83,1.25
EDU-000665,1,17,3,9500,1,1,143.0,1,3,3,9,7,129.0,1,0,0,1,1,0,19,0,0,7,8,7,13.3625,0,0,8,9,8,14.444444444444445,0,13.9,-0.3,0.79,Graduate,Male,No,No,Up to Date,Yes,1.08,1,1.0,1.0,14.01,0,1.17,1.08
EDU-000666,1,1,1,9085,1,1,144.0,13,3,3,6,6,137.6,1,0,0,1,0,1,19,1,0,5,6,5,15.4,0,0,5,5,5,16.0,0,10.8,1.4,1.74,Graduate,Female,Yes,No,Up to Date,Yes,0.6,0,1.0,1.0,15.76,0,0.83,0.6
EDU-000667,1,17,2,9773,1,1,126.0,1,37,38,5,5,129.5,1,0,1,0,0,0,18,0,0,6,9,5,12.2,0,0,6,9,4,11.75,0,10.8,1.4,1.74,Dropout,Female,No,Yes,In Arrears,Yes,-0.45,-1,0.8333,0.6667,7.95,1,1.0,0.45
EDU-000668,1,51,1,9238,1,39,140.0,1,38,38,5,7,129.1,1,0,0,1,0,1,20,0,6,11,11,11,12.818181818181818,0,6,11,11,11,13.545454545454543,0,12.4,0.5,1.79,Graduate,Female,Yes,No,Up to Date,Yes,0.73,0,1.0,1.0,13.25,0,1.83,0.73
EDU-000669,1,17,5,9500,1,1,148.0,1,1,19,4,8,130.2,1,0,0,1,0,0,19,0,0,7,0,0,0.0,0,0,8,0,0,0.0,0,12.4,0.5,1.79,Dropout,Female,No,No,Up to Date,Yes,0.0,0,0.0,0.0,0.0,0,1.17,0.0
EDU-000670,1,42,1,9500,1,1,100.0,1,19,37,5,7,134.3,1,0,0,1,0,0,28,0,12,17,21,17,13.394736842105264,0,11,17,19,17,13.554736842105264,0,16.2,0.3,-0.92,Graduate,Female,No,No,Up to Date,Yes,0.16,0,1.0,1.0,13.49,0,2.83,0.16
EDU-000671,1,1,1,9238,1,1,151.0,1,37,1,9,9,138.4,1,0,0,1,0,1,20,0,0,6,8,6,14.25,0,0,6,8,6,11.0,0,12.7,3.7,-1.7,Graduate,Female,Yes,No,Up to Date,Yes,-3.25,0,1.0,1.0,12.3,0,1.0,3.25
EDU-000672,1,42,1,8014,0,1,120.0,1,37,38,90,7,120.0,1,0,0,1,0,0,30,0,9,11,19,9,13.444444444444445,1,5,7,7,7,14.714285714285714,0,7.6,2.6,0.32,Dropout,Female,No,No,Up to Date,Yes,1.27,-2,0.8182,1.0,14.21,0,1.83,1.27
EDU-000673,1,1,4,9500,1,1,135.0,1,1,19,9,7,123.5,1,0,0,1,0,1,19,0,0,7,8,7,12.285714285714286,0,0,8,10,8,11.7375,0,12.4,0.5,1.79,Graduate,Female,Yes,No,Up to Date,Yes,-0.55,1,1.0,1.0,11.96,0,1.17,0.55
EDU-000674,1,1,2,9070,1,1,121.0,1,19,19,3,3,116.1,1,0,0,1,0,0,22,0,0,6,7,6,11.666666666666666,0,0,6,7,5,13.2,0,12.7,3.7,-1.7,Graduate,Female,No,No,Up to Date,Yes,1.53,-1,1.0,0.8333,10.49,0,1.0,1.53
EDU-000675,1,1,1,9254,1,1,116.0,1,38,38,5,8,110.8,1,0,0,1,0,0,18,0,0,6,8,6,12.166666666666666,0,0,6,6,6,13.5,0,11.1,0.6,2.02,Graduate,Female,No,No,Up to Date,Yes,1.33,0,1.0,1.0,12.97,0,1.0,1.33
EDU-000676,1,17,1,9853,1,1,147.0,1,37,37,9,9,142.8,1,0,0,1,0,0,23,0,0,6,11,2,10.0,0,0,6,15,2,11.0,0,7.6,2.6,0.32,Dropout,Female,No,No,Up to Date,Yes,1.0,0,0.3333,0.3333,3.53,0,1.0,1.0
EDU-000677,1,17,4,9070,1,1,160.0,1,1,19,5,7,155.5,1,0,0,1,0,0,18,0,0,6,6,6,14.0,0,0,6,6,6,15.0,0,11.1,0.6,2.02,Graduate,Female,No,No,Up to Date,Yes,1.0,0,1.0,1.0,14.6,0,1.0,1.0
EDU-000678,1,1,1,9853,1,1,133.0,1,37,19,7,7,126.7,1,0,0,1,0,0,18,0,0,6,9,5,11.833333333333334,0,0,6,6,4,12.0,0,15.5,2.8,-4.06,Enrolled,Female,No,No,Up to Date,Yes,0.17,-1,0.8333,0.6667,7.96,0,1.0,0.17
EDU-000679,2,39,1,9773,1,19,100.0,1,37,37,0,0,163.5,0,0,1,0,1,0,50,0,0,6,7,1,15.0,0,0,5,12,0,0.0,0,10.8,1.4,1.74,Dropout,Male,No,Yes,In Arrears,No,-15.0,-1,0.1667,0.0,0.0,1,1.0,15.0
EDU-000680,1,1,1,171,1,1,151.0,41,3,3,2,5,161.9,1,0,0,1,0,1,19,1,0,0,0,0,0.0,0,0,0,0,0,0.0,0,13.9,-0.3,0.79,Graduate,Female,Yes,No,Up to Date,Yes,0.0,0,0.0,0.0,0.0,0,0.0,0.0
EDU-000681,1,17,2,9254,1,1,124.0,41,19,38,9,9,123.3,1,0,0,1,0,0,22,1,0,6,7,6,10.833333333333334,0,0,6,6,6,10.666666666666666,0,13.9,-0.3,0.79,Graduate,Female,No,No,Up to Date,Yes,-0.17,0,1.0,1.0,10.73,0,1.0,0.17
EDU-000682,1,44,1,9238,1,39,140.0,41,1,1,4,6,137.5,0,0,1,1,0,1,23,1,3,6,7,6,13.142857142857142,0,2,6,6,6,14.0,0,12.4,0.5,1.79,Graduate,Female,Yes,Yes,Up to Date,No,0.86,0,1.0,1.0,13.66,0,1.0,0.86
EDU-000683,1,18,4,9085,1,1,170.0,1,1,1,4,5,166.6,0,0,1,0,0,1,20,0,2,5,8,5,14.4,1,0,5,6,5,14.0,0,12.7,3.7,-1.7,Dropout,Female,Yes,Yes,In Arrears,No,-0.4,0,1.0,1.0,14.16,1,0.83,0.4
EDU-000684,4,39,1,9238,1,19,133.1,1,37,37,9,10,103.5,0,0,0,0,0,0,44,0,0,6,0,0,0.0,0,0,6,0,0,0.0,0,13.9,-0.3,0.79,Dropout,Female,No,No,In Arrears,No,0.0,0,0.0,0.0,0.0,0,1.0,0.0
EDU-000685,4,39,1,9003,1,19,133.1,1,37,37,9,9,110.0,0,0,0,1,1,0,49,0,6,12,17,7,12.0,0,3,12,19,9,11.22222222222222,0,15.5,2.8,-4.06,Graduate,Male,No,No,Up to Date,No,-0.78,2,0.5833,0.75,8.65,0,2.0,0.78
EDU-000686,2,43,1,9991,0,1,100.0,1,37,37,9,9,128.2,0,0,0,1,1,0,46,0,6,10,13,9,12.2,0,4,10,12,10,12.8,0,7.6,2.6,0.32,Graduate,Male,No,No,Up to Date,No,0.6,1,0.9,1.0,12.56,0,1.67,0.6
EDU-000687,1,39,1,9085,1,39,120.0,1,37,37,1,9,137.7,1,0,0,0,1,0,41,0,3,3,3,3,12.333333333333334,0,2,2,2,2,11.0,0,12.4,0.5,1.79,Dropout,Male,No,No,In Arrears,Yes,-1.33,-1,1.0,1.0,11.53,0,0.5,1.33
EDU-000688,1,17,3,9500,1,1,133.0,1,38,19,9,8,128.8,1,0,0,1,1,0,18,0,0,7,8,7,11.8375,0,0,8,9,8,12.48125,0,13.9,-0.3,0.79,Graduate,Male,No,No,Up to Date,Yes,0.64,1,1.0,1.0,12.22,0,1.17,0.64
EDU-000689,3,39,1,9991,0,1,120.0,1,37,1,9,2,170.0,0,0,0,1,1,0,43,0,0,5,5,5,11.8,0,0,5,6,5,14.0,0,9.4,-0.8,-3.12,Graduate,Male,No,No,Up to Date,No,2.2,0,1.0,1.0,13.12,0,0.83,2.2
EDU-000690,4,39,2,9147,1,19,133.1,1,37,37,9,7,116.4,0,0,1,0,1,0,70,0,0,5,5,0,0.0,0,0,5,9,0,0.0,0,10.8,1.4,1.74,Dropout,Male,No,Yes,In Arrears,No,0.0,0,0.0,0.0,0.0,1,0.83,0.0
EDU-000691,4,39,1,9130,1,19,133.1,1,37,38,9,4,100.9,0,0,0,1,1,0,48,0,0,6,0,0,0.0,0,0,6,0,0,0.0,0,15.5,2.8,-4.06,Dropout,Male,No,No,Up to Date,No,0.0,0,0.0,0.0,0.0,0,1.0,0.0
EDU-000692,2,43,1,9003,1,1,133.1,1,37,37,9,7,136.0,0,0,0,1,1,0,41,0,18,19,19,19,12.68421052631579,0,12,13,13,13,12.384615384615383,0,15.5,2.8,-4.06,Graduate,Male,No,No,Up to Date,No,-0.3,-6,1.0,1.0,12.5,0,3.17,0.3
EDU-000693,1,1,1,9254,1,1,140.0,1,19,19,9,3,130.0,0,0,0,1,1,0,21,0,0,6,8,6,12.571428571428571,0,0,6,10,4,13.0,0,12.7,3.7,-1.7,Enrolled,Male,No,No,Up to Date,No,0.43,-2,1.0,0.6667,8.55,0,1.0,0.43
EDU-000694,1,39,1,33,1,1,100.0,41,38,37,9,8,100.0,0,0,1,0,1,0,35,1,0,7,18,3,11.25,0,0,7,7,0,0.0,0,16.2,0.3,-0.92,Dropout,Male,No,Yes,In Arrears,No,-11.25,-3,0.4286,0.0,0.0,1,1.17,11.25
EDU-000695,2,39,1,9130,1,19,133.1,1,2,1,2,9,157.0,1,0,0,1,1,0,44,0,1,5,13,4,14.0,3,1,5,9,4,15.5,2,10.8,1.4,1.74,Graduate,Male,No,No,Up to Date,Yes,1.5,0,0.8,0.8,11.92,0,0.83,1.5
EDU-000696,1,1,1,9147,1,1,143.0,1,3,1,5,5,152.1,1,0,1,1,1,0,18,0,0,5,15,4,13.333333333333334,0,0,5,6,2,13.5,0,13.9,-0.3,0.79,Dropout,Male,No,Yes,Up to Date,Yes,0.17,-2,0.8,0.4,5.37,0,0.83,0.17
EDU-000697,2,1,1,8014,0,1,165.0,1,37,37,0,0,162.9,1,0,0,1,1,0,45,0,0,6,7,6,13.666666666666666,0,0,6,6,6,13.666666666666666,0,7.6,2.6,0.32,Graduate,Male,No,No,Up to Date,Yes,0.0,0,1.0,1.0,13.67,0,1.0,0.0
EDU-000698,1,1,1,9254,1,1,154.0,1,3,1,2,1,137.2,0,0,0,1,1,0,20,0,0,6,12,3,10.0,0,0,6,9,5,10.8,0,15.5,2.8,-4.06,Enrolled,Male,No,No,Up to Date,No,0.8,2,0.5,0.8333,8.73,0,1.0,0.8
EDU-000699,1,44,1,9003,1,39,140.0,1,1,38,9,1,140.0,1,0,0,1,1,0,22,0,0,6,12,5,12.6,0,0,6,11,6,11.714285714285714,0,12.4,0.5,1.79,Graduate,Male,No,No,Up to Date,Yes,-0.89,1,0.8333,1.0,12.07,0,1.0,0.89
EDU-000700,1,43,1,9119,1,1,140.0,1,37,38,5,7,146.5,0,0,0,1,1,0,39,0,0,5,10,3,17.333333333333332,0,0,5,11,1,17.0,0,13.9,-0.3,0.79,Dropout,Male,No,No,Up to Date,No,-0.33,-2,0.6,0.2,3.43,0,0.83,0.33
EDU-000701,1,44,1,9085,1,39,130.0,1,2,2,6,6,130.0,0,0,0,0,1,0,20,0,2,6,10,5,13.2,0,1,6,21,3,12.0,0,12.4,0.5,1.79,Enrolled,Male,No,No,In Arrears,No,-1.2,-2,0.8333,0.5,6.24,0,1.0,1.2
EDU-000702,2,39,1,9147,1,19,133.1,1,37,19,9,3,128.0,0,0,0,1,1,0,49,0,0,5,9,3,14.0,0,0,5,8,3,13.666666666666666,0,8.9,1.4,3.51,Dropout,Male,No,No,Up to Date,No,-0.33,0,0.6,0.6,8.28,0,0.83,0.33
EDU-000703,1,7,1,9556,1,4,190.0,1,5,5,2,2,190.0,1,0,0,1,1,0,43,0,4,4,4,4,13.875,0,1,1,1,1,12.5,0,11.1,0.6,2.02,Dropout,Male,No,No,Up to Date,Yes,-1.38,-3,1.0,1.0,13.05,0,0.67,1.38
EDU-000704,2,39,1,9991,0,1,120.0,1,37,37,9,9,133.2,1,0,0,1,1,0,32,0,0,5,5,0,0.0,0,0,5,5,0,0.0,0,7.6,2.6,0.32,Dropout,Male,No,No,Up to Date,Yes,0.0,0,0.0,0.0,0.0,0,0.83,0.0
EDU-000705,1,39,1,9238,1,12,100.0,1,37,37,9,9,124.3,0,0,0,1,1,0,47,0,3,9,9,9,13.11111111111111,0,3,7,7,7,14.857142857142858,0,10.8,1.4,1.74,Graduate,Male,No,No,Up to Date,No,1.75,-2,1.0,1.0,14.16,0,1.5,1.75
EDU-000706,5,39,1,9991,0,1,120.0,1,37,37,9,9,138.1,0,0,0,1,1,1,37,0,0,5,8,5,13.0,0,0,5,11,4,13.333333333333334,2,16.2,0.3,-0.92,Dropout,Male,Yes,No,Up to Date,No,0.33,-1,1.0,0.8,10.56,0,0.83,0.33
EDU-000707,2,39,1,8014,0,1,133.1,1,19,1,4,8,144.3,0,0,0,1,1,0,41,0,6,10,10,10,12.5,0,3,7,7,7,12.142857142857142,0,10.8,1.4,1.74,Graduate,Male,No,No,Up to Date,No,-0.36,-3,1.0,1.0,12.29,0,1.67,0.36
EDU-000708,2,39,1,9003,1,1,150.0,1,37,37,9,6,140.0,0,0,0,1,1,0,60,0,17,18,18,18,14.11111111111111,0,11,13,13,13,14.23076923076923,0,15.5,2.8,-4.06,Graduate,Male,No,No,Up to Date,No,0.12,-5,1.0,1.0,14.18,0,3.0,0.12
EDU-000709,2,39,1,9254,1,1,120.0,1,1,19,9,9,148.3,0,0,0,1,1,0,47,0,6,11,11,11,14.727272727272728,0,6,9,9,9,15.77777777777778,0,10.8,1.4,1.74,Graduate,Male,No,No,Up to Date,No,1.05,-2,1.0,1.0,15.36,0,1.83,1.05
EDU-000710,1,39,1,8014,0,1,133.1,1,37,11,9,7,96.0,0,0,1,0,1,0,50,0,0,6,6,0,0.0,0,0,5,6,0,0.0,0,12.4,0.5,1.79,Dropout,Male,No,Yes,In Arrears,No,0.0,0,0.0,0.0,0.0,1,1.0,0.0
EDU-000711,2,39,1,9991,0,19,133.1,1,38,38,90,90,121.7,1,0,0,1,1,0,45,0,0,5,5,0,0.0,0,0,5,5,0,0.0,0,7.6,2.6,0.32,Dropout,Male,No,No,Up to Date,Yes,0.0,0,0.0,0.0,0.0,0,0.83,0.0
EDU-000712,1,39,1,9119,1,1,100.0,1,37,37,9,8,160.0,0,0,1,0,1,0,45,0,0,5,5,0,0.0,0,0,5,5,0,0.0,0,15.5,2.8,-4.06,Dropout,Male,No,Yes,In Arrears,No,0.0,0,0.0,0.0,0.0,1,0.83,0.0
EDU-000713,2,39,1,9085,1,1,133.1,1,37,37,90,90,110.3,0,0,0,1,1,0,33,0,0,5,7,4,13.5,0,0,5,6,5,11.6,0,7.6,2.6,0.32,Graduate,Male,No,No,Up to Date,No,-1.9,1,0.8,1.0,12.36,0,0.83,1.9
EDU-000714,1,1,1,9500,1,1,143.0,1,3,3,2,2,129.0,0,0,0,1,1,0,18,0,0,8,8,7,13.105714285714283,0,0,8,8,7,13.105714285714283,0,10.8,1.4,1.74,Graduate,Male,No,No,Up to Date,No,0.0,0,0.875,0.875,11.47,0,1.33,0.0
EDU-000715,2,39,1,9085,1,1,120.0,1,37,37,6,6,150.0,0,0,0,1,1,0,43,0,0,5,8,5,13.5,2,0,5,5,5,14.4,0,9.4,-0.8,-3.12,Graduate,Male,No,No,Up to Date,No,0.9,0,1.0,1.0,14.04,0,0.83,0.9
EDU-000716,1,43,1,8014,0,1,161.0,1,19,37,4,10,100.0,0,0,0,1,1,0,44,0,9,13,18,13,11.846153846153848,0,9,11,11,11,12.0,0,12.7,3.7,-1.7,Graduate,Male,No,No,Up to Date,No,0.15,-2,1.0,1.0,11.94,0,2.17,0.15
EDU-000717,1,39,1,9130,1,9,133.1,1,34,36,0,90,107.5,0,0,0,1,1,0,29,0,0,5,5,0,0.0,0,0,5,5,0,0.0,0,7.6,2.6,0.32,Dropout,Male,No,No,Up to Date,No,0.0,0,0.0,0.0,0.0,0,0.83,0.0
EDU-000718,4,39,1,9670,1,1,140.0,1,2,1,3,9,170.0,0,0,1,0,1,0,53,0,0,6,11,3,14.333333333333334,0,0,6,6,0,0.0,0,12.7,3.7,-1.7,Dropout,Male,No,Yes,In Arrears,No,-14.33,-3,0.5,0.0,0.0,1,1.0,14.33
EDU-000719,2,42,1,9991,0,6,123.0,1,37,37,9,9,123.0,0,0,0,1,1,0,37,0,0,5,10,5,15.8,0,0,5,5,5,17.6,0,9.4,-0.8,-3.12,Enrolled,Male,No,No,Up to Date,No,1.8,0,1.0,1.0,16.88,0,0.83,1.8
EDU-000720,1,43,1,9670,1,1,142.0,1,38,1,8,10,138.5,1,0,0,1,1,0,18,0,0,6,16,5,13.8,0,0,6,7,5,12.4,0,13.9,-0.3,0.79,Enrolled,Male,No,No,Up to Date,Yes,-1.4,0,0.8333,0.8333,10.8,0,1.0,1.4
EDU-000721,1,43,1,33,1,19,133.1,1,38,38,4,4,140.0,0,0,1,1,1,0,35,0,3,10,18,6,12.666666666666666,0,1,9,11,3,12.0,2,16.2,0.3,-0.92,Dropout,Male,No,Yes,Up to Date,No,-0.67,-3,0.6,0.3333,4.09,0,1.67,0.67
EDU-000722,1,1,1,9254,1,1,115.0,1,19,1,3,7,113.6,0,0,0,1,1,0,23,0,0,6,10,6,13.0,0,0,6,9,6,12.0,0,11.1,0.6,2.02,Enrolled,Male,No,No,Up to Date,No,-1.0,0,1.0,1.0,12.4,0,1.0,1.0
EDU-000723,1,1,1,171,1,1,156.0,1,19,38,9,5,170.0,1,0,0,1,1,0,22,0,0,0,0,0,0.0,0,0,0,0,0,0.0,0,7.6,2.6,0.32,Graduate,Male,No,No,Up to Date,Yes,0.0,0,0.0,0.0,0.0,0,0.0,0.0
EDU-000724,1,39,1,8014,0,1,140.0,1,37,37,90,5,115.5,0,0,0,0,1,0,33,0,0,6,6,1,11.0,0,0,6,0,0,0.0,0,10.8,1.4,1.74,Dropout,Male,No,No,In Arrears,No,-11.0,-1,0.1667,0.0,0.0,0,1.0,11.0
EDU-000725,1,7,3,9130,1,3,130.0,1,37,26,90,10,130.0,0,0,0,0,1,0,41,0,0,5,9,0,0.0,4,0,5,9,0,0.0,3,10.8,1.4,1.74,Dropout,Male,No,No,In Arrears,No,0.0,0,0.0,0.0,0.0,0,0.83,0.0
EDU-000726,4,7,1,9500,1,3,140.0,1,37,38,9,7,140.0,0,0,0,1,1,0,51,0,4,7,7,7,15.2,0,6,8,8,8,16.575,0,13.9,-0.3,0.79,Graduate,Male,No,No,Up to Date,No,1.38,1,1.0,1.0,16.02,0,1.17,1.38
EDU-000727,1,51,1,9670,1,1,140.0,1,12,5,3,3,126.6,0,0,0,1,1,0,19,0,2,6,7,6,14.428571428571429,0,1,7,8,7,14.375,0,11.1,0.6,2.02,Graduate,Male,No,No,Up to Date,No,-0.05,1,1.0,1.0,14.4,0,1.0,0.05
EDU-000728,1,39,1,9991,0,1,133.1,1,37,37,9,9,143.2,0,0,0,1,1,0,35,0,0,5,5,0,0.0,0,0,5,5,0,0.0,0,11.1,0.6,2.02,Dropout,Male,No,No,Up to Date,No,0.0,0,0.0,0.0,0.0,0,0.83,0.0
EDU-000729,1,1,2,171,1,1,131.0,41,19,1,4,7,131.4,1,0,0,1,1,0,20,1,0,0,0,0,0.0,0,0,0,0,0,0.0,0,7.6,2.6,0.32,Graduate,Male,No,No,Up to Date,Yes,0.0,0,0.0,0.0,0.0,0,0.0,0.0
EDU-000730,1,43,1,9670,1,1,141.0,1,3,2,2,2,133.3,1,0,0,1,1,0,18,0,0,6,13,4,13.75,0,0,6,8,5,11.2,0,13.9,-0.3,0.79,Enrolled,Male,No,No,Up to Date,Yes,-2.55,1,0.6667,0.8333,10.18,0,1.0,2.55
EDU-000731,1,1,1,9773,1,1,120.0,1,19,37,9,9,118.3,0,0,1,0,1,1,18,0,0,6,11,5,12.166666666666666,0,0,6,15,3,12.0,0,13.9,-0.3,0.79,Dropout,Male,Yes,Yes,In Arrears,No,-0.17,-2,0.8333,0.5,6.03,1,1.0,0.17
EDU-000732,1,44,1,9003,1,39,140.0,1,2,1,4,6,140.0,0,0,0,1,1,0,21,0,0,6,12,5,12.142857142857142,0,0,6,11,5,11.666666666666666,0,13.9,-0.3,0.79,Graduate,Male,No,No,Up to Date,No,-0.48,0,0.8333,0.8333,9.88,0,1.0,0.48
EDU-000733,1,1,1,9254,1,1,132.0,1,1,19,6,6,124.7,1,0,0,1,1,0,21,0,0,6,9,6,12.0,0,0,6,8,5,11.6,0,13.9,-0.3,0.79,Graduate,Male,No,No,Up to Date,Yes,-0.4,-1,1.0,0.8333,9.8,0,1.0,0.4
EDU-000734,2,39,2,9147,1,1,130.0,1,19,37,4,7,140.0,0,0,0,1,1,0,34,0,0,5,10,3,11.666666666666666,1,0,5,7,4,12.75,0,9.4,-0.8,-3.12,Graduate,Male,No,No,Up to Date,No,1.08,1,0.6,0.8,9.85,0,0.83,1.08
EDU-000735,4,39,1,9130,1,1,140.0,1,37,37,6,7,150.0,1,0,0,1,1,0,34,0,0,6,9,0,0.0,0,0,6,6,0,0.0,0,16.2,0.3,-0.92,Dropout,Male,No,No,Up to Date,Yes,0.0,0,0.0,0.0,0.0,0,1.0,0.0
EDU-000736,1,17,2,9670,1,1,110.0,1,3,3,4,10,115.6,1,0,0,1,1,0,21,0,0,6,10,6,11.875,0,0,6,8,5,12.0,0,11.1,0.6,2.02,Graduate,Male,No,No,Up to Date,Yes,0.12,-1,1.0,0.8333,9.96,0,1.0,0.12
EDU-000737,1,43,1,9773,1,1,140.0,1,3,37,3,7,116.9,0,0,0,1,1,0,32,0,6,11,15,7,11.285714285714286,0,5,7,10,6,12.333333333333334,0,13.9,-0.3,0.79,Enrolled,Male,No,No,Up to Date,No,1.05,-1,0.6364,0.8571,10.21,0,1.83,1.05
EDU-000738,1,17,2,9254,1,1,130.0,1,37,37,5,7,123.4,1,0,0,1,1,0,30,0,0,6,17,2,10.0,0,0,6,15,3,11.333333333333334,0,7.6,2.6,0.32,Dropout,Male,No,No,Up to Date,Yes,1.33,1,0.3333,0.5,5.4,0,1.0,1.33
EDU-000739,1,1,1,171,1,1,137.0,1,1,3,3,7,146.5,1,0,1,1,1,0,19,0,6,12,13,11,12.0,0,4,11,15,10,11.181818181818182,0,8.9,1.4,3.51,Enrolled,Male,No,Yes,Up to Date,Yes,-0.82,-1,0.9167,0.9091,10.46,0,2.0,0.82
EDU-000740,1,51,1,9773,1,1,158.0,1,1,19,8,8,117.1,1,0,0,1,1,0,20,0,1,7,7,6,13.833333333333334,0,1,6,7,5,13.0,0,8.9,1.4,3.51,Dropout,Male,No,No,Up to Date,Yes,-0.83,-1,0.8571,0.8333,11.11,0,1.17,0.83
EDU-000741,1,1,1,9070,1,1,124.0,1,19,19,9,7,113.9,1,0,0,1,1,0,18,0,0,6,0,0,0.0,0,0,6,0,0,0.0,0,12.4,0.5,1.79,Dropout,Male,No,No,Up to Date,Yes,0.0,0,0.0,0.0,0.0,0,1.0,0.0
EDU-000742,1,1,1,9254,1,1,136.0,1,3,3,2,2,128.7,0,0,0,1,1,0,19,0,0,6,7,6,14.428571428571429,0,0,6,6,6,12.5,0,8.9,1.4,3.51,Graduate,Male,No,No,Up to Date,No,-1.93,0,1.0,1.0,13.27,0,1.0,1.93
EDU-000743,1,17,3,9500,1,1,142.0,1,3,3,3,3,132.9,1,0,0,1,1,0,18,0,0,7,8,5,14.2,0,0,7,9,6,12.4,0,12.4,0.5,1.79,Dropout,Male,No,No,Up to Date,Yes,-1.8,1,0.7143,0.8571,11.25,0,1.17,1.8
EDU-000744,1,39,1,9991,0,1,150.0,1,1,19,4,8,123.0,0,0,0,1,1,0,27,0,0,5,8,4,11.5,0,0,5,9,3,10.333333333333334,0,12.7,3.7,-1.7,Dropout,Male,No,No,Up to Date,No,-1.17,-1,0.8,0.6,6.48,0,0.83,1.17
EDU-000745,1,39,1,9773,1,12,120.0,1,1,1,9,9,129.8,1,0,0,1,1,0,52,0,0,6,7,5,13.0,0,0,6,6,6,15.0,0,9.4,-0.8,-3.12,Graduate,Male,No,No,Up to Date,Yes,2.0,1,0.8333,1.0,14.2,0,1.0,2.0
EDU-000746,2,43,1,9003,1,1,149.0,1,1,1,4,5,156.1,1,0,0,0,1,0,29,0,0,6,6,0,0.0,0,0,6,8,0,0.0,0,15.5,2.8,-4.06,Dropout,Male,No,No,In Arrears,Yes,0.0,0,0.0,0.0,0.0,0,1.0,0.0
EDU-000747,1,51,1,9003,1,39,130.0,1,1,19,4,4,120.0,1,0,1,0,1,0,22,0,0,6,12,3,11.333333333333334,0,0,6,13,2,11.0,0,8.9,1.4,3.51,Dropout,Male,No,Yes,In Arrears,Yes,-0.33,-1,0.5,0.3333,3.71,1,1.0,0.33
EDU-000748,1,43,1,9085,1,1,110.0,25,38,38,9,6,117.2,1,0,0,1,1,0,28,1,13,18,45,18,12.5,12,10,13,26,12,11.428571428571429,6,15.5,2.8,-4.06,Graduate,Male,No,No,Up to Date,Yes,-1.07,-6,1.0,0.9231,10.95,0,3.0,1.07
EDU-000749,1,39,1,9670,1,6,133.1,1,1,1,90,3,107.0,1,0,0,1,1,0,30,0,0,5,5,0,0.0,0,0,5,5,0,0.0,0,7.6,2.6,0.32,Dropout,Male,No,No,Up to Date,Yes,0.0,0,0.0,0.0,0.0,0,0.83,0.0
EDU-000750,1,1,2,9500,1,1,134.0,1,1,1,5,3,128.4,1,0,0,1,0,0,18,0,0,7,7,7,13.471428571428572,0,0,8,9,8,13.944444444444445,0,16.2,0.3,-0.92,Graduate,Female,No,No,Up to Date,Yes,0.47,1,1.0,1.0,13.76,0,1.17,0.47
EDU-000751,1,1,2,9670,1,1,130.0,1,38,37,5,5,123.4,1,0,0,1,0,0,21,0,0,5,5,4,11.75,0,0,5,5,3,13.333333333333334,0,9.4,-0.8,-3.12,Graduate,Female,No,No,Up to Date,Yes,1.58,-1,0.8,0.6,7.62,0,0.83,1.58
EDU-000752,1,1,1,9070,1,1,141.0,1,37,37,9,9,126.7,1,0,1,1,0,1,20,0,0,6,9,6,13.333333333333334,0,0,6,10,6,14.666666666666666,0,12.7,3.7,-1.7,Graduate,Female,Yes,Yes,Up to Date,Yes,1.33,0,1.0,1.0,14.13,0,1.0,1.33
EDU-000753,1,42,1,9500,1,1,123.0,1,37,37,3,3,123.0,1,0,0,1,0,1,21,0,0,8,8,8,13.105,0,0,8,8,8,13.105,0,9.4,-0.8,-3.12,Graduate,Female,Yes,No,Up to Date,Yes,0.0,0,1.0,1.0,13.1,0,1.33,0.0
EDU-000754,2,39,1,9991,0,19,133.1,1,19,37,7,9,137.2,0,0,1,0,0,0,32,0,0,5,5,0,0.0,0,0,5,6,0,0.0,0,10.8,1.4,1.74,Dropout,Female,No,Yes,In Arrears,No,0.0,0,0.0,0.0,0.0,1,0.83,0.0
EDU-000755,1,1,3,9070,1,1,122.0,1,37,37,9,9,125.9,1,0,0,1,1,1,20,0,0,6,6,6,15.5,0,0,6,7,6,12.166666666666666,0,12.4,0.5,1.79,Graduate,Male,Yes,No,Up to Date,Yes,-3.33,0,1.0,1.0,13.5,0,1.0,3.33
EDU-000756,1,1,4,171,1,1,132.0,1,1,19,4,5,138.0,1,0,1,0,1,0,19,0,0,0,0,0,0.0,0,0,0,0,0,0.0,0,15.5,2.8,-4.06,Dropout,Male,No,Yes,In Arrears,Yes,0.0,0,0.0,0.0,0.0,1,0.0,0.0
EDU-000757,1,15,1,9670,1,1,133.1,41,1,1,9,5,128.2,0,0,1,0,1,0,18,1,0,6,6,4,11.25,0,0,6,7,3,12.333333333333334,0,8.9,1.4,3.51,Dropout,Male,No,Yes,In Arrears,No,1.08,-1,0.6667,0.5,5.95,1,1.0,1.08
EDU-000758,1,43,1,9991,0,1,130.0,1,37,2,9,4,126.5,1,0,0,0,1,0,23,0,10,15,24,12,11.0,0,10,14,21,11,11.363636363636363,1,7.6,2.6,0.32,Dropout,Male,No,No,In Arrears,Yes,0.36,-1,0.8,0.7857,8.81,0,2.5,0.36
EDU-000759,1,1,1,9254,1,1,111.0,1,1,1,3,3,112.4,1,0,0,1,1,0,20,0,0,6,10,6,12.333333333333334,0,0,6,9,4,13.0,0,12.4,0.5,1.79,Graduate,Male,No,No,Up to Date,Yes,0.67,-2,1.0,0.6667,8.49,0,1.0,0.67
EDU-000760,2,43,2,9147,1,1,133.1,1,37,37,9,9,109.0,1,0,0,1,0,0,46,0,4,9,18,8,11.375,2,0,5,11,5,11.8,0,9.4,-0.8,-3.12,Graduate,Female,No,No,Up to Date,Yes,0.43,-3,0.8889,1.0,11.63,0,1.5,0.43
EDU-000761,1,17,1,9003,1,1,125.0,1,3,3,2,2,100.0,0,0,0,1,1,0,27,0,16,18,19,18,12.22222222222222,0,9,12,15,12,12.384615384615383,0,15.5,2.8,-4.06,Graduate,Male,No,No,Up to Date,No,0.16,-6,1.0,1.0,12.32,0,3.0,0.16
EDU-000762,1,5,1,171,1,1,137.0,1,3,19,1,10,144.7,1,0,0,1,1,0,20,0,0,0,0,0,0.0,0,0,0,0,0,0.0,0,16.2,0.3,-0.92,Enrolled,Male,No,No,Up to Date,Yes,0.0,0,0.0,0.0,0.0,0,0.0,0.0
EDU-000763,2,43,3,8014,0,19,100.0,1,37,37,9,9,120.0,1,0,0,1,1,0,41,0,5,9,11,9,12.0,0,3,7,8,6,12.0,0,9.4,-0.8,-3.12,Graduate,Male,No,No,Up to Date,Yes,0.0,-3,1.0,0.8571,10.29,0,1.5,0.0
EDU-000764,1,15,1,9147,1,1,133.1,21,1,3,192,3,100.0,0,0,1,1,1,0,40,1,0,5,10,1,11.0,0,0,5,10,1,10.0,0,11.1,0.6,2.02,Enrolled,Male,No,Yes,Up to Date,No,-1.0,0,0.2,0.2,2.08,0,0.83,1.0
EDU-000765,2,44,1,8014,0,39,150.0,1,1,1,5,5,154.0,0,0,0,1,1,0,37,0,12,16,17,16,14.125,0,6,11,14,10,13.0,0,12.4,0.5,1.79,Graduate,Male,No,No,Up to Date,No,-1.12,-6,1.0,0.9091,12.23,0,2.67,1.12
EDU-000766,1,1,4,9147,1,1,120.0,1,38,38,5,10,111.3,0,0,0,1,1,0,20,0,0,5,8,5,10.2,0,0,5,7,5,11.2,0,12.4,0.5,1.79,Enrolled,Male,No,No,Up to Date,No,1.0,0,1.0,1.0,10.8,0,0.83,1.0
EDU-000767,1,44,1,9130,1,39,150.0,1,1,1,4,4,150.0,1,0,0,1,0,0,20,0,0,5,7,4,12.0,1,0,5,6,4,12.4,0,10.8,1.4,1.74,Enrolled,Female,No,No,Up to Date,Yes,0.4,0,0.8,0.8,9.79,0,0.83,0.4
EDU-000768,1,7,1,9991,0,40,133.1,1,1,37,4,1,100.0,0,0,0,1,0,0,26,0,8,9,11,9,12.333333333333334,0,4,7,7,7,12.571428571428571,0,12.4,0.5,1.79,Graduate,Female,No,No,Up to Date,No,0.24,-2,1.0,1.0,12.48,0,1.5,0.24
EDU-000769,2,39,1,8014,0,1,133.1,1,37,37,9,7,162.5,0,0,0,1,1,0,54,0,4,9,9,9,14.333333333333334,0,2,7,7,7,13.857142857142858,0,8.9,1.4,3.51,Graduate,Male,No,No,Up to Date,No,-0.48,-2,1.0,1.0,14.05,0,1.5,0.48
EDU-000770,1,17,5,9670,1,1,132.0,1,19,19,5,5,134.1,1,0,0,1,1,0,21,0,0,6,6,6,15.166666666666666,0,0,6,9,6,14.0,0,10.8,1.4,1.74,Graduate,Male,No,No,Up to Date,Yes,-1.17,0,1.0,1.0,14.47,0,1.0,1.17
EDU-000771,1,1,1,9085,1,1,134.0,1,1,1,9,9,133.0,1,0,0,1,0,1,20,0,0,6,8,6,15.142857142857142,0,0,6,8,6,15.142857142857142,0,11.1,0.6,2.02,Graduate,Female,Yes,No,Up to Date,Yes,0.0,0,1.0,1.0,15.14,0,1.0,0.0
EDU-000772,1,17,6,9773,1,1,126.0,1,1,19,5,5,119.0,1,0,0,1,0,0,18,0,0,6,0,0,0.0,0,0,6,0,0,0.0,0,12.4,0.5,1.79,Dropout,Female,No,No,Up to Date,Yes,0.0,0,0.0,0.0,0.0,0,1.0,0.0
EDU-000773,1,1,3,9500,1,1,136.0,1,1,19,4,9,131.1,1,0,0,1,0,0,19,0,0,7,9,6,13.411428571428573,0,0,8,12,7,13.294444444444444,0,15.5,2.8,-4.06,Enrolled,Female,No,No,Up to Date,Yes,-0.12,1,0.8571,0.875,11.67,0,1.17,0.12
EDU-000774,1,1,2,9238,1,1,129.0,1,38,1,4,10,129.4,1,0,0,1,0,0,18,0,0,6,7,6,12.333333333333334,0,0,6,7,6,12.166666666666666,0,9.4,-0.8,-3.12,Graduate,Female,No,No,Up to Date,Yes,-0.17,0,1.0,1.0,12.23,0,1.0,0.17
EDU-000775,1,1,1,9085,1,1,126.0,1,3,1,2,8,123.9,1,0,0,1,0,0,19,0,0,6,13,4,11.8,0,0,6,18,4,12.2,0,12.4,0.5,1.79,Enrolled,Female,No,No,Up to Date,Yes,0.4,0,0.6667,0.6667,8.03,0,1.0,0.4
EDU-000776,1,44,1,9085,1,39,140.0,1,1,1,4,7,140.0,1,0,1,1,0,0,22,0,2,6,9,6,12.0,0,1,6,12,3,12.0,0,13.9,-0.3,0.79,Dropout,Female,No,Yes,Up to Date,Yes,0.0,-3,1.0,0.5,6.0,0,1.0,0.0
EDU-000777,1,43,1,9085,1,1,162.0,1,2,1,4,4,162.0,0,0,0,1,0,0,19,0,0,6,7,6,15.0,0,0,6,8,6,15.625,0,12.4,0.5,1.79,Graduate,Female,No,No,Up to Date,No,0.62,0,1.0,1.0,15.38,0,1.0,0.62
EDU-000778,1,1,1,171,1,1,148.0,1,3,2,4,2,131.6,1,0,0,1,0,0,21,0,6,12,12,8,13.875,0,4,11,13,9,12.7,1,8.9,1.4,3.51,Dropout,Female,No,No,Up to Date,Yes,-1.18,1,0.6667,0.8182,10.78,0,2.0,1.18
EDU-000779,1,17,1,9853,1,1,119.0,1,3,3,132,132,110.6,0,0,0,1,0,0,20,0,0,7,9,6,11.833333333333334,0,0,7,7,6,14.333333333333334,0,11.1,0.6,2.02,Enrolled,Female,No,No,Up to Date,No,2.5,0,0.8571,0.8571,11.43,0,1.17,2.5
EDU-000780,1,17,3,9773,1,1,123.0,1,1,19,5,5,117.4,1,0,0,1,0,1,18,0,0,6,6,6,12.5,0,0,6,6,6,13.833333333333334,0,16.2,0.3,-0.92,Graduate,Female,Yes,No,Up to Date,Yes,1.33,0,1.0,1.0,13.3,0,1.0,1.33
EDU-000781,1,17,1,9773,1,1,150.0,1,38,38,7,7,137.8,1,0,0,1,0,1,18,0,0,6,6,6,15.0,0,0,6,6,6,15.5,0,8.9,1.4,3.51,Graduate,Female,Yes,No,Up to Date,Yes,0.5,0,1.0,1.0,15.3,0,1.0,0.5
EDU-000782,1,17,1,9670,1,1,113.0,1,1,1,5,4,106.7,1,0,1,1,0,0,20,0,0,6,10,2,11.666666666666666,0,0,6,10,4,10.5,0,15.5,2.8,-4.06,Dropout,Female,No,Yes,Up to Date,Yes,-1.17,2,0.3333,0.6667,7.31,0,1.0,1.17
EDU-000783,1,1,1,9500,1,1,152.0,1,19,37,3,8,156.9,0,0,0,1,0,1,18,0,0,7,10,7,14.668,0,0,8,8,8,14.63375,0,15.5,2.8,-4.06,Graduate,Female,Yes,No,Up to Date,No,-0.03,1,1.0,1.0,14.65,0,1.17,0.03
EDU-000784,1,1,3,9500,1,1,154.0,1,3,3,1,3,129.0,1,0,0,1,0,0,18,0,0,8,9,6,13.345,2,0,8,9,6,13.345,2,9.4,-0.8,-3.12,Enrolled,Female,No,No,Up to Date,Yes,0.0,0,0.75,0.75,10.01,0,1.33,0.0
EDU-000785,1,1,2,9773,1,1,130.0,1,1,34,9,9,124.8,1,0,0,1,0,1,20,0,0,6,7,5,12.8,0,0,6,6,6,12.333333333333334,0,12.4,0.5,1.79,Graduate,Female,Yes,No,Up to Date,Yes,-0.47,1,0.8333,1.0,12.52,0,1.0,0.47
EDU-000786,1,1,1,9238,1,1,121.0,1,1,1,1,1,115.1,1,0,0,1,0,0,19,0,0,6,10,6,10.833333333333334,0,0,6,7,6,12.142857142857142,0,11.1,0.6,2.02,Graduate,Female,No,No,Up to Date,Yes,1.31,0,1.0,1.0,11.62,0,1.0,1.31
EDU-000787,1,1,1,9070,1,1,153.0,1,3,3,1,2,146.7,1,0,0,1,0,0,18,0,0,6,6,6,13.666666666666666,0,0,6,6,5,14.0,0,12.7,3.7,-1.7,Graduate,Female,No,No,Up to Date,Yes,0.33,-1,1.0,0.8333,11.56,0,1.0,0.33
EDU-000788,1,1,1,9500,1,1,148.0,1,3,1,4,5,132.8,0,0,0,1,0,0,18,0,0,8,8,7,14.537142857142856,0,0,8,8,7,14.537142857142856,0,10.8,1.4,1.74,Graduate,Female,No,No,Up to Date,No,0.0,0,0.875,0.875,12.72,0,1.33,0.0
EDU-000789,1,5,3,9085,1,1,143.0,1,37,37,0,90,159.1,0,0,1,1,0,1,18,0,0,5,5,5,14.4,0,0,5,5,5,14.0,0,7.6,2.6,0.32,Dropout,Female,Yes,Yes,Up to Date,No,-0.4,0,1.0,1.0,14.16,0,0.83,0.4
EDU-000790,1,17,3,171,1,1,147.0,1,19,1,5,4,137.6,1,0,0,1,0,1,20,0,0,0,0,0,0.0,0,0,0,0,0,0.0,0,12.7,3.7,-1.7,Graduate,Female,Yes,No,Up to Date,Yes,0.0,0,0.0,0.0,0.0,0,0.0,0.0
EDU-000791,1,17,1,9773,1,1,138.0,1,1,19,9,9,124.0,0,0,0,1,0,1,19,0,0,6,6,6,13.166666666666666,0,0,6,6,6,13.833333333333334,0,11.1,0.6,2.02,Graduate,Female,Yes,No,Up to Date,No,0.67,0,1.0,1.0,13.57,0,1.0,0.67
EDU-000792,1,39,1,9500,1,1,120.0,1,3,3,2,2,149.0,0,0,0,0,1,0,36,0,0,6,15,2,11.5,0,0,7,9,0,0.0,0,15.5,2.8,-4.06,Dropout,Male,No,No,In Arrears,No,-11.5,-2,0.3333,0.0,0.0,0,1.0,11.5
EDU-000793,1,17,1,9238,1,1,145.0,1,1,40,9,2,129.6,0,0,0,1,0,1,19,0,0,6,7,6,11.333333333333334,0,0,6,7,6,12.428571428571429,0,11.1,0.6,2.02,Graduate,Female,Yes,No,Up to Date,No,1.1,0,1.0,1.0,11.99,0,1.0,1.1
EDU-000794,1,17,3,9238,1,1,118.0,1,3,1,2,5,110.0,1,0,0,1,0,0,18,0,0,6,6,6,12.0,0,0,6,6,5,13.6,0,8.9,1.4,3.51,Graduate,Female,No,No,Up to Date,Yes,1.6,-1,1.0,0.8333,10.8,0,1.0,1.6
EDU-000795,1,1,3,9773,1,1,121.0,1,19,19,3,3,116.1,0,0,0,1,0,1,18,0,0,6,6,6,13.166666666666666,0,0,6,6,6,12.166666666666666,0,12.4,0.5,1.79,Graduate,Female,Yes,No,Up to Date,No,-1.0,0,1.0,1.0,12.57,0,1.0,1.0
EDU-000796,1,1,3,9773,1,1,135.0,1,38,38,5,8,133.3,1,0,0,1,0,1,18,0,0,6,6,6,14.833333333333334,0,0,6,6,6,14.166666666666666,0,8.9,1.4,3.51,Graduate,Female,Yes,No,Up to Date,Yes,-0.67,0,1.0,1.0,14.43,0,1.0,0.67
EDU-000797,1,44,1,9070,1,1,140.0,1,1,1,9,8,144.3,1,0,0,1,0,0,19,0,2,7,7,7,13.0,0,5,9,9,9,13.22222222222222,0,12.4,0.5,1.79,Graduate,Female,No,No,Up to Date,Yes,0.22,2,1.0,1.0,13.13,0,1.17,0.22
EDU-000798,1,18,3,9500,1,1,145.0,1,1,1,4,8,133.6,1,0,0,1,0,0,18,0,0,7,8,7,13.087142857142856,0,0,8,8,8,12.95,0,11.1,0.6,2.02,Graduate,Female,No,No,Up to Date,Yes,-0.14,1,1.0,1.0,13.0,0,1.17,0.14
EDU-000799,1,1,1,9130,1,1,133.0,1,1,37,9,9,123.2,1,0,0,1,0,1,19,0,0,6,8,6,13.333333333333334,0,0,6,7,6,13.666666666666666,0,8.9,1.4,3.51,Graduate,Female,Yes,No,Up to Date,Yes,0.33,0,1.0,1.0,13.53,0,1.0,0.33
EDU-000800,1,1,1,9853,1,1,127.0,1,3,1,3,7,137.2,1,0,0,1,0,0,18,0,0,6,7,6,12.166666666666666,0,0,6,10,4,12.75,0,10.8,1.4,1.74,Enrolled,Female,No,No,Up to Date,Yes,0.58,-2,1.0,0.6667,8.34,0,1.0,0.58
EDU-000801,1,53,1,9070,1,42,130.0,1,40,19,3,5,130.0,1,0,0,0,0,1,22,0,0,6,8,6,11.0,0,0,6,10,4,12.0,0,8.9,1.4,3.51,Enrolled,Female,Yes,No,In Arrears,Yes,1.0,-2,1.0,0.6667,7.73,0,1.0,1.0
EDU-000802,1,1,2,9238,1,1,117.0,1,19,1,9,8,110.0,1,0,1,0,0,0,18,0,0,6,0,0,0.0,0,0,6,0,0,0.0,0,11.1,0.6,2.02,Dropout,Female,No,Yes,In Arrears,Yes,0.0,0,0.0,0.0,0.0,1,1.0,0.0
EDU-000803,1,17,4,9147,1,1,125.0,1,19,19,5,5,118.0,1,0,0,1,0,0,19,0,0,5,7,5,13.6,0,0,5,6,5,12.2,0,8.9,1.4,3.51,Graduate,Female,No,No,Up to Date,Yes,-1.4,0,1.0,1.0,12.76,0,0.83,1.4
EDU-000804,1,1,1,9773,1,1,141.0,1,38,38,9,9,128.4,1,0,0,1,0,0,18,0,0,6,6,6,15.5,0,0,6,6,6,14.0,0,11.1,0.6,2.02,Graduate,Female,No,No,Up to Date,Yes,-1.5,0,1.0,1.0,14.6,0,1.0,1.5
EDU-000805,1,1,3,9853,1,1,122.0,1,1,3,5,3,113.6,0,0,0,1,0,0,19,0,0,7,7,7,13.857142857142858,0,0,7,7,7,14.285714285714286,0,11.1,0.6,2.02,Graduate,Female,No,No,Up to Date,No,0.43,0,1.0,1.0,14.11,0,1.17,0.43
EDU-000806,1,17,2,9147,1,1,118.0,1,19,1,9,3,113.5,1,0,1,1,0,0,20,0,0,5,10,2,11.5,0,0,5,8,3,10.0,0,11.1,0.6,2.02,Enrolled,Female,No,Yes,Up to Date,Yes,-1.5,1,0.4,0.6,6.36,0,0.83,1.5
EDU-000807,1,17,3,9070,1,1,142.0,1,1,38,3,5,146.9,1,0,0,1,0,1,18,0,0,6,6,6,13.0,0,0,6,6,6,12.166666666666666,0,16.2,0.3,-0.92,Graduate,Female,Yes,No,Up to Date,Yes,-0.83,0,1.0,1.0,12.5,0,1.0,0.83
EDU-000808,1,1,1,9130,1,1,143.0,1,3,3,2,10,141.3,0,0,1,0,0,0,23,0,0,6,10,6,14.0,0,0,6,11,4,13.0,0,11.1,0.6,2.02,Enrolled,Female,No,Yes,In Arrears,No,-1.0,-2,1.0,0.6667,8.93,1,1.0,1.0
EDU-000809,1,1,4,9773,1,1,143.0,1,1,3,4,7,129.7,1,0,0,1,0,0,20,0,0,4,4,0,0.0,0,0,6,0,0,0.0,0,8.9,1.4,3.51,Dropout,Female,No,No,Up to Date,Yes,0.0,0,0.0,0.0,0.0,0,0.67,0.0
EDU-000810,1,1,5,9070,1,1,123.0,1,3,1,9,3,121.3,1,0,0,1,0,0,20,0,0,6,6,6,11.166666666666666,0,0,6,9,6,11.5,0,12.4,0.5,1.79,Enrolled,Female,No,No,Up to Date,Yes,0.33,0,1.0,1.0,11.37,0,1.0,0.33
EDU-000811,1,1,1,9238,1,1,115.0,1,1,1,9,4,109.1,1,0,1,0,0,1,22,0,0,6,0,0,0.0,0,0,6,0,0,0.0,0,12.4,0.5,1.79,Dropout,Female,Yes,Yes,In Arrears,Yes,0.0,0,0.0,0.0,0.0,1,1.0,0.0
EDU-000812,1,17,2,9853,1,1,112.0,1,19,38,5,7,107.1,1,0,0,1,0,1,18,0,0,7,8,7,12.142857142857142,0,0,7,9,6,13.666666666666666,0,11.1,0.6,2.02,Graduate,Female,Yes,No,Up to Date,Yes,1.52,-1,1.0,0.8571,11.19,0,1.17,1.52
EDU-000813,1,17,1,9500,1,1,135.0,1,19,38,9,9,129.2,0,0,0,1,0,1,18,0,0,7,7,7,14.145714285714286,0,0,8,9,8,13.627777777777778,0,11.1,0.6,2.02,Graduate,Female,Yes,No,Up to Date,No,-0.52,1,1.0,1.0,13.83,0,1.17,0.52
EDU-000814,1,1,1,9500,1,1,162.0,1,3,4,3,3,154.1,0,0,0,1,0,0,18,0,0,7,7,7,14.45,0,0,8,9,8,14.144444444444444,0,11.1,0.6,2.02,Graduate,Female,No,No,Up to Date,No,-0.31,1,1.0,1.0,14.27,0,1.17,0.31
EDU-000815,1,1,1,9853,1,1,143.0,1,19,3,4,4,147.2,0,0,0,1,0,0,18,0,0,7,7,7,15.714285714285714,0,0,7,7,7,15.0,0,11.1,0.6,2.02,Graduate,Female,No,No,Up to Date,No,-0.71,0,1.0,1.0,15.29,0,1.17,0.71
EDU-000816,1,51,1,9147,1,1,130.0,1,1,1,4,4,120.0,0,0,0,1,0,0,21,0,0,5,9,5,12.8,0,0,5,11,3,12.666666666666666,0,11.1,0.6,2.02,Enrolled,Female,No,No,Up to Date,No,-0.13,-2,1.0,0.6,7.63,0,0.83,0.13
EDU-000817,1,17,1,9070,1,1,136.0,1,1,37,4,5,130.8,0,0,0,1,0,0,20,0,0,6,6,6,12.5,0,0,6,8,6,11.5,0,10.8,1.4,1.74,Enrolled,Female,No,No,Up to Date,No,-1.0,0,1.0,1.0,11.9,0,1.0,1.0
EDU-000818,1,16,1,9070,1,1,125.0,1,1,1,4,4,120.8,1,0,0,1,0,0,18,0,0,6,6,6,14.5,0,0,6,6,6,12.833333333333334,0,12.4,0.5,1.79,Graduate,Female,No,No,Up to Date,Yes,-1.67,0,1.0,1.0,13.5,0,1.0,1.67
EDU-000819,1,17,2,9500,1,1,132.0,1,19,37,3,5,125.4,1,0,0,0,0,1,20,0,0,7,7,7,13.462857142857144,0,0,8,10,7,13.164285714285716,0,11.1,0.6,2.02,Enrolled,Female,Yes,No,In Arrears,Yes,-0.3,0,1.0,0.875,11.62,0,1.17,0.3
EDU-000820,1,1,1,8014,0,1,123.0,1,34,37,9,90,121.3,1,0,0,1,0,0,25,0,0,6,6,6,12.833333333333334,0,0,6,6,6,12.833333333333334,0,7.6,2.6,0.32,Graduate,Female,No,No,Up to Date,Yes,0.0,0,1.0,1.0,12.83,0,1.0,0.0
EDU-000821,1,1,1,9147,1,1,142.0,1,19,19,9,9,127.0,1,0,0,1,0,1,18,0,0,5,10,5,12.0,0,0,5,8,4,11.6,0,13.9,-0.3,0.79,Graduate,Female,Yes,No,Up to Date,Yes,-0.4,-1,1.0,0.8,9.41,0,0.83,0.4
EDU-000822,1,1,3,171,1,1,147.0,1,12,19,9,3,151.6,1,0,0,1,0,0,19,0,0,0,0,0,0.0,0,0,0,0,0,0.0,0,13.9,-0.3,0.79,Graduate,Female,No,No,Up to Date,Yes,0.0,0,0.0,0.0,0.0,0,0.0,0.0
EDU-000823,1,1,1,9085,1,1,140.0,6,1,19,4,7,131.6,1,0,0,1,0,0,20,1,0,7,9,6,14.714285714285714,0,1,7,16,6,13.2,0,12.4,0.5,1.79,Enrolled,Female,No,No,Up to Date,Yes,-1.51,0,0.8571,0.8571,11.83,0,1.17,1.51
EDU-000824,1,1,2,9238,1,1,133.1,1,19,19,9,9,106.0,1,0,0,1,0,1,20,0,0,6,7,6,12.571428571428571,0,0,6,7,6,13.285714285714286,0,12.4,0.5,1.79,Graduate,Female,Yes,No,Up to Date,Yes,0.71,0,1.0,1.0,13.0,0,1.0,0.71
EDU-000825,1,18,4,9773,1,1,114.0,1,1,1,9,9,111.6,1,0,0,1,0,1,21,0,0,6,6,6,12.5,0,0,6,6,6,11.5,0,11.1,0.6,2.02,Graduate,Female,Yes,No,Up to Date,Yes,-1.0,0,1.0,1.0,11.9,0,1.0,1.0
EDU-000826,1,17,3,9670,1,1,125.0,1,1,3,4,3,117.3,1,0,0,1,0,0,18,0,0,6,8,6,14.0,0,0,6,9,5,14.0,0,8.9,1.4,3.51,Graduate,Female,No,No,Up to Date,Yes,0.0,-1,1.0,0.8333,11.67,0,1.0,0.0
EDU-000827,1,17,1,9853,1,1,127.0,1,1,1,5,7,121.4,1,0,0,1,0,0,18,0,0,7,8,7,11.571428571428571,0,0,7,9,6,13.166666666666666,0,11.1,0.6,2.02,Dropout,Female,No,No,Up to Date,Yes,1.6,-1,1.0,0.8571,10.74,0,1.17,1.6
EDU-000828,1,1,3,9070,1,1,132.0,1,1,3,9,7,126.1,1,0,0,1,0,1,18,0,0,6,6,6,15.833333333333334,0,0,6,6,6,15.333333333333334,0,11.1,0.6,2.02,Graduate,Female,Yes,No,Up to Date,Yes,-0.5,0,1.0,1.0,15.53,0,1.0,0.5
EDU-000829,1,1,4,9500,1,1,148.0,1,19,19,4,5,137.0,1,0,0,1,0,0,18,0,0,8,8,8,14.25,0,0,8,8,8,14.25,0,9.4,-0.8,-3.12,Graduate,Female,No,No,Up to Date,Yes,0.0,0,1.0,1.0,14.25,0,1.33,0.0
EDU-000830,1,43,1,9670,1,1,139.0,1,3,19,3,5,120.8,0,0,0,1,0,0,19,0,0,6,0,0,0.0,0,0,6,0,0,0.0,0,15.5,2.8,-4.06,Dropout,Female,No,No,Up to Date,No,0.0,0,0.0,0.0,0.0,0,1.0,0.0
EDU-000831,1,17,1,9254,1,1,136.0,1,39,3,3,3,128.7,1,0,0,1,0,0,20,0,0,6,8,6,11.666666666666666,0,0,6,10,6,11.0,0,13.9,-0.3,0.79,Dropout,Female,No,No,Up to Date,Yes,-0.67,0,1.0,1.0,11.27,0,1.0,0.67
EDU-000832,1,39,1,9238,1,9,133.1,1,34,34,0,0,118.0,0,0,0,1,0,0,47,0,0,6,12,0,0.0,0,0,5,10,0,0.0,0,7.6,2.6,0.32,Dropout,Female,No,No,Up to Date,No,0.0,0,0.0,0.0,0.0,0,1.0,0.0
EDU-000833,1,43,1,9130,1,1,120.0,6,1,3,9,2,120.0,0,0,1,1,0,0,21,1,2,5,9,5,13.2,2,0,5,7,2,12.5,2,10.8,1.4,1.74,Enrolled,Female,No,Yes,Up to Date,No,-0.7,-3,1.0,0.4,5.11,0,0.83,0.7
EDU-000834,2,39,1,9130,1,1,130.0,1,37,37,9,6,160.0,0,0,0,1,1,0,31,0,1,6,11,2,12.0,1,1,6,12,1,10.0,1,16.2,0.3,-0.92,Dropout,Male,No,No,Up to Date,No,-2.0,-1,0.3333,0.1667,1.8,0,1.0,2.0
EDU-000835,2,39,1,9119,1,1,110.0,1,37,37,90,5,150.0,1,0,0,1,1,0,46,0,0,5,6,0,0.0,0,0,5,5,0,0.0,0,7.6,2.6,0.32,Dropout,Male,No,No,Up to Date,Yes,0.0,0,0.0,0.0,0.0,0,0.83,0.0
EDU-000836,1,1,3,9119,1,1,133.0,1,3,1,3,4,121.8,1,0,0,1,1,0,18,0,0,5,9,4,12.0,0,0,5,10,2,11.0,0,8.9,1.4,3.51,Enrolled,Male,No,No,Up to Date,Yes,-1.0,-2,0.8,0.4,4.56,0,0.83,1.0
EDU-000837,1,17,3,9119,1,1,138.0,1,3,3,3,4,125.4,1,1,0,1,1,0,19,0,0,5,10,3,13.333333333333334,0,0,5,9,4,10.75,0,8.9,1.4,3.51,Dropout,Male,No,No,Up to Date,Yes,-2.58,1,0.6,0.8,9.43,0,0.83,2.58
EDU-000838,1,51,1,9556,1,1,131.0,1,1,37,152,193,126.6,1,0,0,1,1,0,23,0,0,7,11,5,12.414285714285713,0,0,7,13,2,13.5,0,8.9,1.4,3.51,Enrolled,Male,No,No,Up to Date,Yes,1.09,-3,0.7143,0.2857,3.73,0,1.17,1.09
EDU-000839,1,44,1,9130,1,39,150.0,1,3,1,2,8,150.0,0,0,0,0,1,0,22,0,0,5,5,0,0.0,0,0,5,5,0,0.0,0,12.7,3.7,-1.7,Dropout,Male,No,No,In Arrears,No,0.0,0,0.0,0.0,0.0,0,0.83,0.0
EDU-000840,1,1,1,9147,1,1,125.0,1,38,1,3,10,114.5,1,0,0,1,1,0,19,0,0,5,5,5,13.8,0,0,5,7,5,12.4,0,9.4,-0.8,-3.12,Graduate,Male,No,No,Up to Date,Yes,-1.4,0,1.0,1.0,12.96,0,0.83,1.4
EDU-000841,1,1,1,9147,1,1,108.0,41,3,3,9,9,107.0,0,0,1,0,0,0,19,1,0,5,14,0,0.0,0,0,5,5,0,0.0,0,8.9,1.4,3.51,Dropout,Female,No,Yes,In Arrears,No,0.0,0,0.0,0.0,0.0,1,0.83,0.0
EDU-000842,1,17,1,9147,1,1,116.0,1,3,1,3,4,115.7,0,0,0,0,1,0,22,0,0,5,10,4,11.5,0,0,5,11,4,14.0,0,8.9,1.4,3.51,Enrolled,Male,No,No,In Arrears,No,2.5,0,0.8,0.8,10.4,0,0.83,2.5
EDU-000843,1,39,1,9130,1,1,133.1,1,3,34,3,0,120.0,0,0,1,0,1,0,29,0,0,5,11,0,0.0,4,0,5,6,0,0.0,1,9.4,-0.8,-3.12,Dropout,Male,No,Yes,In Arrears,No,0.0,0,0.0,0.0,0.0,1,0.83,0.0
EDU-000844,1,1,3,9500,1,1,147.0,1,37,38,9,5,134.8,1,0,0,1,0,0,18,0,0,7,7,6,14.016666666666666,0,0,7,7,6,14.016666666666666,0,7.6,2.6,0.32,Graduate,Female,No,No,Up to Date,Yes,0.0,0,0.8571,0.8571,12.01,0,1.17,0.0
EDU-000845,1,1,1,9238,1,1,143.0,1,38,34,9,9,133.6,1,0,0,1,0,0,18,0,0,6,9,5,11.4,0,0,6,8,5,10.8,0,9.4,-0.8,-3.12,Graduate,Female,No,No,Up to Date,Yes,-0.6,0,0.8333,0.8333,9.2,0,1.0,0.6
EDU-000846,1,1,1,171,1,1,115.0,1,37,37,9,8,129.0,1,0,1,0,0,1,23,0,0,0,0,0,0.0,0,0,0,0,0,0.0,0,9.4,-0.8,-3.12,Dropout,Female,Yes,Yes,In Arrears,Yes,0.0,0,0.0,0.0,0.0,1,0.0,0.0
EDU-000847,2,39,1,9991,0,1,160.0,1,1,1,194,131,128.4,0,0,0,1,0,0,34,0,0,5,12,5,10.4,0,0,5,11,5,12.0,0,12.4,0.5,1.79,Graduate,Female,No,No,Up to Date,No,1.6,0,1.0,1.0,11.36,0,0.83,1.6
EDU-000848,1,17,1,9147,1,1,118.0,1,19,19,9,9,122.2,0,0,0,1,0,0,19,0,0,5,11,3,10.666666666666666,0,0,5,9,4,10.25,0,11.1,0.6,2.02,Graduate,Female,No,No,Up to Date,No,-0.42,1,0.6,0.8,8.33,0,0.83,0.42
EDU-000849,1,1,1,9085,1,1,122.0,1,1,1,2,5,113.3,1,0,0,1,0,0,18,0,0,5,9,4,14.25,0,0,5,8,5,12.714285714285714,0,10.8,1.4,1.74,Enrolled,Female,No,No,Up to Date,Yes,-1.54,1,0.8,1.0,13.33,0,0.83,1.54
EDU-000850,1,17,6,9500,1,1,143.0,1,1,19,4,4,129.9,0,0,0,1,0,1,20,0,3,7,7,7,13.914285714285713,0,5,8,8,8,14.10625,0,11.1,0.6,2.02,Graduate,Female,Yes,No,Up to Date,No,0.19,1,1.0,1.0,14.03,0,1.17,0.19
EDU-000851,1,1,6,9500,1,1,133.0,1,3,3,1,1,126.2,1,0,0,1,0,0,19,0,0,7,9,7,13.761111111111113,0,0,8,11,7,12.82375,0,15.5,2.8,-4.06,Graduate,Female,No,No,Up to Date,Yes,-0.94,0,1.0,0.875,11.55,0,1.17,0.94
EDU-000852,1,5,2,9853,1,1,122.0,1,19,19,4,5,112.6,1,0,0,1,0,0,22,0,0,6,10,5,12.6,0,0,6,9,4,11.25,0,12.7,3.7,-1.7,Enrolled,Female,No,No,Up to Date,Yes,-1.35,-1,0.8333,0.6667,7.86,0,1.0,1.35
EDU-000853,1,1,1,9238,1,1,164.0,1,19,19,9,9,149.0,1,0,0,1,0,1,23,0,0,6,7,6,13.857142857142858,0,0,6,6,6,14.166666666666666,0,10.8,1.4,1.74,Graduate,Female,Yes,No,Up to Date,Yes,0.31,0,1.0,1.0,14.04,0,1.0,0.31
EDU-000854,2,39,1,9500,1,1,133.1,1,1,19,9,9,120.0,0,0,0,1,1,1,34,0,0,8,8,7,13.842857142857143,0,0,8,8,7,13.842857142857143,0,12.7,3.7,-1.7,Graduate,Male,Yes,No,Up to Date,No,0.0,0,0.875,0.875,12.11,0,1.33,0.0
EDU-000855,1,17,4,9119,1,1,127.0,1,19,19,5,5,120.4,1,0,1,0,1,0,18,0,0,5,12,0,0.0,0,0,5,8,0,0.0,0,9.4,-0.8,-3.12,Enrolled,Male,No,Yes,In Arrears,Yes,0.0,0,0.0,0.0,0.0,1,0.83,0.0
EDU-000856,1,1,3,9773,1,1,140.0,1,1,39,4,1,128.1,1,1,0,1,1,0,21,0,0,6,6,5,11.8,0,0,6,9,0,0.0,0,16.2,0.3,-0.92,Dropout,Male,No,No,Up to Date,Yes,-11.8,-5,0.8333,0.0,0.0,0,1.0,11.8
EDU-000857,1,1,1,9238,1,1,127.0,1,1,19,4,3,141.7,1,0,0,1,1,0,22,0,0,6,6,6,12.666666666666666,0,0,6,6,6,13.833333333333334,0,10.8,1.4,1.74,Dropout,Male,No,No,Up to Date,Yes,1.17,0,1.0,1.0,13.37,0,1.0,1.17
EDU-000858,1,39,1,9003,1,12,133.1,1,37,1,9,10,130.0,0,0,0,1,1,0,28,0,0,6,6,0,0.0,0,0,6,6,0,0.0,0,11.1,0.6,2.02,Dropout,Male,No,No,Up to Date,No,0.0,0,0.0,0.0,0.0,0,1.0,0.0
EDU-000859,1,5,4,9119,1,1,115.0,1,19,37,4,6,113.3,1,0,0,1,1,0,23,0,0,5,7,0,0.0,0,0,5,5,0,0.0,0,7.6,2.6,0.32,Dropout,Male,No,No,Up to Date,Yes,0.0,0,0.0,0.0,0.0,0,0.83,0.0
EDU-000860,1,1,1,9773,1,1,108.0,1,34,38,0,3,105.9,0,0,0,1,1,0,20,0,0,6,11,4,10.75,0,0,6,13,2,10.0,0,7.6,2.6,0.32,Dropout,Male,No,No,Up to Date,No,-0.75,-2,0.6667,0.3333,3.43,0,1.0,0.75
EDU-000861,1,18,2,9119,1,1,136.0,1,1,2,5,4,122.7,1,0,0,1,1,0,18,0,0,5,7,5,12.6,0,0,5,9,3,13.25,0,13.9,-0.3,0.79,Dropout,Male,No,No,Up to Date,Yes,0.65,-2,1.0,0.6,7.79,0,0.83,0.65
EDU-000862,1,39,2,9147,1,12,133.1,1,19,38,9,9,120.0,1,0,1,0,1,0,28,0,0,5,5,0,0.0,0,0,5,5,0,0.0,0,9.4,-0.8,-3.12,Dropout,Male,No,Yes,In Arrears,Yes,0.0,0,0.0,0.0,0.0,1,0.83,0.0
EDU-000863,1,44,1,9070,1,39,120.0,1,1,19,5,8,119.8,0,0,0,1,1,0,21,0,2,7,7,2,12.0,0,5,9,10,7,12.142857142857142,0,12.4,0.5,1.79,Dropout,Male,No,No,Up to Date,No,0.14,5,0.2857,0.7778,9.4,0,1.17,0.14
EDU-000864,1,39,1,9670,1,1,133.1,1,38,19,9,8,122.9,0,0,1,0,1,0,25,0,0,6,7,3,14.0,0,0,6,9,2,14.5,0,13.9,-0.3,0.79,Dropout,Male,No,Yes,In Arrears,No,0.5,-1,0.5,0.3333,4.77,1,1.0,0.5
EDU-000865,1,44,1,9085,1,39,160.0,1,1,1,5,4,160.0,1,1,0,0,1,0,19,0,2,6,6,6,14.0,0,1,6,11,6,13.5,0,12.4,0.5,1.79,Dropout,Male,No,No,In Arrears,Yes,-0.5,0,1.0,1.0,13.7,0,1.0,0.5
EDU-000866,1,1,4,9500,1,1,128.0,1,1,1,4,10,125.2,1,0,0,1,1,1,18,0,0,7,7,7,14.682857142857143,0,0,8,9,8,15.055555555555555,0,12.4,0.5,1.79,Graduate,Male,Yes,No,Up to Date,Yes,0.37,1,1.0,1.0,14.91,0,1.17,0.37
EDU-000867,1,39,1,9119,1,3,130.0,1,1,38,90,90,143.4,0,0,0,1,1,0,29,0,0,3,3,0,0.0,3,0,5,0,0,0.0,0,10.8,1.4,1.74,Dropout,Male,No,No,Up to Date,No,0.0,0,0.0,0.0,0.0,0,0.5,0.0
EDU-000868,1,39,1,9119,1,19,133.1,1,37,38,3,7,96.7,0,0,0,1,1,1,29,0,0,5,6,0,0.0,0,0,5,7,0,0.0,0,12.4,0.5,1.79,Dropout,Male,Yes,No,Up to Date,No,0.0,0,0.0,0.0,0.0,0,0.83,0.0
EDU-000869,1,18,1,9254,1,1,137.0,1,19,19,4,5,126.9,0,0,0,1,1,0,20,0,0,6,7,6,13.857142857142858,0,0,6,7,5,12.8,0,16.2,0.3,-0.92,Graduate,Male,No,No,Up to Date,No,-1.06,-1,1.0,0.8333,11.02,0,1.0,1.06
EDU-000870,1,1,1,171,1,1,163.0,1,19,1,9,7,143.1,0,0,0,1,1,0,18,0,0,0,0,0,0.0,0,0,0,0,0,0.0,0,9.4,-0.8,-3.12,Graduate,Male,No,No,Up to Date,No,0.0,0,0.0,0.0,0.0,0,0.0,0.0
EDU-000871,1,1,1,9254,1,1,125.0,1,1,1,191,193,114.5,0,0,0,1,1,0,20,0,0,6,8,6,13.142857142857142,0,0,6,7,6,12.5,0,8.9,1.4,3.51,Graduate,Male,No,No,Up to Date,No,-0.64,0,1.0,1.0,12.76,0,1.0,0.64
EDU-000872,2,39,1,9119,1,1,120.0,1,34,34,0,0,140.0,1,0,0,1,1,0,33,0,0,5,14,1,18.0,0,0,5,9,2,13.0,0,9.4,-0.8,-3.12,Dropout,Male,No,No,Up to Date,Yes,-5.0,1,0.2,0.4,6.0,0,0.83,5.0
EDU-000873,1,42,1,9991,0,1,150.0,1,19,19,5,5,113.7,0,0,0,1,1,0,30,0,11,15,15,13,11.461538461538462,0,6,11,15,10,11.583333333333334,1,16.2,0.3,-0.92,Graduate,Male,No,No,Up to Date,No,0.12,-3,0.8667,0.9091,10.49,0,2.5,0.12
EDU-000874,1,1,1,9556,1,1,135.0,1,1,1,1,1,131.5,0,0,0,1,1,1,21,0,0,7,14,5,11.2,0,0,8,11,6,11.583333333333334,0,16.2,0.3,-0.92,Enrolled,Male,Yes,No,Up to Date,No,0.38,1,0.7143,0.75,8.57,0,1.17,0.38
EDU-000875,1,1,1,9003,1,1,148.0,1,1,19,194,194,143.5,0,0,1,1,1,0,18,0,0,6,6,5,15.0,0,0,6,8,4,14.5,0,8.9,1.4,3.51,Graduate,Male,No,Yes,Up to Date,No,-0.5,-1,0.8333,0.6667,9.8,0,1.0,0.5
EDU-000876,1,1,1,9500,1,1,138.0,1,38,38,9,9,126.8,0,0,0,1,1,1,19,0,0,7,9,7,14.244444444444444,0,0,8,12,8,12.233333333333333,0,15.5,2.8,-4.06,Graduate,Male,Yes,No,Up to Date,No,-2.01,1,1.0,1.0,13.04,0,1.17,2.01
EDU-000877,1,17,1,9070,1,1,119.0,1,38,19,9,9,115.2,0,0,0,1,1,1,21,0,0,6,8,4,11.5,0,0,6,7,5,11.0,0,15.5,2.8,-4.06,Dropout,Male,Yes,No,Up to Date,No,-0.5,1,0.6667,0.8333,9.33,0,1.0,0.5
EDU-000878,1,39,2,9556,1,1,130.0,1,19,19,4,5,100.0,0,0,0,1,1,1,25,0,0,7,7,2,10.0,0,0,7,7,0,0.0,0,15.5,2.8,-4.06,Dropout,Male,Yes,No,Up to Date,No,-10.0,-2,0.2857,0.0,0.0,0,1.17,10.0
EDU-000879,1,1,2,9670,1,1,135.0,1,19,19,7,10,121.4,0,0,0,1,1,0,19,0,0,5,7,3,12.333333333333334,0,0,5,5,5,11.6,0,9.4,-0.8,-3.12,Graduate,Male,No,No,Up to Date,No,-0.73,2,0.6,1.0,11.89,0,0.83,0.73
EDU-000880,1,44,1,9070,1,39,120.0,1,19,1,9,3,120.0,1,0,0,1,1,0,23,0,2,7,8,5,12.2,0,5,9,10,7,12.142857142857142,1,16.2,0.3,-0.92,Dropout,Male,No,No,Up to Date,Yes,-0.06,2,0.7143,0.7778,9.46,0,1.17,0.06
EDU-000881,1,17,2,9070,1,1,126.0,1,38,38,9,8,129.9,1,0,0,1,1,1,19,0,0,6,6,6,13.666666666666666,0,0,6,7,5,13.2,0,12.4,0.5,1.79,Graduate,Male,Yes,No,Up to Date,Yes,-0.47,-1,1.0,0.8333,11.16,0,1.0,0.47
EDU-000882,1,1,1,171,1,1,149.0,1,3,2,2,5,151.1,1,0,0,1,1,0,19,0,0,0,0,0,0.0,0,0,0,0,0,0.0,0,9.4,-0.8,-3.12,Graduate,Male,No,No,Up to Date,Yes,0.0,0,0.0,0.0,0.0,0,0.0,0.0
EDU-000883,1,39,1,9003,1,1,110.0,1,19,37,9,6,120.0,0,0,1,0,1,0,31,0,0,6,15,1,11.0,0,0,6,10,0,0.0,0,16.2,0.3,-0.92,Dropout,Male,No,Yes,In Arrears,No,-11.0,-1,0.1667,0.0,0.0,1,1.0,11.0
EDU-000884,1,39,1,9003,1,1,133.1,1,37,37,4,7,130.0,0,0,1,0,1,0,32,0,0,6,8,3,13.0,0,4,10,14,6,11.428571428571429,0,16.2,0.3,-0.92,Dropout,Male,No,Yes,In Arrears,No,-1.57,3,0.5,0.6,7.23,1,1.0,1.57
EDU-000885,1,16,2,9500,1,1,127.0,1,2,38,4,9,119.0,1,0,0,1,0,1,19,0,0,8,12,7,12.599999999999998,0,0,8,12,7,12.599999999999998,0,10.8,1.4,1.74,Graduate,Female,Yes,No,Up to Date,Yes,0.0,0,0.875,0.875,11.02,0,1.33,0.0
EDU-000886,1,42,1,9773,1,6,120.0,1,34,34,0,0,122.0,1,0,0,1,0,0,34,0,8,10,11,10,12.2,0,5,10,12,9,12.333333333333334,0,7.6,2.6,0.32,Graduate,Female,No,No,Up to Date,Yes,0.13,-1,1.0,0.9,11.05,0,1.67,0.13
EDU-000887,1,16,6,9773,1,1,136.0,1,38,14,0,0,129.7,1,0,0,1,0,0,21,0,0,6,6,6,13.166666666666666,0,0,6,6,6,13.0,0,7.6,2.6,0.32,Graduate,Female,No,No,Up to Date,Yes,-0.17,0,1.0,1.0,13.07,0,1.0,0.17
EDU-000888,1,43,2,9238,1,1,110.0,1,37,37,9,7,112.5,1,0,0,1,0,1,53,0,4,7,16,6,11.0,0,2,7,9,7,11.0,0,9.4,-0.8,-3.12,Graduate,Female,Yes,No,Up to Date,Yes,0.0,1,0.8571,1.0,11.0,0,1.17,0.0
EDU-000889,1,1,1,9500,1,1,136.0,1,19,19,4,7,136.0,0,0,0,1,0,1,19,0,0,7,7,7,14.014285714285714,0,0,8,8,8,15.35,0,13.9,-0.3,0.79,Graduate,Female,Yes,No,Up to Date,No,1.34,1,1.0,1.0,14.82,0,1.17,1.34
EDU-000890,1,1,3,9773,1,1,145.0,1,38,38,9,5,133.1,0,0,0,1,0,1,20,0,0,6,9,4,13.0,0,0,6,13,4,11.25,0,10.8,1.4,1.74,Graduate,Female,Yes,No,Up to Date,No,-1.75,0,0.6667,0.6667,7.97,0,1.0,1.75
EDU-000891,1,1,2,9773,1,1,159.0,1,1,19,9,9,151.3,1,0,0,1,0,0,18,0,0,6,6,6,14.0,0,0,6,6,6,14.666666666666666,0,10.8,1.4,1.74,Graduate,Female,No,No,Up to Date,Yes,0.67,0,1.0,1.0,14.4,0,1.0,0.67
EDU-000892,1,39,1,171,1,1,147.0,1,37,38,175,193,133.3,0,0,0,0,0,0,32,0,0,0,0,0,0.0,0,0,0,0,0,0.0,0,16.2,0.3,-0.92,Dropout,Female,No,No,In Arrears,No,0.0,0,0.0,0.0,0.0,0,0.0,0.0
EDU-000893,1,43,1,9500,1,1,150.0,1,37,37,9,9,130.8,1,0,0,1,0,1,21,0,0,8,8,7,14.428571428571429,0,0,8,8,7,14.428571428571429,0,12.7,3.7,-1.7,Graduate,Female,Yes,No,Up to Date,Yes,0.0,0,0.875,0.875,12.62,0,1.33,0.0
EDU-000894,1,7,1,8014,0,3,140.0,1,37,12,9,4,140.0,0,0,0,0,0,0,26,0,0,5,9,0,0.0,0,0,5,10,0,0.0,0,9.4,-0.8,-3.12,Dropout,Female,No,No,In Arrears,No,0.0,0,0.0,0.0,0.0,0,0.83,0.0
EDU-000895,1,42,1,9085,1,39,150.0,1,1,1,4,7,150.0,1,0,0,1,0,0,26,0,11,18,45,18,11.833333333333334,10,9,13,27,13,12.461538461538462,5,15.5,2.8,-4.06,Graduate,Female,No,No,Up to Date,Yes,0.63,-5,1.0,1.0,12.21,0,3.0,0.63
EDU-000896,2,44,1,9991,0,39,130.0,1,1,37,4,9,130.0,0,0,0,0,0,0,21,0,0,5,12,3,11.333333333333334,0,0,5,10,1,13.0,0,15.5,2.8,-4.06,Dropout,Female,No,No,In Arrears,No,1.67,-2,0.6,0.2,2.47,0,0.83,1.67
EDU-000897,1,17,1,9773,1,1,120.0,1,37,37,5,5,125.3,0,0,0,1,0,0,18,0,0,6,9,6,12.5,0,0,6,9,6,13.0,0,7.6,2.6,0.32,Graduate,Female,No,No,Up to Date,No,0.5,0,1.0,1.0,12.8,0,1.0,0.5
EDU-000898,1,43,1,9070,1,39,130.0,1,19,37,5,9,124.0,1,0,0,1,0,1,21,0,4,12,12,12,13.333333333333334,0,5,12,12,11,12.545454545454543,0,15.5,2.8,-4.06,Graduate,Female,Yes,No,Up to Date,Yes,-0.79,-1,1.0,0.9167,11.79,0,2.0,0.79
EDU-000899,1,1,1,9254,1,1,112.0,1,38,19,9,5,113.8,1,0,0,1,0,0,21,0,0,6,10,6,10.833333333333334,0,0,6,10,4,11.0,0,7.6,2.6,0.32,Enrolled,Female,No,No,Up to Date,Yes,0.17,-2,1.0,0.6667,7.29,0,1.0,0.17
EDU-000900,1,17,1,9670,1,1,128.0,1,19,19,7,7,124.4,0,0,0,1,0,1,19,0,0,6,6,6,13.0,0,0,6,6,6,14.0,0,13.9,-0.3,0.79,Graduate,Female,Yes,No,Up to Date,No,1.0,0,1.0,1.0,13.6,0,1.0,1.0
EDU-000901,1,17,1,9147,1,1,114.0,1,19,19,9,7,107.7,0,0,0,1,0,0,19,0,0,5,7,2,10.0,0,0,5,11,2,14.0,0,10.8,1.4,1.74,Dropout,Female,No,No,Up to Date,No,4.0,0,0.4,0.4,4.96,0,0.83,4.0
EDU-000902,1,43,2,9238,1,1,118.0,1,38,38,5,5,110.0,0,0,0,1,0,1,19,0,0,6,8,6,11.428571428571429,0,0,6,11,5,11.2,0,10.8,1.4,1.74,Graduate,Female,Yes,No,Up to Date,No,-0.23,-1,1.0,0.8333,9.41,0,1.0,0.23
EDU-000903,1,7,1,9500,1,3,130.0,1,37,38,7,7,130.0,1,0,0,1,0,0,27,0,0,8,8,8,12.8875,0,0,8,8,8,12.8875,0,9.4,-0.8,-3.12,Graduate,Female,No,No,Up to Date,Yes,0.0,0,1.0,1.0,12.89,0,1.33,0.0
EDU-000904,1,1,2,9500,1,1,145.0,1,37,1,9,4,138.8,1,0,0,1,0,1,18,0,0,7,7,6,12.95,0,0,7,7,6,12.95,0,7.6,2.6,0.32,Graduate,Female,Yes,No,Up to Date,Yes,0.0,0,0.8571,0.8571,11.1,0,1.17,0.0
EDU-000905,1,1,2,9147,1,1,121.0,1,19,19,9,9,126.3,1,0,0,1,0,0,20,0,0,5,12,1,10.0,2,0,5,5,0,0.0,0,12.7,3.7,-1.7,Dropout,Female,No,No,Up to Date,Yes,-10.0,-1,0.2,0.0,0.0,0,0.83,10.0
EDU-000906,1,1,3,9500,1,1,114.0,1,1,1,5,5,114.5,1,0,0,1,0,1,19,0,0,7,7,7,13.094285714285714,0,0,8,8,8,12.55,0,12.4,0.5,1.79,Graduate,Female,Yes,No,Up to Date,Yes,-0.54,1,1.0,1.0,12.77,0,1.17,0.54
EDU-000907,1,1,4,9670,1,1,127.0,1,1,1,7,7,116.5,1,0,0,1,0,0,20,0,0,6,7,0,0.0,0,0,6,6,0,0.0,0,16.2,0.3,-0.92,Dropout,Female,No,No,Up to Date,Yes,0.0,0,0.0,0.0,0.0,0,1.0,0.0
EDU-000908,1,17,2,9238,1,1,145.0,1,19,38,7,6,128.6,1,0,0,1,0,1,19,0,0,6,12,5,11.714285714285714,0,0,6,11,6,11.0,0,12.7,3.7,-1.7,Graduate,Female,Yes,No,Up to Date,Yes,-0.71,1,0.8333,1.0,11.29,0,1.0,0.71
EDU-000909,1,17,5,9238,1,1,130.0,1,19,1,5,5,130.0,1,0,0,1,0,0,20,0,0,6,8,4,11.25,0,0,6,15,3,10.0,0,9.4,-0.8,-3.12,Enrolled,Female,No,No,Up to Date,Yes,-1.25,-1,0.6667,0.5,5.25,0,1.0,1.25
EDU-000910,1,1,1,171,1,1,150.0,1,38,19,7,10,134.6,0,0,0,1,0,0,20,0,0,0,0,0,0.0,0,0,0,0,0,0.0,0,15.5,2.8,-4.06,Dropout,Female,No,No,Up to Date,No,0.0,0,0.0,0.0,0.0,0,0.0,0.0
EDU-000911,1,1,1,9853,1,1,145.0,1,37,37,9,5,146.8,0,0,0,1,0,0,18,0,0,6,6,6,13.166666666666666,0,0,6,6,6,13.333333333333334,0,7.6,2.6,0.32,Graduate,Female,No,No,Up to Date,No,0.17,0,1.0,1.0,13.27,0,1.0,0.17
EDU-000912,1,1,1,9085,1,1,128.0,1,19,1,5,4,135.7,1,0,0,1,0,0,20,0,0,5,7,4,12.75,0,0,5,5,5,13.4,0,10.8,1.4,1.74,Graduate,Female,No,No,Up to Date,Yes,0.65,1,0.8,1.0,13.14,0,0.83,0.65
EDU-000913,2,39,1,9991,0,1,140.0,1,37,37,9,9,120.0,0,0,0,0,0,0,38,0,0,5,6,5,10.6,0,0,5,9,2,11.0,0,12.7,3.7,-1.7,Dropout,Female,No,No,In Arrears,No,0.4,-3,1.0,0.4,4.34,0,0.83,0.4
EDU-000914,4,39,1,8014,0,1,130.0,1,37,37,9,7,138.0,0,0,0,1,0,0,42,0,0,6,8,5,11.2,0,0,6,6,6,12.0,0,8.9,1.4,3.51,Graduate,Female,No,No,Up to Date,No,0.8,1,0.8333,1.0,11.68,0,1.0,0.8
EDU-000915,1,39,1,9500,1,1,140.0,1,37,37,9,6,135.5,0,0,0,1,0,0,32,0,0,7,0,0,0.0,0,0,8,0,0,0.0,0,13.9,-0.3,0.79,Dropout,Female,No,No,Up to Date,No,0.0,0,0.0,0.0,0.0,0,1.17,0.0
EDU-000916,1,15,1,9773,1,1,120.0,26,19,19,4,5,120.0,1,0,0,1,0,0,22,1,0,6,6,6,13.0,0,0,6,6,6,13.666666666666666,0,12.4,0.5,1.79,Graduate,Female,No,No,Up to Date,Yes,0.67,0,1.0,1.0,13.4,0,1.0,0.67
EDU-000917,2,39,1,9991,0,1,147.0,1,34,34,90,90,111.7,1,0,0,1,0,0,28,0,0,5,10,0,0.0,0,0,5,5,0,0.0,0,7.6,2.6,0.32,Dropout,Female,No,No,Up to Date,Yes,0.0,0,0.0,0.0,0.0,0,0.83,0.0
EDU-000918,2,39,1,8014,0,9,133.1,1,37,37,8,10,100.0,1,0,0,1,0,0,37,0,0,6,0,0,0.0,0,0,6,0,0,0.0,0,9.4,-0.8,-3.12,Dropout,Female,No,No,Up to Date,Yes,0.0,0,0.0,0.0,0.0,0,1.0,0.0
EDU-000919,2,44,1,9003,1,39,160.0,1,37,38,9,4,160.0,0,0,0,1,0,0,43,0,0,6,8,6,14.166666666666666,0,0,6,9,6,15.0,0,15.5,2.8,-4.06,Graduate,Female,No,No,Up to Date,No,0.83,0,1.0,1.0,14.67,0,1.0,0.83
EDU-000920,6,39,1,8014,0,1,133.1,1,37,1,9,7,114.8,0,0,0,1,0,1,41,0,0,6,10,5,12.833333333333334,0,0,6,6,6,12.333333333333334,0,13.9,-0.3,0.79,Graduate,Female,Yes,No,Up to Date,No,-0.5,1,0.8333,1.0,12.53,0,1.0,0.5
EDU-000921,4,39,1,8014,0,19,140.0,1,37,37,9,3,131.0,0,0,0,1,0,1,29,0,0,6,11,4,11.75,0,0,6,9,5,10.4,0,10.8,1.4,1.74,Graduate,Female,Yes,No,Up to Date,No,-1.35,1,0.6667,0.8333,9.12,0,1.0,1.35
EDU-000922,1,39,1,8014,0,1,133.1,1,37,37,9,9,97.0,0,0,0,1,0,1,35,0,0,6,8,6,10.833333333333334,0,0,6,7,6,11.5,0,10.8,1.4,1.74,Graduate,Female,Yes,No,Up to Date,No,0.67,0,1.0,1.0,11.23,0,1.0,0.67
EDU-000923,1,17,6,9238,1,1,131.0,1,1,3,4,2,131.7,1,0,0,1,0,0,18,0,0,6,8,4,11.75,0,0,6,8,4,12.25,0,9.4,-0.8,-3.12,Dropout,Female,No,No,Up to Date,Yes,0.5,0,0.6667,0.6667,8.03,0,1.0,0.5
EDU-000924,1,39,1,9500,1,19,133.1,1,37,37,9,6,120.0,0,0,0,0,0,1,39,0,0,7,14,3,11.5,0,0,7,9,2,10.5,0,16.2,0.3,-0.92,Dropout,Female,Yes,No,In Arrears,No,-1.0,-1,0.4286,0.2857,3.11,0,1.17,1.0
EDU-000925,4,39,1,9991,0,1,120.0,1,37,37,9,9,110.0,0,0,0,1,0,0,37,0,0,5,14,2,10.0,0,0,5,7,3,11.333333333333334,0,12.7,3.7,-1.7,Enrolled,Female,No,No,Up to Date,No,1.33,1,0.4,0.6,6.48,0,0.83,1.33
EDU-000926,1,39,1,9500,1,1,130.0,1,37,37,9,7,133.0,1,0,0,1,0,1,26,0,0,7,7,6,13.7,0,0,7,7,6,13.7,0,7.6,2.6,0.32,Graduate,Female,Yes,No,Up to Date,Yes,0.0,0,0.8571,0.8571,11.74,0,1.17,0.0
EDU-000927,1,7,1,9085,1,3,140.0,1,19,20,4,90,140.0,1,0,0,1,0,0,32,0,0,5,8,1,14.0,2,0,5,12,0,0.0,4,10.8,1.4,1.74,Dropout,Female,No,No,Up to Date,Yes,-14.0,-1,0.2,0.0,0.0,0,0.83,14.0
EDU-000928,2,39,1,8014,0,1,133.1,1,37,37,6,8,100.0,0,0,1,1,0,0,37,0,3,8,12,7,11.375,0,2,7,10,6,12.166666666666666,0,13.9,-0.3,0.79,Enrolled,Female,No,Yes,Up to Date,No,0.79,-1,0.875,0.8571,10.16,0,1.33,0.79
EDU-000929,1,39,1,9085,1,1,140.0,1,37,19,191,163,129.3,1,0,1,1,0,0,28,0,0,6,17,0,0.0,0,0,6,6,0,0.0,0,8.9,1.4,3.51,Enrolled,Female,No,Yes,Up to Date,Yes,0.0,0,0.0,0.0,0.0,0,1.0,0.0
EDU-000930,1,1,1,9238,1,1,133.1,1,19,37,0,0,137.0,1,0,0,1,0,0,19,0,0,6,10,0,0.0,4,0,6,0,0,0.0,0,7.6,2.6,0.32,Dropout,Female,No,No,Up to Date,Yes,0.0,0,0.0,0.0,0.0,0,1.0,0.0
EDU-000931,1,1,5,9147,1,1,125.0,1,37,38,7,7,122.2,1,0,0,1,0,0,18,0,0,5,9,1,11.0,0,0,5,9,2,12.5,0,7.6,2.6,0.32,Enrolled,Female,No,No,Up to Date,Yes,1.5,1,0.2,0.4,4.76,0,0.83,1.5
EDU-000932,1,1,1,9853,1,1,115.0,1,19,38,9,9,108.0,0,0,0,1,0,1,19,0,0,7,10,6,13.0,0,0,7,7,7,13.285714285714286,0,12.4,0.5,1.79,Graduate,Female,Yes,No,Up to Date,No,0.29,1,0.8571,1.0,13.17,0,1.17,0.29
EDU-000933,2,7,1,9670,1,3,110.0,1,37,37,7,7,110.0,0,0,0,1,0,0,32,0,4,11,15,8,13.6,0,2,8,10,8,15.11111111111111,0,13.9,-0.3,0.79,Graduate,Female,No,No,Up to Date,No,1.51,0,0.7273,1.0,14.51,0,1.83,1.51
EDU-000934,2,39,1,9147,1,1,140.0,1,37,37,9,9,127.7,1,0,0,1,0,0,31,0,0,5,8,3,11.0,0,0,5,9,2,11.5,0,7.6,2.6,0.32,Dropout,Female,No,No,Up to Date,Yes,0.5,-1,0.6,0.4,4.52,0,0.83,0.5
EDU-000935,1,39,1,9500,1,1,100.0,1,3,1,2,5,121.3,1,0,0,1,0,0,34,0,0,8,11,7,11.705714285714285,0,0,8,11,7,11.705714285714285,0,10.8,1.4,1.74,Enrolled,Female,No,No,Up to Date,Yes,0.0,0,0.875,0.875,10.24,0,1.33,0.0
EDU-000936,1,1,3,171,1,1,145.0,1,1,1,3,3,140.1,1,0,0,1,0,0,20,0,6,12,12,12,13.25,0,4,11,14,11,14.333333333333334,0,8.9,1.4,3.51,Graduate,Female,No,No,Up to Date,Yes,1.08,-1,1.0,1.0,13.9,0,2.0,1.08
EDU-000937,1,39,1,9500,1,19,133.1,1,38,38,9,9,114.8,0,0,0,1,0,0,28,0,0,7,15,1,10.75,0,0,7,10,1,10.0,0,13.9,-0.3,0.79,Dropout,Female,No,No,Up to Date,No,-0.75,0,0.1429,0.1429,1.47,0,1.17,0.75
EDU-000938,1,44,1,9991,0,39,150.0,1,37,37,6,6,150.0,0,0,0,1,0,0,31,0,2,6,8,6,12.0,0,2,7,8,7,13.428571428571429,0,9.4,-0.8,-3.12,Enrolled,Female,No,No,Up to Date,No,1.43,1,1.0,1.0,12.86,0,1.0,1.43
EDU-000939,1,1,1,9773,1,1,145.0,1,19,38,4,10,131.7,1,0,0,1,0,0,18,0,0,6,7,6,12.666666666666666,0,0,6,8,4,12.25,0,7.6,2.6,0.32,Enrolled,Female,No,No,Up to Date,Yes,-0.42,-2,1.0,0.6667,8.28,0,1.0,0.42
EDU-000940,4,39,1,8014,0,19,133.1,1,37,37,90,7,110.0,0,0,0,0,0,0,31,0,0,6,8,5,11.4,0,0,6,9,3,11.0,0,9.4,-0.8,-3.12,Dropout,Female,No,No,In Arrears,No,-0.4,-2,0.8333,0.5,5.58,0,1.0,0.4
EDU-000941,1,1,3,9773,1,1,110.0,1,19,19,5,5,105.5,1,0,0,1,0,0,19,0,0,6,6,6,13.0,0,0,6,8,5,12.4,0,12.4,0.5,1.79,Graduate,Female,No,No,Up to Date,Yes,-0.6,-1,1.0,0.8333,10.53,0,1.0,0.6
EDU-000942,1,1,1,9238,1,1,128.0,1,37,19,9,4,127.3,1,0,0,1,0,1,19,0,0,6,8,6,14.0,0,0,6,8,6,12.285714285714286,0,16.2,0.3,-0.92,Graduate,Female,Yes,No,Up to Date,Yes,-1.71,0,1.0,1.0,12.97,0,1.0,1.71
EDU-000943,2,39,1,9238,1,19,133.1,1,37,37,9,9,130.0,1,0,0,1,0,0,31,0,0,6,11,0,0.0,0,0,5,10,0,0.0,0,9.4,-0.8,-3.12,Enrolled,Female,No,No,Up to Date,Yes,0.0,0,0.0,0.0,0.0,0,1.0,0.0
EDU-000944,1,7,1,9085,1,3,130.0,1,1,19,9,10,130.0,0,0,0,1,0,0,34,0,0,6,0,0,0.0,0,0,6,0,0,0.0,0,15.5,2.8,-4.06,Dropout,Female,No,No,Up to Date,No,0.0,0,0.0,0.0,0.0,0,1.0,0.0
EDU-000945,1,16,1,9556,1,1,137.0,1,37,37,9,7,122.7,1,0,0,1,0,1,18,0,0,7,7,7,15.285714285714286,0,0,8,8,8,16.075,0,12.4,0.5,1.79,Graduate,Female,Yes,No,Up to Date,Yes,0.79,1,1.0,1.0,15.76,0,1.17,0.79
EDU-000946,1,17,2,9254,1,1,123.0,1,37,37,7,7,113.9,1,0,0,1,0,0,18,0,0,6,6,6,13.166666666666666,0,0,6,6,6,12.666666666666666,0,11.1,0.6,2.02,Graduate,Female,No,No,Up to Date,Yes,-0.5,0,1.0,1.0,12.87,0,1.0,0.5
EDU-000947,1,1,1,9147,1,1,156.0,1,3,19,3,3,151.1,0,0,1,1,1,0,19,0,0,5,7,5,13.6,0,0,5,11,5,12.833333333333334,5,16.2,0.3,-0.92,Graduate,Male,No,Yes,Up to Date,No,-0.77,0,1.0,1.0,13.14,0,0.83,0.77
EDU-000948,1,17,2,9773,1,1,133.1,1,3,5,0,2,125.8,1,0,0,0,1,1,22,0,0,4,8,0,0.0,0,0,4,8,0,0.0,0,7.6,2.6,0.32,Dropout,Male,Yes,No,In Arrears,Yes,0.0,0,0.0,0.0,0.0,0,0.67,0.0
EDU-000949,2,43,1,9670,1,1,100.0,1,34,34,0,0,128.2,0,0,0,1,1,0,32,0,6,10,12,10,11.4,0,4,9,9,4,11.5,0,7.6,2.6,0.32,Graduate,Male,No,No,Up to Date,No,0.1,-6,1.0,0.4444,5.09,0,1.67,0.1
EDU-000950,1,39,1,9147,1,1,140.0,1,37,3,9,2,135.1,0,0,0,1,1,0,61,0,0,5,0,0,0.0,0,0,5,0,0,0.0,0,15.5,2.8,-4.06,Dropout,Male,No,No,Up to Date,No,0.0,0,0.0,0.0,0.0,0,0.83,0.0
EDU-000951,1,39,1,9991,0,1,130.0,1,37,37,9,9,120.2,1,0,0,1,1,0,30,0,0,5,7,5,11.0,0,0,5,5,5,11.6,0,7.6,2.6,0.32,Graduate,Male,No,No,Up to Date,Yes,0.6,0,1.0,1.0,11.36,0,0.83,0.6
EDU-000952,2,39,1,9991,0,1,133.1,1,37,37,9,9,132.8,0,0,1,0,1,0,45,0,0,5,9,0,0.0,0,0,5,11,0,0.0,0,12.4,0.5,1.79,Dropout,Male,No,Yes,In Arrears,No,0.0,0,0.0,0.0,0.0,1,0.83,0.0
EDU-000953,1,44,1,9003,1,39,140.0,1,1,19,4,8,140.0,0,0,0,1,1,0,20,0,0,6,7,6,13.571428571428571,0,0,6,6,6,12.666666666666666,0,12.4,0.5,1.79,Graduate,Male,No,No,Up to Date,No,-0.9,0,1.0,1.0,13.03,0,1.0,0.9
EDU-000954,1,18,5,9500,1,1,137.0,1,19,1,1,10,129.3,0,0,0,1,0,0,19,0,0,7,0,0,0.0,0,0,8,0,0,0.0,0,9.4,-0.8,-3.12,Dropout,Female,No,No,Up to Date,No,0.0,0,0.0,0.0,0.0,0,1.17,0.0
EDU-000955,1,42,1,9119,1,1,120.0,1,3,1,2,9,108.2,1,0,0,1,1,0,26,0,4,10,14,4,11.25,0,4,11,11,4,12.0,0,7.6,2.6,0.32,Dropout,Male,No,No,Up to Date,Yes,0.75,0,0.4,0.3636,4.25,0,1.67,0.75
EDU-000956,1,17,4,9670,1,1,125.0,1,1,1,4,90,125.4,1,0,0,1,1,0,19,0,0,5,6,3,13.333333333333334,0,0,5,5,1,11.0,0,7.6,2.6,0.32,Dropout,Male,No,No,Up to Date,Yes,-2.33,-2,0.6,0.2,2.39,0,0.83,2.33
EDU-000957,1,17,1,9773,1,1,130.0,1,19,37,9,9,140.2,0,0,0,1,1,1,19,0,0,6,6,6,12.0,0,0,6,7,6,11.666666666666666,0,16.2,0.3,-0.92,Graduate,Male,Yes,No,Up to Date,No,-0.33,0,1.0,1.0,11.8,0,1.0,0.33
EDU-000958,1,1,3,9773,1,1,115.0,1,38,1,9,4,116.1,1,0,0,1,1,0,19,0,0,6,6,6,12.5,0,0,6,7,5,13.0,0,12.4,0.5,1.79,Graduate,Male,No,No,Up to Date,Yes,0.5,-1,1.0,0.8333,10.67,0,1.0,0.5
EDU-000959,1,1,1,9147,1,1,150.0,1,1,19,5,5,137.8,1,0,0,1,1,1,19,0,0,5,6,5,13.2,0,0,5,6,5,12.666666666666666,0,16.2,0.3,-0.92,Graduate,Male,Yes,No,Up to Date,Yes,-0.53,0,1.0,1.0,12.88,0,0.83,0.53
EDU-000960,1,1,3,9670,1,1,134.0,1,14,11,0,0,128.4,1,0,0,0,1,0,19,0,0,5,5,0,0.0,0,0,4,4,0,0.0,0,7.6,2.6,0.32,Dropout,Male,No,No,In Arrears,Yes,0.0,0,0.0,0.0,0.0,0,0.83,0.0
EDU-000961,1,39,1,9670,1,1,120.0,1,34,34,0,0,106.0,1,0,0,0,1,0,28,0,0,5,7,3,11.666666666666666,0,0,5,8,2,11.5,1,7.6,2.6,0.32,Dropout,Male,No,No,In Arrears,Yes,-0.17,-1,0.6,0.4,4.63,0,0.83,0.17
EDU-000962,1,43,1,9147,1,1,141.0,1,37,37,9,9,130.2,0,0,0,1,1,0,24,0,10,15,16,15,13.466666666666669,1,10,14,14,14,13.642857142857142,0,9.4,-0.8,-3.12,Graduate,Male,No,No,Up to Date,No,0.18,-1,1.0,1.0,13.57,0,2.5,0.18
EDU-000963,1,1,1,9130,1,1,133.0,1,3,1,2,4,126.0,0,0,0,1,1,0,18,0,0,5,7,3,13.666666666666666,0,0,5,5,5,13.2,0,7.6,2.6,0.32,Graduate,Male,No,No,Up to Date,No,-0.47,2,0.6,1.0,13.39,0,0.83,0.47
EDU-000964,1,1,2,9119,1,1,149.0,1,38,38,5,5,141.0,0,0,0,1,1,0,18,0,0,5,9,2,11.666666666666666,0,0,5,9,2,12.5,2,7.6,2.6,0.32,Enrolled,Male,No,No,Up to Date,No,0.83,0,0.4,0.4,4.87,0,0.83,0.83
EDU-000965,1,1,1,9773,1,1,121.0,1,1,3,3,7,113.0,1,0,0,1,1,1,18,0,0,6,7,6,11.666666666666666,0,0,6,12,5,10.2,0,12.4,0.5,1.79,Graduate,Male,Yes,No,Up to Date,Yes,-1.47,-1,1.0,0.8333,8.99,0,1.0,1.47
EDU-000966,1,44,1,9003,1,39,120.0,1,4,1,2,8,120.0,0,0,0,1,1,0,21,0,0,6,9,5,13.4,0,0,6,9,5,12.4,0,8.9,1.4,3.51,Graduate,Male,No,No,Up to Date,No,-1.0,0,0.8333,0.8333,10.67,0,1.0,1.0
EDU-000967,2,39,1,9991,0,1,148.0,1,19,37,9,5,130.9,0,0,0,0,1,0,28,0,0,5,5,0,0.0,0,0,5,6,0,0.0,0,12.4,0.5,1.79,Dropout,Male,No,No,In Arrears,No,0.0,0,0.0,0.0,0.0,0,0.83,0.0
EDU-000968,1,39,1,9003,1,12,133.1,1,37,19,9,10,120.0,0,0,0,1,1,0,58,0,0,6,9,0,0.0,0,0,6,6,0,0.0,0,13.9,-0.3,0.79,Dropout,Male,No,No,Up to Date,No,0.0,0,0.0,0.0,0.0,0,1.0,0.0
EDU-000969,2,39,1,9991,0,1,135.0,1,34,34,0,0,134.1,1,0,0,0,1,0,49,0,0,5,5,0,0.0,0,0,5,5,0,0.0,0,7.6,2.6,0.32,Dropout,Male,No,No,In Arrears,Yes,0.0,0,0.0,0.0,0.0,0,0.83,0.0
EDU-000970,1,39,1,9119,1,1,150.0,1,1,38,3,5,120.0,0,0,0,1,1,0,24,0,0,5,6,3,10.666666666666666,0,0,5,9,2,10.5,0,15.5,2.8,-4.06,Enrolled,Male,No,No,Up to Date,No,-0.17,-1,0.6,0.4,4.23,0,0.83,0.17
EDU-000971,1,43,1,9670,1,1,130.0,1,34,34,0,0,114.8,0,0,0,1,1,0,25,0,0,5,5,4,13.75,0,0,5,5,4,14.75,0,7.6,2.6,0.32,Graduate,Male,No,No,Up to Date,No,1.0,0,0.8,0.8,11.48,0,0.83,1.0
EDU-000972,4,42,1,9147,1,1,133.1,1,37,38,7,3,123.0,1,0,0,1,1,0,33,0,0,5,5,1,10.0,0,0,5,5,0,0.0,0,7.6,2.6,0.32,Dropout,Male,No,No,Up to Date,Yes,-10.0,-1,0.2,0.0,0.0,0,0.83,10.0
EDU-000973,2,39,2,9119,1,19,133.1,1,37,37,7,7,118.0,0,0,0,0,1,0,33,0,0,5,11,0,0.0,0,0,5,5,0,0.0,0,9.4,-0.8,-3.12,Dropout,Male,No,No,In Arrears,No,0.0,0,0.0,0.0,0.0,0,0.83,0.0
EDU-000974,2,43,1,9853,1,1,110.0,1,37,37,7,7,100.0,0,0,0,1,1,0,40,0,0,2,4,1,16.0,0,0,4,5,4,15.5,0,13.9,-0.3,0.79,Graduate,Male,No,No,Up to Date,No,-0.5,3,0.5,1.0,15.7,0,0.33,0.5
EDU-000975,2,39,1,9991,0,1,170.0,1,37,19,9,3,151.1,0,0,0,1,1,0,48,0,0,5,9,5,12.285714285714286,0,0,5,8,5,11.125,0,16.2,0.3,-0.92,Graduate,Male,No,No,Up to Date,No,-1.16,0,1.0,1.0,11.59,0,0.83,1.16
EDU-000976,1,17,3,9119,1,1,120.0,1,1,19,9,3,116.9,1,0,1,0,1,0,18,0,0,5,10,3,12.0,0,0,5,8,3,10.333333333333334,0,8.9,1.4,3.51,Enrolled,Male,No,Yes,In Arrears,Yes,-1.67,0,0.6,0.6,6.6,1,0.83,1.67
EDU-000977,1,39,1,9500,1,19,133.1,1,38,38,9,8,106.0,1,0,0,1,1,0,24,0,0,7,7,6,12.666666666666666,1,0,7,7,6,12.666666666666666,1,7.6,2.6,0.32,Graduate,Male,No,No,Up to Date,Yes,0.0,0,0.8571,0.8571,10.86,0,1.17,0.0
EDU-000978,2,1,1,9085,1,1,139.0,1,19,19,192,144,127.1,0,0,0,1,1,1,23,0,0,5,6,5,11.8,0,0,5,7,4,13.25,1,10.8,1.4,1.74,Graduate,Male,Yes,No,Up to Date,No,1.45,-1,1.0,0.8,10.14,0,0.83,1.45
EDU-000979,1,39,1,9991,0,19,133.1,1,19,37,7,5,155.5,1,0,1,0,1,0,39,0,0,5,6,5,10.6,0,0,5,7,5,14.666666666666666,0,10.8,1.4,1.74,Dropout,Male,No,Yes,In Arrears,Yes,4.07,0,1.0,1.0,13.04,1,0.83,4.07
EDU-000980,1,18,1,9003,1,1,133.1,1,1,38,9,6,101.0,0,0,0,1,1,0,21,0,5,11,16,9,11.9,0,3,9,14,8,12.25,0,15.5,2.8,-4.06,Graduate,Male,No,No,Up to Date,No,0.35,-1,0.8182,0.8889,10.76,0,1.83,0.35
EDU-000981,1,42,1,9119,1,6,120.0,1,35,35,6,6,128.2,1,0,0,1,1,0,34,0,4,6,8,4,11.25,0,1,5,8,2,10.5,0,7.6,2.6,0.32,Dropout,Male,No,No,Up to Date,Yes,-0.75,-2,0.6667,0.4,4.32,0,1.0,0.75
EDU-000982,2,39,1,9991,0,1,100.0,1,19,19,4,4,113.0,0,0,0,1,1,1,41,0,0,5,9,4,11.0,0,0,5,6,5,11.4,0,8.9,1.4,3.51,Enrolled,Male,Yes,No,Up to Date,No,0.4,1,0.8,1.0,11.24,0,0.83,0.4
EDU-000983,1,1,1,9773,1,1,134.0,1,1,38,4,5,122.8,0,0,0,1,1,0,18,0,0,6,6,6,12.0,0,0,6,6,6,12.5,0,12.7,3.7,-1.7,Graduate,Male,No,No,Up to Date,No,0.5,0,1.0,1.0,12.3,0,1.0,0.5
EDU-000984,2,39,1,9991,0,1,130.0,1,38,38,9,3,145.6,0,0,0,1,1,0,34,0,0,5,10,4,11.75,0,0,5,10,4,10.833333333333334,0,13.9,-0.3,0.79,Enrolled,Male,No,No,Up to Date,No,-0.92,0,0.8,0.8,8.96,0,0.83,0.92
EDU-000985,1,1,1,9147,1,1,128.0,1,1,1,2,10,116.5,0,0,0,1,1,0,19,0,0,5,8,2,10.0,0,0,5,8,1,16.0,0,7.6,2.6,0.32,Dropout,Male,No,No,Up to Date,No,6.0,-1,0.4,0.2,2.72,0,0.83,6.0
EDU-000986,1,1,1,9500,1,1,154.0,1,19,19,3,3,142.0,0,0,0,1,1,0,19,0,0,8,8,7,13.714285714285714,0,0,8,8,7,13.714285714285714,0,12.7,3.7,-1.7,Graduate,Male,No,No,Up to Date,No,0.0,0,0.875,0.875,12.0,0,1.33,0.0
EDU-000987,1,7,1,9003,1,4,150.0,1,1,1,4,6,150.0,0,0,0,1,1,0,28,0,0,6,14,6,14.875,0,0,6,12,6,15.8,0,16.2,0.3,-0.92,Graduate,Male,No,No,Up to Date,No,0.93,0,1.0,1.0,15.43,0,1.0,0.93
EDU-000988,1,17,1,9070,1,1,134.0,1,1,1,5,0,133.3,1,0,0,1,1,0,18,0,0,6,7,5,10.8,1,0,6,6,0,0.0,0,7.6,2.6,0.32,Dropout,Male,No,No,Up to Date,Yes,-10.8,-5,0.8333,0.0,0.0,0,1.0,10.8
EDU-000989,1,1,1,9238,1,1,127.0,1,2,2,3,4,115.8,1,0,0,1,1,0,19,0,0,6,11,3,12.0,0,0,6,12,2,10.0,0,11.1,0.6,2.02,Dropout,Male,No,No,Up to Date,Yes,-2.0,-1,0.5,0.3333,3.6,0,1.0,2.0
EDU-000990,1,17,2,9085,1,1,133.1,1,19,38,9,1,100.0,1,0,1,0,1,0,19,0,0,6,10,5,12.5,0,0,6,19,2,13.5,0,12.4,0.5,1.79,Dropout,Male,No,Yes,In Arrears,Yes,1.0,-3,0.8333,0.3333,4.37,1,1.0,1.0
EDU-000991,1,17,1,9500,1,1,130.0,1,1,3,9,2,128.6,1,0,0,1,0,0,18,0,0,7,7,7,14.728571428571428,0,0,8,11,8,16.327272727272728,0,16.2,0.3,-0.92,Graduate,Female,No,No,Up to Date,Yes,1.6,1,1.0,1.0,15.69,0,1.17,1.6
EDU-000992,1,1,1,9130,1,1,135.0,1,3,3,2,2,137.1,1,0,0,1,0,0,18,0,0,6,8,6,12.0,0,0,6,8,5,14.8,0,12.4,0.5,1.79,Graduate,Female,No,No,Up to Date,Yes,2.8,-1,1.0,0.8333,11.4,0,1.0,2.8
EDU-000993,1,1,1,9773,1,1,143.0,1,1,3,3,3,149.0,1,0,0,1,0,0,18,0,0,6,8,6,11.428571428571429,0,0,6,7,6,11.0,0,11.1,0.6,2.02,Dropout,Female,No,No,Up to Date,Yes,-0.43,0,1.0,1.0,11.17,0,1.0,0.43
EDU-000994,1,44,2,9238,1,39,150.0,1,3,19,4,9,147.0,1,0,0,1,0,0,19,0,3,6,6,6,14.166666666666666,0,2,6,6,6,13.5,0,12.4,0.5,1.79,Graduate,Female,No,No,Up to Date,Yes,-0.67,0,1.0,1.0,13.77,0,1.0,0.67
EDU-000995,2,7,1,9238,1,3,150.0,1,37,37,191,192,150.0,0,0,0,1,0,0,31,0,1,6,12,5,12.5,0,0,6,10,5,14.6,0,12.7,3.7,-1.7,Graduate,Female,No,No,Up to Date,No,2.1,0,0.8333,0.8333,11.47,0,1.0,2.1
EDU-000996,1,39,1,8014,0,1,130.0,1,37,37,9,8,103.5,0,0,0,1,0,1,33,0,0,6,6,6,14.166666666666666,0,0,6,6,6,14.333333333333334,0,12.7,3.7,-1.7,Graduate,Female,Yes,No,Up to Date,No,0.17,0,1.0,1.0,14.27,0,1.0,0.17
EDU-000997,1,1,3,9500,1,1,113.0,1,3,1,134,135,107.8,1,0,0,1,0,1,20,0,0,7,10,5,14.46,0,0,7,8,6,13.55,0,12.4,0.5,1.79,Enrolled,Female,Yes,No,Up to Date,Yes,-0.91,1,0.7143,0.8571,11.93,0,1.17,0.91
EDU-000998,1,44,1,9085,1,39,130.0,6,19,1,6,4,130.0,1,0,0,1,0,0,22,1,0,6,12,5,12.8,0,0,6,19,2,11.5,0,12.4,0.5,1.79,Enrolled,Female,No,No,Up to Date,Yes,-1.3,-3,0.8333,0.3333,4.01,0,1.0,1.3
EDU-000999,1,17,1,9254,1,1,115.0,1,1,19,3,3,109.4,1,0,0,1,0,0,19,0,0,6,8,6,12.666666666666666,0,0,6,8,5,13.4,0,11.1,0.6,2.02,Graduate,Female,No,No,Up to Date,Yes,0.73,-1,1.0,0.8333,10.92,0,1.0,0.73
EDU-001000,1,1,3,9070,1,1,146.0,1,34,34,0,0,143.6,1,0,0,1,0,0,18,0,0,6,6,6,12.5,0,0,6,6,6,13.0,0,7.6,2.6,0.32,Dropout,Female,No,No,Up to Date,Yes,0.5,0,1.0,1.0,12.8,0,1.0,0.5
EDU-001001,1,17,3,9070,1,1,132.0,1,38,1,5,5,124.3,0,1,0,1,0,0,18,0,0,6,0,0,0.0,0,0,6,0,0,0.0,0,15.5,2.8,-4.06,Dropout,Female,No,No,Up to Date,No,0.0,0,0.0,0.0,0.0,0,1.0,0.0
EDU-001002,1,1,5,9670,1,1,116.0,1,19,38,9,9,119.5,1,0,0,0,0,0,18,0,0,6,0,0,0.0,0,0,6,0,0,0.0,0,8.9,1.4,3.51,Dropout,Female,No,No,In Arrears,Yes,0.0,0,0.0,0.0,0.0,0,1.0,0.0
EDU-001003,1,1,1,171,1,1,163.0,1,3,4,2,5,175.6,1,0,0,1,0,0,18,0,0,0,0,0,0.0,0,0,0,0,0,0.0,0,11.1,0.6,2.02,Graduate,Female,No,No,Up to Date,Yes,0.0,0,0.0,0.0,0.0,0,0.0,0.0
EDU-001004,1,17,2,9147,1,1,122.0,1,19,19,7,7,116.1,1,0,0,1,0,1,19,0,0,5,8,5,11.2,0,0,5,5,3,11.0,0,12.4,0.5,1.79,Graduate,Female,Yes,No,Up to Date,Yes,-0.2,-2,1.0,0.6,6.65,0,0.83,0.2
EDU-001005,1,17,2,9238,1,1,136.0,1,1,3,3,4,126.6,1,0,0,1,0,0,18,0,0,6,6,6,16.5,0,0,6,7,6,17.428571428571427,0,11.1,0.6,2.02,Dropout,Female,No,No,Up to Date,Yes,0.93,0,1.0,1.0,17.06,0,1.0,0.93
EDU-001006,1,17,1,9085,1,1,142.0,1,3,19,5,5,130.8,1,0,0,1,0,0,18,0,0,5,9,3,13.666666666666666,1,0,5,5,5,12.0,0,12.7,3.7,-1.7,Graduate,Female,No,No,Up to Date,Yes,-1.67,2,0.6,1.0,12.67,0,0.83,1.67
EDU-001007,1,17,6,9500,1,1,139.0,1,37,37,9,6,133.5,1,0,0,1,0,1,18,0,0,8,8,7,15.228571428571428,0,0,8,8,7,15.228571428571428,0,12.7,3.7,-1.7,Graduate,Female,Yes,No,Up to Date,Yes,0.0,0,0.875,0.875,13.32,0,1.33,0.0
EDU-001008,1,53,1,9238,1,42,140.0,1,37,37,9,10,136.9,1,0,0,1,0,0,21,0,5,9,10,9,12.77777777777778,0,4,9,9,9,13.22222222222222,0,8.9,1.4,3.51,Graduate,Female,No,No,Up to Date,Yes,0.44,0,1.0,1.0,13.04,0,1.5,0.44
EDU-001009,1,1,1,9500,1,1,165.0,1,19,37,5,5,142.3,0,0,0,1,0,1,18,0,0,8,8,7,14.428571428571429,0,0,8,8,7,14.428571428571429,0,12.7,3.7,-1.7,Graduate,Female,Yes,No,Up to Date,No,0.0,0,0.875,0.875,12.62,0,1.33,0.0
EDU-001010,1,17,3,9670,1,1,122.0,1,1,38,3,3,114.3,1,0,0,1,0,0,18,0,0,6,8,6,13.875,0,0,6,7,6,13.714285714285714,0,11.1,0.6,2.02,Graduate,Female,No,No,Up to Date,Yes,-0.16,0,1.0,1.0,13.78,0,1.0,0.16
EDU-001011,1,1,2,9500,1,1,135.0,1,19,19,9,10,122.9,1,0,0,1,0,0,18,0,0,7,10,7,13.128,0,0,8,13,6,13.193333333333332,0,15.5,2.8,-4.06,Graduate,Female,No,No,Up to Date,Yes,0.07,-1,1.0,0.75,9.88,0,1.17,0.07
EDU-001012,1,17,1,9500,1,1,128.0,1,19,1,4,3,117.2,1,0,0,1,0,0,20,0,0,7,9,6,11.605,0,0,8,10,7,12.4125,0,16.2,0.3,-0.92,Graduate,Female,No,No,Up to Date,Yes,0.81,1,0.8571,0.875,10.58,0,1.17,0.81
EDU-001013,1,17,1,9147,1,1,139.0,1,1,38,4,5,152.0,0,0,0,1,0,1,18,0,0,5,5,5,14.6,0,0,5,8,5,12.0,0,12.7,3.7,-1.7,Graduate,Female,Yes,No,Up to Date,No,-2.6,0,1.0,1.0,13.04,0,0.83,2.6
EDU-001014,1,1,2,9773,1,1,125.0,1,19,1,4,5,122.2,1,0,0,1,0,0,18,0,0,6,0,0,0.0,0,0,6,0,0,0.0,0,11.1,0.6,2.02,Dropout,Female,No,No,Up to Date,Yes,0.0,0,0.0,0.0,0.0,0,1.0,0.0
EDU-001015,1,18,2,9147,1,1,102.0,1,37,38,191,143,101.7,1,0,0,1,0,1,20,0,0,5,6,5,11.8,0,0,5,6,5,11.6,0,8.9,1.4,3.51,Graduate,Female,Yes,No,Up to Date,Yes,-0.2,0,1.0,1.0,11.68,0,0.83,0.2
EDU-001016,1,17,1,9254,1,1,116.0,1,19,19,9,8,119.9,1,0,0,1,0,0,20,0,0,6,6,6,12.333333333333334,0,0,6,6,6,12.333333333333334,0,12.4,0.5,1.79,Graduate,Female,No,No,Up to Date,Yes,0.0,0,1.0,1.0,12.33,0,1.0,0.0
EDU-001017,1,17,1,9147,1,1,138.0,1,37,1,9,9,123.7,1,0,1,1,0,1,19,0,0,5,5,4,11.0,0,0,5,5,0,0.0,0,11.1,0.6,2.02,Dropout,Female,Yes,Yes,Up to Date,Yes,-11.0,-4,0.8,0.0,0.0,0,0.83,11.0
EDU-001018,1,51,1,9070,1,1,135.0,1,3,1,3,5,121.8,0,0,0,1,0,1,19,0,5,11,11,11,13.181818181818182,0,5,11,11,11,12.909090909090908,0,11.1,0.6,2.02,Graduate,Female,Yes,No,Up to Date,No,-0.27,0,1.0,1.0,13.02,0,1.83,0.27
EDU-001019,1,17,4,9670,1,1,110.0,1,19,37,9,99,106.1,1,1,1,0,0,1,18,0,0,6,6,1,11.0,0,0,6,0,0,0.0,0,12.7,3.7,-1.7,Dropout,Female,Yes,Yes,In Arrears,Yes,-11.0,-1,0.1667,0.0,0.0,1,1.0,11.0
EDU-001020,1,17,3,9773,1,1,132.0,1,1,1,4,9,124.3,1,0,1,1,0,1,19,0,0,6,6,6,11.833333333333334,0,0,6,7,6,12.285714285714286,0,15.5,2.8,-4.06,Graduate,Female,Yes,Yes,Up to Date,Yes,0.45,0,1.0,1.0,12.1,0,1.0,0.45
EDU-001021,1,1,2,9500,1,1,126.0,1,1,38,4,7,124.3,1,0,0,1,0,1,20,0,0,8,8,8,12.98125,0,0,8,8,8,12.98125,0,9.4,-0.8,-3.12,Graduate,Female,Yes,No,Up to Date,Yes,0.0,0,1.0,1.0,12.98,0,1.33,0.0
EDU-001022,1,44,1,9147,1,39,117.4,1,19,1,4,9,117.4,1,0,0,1,0,0,21,0,4,7,10,6,11.333333333333334,0,1,5,6,5,11.2,0,11.1,0.6,2.02,Graduate,Female,No,No,Up to Date,Yes,-0.13,-1,0.8571,1.0,11.25,0,1.17,0.13
EDU-001023,1,43,2,9500,1,1,120.0,1,41,3,2,2,112.7,0,0,0,1,0,0,21,0,0,8,12,6,11.68,0,0,8,12,6,11.68,0,10.8,1.4,1.74,Graduate,Female,No,No,Up to Date,No,0.0,0,0.75,0.75,8.76,0,1.33,0.0
EDU-001024,1,17,1,9070,1,1,116.0,1,38,38,9,9,123.7,0,0,0,1,0,0,20,0,0,6,6,6,14.5,0,0,6,7,6,13.5,0,11.1,0.6,2.02,Graduate,Female,No,No,Up to Date,No,-1.0,0,1.0,1.0,13.9,0,1.0,1.0
EDU-001025,1,18,2,9853,1,1,111.0,1,38,38,191,171,105.8,1,0,0,1,0,0,19,0,0,7,7,7,13.142857142857142,0,0,7,8,7,12.857142857142858,0,8.9,1.4,3.51,Graduate,Female,No,No,Up to Date,Yes,-0.29,0,1.0,1.0,12.97,0,1.17,0.29
EDU-001026,1,17,3,9085,1,1,128.0,1,1,19,4,90,124.2,0,0,0,0,0,0,21,0,0,5,8,2,11.5,0,0,5,7,2,10.5,0,7.6,2.6,0.32,Dropout,Female,No,No,In Arrears,No,-1.0,0,0.4,0.4,4.36,0,0.83,1.0
EDU-001027,1,1,1,9085,1,1,123.0,1,30,19,4,90,122.3,0,0,0,1,0,0,18,0,0,5,6,5,14.2,0,0,5,7,5,11.8,0,7.6,2.6,0.32,Graduate,Female,No,No,Up to Date,No,-2.4,0,1.0,1.0,12.76,0,0.83,2.4
EDU-001028,1,1,5,9254,1,1,131.0,1,19,37,9,9,123.7,0,0,0,1,0,1,19,0,0,6,8,5,11.666666666666666,0,0,6,7,5,12.2,0,8.9,1.4,3.51,Graduate,Female,Yes,No,Up to Date,No,0.53,0,0.8333,0.8333,9.99,0,1.0,0.53
EDU-001029,1,17,2,9500,1,1,135.0,1,19,19,9,4,129.8,1,0,0,1,0,0,18,0,0,7,8,7,13.175,0,0,8,8,8,14.875,0,13.9,-0.3,0.79,Graduate,Female,No,No,Up to Date,Yes,1.7,1,1.0,1.0,14.2,0,1.17,1.7
EDU-001030,1,1,4,9500,1,1,136.0,1,1,1,9,9,123.8,1,0,0,1,0,1,19,0,0,8,8,7,13.314285714285717,0,0,8,8,7,13.314285714285717,0,12.7,3.7,-1.7,Graduate,Female,Yes,No,Up to Date,Yes,0.0,0,0.875,0.875,11.65,0,1.33,0.0
EDU-001031,1,1,2,9147,1,1,132.0,1,1,19,4,3,126.4,1,0,0,1,0,1,18,0,0,5,13,3,10.6,0,0,5,12,3,10.5,0,13.9,-0.3,0.79,Graduate,Female,Yes,No,Up to Date,Yes,-0.1,0,0.6,0.6,6.32,0,0.83,0.1
EDU-001032,1,1,1,9853,1,1,120.0,1,19,37,5,7,115.1,0,0,0,1,0,1,18,0,0,6,11,4,12.0,0,0,6,8,4,10.75,0,15.5,2.8,-4.06,Enrolled,Female,Yes,No,Up to Date,No,-1.25,0,0.6667,0.6667,7.5,0,1.0,1.25
EDU-001033,1,1,1,9773,1,1,144.0,1,37,37,8,8,138.4,0,0,0,1,0,0,18,0,0,6,7,6,13.428571428571429,0,0,6,7,6,14.142857142857142,0,13.9,-0.3,0.79,Graduate,Female,No,No,Up to Date,No,0.71,0,1.0,1.0,13.86,0,1.0,0.71
EDU-001034,1,17,1,9085,1,1,129.0,1,1,37,9,9,118.2,1,0,0,1,0,1,18,0,0,5,7,4,13.25,0,0,5,8,5,15.571428571428571,0,10.8,1.4,1.74,Graduate,Female,Yes,No,Up to Date,Yes,2.32,1,0.8,1.0,14.64,0,0.83,2.32
EDU-001035,1,17,1,9070,1,1,136.0,1,38,19,7,7,121.7,1,0,0,1,0,0,18,0,0,6,6,2,13.0,0,0,6,6,0,0.0,0,12.4,0.5,1.79,Dropout,Female,No,No,Up to Date,Yes,-13.0,-2,0.3333,0.0,0.0,0,1.0,13.0
EDU-001036,1,1,3,9070,1,1,125.0,1,1,38,9,7,118.0,0,0,0,1,0,1,18,0,0,6,6,6,14.333333333333334,0,0,6,7,6,14.0,0,11.1,0.6,2.02,Enrolled,Female,Yes,No,Up to Date,No,-0.33,0,1.0,1.0,14.13,0,1.0,0.33
EDU-001037,1,17,1,9238,1,1,125.0,1,1,38,9,7,119.8,0,0,0,1,0,0,18,0,0,6,0,0,0.0,0,0,6,0,0,0.0,0,11.1,0.6,2.02,Dropout,Female,No,No,Up to Date,No,0.0,0,0.0,0.0,0.0,0,1.0,0.0
EDU-001038,1,1,1,9238,1,1,154.0,1,1,3,4,2,164.9,0,0,0,1,0,0,18,0,0,6,6,6,14.0,0,0,6,6,6,13.166666666666666,0,10.8,1.4,1.74,Graduate,Female,No,No,Up to Date,No,-0.83,0,1.0,1.0,13.5,0,1.0,0.83
EDU-001039,1,42,1,9085,1,1,100.0,1,1,38,4,9,100.0,1,0,0,1,0,1,20,0,1,2,2,2,12.0,0,1,6,11,6,12.833333333333334,0,13.9,-0.3,0.79,Graduate,Female,Yes,No,Up to Date,Yes,0.83,4,1.0,1.0,12.5,0,0.33,0.83
EDU-001040,1,1,1,9853,1,1,124.0,1,3,1,2,5,121.6,0,0,0,1,0,0,18,0,0,6,9,5,12.333333333333334,0,0,6,10,5,10.6,0,15.5,2.8,-4.06,Enrolled,Female,No,No,Up to Date,No,-1.73,0,0.8333,0.8333,9.41,0,1.0,1.73
EDU-001041,1,17,4,9070,1,1,126.0,1,1,19,4,5,120.4,1,0,0,1,0,0,18,0,0,6,8,5,11.8,0,0,6,7,5,10.4,1,16.2,0.3,-0.92,Graduate,Female,No,No,Up to Date,Yes,-1.4,0,0.8333,0.8333,9.13,0,1.0,1.4
EDU-001042,1,18,6,9500,1,1,124.0,1,37,37,9,7,117.8,0,0,0,1,0,1,20,0,0,8,8,7,12.791428571428572,1,0,8,8,7,12.791428571428572,1,10.8,1.4,1.74,Graduate,Female,Yes,No,Up to Date,No,0.0,0,0.875,0.875,11.19,0,1.33,0.0
EDU-001043,4,43,1,9670,1,1,150.0,1,37,37,9,6,110.0,0,0,0,1,0,0,40,0,4,8,8,8,11.625,0,3,7,12,5,11.2,0,9.4,-0.8,-3.12,Graduate,Female,No,No,Up to Date,No,-0.43,-3,1.0,0.7143,8.12,0,1.33,0.43
EDU-001044,1,1,6,9500,1,1,133.0,1,38,38,9,9,128.8,1,0,0,1,0,1,18,0,0,7,11,6,11.994444444444444,0,0,8,11,7,12.43142857142857,0,15.5,2.8,-4.06,Graduate,Female,Yes,No,Up to Date,Yes,0.44,1,0.8571,0.875,10.72,0,1.17,0.44
EDU-001045,1,1,5,9254,1,1,126.0,1,19,19,4,7,116.6,1,0,0,1,0,0,19,0,0,6,9,5,11.6,0,0,6,12,5,12.2,0,13.9,-0.3,0.79,Graduate,Female,No,No,Up to Date,Yes,0.6,0,0.8333,0.8333,9.97,0,1.0,0.6
EDU-001046,1,7,1,9991,0,40,120.0,1,1,19,4,9,120.0,0,0,0,1,0,0,24,0,0,5,5,0,0.0,0,0,5,6,0,0.0,0,12.4,0.5,1.79,Dropout,Female,No,No,Up to Date,No,0.0,0,0.0,0.0,0.0,0,0.83,0.0
EDU-001047,1,1,3,9773,1,1,175.0,1,3,38,2,10,157.5,1,0,0,1,0,0,19,0,0,6,8,6,13.166666666666666,0,0,6,7,6,13.166666666666666,0,10.8,1.4,1.74,Dropout,Female,No,No,Up to Date,Yes,0.0,0,1.0,1.0,13.17,0,1.0,0.0
EDU-001048,1,1,6,9500,1,1,141.0,1,2,1,4,4,136.3,1,0,0,1,0,0,19,0,0,8,8,7,14.1,0,0,8,8,7,14.1,0,10.8,1.4,1.74,Graduate,Female,No,No,Up to Date,Yes,0.0,0,0.875,0.875,12.34,0,1.33,0.0
EDU-001049,1,1,1,9500,1,1,133.0,1,1,19,9,6,121.5,1,0,0,1,0,1,20,0,0,7,8,6,12.396666666666668,0,0,8,9,7,12.94285714285714,0,11.1,0.6,2.02,Graduate,Female,Yes,No,Up to Date,Yes,0.55,1,0.8571,0.875,11.13,0,1.17,0.55
EDU-001050,1,1,1,9500,1,1,143.0,1,38,38,5,5,133.9,0,0,0,1,0,0,18,0,0,7,7,7,15.014285714285714,0,0,8,8,8,16.0875,0,12.4,0.5,1.79,Graduate,Female,No,No,Up to Date,No,1.07,1,1.0,1.0,15.66,0,1.17,1.07
EDU-001051,1,1,1,171,1,1,141.0,1,1,38,4,8,136.8,1,0,0,1,0,1,18,0,0,0,0,0,0.0,0,0,0,0,0,0.0,0,13.9,-0.3,0.79,Graduate,Female,Yes,No,Up to Date,Yes,0.0,0,0.0,0.0,0.0,0,0.0,0.0
EDU-001052,1,17,2,9500,1,1,134.0,1,19,37,4,7,133.5,1,0,0,1,0,0,19,0,0,7,8,7,14.05,0,0,8,8,8,15.1,0,13.9,-0.3,0.79,Graduate,Female,No,No,Up to Date,Yes,1.05,1,1.0,1.0,14.68,0,1.17,1.05
EDU-001053,1,17,3,9500,1,1,138.0,1,3,3,4,5,130.0,1,0,0,1,0,0,18,0,0,7,8,7,14.85,0,0,8,8,8,15.2,0,13.9,-0.3,0.79,Dropout,Female,No,No,Up to Date,Yes,0.35,1,1.0,1.0,15.06,0,1.17,0.35
EDU-001054,1,44,1,9085,1,39,140.0,1,3,3,2,2,140.0,1,0,0,1,0,0,19,0,0,6,10,6,13.0,0,0,6,19,5,13.0,0,12.4,0.5,1.79,Graduate,Female,No,No,Up to Date,Yes,0.0,-1,1.0,0.8333,10.83,0,1.0,0.0
EDU-001055,1,1,2,9500,1,1,142.0,1,37,37,9,7,132.7,1,0,0,1,0,1,19,0,0,7,8,7,14.7875,0,0,8,8,8,15.8625,0,13.9,-0.3,0.79,Graduate,Female,Yes,No,Up to Date,Yes,1.08,1,1.0,1.0,15.43,0,1.17,1.08
EDU-001056,1,1,1,9500,1,1,118.0,1,19,19,5,7,117.8,0,0,0,1,0,1,19,0,0,7,7,7,13.7,0,0,8,9,7,14.671428571428574,0,12.4,0.5,1.79,Graduate,Female,Yes,No,Up to Date,No,0.97,0,1.0,0.875,12.5,0,1.17,0.97
EDU-001057,1,1,2,9500,1,1,131.0,1,1,37,4,4,126.1,1,0,0,1,0,1,19,0,0,7,7,7,12.495714285714286,0,0,8,9,7,12.242857142857144,0,11.1,0.6,2.02,Dropout,Female,Yes,No,Up to Date,Yes,-0.25,0,1.0,0.875,10.8,0,1.17,0.25
EDU-001058,1,1,1,9500,1,1,130.0,1,1,38,1,7,120.0,0,0,0,1,0,0,19,0,0,7,7,6,14.566666666666668,0,0,7,7,6,14.566666666666668,0,7.6,2.6,0.32,Graduate,Female,No,No,Up to Date,No,0.0,0,0.8571,0.8571,12.49,0,1.17,0.0
EDU-001059,1,39,1,9670,1,12,133.1,1,1,19,1,5,100.0,1,0,1,0,0,0,25,0,0,5,5,5,11.2,0,0,5,5,4,11.25,0,9.4,-0.8,-3.12,Dropout,Female,No,Yes,In Arrears,Yes,0.05,-1,1.0,0.8,8.98,1,0.83,0.05
EDU-001060,1,1,1,9500,1,1,130.0,1,19,19,4,10,116.8,0,0,0,1,0,0,20,0,0,8,8,7,12.685714285714283,0,0,8,8,7,12.685714285714283,0,12.7,3.7,-1.7,Graduate,Female,No,No,Up to Date,No,0.0,0,0.875,0.875,11.1,0,1.33,0.0
EDU-001061,1,53,1,9238,1,42,130.0,1,1,19,5,5,128.3,0,0,1,0,0,0,23,0,5,9,12,7,13.571428571428571,0,4,9,14,4,13.25,0,8.9,1.4,3.51,Dropout,Female,No,Yes,In Arrears,No,-0.32,-3,0.7778,0.4444,5.95,1,1.5,0.32
EDU-001062,1,1,1,9070,1,1,133.1,1,19,19,7,7,117.0,0,0,0,1,0,0,20,0,0,6,0,0,0.0,0,0,6,0,0,0.0,0,15.5,2.8,-4.06,Dropout,Female,No,No,Up to Date,No,0.0,0,0.0,0.0,0.0,0,1.0,0.0
EDU-001063,1,39,1,8014,0,1,130.0,1,37,11,9,10,131.5,0,0,0,1,0,0,27,0,0,6,8,5,11.0,0,0,6,7,6,11.166666666666666,0,11.1,0.6,2.02,Graduate,Female,No,No,Up to Date,No,0.17,1,0.8333,1.0,11.1,0,1.0,0.17
EDU-001064,1,1,1,9500,1,1,149.0,1,19,1,4,4,134.8,0,0,0,1,0,0,18,0,0,8,8,8,14.445,0,0,8,8,8,14.445,0,9.4,-0.8,-3.12,Graduate,Female,No,No,Up to Date,No,0.0,0,1.0,1.0,14.44,0,1.33,0.0
EDU-001065,1,1,1,9853,1,1,163.0,1,19,1,5,10,146.6,1,0,1,1,0,0,18,0,0,6,9,5,13.6,0,0,6,10,4,11.75,0,9.4,-0.8,-3.12,Enrolled,Female,No,Yes,Up to Date,Yes,-1.85,-1,0.8333,0.6667,8.33,0,1.0,1.85
EDU-001066,1,7,1,8014,0,40,130.0,1,19,1,5,10,130.0,1,0,1,0,0,0,23,0,7,12,12,11,14.0,0,4,10,11,8,14.625,0,13.9,-0.3,0.79,Dropout,Female,No,Yes,In Arrears,Yes,0.62,-3,0.9167,0.8,11.5,1,2.0,0.62
EDU-001067,1,1,6,9500,1,1,145.0,1,38,37,5,6,127.5,1,0,0,1,0,1,19,0,0,7,7,6,13.416666666666666,0,0,7,7,6,13.416666666666666,0,7.6,2.6,0.32,Graduate,Female,Yes,No,Up to Date,Yes,0.0,0,0.8571,0.8571,11.5,0,1.17,0.0
EDU-001068,1,1,1,9147,1,1,130.0,1,37,38,3,3,123.0,0,0,0,1,0,0,18,0,0,5,8,5,12.333333333333334,2,0,5,7,5,11.4,0,15.5,2.8,-4.06,Graduate,Female,No,No,Up to Date,No,-0.93,0,1.0,1.0,11.77,0,0.83,0.93
EDU-001069,1,43,1,9500,1,1,128.0,1,1,19,9,8,100.0,1,0,0,1,0,0,20,0,0,7,8,7,13.1,0,0,8,8,8,14.8125,0,13.9,-0.3,0.79,Graduate,Female,No,No,Up to Date,Yes,1.71,1,1.0,1.0,14.13,0,1.17,1.71
EDU-001070,1,1,2,9670,1,1,111.0,1,19,19,9,9,114.2,1,0,0,1,0,0,18,0,0,6,9,4,13.2,0,0,6,10,5,12.8,0,12.4,0.5,1.79,Graduate,Female,No,No,Up to Date,Yes,-0.4,1,0.6667,0.8333,10.8,0,1.0,0.4
EDU-001071,1,1,1,9500,1,1,140.0,1,1,1,4,4,123.5,1,0,0,1,0,1,19,0,0,8,8,8,14.75,0,0,8,8,8,14.75,0,9.4,-0.8,-3.12,Graduate,Female,Yes,No,Up to Date,Yes,0.0,0,1.0,1.0,14.75,0,1.33,0.0
EDU-001072,1,44,1,9238,1,39,140.0,1,19,19,8,8,144.3,1,0,0,1,0,1,19,0,3,6,7,6,13.142857142857142,0,2,6,6,6,14.333333333333334,0,12.4,0.5,1.79,Graduate,Female,Yes,No,Up to Date,Yes,1.19,0,1.0,1.0,13.86,0,1.0,1.19
EDU-001073,1,1,1,9853,1,1,145.0,1,38,37,5,5,142.2,0,0,0,1,0,0,19,0,0,6,9,4,12.5,0,0,6,9,5,12.5,0,9.4,-0.8,-3.12,Enrolled,Female,No,No,Up to Date,No,0.0,1,0.6667,0.8333,10.42,0,1.0,0.0
EDU-001074,1,1,1,9085,1,1,151.0,1,3,3,1,90,161.9,0,0,0,1,0,0,18,0,0,5,6,4,13.75,0,0,5,8,5,14.857142857142858,0,7.6,2.6,0.32,Graduate,Female,No,No,Up to Date,No,1.11,1,0.8,1.0,14.41,0,0.83,1.11
EDU-001075,1,1,1,9238,1,1,132.0,1,37,37,9,5,135.9,0,0,0,1,0,0,18,0,0,6,11,5,12.4,0,0,6,7,6,13.0,0,9.4,-0.8,-3.12,Graduate,Female,No,No,Up to Date,No,0.6,1,0.8333,1.0,12.76,0,1.0,0.6
EDU-001076,1,1,2,9773,1,1,116.0,1,19,19,4,7,110.1,1,0,0,1,0,0,18,0,0,6,6,6,13.333333333333334,0,0,6,6,6,12.0,0,11.1,0.6,2.02,Graduate,Female,No,No,Up to Date,Yes,-1.33,0,1.0,1.0,12.53,0,1.0,1.33
EDU-001077,1,2,1,9853,1,1,120.0,1,19,38,9,9,122.5,0,0,0,0,0,0,28,0,11,11,11,11,11.727272727272728,0,8,8,8,8,12.0,0,15.5,2.8,-4.06,Dropout,Female,No,No,In Arrears,No,0.27,-3,1.0,1.0,11.89,0,1.83,0.27
EDU-001078,1,17,1,9254,1,1,158.0,1,37,37,5,9,138.1,1,0,0,1,0,0,19,0,0,6,8,4,12.5,0,0,6,11,1,14.0,0,7.6,2.6,0.32,Dropout,Female,No,No,Up to Date,Yes,1.5,-3,0.6667,0.1667,2.23,0,1.0,1.5
EDU-001079,1,43,1,171,1,1,116.0,1,3,1,2,3,117.3,1,0,1,1,0,0,20,0,0,0,0,0,0.0,0,0,0,0,0,0.0,0,13.9,-0.3,0.79,Dropout,Female,No,Yes,Up to Date,Yes,0.0,0,0.0,0.0,0.0,0,0.0,0.0
EDU-001080,1,1,2,9500,1,1,112.0,1,1,37,4,9,106.8,1,0,0,1,0,1,19,0,0,7,8,6,13.533333333333331,0,0,8,9,7,13.614285714285714,0,12.4,0.5,1.79,Graduate,Female,Yes,No,Up to Date,Yes,0.08,1,0.8571,0.875,11.88,0,1.17,0.08
EDU-001081,1,1,1,9070,1,1,126.0,1,1,19,4,0,120.1,0,1,0,1,0,1,20,0,0,6,6,6,13.166666666666666,0,0,6,6,6,12.666666666666666,0,11.1,0.6,2.02,Graduate,Female,Yes,No,Up to Date,No,-0.5,0,1.0,1.0,12.87,0,1.0,0.5
EDU-001082,1,1,2,9254,1,1,120.0,1,19,19,9,9,116.5,1,0,0,1,0,1,19,0,0,6,9,5,13.2,0,0,6,8,5,11.0,0,12.4,0.5,1.79,Graduate,Female,Yes,No,Up to Date,Yes,-2.2,0,0.8333,0.8333,9.9,0,1.0,2.2
EDU-001083,1,51,1,9070,1,1,117.0,1,5,1,2,10,120.0,1,0,0,1,0,0,21,0,0,6,7,5,12.2,0,0,6,7,4,12.6,0,8.9,1.4,3.51,Enrolled,Female,No,No,Up to Date,Yes,0.4,-1,0.8333,0.6667,8.29,0,1.0,0.4
EDU-001084,1,1,1,9853,1,1,153.0,1,1,19,9,4,139.7,1,0,0,1,0,1,19,0,0,7,7,7,13.428571428571429,0,0,7,7,7,14.857142857142858,0,11.1,0.6,2.02,Graduate,Female,Yes,No,Up to Date,Yes,1.43,0,1.0,1.0,14.29,0,1.17,1.43
EDU-001085,1,1,2,9070,1,1,124.0,1,19,1,9,3,123.7,1,0,0,1,0,1,18,0,1,6,8,6,12.714285714285714,1,0,6,8,6,12.625,0,13.9,-0.3,0.79,Graduate,Female,Yes,No,Up to Date,Yes,-0.09,0,1.0,1.0,12.66,0,1.0,0.09
EDU-001086,1,17,2,9130,1,1,127.0,1,3,1,2,1,116.5,0,0,0,1,0,0,19,0,0,6,0,0,0.0,0,0,6,0,0,0.0,0,15.5,2.8,-4.06,Dropout,Female,No,No,Up to Date,No,0.0,0,0.0,0.0,0.0,0,1.0,0.0
EDU-001087,1,17,1,9670,1,1,126.0,1,12,38,9,5,122.2,0,0,0,1,0,1,19,0,0,6,6,6,13.666666666666666,0,0,6,9,6,13.666666666666666,0,8.9,1.4,3.51,Graduate,Female,Yes,No,Up to Date,No,0.0,0,1.0,1.0,13.67,0,1.0,0.0
EDU-001088,1,1,1,9773,1,1,133.1,1,38,19,132,103,146.0,0,0,1,1,0,0,20,0,0,6,6,5,11.0,0,0,6,6,6,13.166666666666666,0,16.2,0.3,-0.92,Graduate,Female,No,Yes,Up to Date,No,2.17,1,0.8333,1.0,12.3,0,1.0,2.17
EDU-001089,1,17,2,9853,1,1,114.0,1,1,1,4,0,108.8,1,0,0,1,0,0,18,0,0,7,11,5,11.4,0,0,7,9,6,13.333333333333334,0,13.9,-0.3,0.79,Enrolled,Female,No,No,Up to Date,Yes,1.93,1,0.7143,0.8571,10.77,0,1.17,1.93
EDU-001090,1,43,1,171,1,1,133.0,1,19,19,5,7,133.0,0,0,0,1,0,0,18,0,0,0,0,0,0.0,0,0,0,0,0,0.0,0,15.5,2.8,-4.06,Enrolled,Female,No,No,Up to Date,No,0.0,0,0.0,0.0,0.0,0,0.0,0.0
EDU-001091,1,17,1,9130,1,1,130.0,1,1,1,4,5,123.8,0,0,0,1,0,0,18,0,0,5,7,4,12.0,0,0,5,6,5,12.0,0,7.6,2.6,0.32,Graduate,Female,No,No,Up to Date,No,0.0,1,0.8,1.0,12.0,0,0.83,0.0
EDU-001092,1,17,3,9773,1,1,127.0,1,19,19,5,8,120.0,0,0,0,1,0,0,18,0,0,6,6,0,0.0,0,0,6,0,0,0.0,0,8.9,1.4,3.51,Dropout,Female,No,No,Up to Date,No,0.0,0,0.0,0.0,0.0,0,1.0,0.0
EDU-001093,1,17,3,9238,1,1,143.0,1,37,38,0,7,126.9,1,0,0,1,0,0,18,0,0,6,14,5,11.0,0,0,6,6,6,11.666666666666666,0,7.6,2.6,0.32,Graduate,Female,No,No,Up to Date,Yes,0.67,1,0.8333,1.0,11.4,0,1.0,0.67
EDU-001094,1,18,4,9773,1,1,130.0,1,19,19,4,4,121.3,1,0,0,1,0,0,20,0,0,6,12,5,12.0,0,0,6,8,6,11.571428571428571,0,15.5,2.8,-4.06,Dropout,Female,No,No,Up to Date,Yes,-0.43,1,0.8333,1.0,11.74,0,1.0,0.43
EDU-001095,1,17,3,9500,1,1,136.0,1,19,1,9,9,129.0,1,0,0,1,0,1,19,0,0,7,7,7,13.308571428571428,0,0,8,10,8,12.55,0,12.4,0.5,1.79,Graduate,Female,Yes,No,Up to Date,Yes,-0.76,1,1.0,1.0,12.85,0,1.17,0.76
EDU-001096,1,1,1,9853,1,1,125.0,1,37,37,9,9,114.9,1,0,1,0,0,0,21,0,0,6,8,3,13.666666666666666,0,0,6,7,3,10.666666666666666,0,15.5,2.8,-4.06,Dropout,Female,No,Yes,In Arrears,Yes,-3.0,0,0.5,0.5,5.93,1,1.0,3.0
EDU-001097,1,17,1,9670,1,3,110.0,1,12,3,5,8,106.5,1,0,1,0,0,0,20,0,0,6,6,0,0.0,0,0,6,9,0,0.0,0,10.8,1.4,1.74,Dropout,Female,No,Yes,In Arrears,Yes,0.0,0,0.0,0.0,0.0,1,1.0,0.0
EDU-001098,1,1,1,9254,1,1,130.0,1,37,38,9,9,133.9,1,0,0,1,0,0,18,0,0,6,10,5,12.2,0,0,6,8,4,11.25,0,9.4,-0.8,-3.12,Graduate,Female,No,No,Up to Date,Yes,-0.95,-1,0.8333,0.6667,7.75,0,1.0,0.95
EDU-001099,1,1,1,9773,1,1,135.0,1,1,4,5,3,124.9,0,0,0,1,0,1,20,0,0,6,7,6,12.666666666666666,0,0,6,6,6,12.833333333333334,0,10.8,1.4,1.74,Graduate,Female,Yes,No,Up to Date,No,0.17,0,1.0,1.0,12.77,0,1.0,0.17
EDU-001100,1,1,2,9500,1,1,133.0,1,19,37,1,9,128.5,1,0,0,1,0,1,19,0,0,8,8,8,14.07125,0,0,8,8,8,14.07125,0,9.4,-0.8,-3.12,Graduate,Female,Yes,No,Up to Date,Yes,0.0,0,1.0,1.0,14.07,0,1.33,0.0
EDU-001101,1,1,1,9085,1,6,122.0,1,19,19,9,9,126.2,1,0,0,1,0,0,22,0,0,5,14,4,14.25,3,0,5,9,5,13.2,4,9.4,-0.8,-3.12,Dropout,Female,No,No,Up to Date,Yes,-1.05,1,0.8,1.0,13.62,0,0.83,1.05
EDU-001102,1,17,1,9130,1,1,122.0,1,19,19,9,9,121.7,1,0,0,0,0,0,22,0,0,6,0,0,0.0,0,0,2,2,0,0.0,2,9.4,-0.8,-3.12,Dropout,Female,No,No,In Arrears,Yes,0.0,0,0.0,0.0,0.0,0,1.0,0.0
EDU-001103,1,1,2,9853,1,1,121.0,1,38,38,7,5,120.0,1,0,0,1,0,0,18,0,0,6,10,3,12.0,0,0,6,8,4,10.25,0,10.8,1.4,1.74,Enrolled,Female,No,No,Up to Date,Yes,-1.75,1,0.5,0.6667,7.3,0,1.0,1.75
EDU-001104,1,43,1,9147,1,1,123.0,1,3,19,9,9,113.2,0,0,0,1,0,0,21,0,3,10,18,6,11.166666666666666,2,4,10,16,7,10.571428571428571,0,7.6,2.6,0.32,Enrolled,Female,No,No,Up to Date,No,-0.6,1,0.6,0.7,7.57,0,1.67,0.6
EDU-001105,1,1,1,9238,1,1,128.0,1,19,19,0,5,120.3,1,0,0,1,0,0,19,0,0,6,12,2,13.0,0,0,6,8,5,11.6,0,7.6,2.6,0.32,Graduate,Female,No,No,Up to Date,Yes,-1.4,3,0.3333,0.8333,10.13,0,1.0,1.4
EDU-001106,1,1,4,171,1,1,139.0,1,37,38,9,9,127.8,1,0,0,1,0,0,19,0,0,0,0,0,0.0,0,0,0,0,0,0.0,0,10.8,1.4,1.74,Dropout,Female,No,No,Up to Date,Yes,0.0,0,0.0,0.0,0.0,0,0.0,0.0
EDU-001107,1,1,2,9500,1,1,124.0,1,34,34,0,0,123.3,1,0,0,1,0,1,20,0,0,8,8,7,14.901428571428571,1,0,8,8,7,14.901428571428571,1,9.4,-0.8,-3.12,Dropout,Female,Yes,No,Up to Date,Yes,0.0,0,0.875,0.875,13.04,0,1.33,0.0
EDU-001108,1,1,3,9500,1,1,135.0,1,38,19,8,8,126.3,1,0,1,1,0,1,18,0,0,7,8,7,12.65,0,0,8,9,8,12.445555555555554,0,15.5,2.8,-4.06,Graduate,Female,Yes,Yes,Up to Date,Yes,-0.2,1,1.0,1.0,12.53,0,1.17,0.2
EDU-001109,1,51,1,9991,0,42,110.0,1,19,37,5,9,128.2,0,0,0,0,0,0,22,0,7,12,12,7,11.0,0,5,5,5,5,10.6,0,8.9,1.4,3.51,Dropout,Female,No,No,In Arrears,No,-0.4,-2,0.5833,1.0,10.76,0,2.0,0.4
EDU-001110,1,17,4,9085,1,1,138.0,1,19,36,90,7,134.9,1,0,0,1,0,0,20,0,0,5,7,4,12.4,0,0,5,9,5,12.666666666666666,0,7.6,2.6,0.32,Graduate,Female,No,No,Up to Date,Yes,0.27,1,0.8,1.0,12.56,0,0.83,0.27
EDU-001111,1,44,1,9003,1,39,140.0,1,38,38,6,6,140.0,0,0,0,1,0,0,19,0,0,6,7,6,12.0,0,0,6,7,6,12.666666666666666,0,12.4,0.5,1.79,Graduate,Female,No,No,Up to Date,No,0.67,0,1.0,1.0,12.4,0,1.0,0.67
EDU-001112,1,1,5,9500,1,1,126.0,1,1,19,6,7,115.5,1,0,0,1,0,1,19,0,0,7,8,7,12.135714285714286,0,0,8,10,7,13.328571428571427,0,12.4,0.5,1.79,Graduate,Female,Yes,No,Up to Date,Yes,1.19,0,1.0,0.875,11.24,0,1.17,1.19
EDU-001113,1,1,2,9500,1,1,113.0,1,38,19,9,7,106.7,1,0,0,1,0,1,20,0,0,7,10,5,12.62,0,0,7,8,6,12.5,0,11.1,0.6,2.02,Enrolled,Female,Yes,No,Up to Date,Yes,-0.12,1,0.7143,0.8571,10.75,0,1.17,0.12
EDU-001114,1,39,1,9991,0,1,120.0,1,38,38,3,3,140.0,0,0,0,1,0,0,25,0,0,5,11,3,10.666666666666666,0,0,5,11,3,11.333333333333334,0,15.5,2.8,-4.06,Enrolled,Female,No,No,Up to Date,No,0.67,0,0.6,0.6,6.64,0,0.83,0.67
EDU-001115,1,1,1,9500,1,1,145.0,1,19,19,9,7,136.6,0,0,0,1,0,1,19,0,0,7,12,6,13.766666666666666,0,0,8,10,7,14.051428571428572,0,15.5,2.8,-4.06,Graduate,Female,Yes,No,Up to Date,No,0.28,1,0.8571,0.875,12.2,0,1.17,0.28
EDU-001116,1,18,1,9500,1,1,124.0,1,38,37,9,7,119.3,1,0,0,1,0,0,19,0,0,8,8,8,13.11625,0,0,8,8,8,13.11625,0,9.4,-0.8,-3.12,Graduate,Female,No,No,Up to Date,Yes,0.0,0,1.0,1.0,13.12,0,1.33,0.0
EDU-001117,1,1,1,9070,1,1,160.0,1,3,38,1,9,152.0,1,0,0,0,0,0,19,0,0,5,5,0,0.0,0,0,6,0,0,0.0,0,10.8,1.4,1.74,Dropout,Female,No,No,In Arrears,Yes,0.0,0,0.0,0.0,0.0,0,0.83,0.0
EDU-001118,1,1,1,9500,1,1,138.0,1,38,19,9,5,144.3,0,0,0,1,0,0,20,0,0,7,9,6,12.7,0,0,8,8,7,13.571428571428571,0,13.9,-0.3,0.79,Graduate,Female,No,No,Up to Date,No,0.87,1,0.8571,0.875,11.57,0,1.17,0.87
EDU-001119,1,39,2,9556,1,1,130.0,1,37,37,9,9,159.0,1,0,0,1,0,0,25,0,0,7,11,7,11.857142857142858,0,0,8,21,5,11.7,0,12.4,0.5,1.79,Enrolled,Female,No,No,Up to Date,Yes,-0.16,-2,1.0,0.625,7.35,0,1.17,0.16
EDU-001120,1,17,1,9500,1,1,127.0,1,19,38,5,9,129.5,1,0,0,1,0,1,20,0,0,7,7,6,12.333333333333334,0,0,7,7,6,12.333333333333334,0,7.6,2.6,0.32,Graduate,Female,Yes,No,Up to Date,Yes,0.0,0,0.8571,0.8571,10.57,0,1.17,0.0
EDU-001121,1,39,1,9238,1,1,170.0,1,38,19,9,9,140.0,1,0,0,1,0,0,24,0,0,6,9,4,15.75,0,0,6,10,5,16.4,0,9.4,-0.8,-3.12,Enrolled,Female,No,No,Up to Date,Yes,0.65,1,0.6667,0.8333,13.45,0,1.0,0.65
EDU-001122,1,1,3,9670,1,1,111.0,1,1,1,5,5,105.4,0,0,0,1,0,0,20,0,0,5,6,5,13.333333333333334,0,0,5,6,5,13.2,0,7.6,2.6,0.32,Graduate,Female,No,No,Up to Date,No,-0.13,0,1.0,1.0,13.25,0,0.83,0.13
EDU-001123,1,42,1,9500,1,1,100.0,1,1,19,4,8,136.0,1,0,0,1,0,0,21,0,4,7,9,7,14.355555555555554,0,5,8,8,8,13.49375,0,15.5,2.8,-4.06,Graduate,Female,No,No,Up to Date,Yes,-0.86,1,1.0,1.0,13.84,0,1.17,0.86
EDU-001124,1,44,1,9003,1,39,160.0,1,37,38,9,9,160.0,0,0,1,1,0,1,19,0,0,6,8,6,13.0,0,0,6,11,5,13.0,0,15.5,2.8,-4.06,Graduate,Female,Yes,Yes,Up to Date,No,0.0,-1,1.0,0.8333,10.83,0,1.0,0.0
EDU-001125,1,1,1,9773,1,1,152.0,1,38,37,9,9,139.1,0,0,0,1,0,1,19,0,0,6,6,6,12.833333333333334,0,0,6,6,6,13.5,0,16.2,0.3,-0.92,Graduate,Female,Yes,No,Up to Date,No,0.67,0,1.0,1.0,13.23,0,1.0,0.67
EDU-001126,1,1,2,9670,1,1,144.0,1,37,38,9,9,126.9,0,0,0,1,0,1,21,0,0,5,5,5,13.2,0,0,5,5,4,13.0,0,9.4,-0.8,-3.12,Graduate,Female,Yes,No,Up to Date,No,-0.2,-1,1.0,0.8,10.46,0,0.83,0.2
EDU-001127,1,39,1,9500,1,3,133.8,1,3,37,2,10,184.0,0,0,0,1,0,0,28,0,0,7,9,7,17.005555555555556,0,1,8,9,8,16.582222222222224,0,15.5,2.8,-4.06,Graduate,Female,No,No,Up to Date,No,-0.42,1,1.0,1.0,16.75,0,1.17,0.42
EDU-001128,1,1,1,9238,1,1,125.0,1,37,38,9,9,125.0,1,0,1,0,0,1,19,0,0,6,8,5,10.6,0,0,6,8,5,11.0,0,10.8,1.4,1.74,Graduate,Female,Yes,Yes,In Arrears,Yes,0.4,0,0.8333,0.8333,9.03,1,1.0,0.4
EDU-001129,1,1,1,9147,1,1,150.0,1,37,37,9,6,138.5,0,0,0,1,0,1,18,0,0,5,5,5,14.0,0,0,5,6,5,13.6,0,12.4,0.5,1.79,Graduate,Female,Yes,No,Up to Date,No,-0.4,0,1.0,1.0,13.76,0,0.83,0.4
EDU-001130,5,17,5,9500,1,1,143.0,1,37,38,5,8,133.5,1,0,0,1,0,1,18,0,0,8,8,7,12.114285714285714,0,0,8,8,7,12.114285714285714,0,12.7,3.7,-1.7,Graduate,Female,Yes,No,Up to Date,Yes,0.0,0,0.875,0.875,10.6,0,1.33,0.0
EDU-001131,1,1,3,9500,1,1,145.0,1,19,37,7,7,141.5,1,0,0,1,0,1,18,0,0,8,8,8,13.05875,0,0,8,8,8,13.05875,0,9.4,-0.8,-3.12,Graduate,Female,Yes,No,Up to Date,Yes,0.0,0,1.0,1.0,13.06,0,1.33,0.0
EDU-001132,1,42,1,9500,1,1,120.0,1,1,2,9,3,130.0,1,0,0,1,0,0,22,0,4,8,8,7,13.285714285714286,0,4,8,8,7,13.285714285714286,0,12.7,3.7,-1.7,Graduate,Female,No,No,Up to Date,Yes,0.0,0,0.875,0.875,11.62,0,1.33,0.0
EDU-001133,1,1,1,9147,1,1,138.0,1,37,37,194,171,131.0,1,0,0,1,0,0,19,0,0,5,9,4,11.0,0,0,5,8,3,10.666666666666666,0,12.4,0.5,1.79,Enrolled,Female,No,No,Up to Date,Yes,-0.33,-1,0.8,0.6,6.48,0,0.83,0.33
EDU-001134,1,1,1,9500,1,1,145.0,1,19,1,9,5,145.0,0,0,0,1,0,1,18,0,0,7,7,7,14.071428571428571,0,0,8,8,8,15.1625,0,13.9,-0.3,0.79,Graduate,Female,Yes,No,Up to Date,No,1.09,1,1.0,1.0,14.73,0,1.17,1.09
EDU-001135,1,17,1,9254,1,1,122.0,1,37,37,5,6,114.3,0,0,0,0,0,0,20,0,0,6,0,0,0.0,0,0,6,0,0,0.0,0,15.5,2.8,-4.06,Dropout,Female,No,No,In Arrears,No,0.0,0,0.0,0.0,0.0,0,1.0,0.0
EDU-001136,1,44,1,171,1,39,110.0,1,37,37,5,6,108.3,0,0,0,0,0,0,26,0,4,9,9,4,11.25,0,3,10,12,3,11.0,0,12.4,0.5,1.79,Dropout,Female,No,No,In Arrears,No,-0.25,-1,0.4444,0.3,3.33,0,1.5,0.25
EDU-001137,1,1,3,9070,1,1,136.0,1,37,38,9,9,125.2,1,0,0,1,0,1,18,0,0,6,6,6,14.0,0,0,6,8,6,13.625,0,10.8,1.4,1.74,Graduate,Female,Yes,No,Up to Date,Yes,-0.38,0,1.0,1.0,13.77,0,1.0,0.38
EDU-001138,1,1,1,9254,1,1,145.0,1,1,38,4,9,131.7,1,0,0,1,0,1,21,0,0,6,8,6,12.166666666666666,0,0,6,11,3,11.666666666666666,0,10.8,1.4,1.74,Dropout,Female,Yes,No,Up to Date,Yes,-0.5,-3,1.0,0.5,5.93,0,1.0,0.5
EDU-001139,1,17,4,9500,1,1,141.0,1,38,37,3,3,126.3,1,0,0,1,0,0,18,0,0,8,8,7,13.297142857142855,0,0,8,8,7,13.297142857142855,0,10.8,1.4,1.74,Graduate,Female,No,No,Up to Date,Yes,0.0,0,0.875,0.875,11.63,0,1.33,0.0
EDU-001140,1,1,1,9085,1,1,149.0,1,19,19,4,6,147.6,1,0,0,1,0,0,20,0,0,6,14,6,13.923076923076923,0,0,6,9,6,14.25,0,15.5,2.8,-4.06,Graduate,Female,No,No,Up to Date,Yes,0.33,0,1.0,1.0,14.12,0,1.0,0.33
EDU-001141,1,1,6,9500,1,1,130.0,1,38,19,5,6,125.1,1,0,0,1,0,0,18,0,0,7,11,7,13.37,0,0,8,13,7,12.833333333333334,0,15.5,2.8,-4.06,Graduate,Female,No,No,Up to Date,Yes,-0.54,0,1.0,0.875,11.42,0,1.17,0.54
EDU-001142,1,17,6,9147,1,1,121.0,1,19,38,7,9,123.8,0,0,0,1,0,1,19,0,0,5,5,5,12.4,0,0,5,8,3,11.0,0,12.7,3.7,-1.7,Enrolled,Female,Yes,No,Up to Date,No,-1.4,-2,1.0,0.6,6.94,0,0.83,1.4
EDU-001143,1,1,1,9670,1,1,128.0,1,1,1,2,2,130.8,1,0,0,1,0,0,20,0,0,5,5,4,15.0,0,0,5,5,4,13.75,0,7.6,2.6,0.32,Dropout,Female,No,No,Up to Date,Yes,-1.25,0,0.8,0.8,11.4,0,0.83,1.25
EDU-001144,1,1,1,9853,1,1,152.0,1,19,19,9,5,154.1,0,0,1,1,0,1,18,0,0,6,6,6,13.333333333333334,0,0,6,7,6,12.571428571428571,0,12.7,3.7,-1.7,Graduate,Female,Yes,Yes,Up to Date,No,-0.76,0,1.0,1.0,12.88,0,1.0,0.76
EDU-001145,1,16,2,9147,1,1,132.0,1,37,37,9,9,122.6,1,0,0,1,0,1,20,0,0,5,8,3,12.0,0,0,5,9,4,12.625,0,10.8,1.4,1.74,Enrolled,Female,Yes,No,Up to Date,Yes,0.62,1,0.6,0.8,9.9,0,0.83,0.62
EDU-001146,1,1,2,8014,0,1,107.0,1,19,11,0,0,103.5,1,0,0,1,0,0,22,0,0,6,7,5,13.4,0,0,6,9,5,12.2,0,7.6,2.6,0.32,Graduate,Female,No,No,Up to Date,Yes,-1.2,0,0.8333,0.8333,10.57,0,1.0,1.2
EDU-001147,1,1,1,171,1,1,131.0,1,19,38,4,5,132.8,1,0,0,1,0,0,18,0,0,0,0,0,0.0,0,0,0,0,0,0.0,0,7.6,2.6,0.32,Enrolled,Female,No,No,Up to Date,Yes,0.0,0,0.0,0.0,0.0,0,0.0,0.0
EDU-001148,1,51,1,9991,0,1,141.0,1,19,38,5,7,100.0,0,0,0,1,0,0,21,0,1,5,9,4,11.5,0,1,5,5,5,11.4,0,8.9,1.4,3.51,Graduate,Female,No,No,Up to Date,No,-0.1,1,0.8,1.0,11.44,0,0.83,0.1
EDU-001149,1,18,2,9853,1,1,120.0,1,1,1,9,0,115.8,0,0,0,1,0,0,18,0,0,7,12,6,12.0,0,0,7,11,6,12.166666666666666,0,13.9,-0.3,0.79,Enrolled,Female,No,No,Up to Date,No,0.17,0,0.8571,0.8571,10.37,0,1.17,0.17
EDU-001150,1,1,1,9500,1,1,148.0,1,19,19,4,4,133.8,0,0,0,1,0,0,18,0,0,8,8,7,13.485714285714284,0,0,8,8,7,13.485714285714284,0,12.7,3.7,-1.7,Graduate,Female,No,No,Up to Date,No,0.0,0,0.875,0.875,11.8,0,1.33,0.0
EDU-001151,1,1,1,9070,1,1,130.0,1,12,19,4,5,118.5,0,1,0,1,0,1,18,0,0,6,6,6,12.0,0,0,6,8,6,11.285714285714286,0,8.9,1.4,3.51,Graduate,Female,Yes,No,Up to Date,No,-0.71,0,1.0,1.0,11.57,0,1.0,0.71
EDU-001152,1,17,1,171,1,1,145.0,1,37,37,9,1,150.3,1,0,0,1,0,0,19,0,0,0,0,0,0.0,0,0,0,0,0,0.0,0,15.5,2.8,-4.06,Dropout,Female,No,No,Up to Date,Yes,0.0,0,0.0,0.0,0.0,0,0.0,0.0
EDU-001153,1,17,3,9147,1,1,112.0,1,1,19,3,5,107.8,1,0,0,1,0,0,19,0,0,5,7,3,10.333333333333334,0,0,5,11,3,14.428571428571429,0,10.8,1.4,1.74,Enrolled,Female,No,No,Up to Date,Yes,4.1,0,0.6,0.6,7.67,0,0.83,4.1
EDU-001154,1,1,1,9500,1,1,138.0,1,38,1,9,4,127.5,1,0,0,1,0,0,19,0,0,7,10,5,12.94,0,0,7,7,5,13.76,0,16.2,0.3,-0.92,Enrolled,Female,No,No,Up to Date,Yes,0.82,0,0.7143,0.7143,9.59,0,1.17,0.82
EDU-001155,1,1,3,9500,1,1,135.0,1,1,37,7,7,120.5,1,0,0,1,0,0,19,0,0,8,11,7,13.258571428571427,0,0,8,11,7,13.258571428571427,0,10.8,1.4,1.74,Graduate,Female,No,No,Up to Date,Yes,0.0,0,0.875,0.875,11.6,0,1.33,0.0
EDU-001156,1,1,1,9147,1,1,118.0,1,1,2,10,10,117.3,1,0,0,1,0,0,19,0,0,5,9,4,12.25,0,0,5,10,4,12.0,0,8.9,1.4,3.51,Enrolled,Female,No,No,Up to Date,Yes,-0.25,0,0.8,0.8,9.68,0,0.83,0.25
EDU-001157,1,17,1,9254,1,1,123.0,1,38,37,9,7,120.6,1,0,0,0,0,0,19,0,0,6,9,3,11.666666666666666,0,0,6,15,1,10.0,0,10.8,1.4,1.74,Dropout,Female,No,No,In Arrears,Yes,-1.67,-2,0.5,0.1667,1.78,0,1.0,1.67
EDU-001158,1,16,4,9254,1,1,126.0,1,38,37,9,7,118.7,1,0,0,1,0,1,21,0,0,6,7,6,13.571428571428571,0,0,6,6,6,12.5,0,8.9,1.4,3.51,Graduate,Female,Yes,No,Up to Date,Yes,-1.07,0,1.0,1.0,12.93,0,1.0,1.07
EDU-001159,1,1,2,9773,1,1,150.0,41,1,37,9,7,130.8,0,0,0,1,0,1,20,1,0,6,9,5,11.8,0,0,6,9,5,11.833333333333334,0,15.5,2.8,-4.06,Graduate,Female,Yes,No,Up to Date,No,0.03,0,0.8333,0.8333,9.85,0,1.0,0.03
EDU-001160,1,1,1,9147,1,1,121.0,1,19,19,3,9,112.6,1,0,0,1,0,1,20,0,0,5,7,5,14.2,0,0,5,7,5,13.285714285714286,0,11.1,0.6,2.02,Graduate,Female,Yes,No,Up to Date,Yes,-0.91,0,1.0,1.0,13.65,0,0.83,0.91
EDU-001161,1,39,1,9991,0,19,133.1,1,37,37,9,9,117.2,0,0,0,1,0,0,41,0,0,5,8,5,11.0,0,0,5,6,5,11.8,1,7.6,2.6,0.32,Graduate,Female,No,No,Up to Date,No,0.8,0,1.0,1.0,11.48,0,0.83,0.8
EDU-001162,4,7,1,9500,1,40,130.0,1,37,37,3,3,130.0,1,0,0,1,0,0,32,0,0,7,16,4,13.625,0,0,7,8,7,12.6375,0,12.4,0.5,1.79,Enrolled,Female,No,No,Up to Date,Yes,-0.99,3,0.5714,1.0,13.03,0,1.17,0.99
EDU-001163,1,17,3,9500,1,1,139.0,1,38,1,9,5,131.8,1,0,0,1,0,0,18,0,0,8,8,7,14.652857142857142,0,0,8,8,7,14.652857142857142,0,10.8,1.4,1.74,Graduate,Female,No,No,Up to Date,Yes,0.0,0,0.875,0.875,12.82,0,1.33,0.0
EDU-001164,4,39,1,8014,0,1,160.0,1,37,37,3,4,97.0,0,0,0,1,0,1,35,0,0,6,9,6,11.333333333333334,0,0,6,6,6,11.333333333333334,0,15.5,2.8,-4.06,Graduate,Female,Yes,No,Up to Date,No,0.0,0,1.0,1.0,11.33,0,1.0,0.0
EDU-001165,1,39,1,9500,1,1,110.0,1,37,37,9,9,130.0,0,0,1,0,0,0,32,0,0,7,12,4,13.7,0,0,7,7,0,0.0,0,16.2,0.3,-0.92,Dropout,Female,No,Yes,In Arrears,No,-13.7,-4,0.5714,0.0,0.0,1,1.17,13.7
EDU-001166,1,39,1,8014,0,40,140.0,1,19,37,5,9,148.0,0,0,0,1,0,0,37,0,7,11,11,11,13.727272727272728,0,4,8,8,8,14.75,0,12.4,0.5,1.79,Graduate,Female,No,No,Up to Date,No,1.02,-3,1.0,1.0,14.34,0,1.83,1.02
EDU-001167,2,39,2,9147,1,3,130.0,1,3,37,9,9,103.4,0,0,0,1,0,0,30,0,4,7,9,7,11.75,0,3,8,12,7,11.142857142857142,0,12.7,3.7,-1.7,Dropout,Female,No,No,Up to Date,No,-0.61,0,1.0,0.875,9.96,0,1.17,0.61
EDU-001168,1,43,2,9773,1,1,132.0,1,19,19,0,0,127.1,0,0,0,1,1,0,23,0,0,6,9,6,12.333333333333334,0,0,6,11,5,13.0,0,7.6,2.6,0.32,Graduate,Male,No,No,Up to Date,No,0.67,-1,1.0,0.8333,10.61,0,1.0,0.67
EDU-001169,1,17,2,9773,1,1,139.0,1,3,1,2,7,124.0,1,0,0,1,0,1,20,0,0,6,6,6,14.0,0,0,6,7,6,13.857142857142858,0,15.5,2.8,-4.06,Dropout,Female,Yes,No,Up to Date,Yes,-0.14,0,1.0,1.0,13.91,0,1.0,0.14
EDU-001170,1,1,1,9670,1,1,135.0,1,19,37,5,7,121.4,0,0,0,1,1,0,21,0,0,5,7,4,11.5,0,0,5,6,4,11.75,0,9.4,-0.8,-3.12,Graduate,Male,No,No,Up to Date,No,0.25,0,0.8,0.8,9.32,0,0.83,0.25
EDU-001171,1,1,1,9147,1,1,117.0,1,38,19,5,7,118.1,0,0,0,1,1,0,19,0,0,5,6,5,11.2,0,0,5,5,5,13.2,0,12.4,0.5,1.79,Graduate,Male,No,No,Up to Date,No,2.0,0,1.0,1.0,12.4,0,0.83,2.0
EDU-001172,1,17,4,9500,1,1,137.0,1,1,19,4,3,121.3,1,0,0,1,1,1,18,0,0,8,8,7,15.07,0,0,8,8,7,15.07,0,10.8,1.4,1.74,Graduate,Male,Yes,No,Up to Date,Yes,0.0,0,0.875,0.875,13.19,0,1.33,0.0
EDU-001173,1,42,1,9119,1,1,144.0,1,34,34,0,0,119.5,0,0,0,1,1,0,18,0,0,5,6,1,10.0,0,0,5,7,1,12.0,0,10.8,1.4,1.74,Dropout,Male,No,No,Up to Date,No,2.0,0,0.2,0.2,2.24,0,0.83,2.0
EDU-001174,1,39,1,9991,0,1,130.0,1,1,1,4,10,115.2,0,0,0,1,1,0,24,0,0,5,5,4,12.0,0,0,5,6,5,12.666666666666666,0,12.4,0.5,1.79,Enrolled,Male,No,No,Up to Date,No,0.67,1,0.8,1.0,12.4,0,0.83,0.67
EDU-001175,1,18,1,9670,1,1,140.0,1,1,37,9,9,130.2,1,0,0,1,1,0,22,0,0,6,11,4,13.0,0,0,6,11,4,12.6,0,12.7,3.7,-1.7,Graduate,Male,No,No,Up to Date,Yes,-0.4,0,0.6667,0.6667,8.51,0,1.0,0.4
EDU-001176,1,17,4,9254,1,1,130.0,1,19,1,5,5,130.0,1,0,0,1,1,0,18,0,0,6,7,4,11.0,0,0,6,7,3,11.25,0,16.2,0.3,-0.92,Dropout,Male,No,No,Up to Date,Yes,0.25,-1,0.6667,0.5,5.58,0,1.0,0.25
EDU-001177,1,16,2,9238,1,1,130.0,1,37,37,5,6,126.9,1,0,0,1,0,0,18,0,0,6,8,6,13.571428571428571,0,0,6,11,5,12.166666666666666,0,9.4,-0.8,-3.12,Graduate,Female,No,No,Up to Date,Yes,-1.4,-1,1.0,0.8333,10.61,0,1.0,1.4
EDU-001178,1,1,2,9070,1,1,152.0,101,2,1,9,1,168.5,1,0,0,1,1,0,21,1,0,6,7,5,14.6,0,0,6,6,5,14.2,0,16.2,0.3,-0.92,Graduate,Male,No,No,Up to Date,Yes,-0.4,0,0.8333,0.8333,11.97,0,1.0,0.4
EDU-001179,4,39,1,9500,1,1,133.1,1,37,37,9,9,130.0,0,0,1,1,0,0,38,0,0,7,13,3,11.833333333333334,0,0,7,14,2,10.0,0,16.2,0.3,-0.92,Dropout,Female,No,Yes,Up to Date,No,-1.83,-1,0.4286,0.2857,3.07,0,1.17,1.83
EDU-001180,1,18,1,9556,1,1,140.0,1,38,37,9,9,122.8,0,0,0,1,0,1,19,0,0,7,11,7,12.625,0,0,8,11,8,12.5125,0,12.7,3.7,-1.7,Graduate,Female,Yes,No,Up to Date,No,-0.11,1,1.0,1.0,12.56,0,1.17,0.11
EDU-001181,6,39,1,9500,1,1,133.1,1,37,37,9,9,110.0,0,0,0,1,0,0,36,0,0,7,12,4,11.5,0,0,7,14,3,12.333333333333334,0,16.2,0.3,-0.92,Dropout,Female,No,No,Up to Date,No,0.83,-1,0.5714,0.4286,5.14,0,1.17,0.83
EDU-001182,1,16,1,9085,1,1,140.0,1,1,1,9,9,127.1,1,0,0,1,0,0,18,0,0,5,8,4,13.25,1,0,5,10,4,10.5,0,12.7,3.7,-1.7,Graduate,Female,No,No,Up to Date,Yes,-2.75,0,0.8,0.8,9.28,0,0.83,2.75
EDU-001183,1,1,3,9500,1,1,133.1,1,19,19,5,5,108.5,1,0,0,1,0,0,19,0,0,7,9,7,12.60625,0,0,8,12,6,11.9,0,12.4,0.5,1.79,Graduate,Female,No,No,Up to Date,Yes,-0.71,-1,1.0,0.75,9.14,0,1.17,0.71
EDU-001184,1,53,1,9085,1,42,140.0,1,19,38,9,9,138.2,0,0,1,0,0,0,21,0,7,10,15,8,13.75,0,4,9,17,5,13.2,0,8.9,1.4,3.51,Dropout,Female,No,Yes,In Arrears,No,-0.55,-3,0.8,0.5556,7.46,1,1.67,0.55
EDU-001185,1,1,2,9500,1,1,133.1,1,19,38,192,192,96.0,1,0,0,1,0,0,19,0,0,7,10,6,13.598333333333334,0,0,8,11,6,11.933333333333332,0,11.1,0.6,2.02,Enrolled,Female,No,No,Up to Date,Yes,-1.67,0,0.8571,0.75,9.45,0,1.17,1.67
EDU-001186,1,1,1,9238,1,1,135.0,1,19,19,9,9,124.5,0,0,0,1,0,1,18,0,0,6,11,5,11.142857142857142,0,0,6,8,6,12.285714285714286,0,16.2,0.3,-0.92,Graduate,Female,Yes,No,Up to Date,No,1.14,1,0.8333,1.0,11.83,0,1.0,1.14
EDU-001187,2,7,1,9500,1,3,120.0,1,37,19,9,7,120.0,1,0,0,1,0,0,45,0,7,11,11,11,12.7,0,6,10,12,10,12.96818181818182,0,13.9,-0.3,0.79,Enrolled,Female,No,No,Up to Date,Yes,0.27,-1,1.0,1.0,12.86,0,1.83,0.27
EDU-001188,1,17,1,9147,1,1,140.0,1,37,37,9,7,132.3,1,0,0,1,0,0,20,0,0,5,9,1,10.0,0,0,5,10,1,11.0,0,7.6,2.6,0.32,Dropout,Female,No,No,Up to Date,Yes,1.0,0,0.2,0.2,2.12,0,0.83,1.0
EDU-001189,1,17,1,9254,1,1,128.0,1,19,1,5,7,120.7,1,0,1,1,0,0,18,0,0,6,8,6,11.666666666666666,0,0,6,10,4,11.5,0,13.9,-0.3,0.79,Graduate,Female,No,Yes,Up to Date,Yes,-0.17,-2,1.0,0.6667,7.71,0,1.0,0.17
EDU-001190,1,1,1,9670,1,1,141.0,1,1,19,4,4,132.6,0,0,0,1,0,1,18,0,0,6,8,6,14.0,0,0,6,7,6,13.142857142857142,0,11.1,0.6,2.02,Graduate,Female,Yes,No,Up to Date,No,-0.86,0,1.0,1.0,13.49,0,1.0,0.86
EDU-001191,1,7,2,9130,1,3,140.0,1,34,34,0,0,140.0,0,0,0,1,0,0,25,0,0,5,9,0,0.0,4,0,5,9,0,0.0,3,10.8,1.4,1.74,Dropout,Female,No,No,Up to Date,No,0.0,0,0.0,0.0,0.0,0,0.83,0.0
EDU-001192,1,1,6,9500,1,1,139.0,1,1,1,4,4,124.5,1,0,0,1,0,0,19,0,0,8,9,7,12.04142857142857,0,0,8,9,7,12.04142857142857,0,10.8,1.4,1.74,Graduate,Female,No,No,Up to Date,Yes,0.0,0,0.875,0.875,10.54,0,1.33,0.0
EDU-001193,1,1,1,171,1,1,142.0,1,19,19,7,7,142.0,1,0,0,1,0,1,18,0,0,0,0,0,0.0,0,0,0,0,0,0.0,0,13.9,-0.3,0.79,Graduate,Female,Yes,No,Up to Date,Yes,0.0,0,0.0,0.0,0.0,0,0.0,0.0
EDU-001194,1,7,1,9254,1,40,130.0,1,1,1,3,6,130.0,0,0,0,1,0,0,39,0,12,13,14,13,13.76923076923077,0,9,12,16,12,14.583333333333334,0,13.9,-0.3,0.79,Graduate,Female,No,No,Up to Date,No,0.81,-1,1.0,1.0,14.26,0,2.17,0.81
EDU-001195,2,39,1,9003,1,1,130.0,1,38,37,9,9,144.0,0,0,0,1,0,0,29,0,13,18,20,18,15.444444444444445,0,11,13,13,13,15.307692307692308,0,15.5,2.8,-4.06,Graduate,Female,No,No,Up to Date,No,-0.14,-5,1.0,1.0,15.36,0,3.0,0.14
EDU-001196,1,17,1,9853,1,1,125.0,1,19,19,4,7,128.5,1,0,0,1,0,0,18,0,0,7,9,6,11.5,0,0,7,8,7,12.714285714285714,0,13.9,-0.3,0.79,Enrolled,Female,No,No,Up to Date,Yes,1.21,1,0.8571,1.0,12.23,0,1.17,1.21
EDU-001197,1,7,1,9070,1,3,140.0,1,37,2,9,3,140.0,0,0,0,0,0,0,23,0,0,3,3,2,10.0,0,0,6,0,0,0.0,0,10.8,1.4,1.74,Dropout,Female,No,No,In Arrears,No,-10.0,-2,0.6667,0.0,0.0,0,0.5,10.0
EDU-001198,1,42,1,9853,1,1,120.0,1,1,37,5,5,113.9,1,0,0,1,0,0,21,0,0,6,8,4,12.25,0,0,6,13,3,10.333333333333334,0,12.7,3.7,-1.7,Dropout,Female,No,No,Up to Date,Yes,-1.92,-1,0.6667,0.5,5.55,0,1.0,1.92
EDU-001199,1,1,1,9238,1,1,147.0,1,1,19,4,4,137.2,0,0,0,0,0,0,18,0,0,6,6,6,14.5,0,0,6,6,6,15.166666666666666,0,10.8,1.4,1.74,Graduate,Female,No,No,In Arrears,No,0.67,0,1.0,1.0,14.9,0,1.0,0.67
EDU-001200,1,7,1,9085,1,40,140.0,1,1,19,5,5,140.0,1,0,0,1,0,0,23,0,0,6,7,6,15.571428571428571,0,0,6,8,6,16.375,0,12.4,0.5,1.79,Graduate,Female,No,No,Up to Date,Yes,0.8,0,1.0,1.0,16.05,0,1.0,0.8
EDU-001201,1,1,1,9130,1,1,161.0,1,1,19,4,4,152.3,0,0,0,1,0,0,18,0,0,6,7,6,15.571428571428571,0,0,6,7,6,14.714285714285714,0,11.1,0.6,2.02,Graduate,Female,No,No,Up to Date,No,-0.86,0,1.0,1.0,15.06,0,1.0,0.86
EDU-001202,2,39,1,8014,0,19,133.1,1,37,37,4,8,112.5,0,0,0,1,0,0,32,0,0,6,8,5,13.8,0,0,6,7,6,12.166666666666666,0,9.4,-0.8,-3.12,Graduate,Female,No,No,Up to Date,No,-1.63,1,0.8333,1.0,12.82,0,1.0,1.63
EDU-001203,2,39,2,9147,1,1,150.0,1,19,37,9,7,101.0,0,0,1,0,0,0,29,0,0,5,8,3,10.666666666666666,0,0,5,14,2,14.8,0,10.8,1.4,1.74,Dropout,Female,No,Yes,In Arrears,No,4.13,-1,0.6,0.4,5.26,1,0.83,4.13
EDU-001204,1,1,6,9238,1,1,113.0,1,1,38,194,163,112.3,1,0,1,1,0,1,20,0,0,6,8,5,11.6,0,0,6,8,4,11.75,0,8.9,1.4,3.51,Graduate,Female,Yes,Yes,Up to Date,Yes,0.15,-1,0.8333,0.6667,7.79,0,1.0,0.15
EDU-001205,1,39,1,9238,1,1,140.0,1,34,34,0,0,114.0,1,0,0,0,0,0,28,0,0,6,11,1,13.0,0,0,6,12,0,0.0,0,9.4,-0.8,-3.12,Dropout,Female,No,No,In Arrears,Yes,-13.0,-1,0.1667,0.0,0.0,0,1.0,13.0
EDU-001206,1,7,1,9147,1,3,130.0,1,38,38,1,9,130.0,0,0,0,1,0,0,27,0,0,5,9,3,12.0,0,0,5,11,4,13.625,0,10.8,1.4,1.74,Graduate,Female,No,No,Up to Date,No,1.62,1,0.6,0.8,10.38,0,0.83,1.62
EDU-001207,1,43,2,9500,1,1,120.0,1,37,34,90,0,121.5,0,0,1,1,0,0,22,0,11,14,14,12,12.333333333333334,2,11,14,14,12,12.333333333333334,2,7.6,2.6,0.32,Graduate,Female,No,Yes,Up to Date,No,0.0,0,0.8571,0.8571,10.57,0,2.33,0.0
EDU-001208,2,39,1,9003,1,19,133.1,1,19,37,9,10,120.0,0,0,1,1,0,0,37,0,0,6,10,6,12.875,0,0,6,12,6,12.9,0,16.2,0.3,-0.92,Enrolled,Female,No,Yes,Up to Date,No,0.03,0,1.0,1.0,12.89,0,1.0,0.03
EDU-001209,1,7,1,8014,0,3,130.0,1,37,38,0,5,130.0,0,0,0,0,0,0,28,0,0,6,12,1,11.0,0,0,6,0,0,0.0,0,12.7,3.7,-1.7,Dropout,Female,No,No,In Arrears,No,-11.0,-1,0.1667,0.0,0.0,0,1.0,11.0
EDU-001210,2,39,1,9003,1,1,120.0,1,37,37,9,9,125.7,0,0,1,0,0,0,43,0,0,6,10,4,12.25,0,0,6,13,4,10.5,0,8.9,1.4,3.51,Dropout,Female,No,Yes,In Arrears,No,-1.75,0,0.6667,0.6667,7.47,1,1.0,1.75
EDU-001211,1,43,1,9556,1,1,140.0,1,37,37,9,9,128.0,1,0,0,0,0,0,32,0,0,7,7,0,0.0,7,0,8,8,0,0.0,7,10.8,1.4,1.74,Dropout,Female,No,No,In Arrears,Yes,0.0,0,0.0,0.0,0.0,0,1.17,0.0
EDU-001212,1,17,1,9238,1,1,123.0,1,1,1,9,9,113.2,0,0,0,1,0,1,20,0,0,6,11,4,10.75,0,0,6,13,5,11.5,0,15.5,2.8,-4.06,Enrolled,Female,Yes,No,Up to Date,No,0.75,1,0.6667,0.8333,9.33,0,1.0,0.75
EDU-001213,4,39,1,9500,1,19,133.1,1,38,1,9,4,120.0,0,0,0,1,0,1,35,0,0,8,9,8,13.63,1,0,8,9,8,13.63,1,9.4,-0.8,-3.12,Graduate,Female,Yes,No,Up to Date,No,0.0,0,1.0,1.0,13.63,0,1.33,0.0
EDU-001214,1,1,1,9670,1,1,130.0,1,37,37,0,0,117.8,1,0,0,1,0,0,21,0,0,5,8,3,13.0,0,0,5,7,4,11.5,1,7.6,2.6,0.32,Graduate,Female,No,No,Up to Date,Yes,-1.5,1,0.6,0.8,9.68,0,0.83,1.5
EDU-001215,1,1,4,9500,1,1,126.0,1,19,19,7,9,121.3,1,0,0,1,0,1,18,0,0,7,9,6,13.533333333333331,0,0,7,7,7,12.228571428571428,0,12.4,0.5,1.79,Enrolled,Female,Yes,No,Up to Date,Yes,-1.3,1,0.8571,1.0,12.75,0,1.17,1.3
EDU-001216,1,1,1,9500,1,1,176.0,1,3,38,3,7,169.7,0,0,0,1,0,1,18,0,0,7,7,7,16.9,0,0,8,9,8,16.37777777777778,0,16.2,0.3,-0.92,Graduate,Female,Yes,No,Up to Date,No,-0.52,1,1.0,1.0,16.59,0,1.17,0.52
EDU-001217,1,17,4,9238,1,1,124.0,1,19,19,5,8,117.7,1,0,0,1,0,0,18,0,0,6,10,5,12.0,0,0,6,11,4,12.0,0,16.2,0.3,-0.92,Graduate,Female,No,No,Up to Date,Yes,0.0,-1,0.8333,0.6667,8.0,0,1.0,0.0
EDU-001218,1,44,1,8014,0,39,120.0,1,19,37,7,6,121.8,1,0,0,1,0,0,22,0,3,6,6,6,12.5,0,2,6,7,6,13.285714285714286,0,12.4,0.5,1.79,Graduate,Female,No,No,Up to Date,Yes,0.79,0,1.0,1.0,12.97,0,1.0,0.79
EDU-001219,1,1,2,9500,1,1,140.0,1,1,1,4,10,128.3,1,0,0,1,0,0,19,0,0,8,8,7,12.764285714285714,0,0,8,8,7,12.764285714285714,0,10.8,1.4,1.74,Graduate,Female,No,No,Up to Date,Yes,0.0,0,0.875,0.875,11.17,0,1.33,0.0
EDU-001220,1,18,2,9147,1,1,143.0,1,19,38,9,7,132.2,1,0,0,1,0,1,18,0,0,5,8,5,13.75,0,0,5,6,5,12.166666666666666,0,13.9,-0.3,0.79,Graduate,Female,Yes,No,Up to Date,Yes,-1.58,0,1.0,1.0,12.8,0,0.83,1.58
EDU-001221,1,1,2,171,1,1,136.0,1,39,1,3,4,134.3,1,0,1,1,0,0,19,0,0,0,0,0,0.0,0,0,0,0,0,0.0,0,12.4,0.5,1.79,Dropout,Female,No,Yes,Up to Date,Yes,0.0,0,0.0,0.0,0.0,0,0.0,0.0
EDU-001222,1,1,1,9500,1,1,132.0,1,19,1,9,5,123.4,0,0,0,1,0,1,18,0,0,7,7,7,14.604285714285712,0,0,8,9,8,15.68333333333333,0,11.1,0.6,2.02,Graduate,Female,Yes,No,Up to Date,No,1.08,1,1.0,1.0,15.25,0,1.17,1.08
EDU-001223,2,39,1,9991,0,19,133.1,1,19,39,5,3,121.7,0,0,1,0,0,0,31,0,0,5,7,0,0.0,0,0,5,7,0,0.0,0,16.2,0.3,-0.92,Dropout,Female,No,Yes,In Arrears,No,0.0,0,0.0,0.0,0.0,1,0.83,0.0
EDU-001224,2,39,1,8014,0,19,100.0,1,1,19,1,5,130.0,0,0,1,1,0,1,33,0,0,6,9,5,13.833333333333334,0,0,6,7,6,12.5,0,9.4,-0.8,-3.12,Graduate,Female,Yes,Yes,Up to Date,No,-1.33,1,0.8333,1.0,13.03,0,1.0,1.33
EDU-001225,1,1,3,9500,1,1,137.0,1,19,38,7,7,126.5,1,0,0,1,0,1,19,0,0,8,8,8,13.57625,0,0,8,8,8,13.57625,0,9.4,-0.8,-3.12,Graduate,Female,Yes,No,Up to Date,Yes,0.0,0,1.0,1.0,13.58,0,1.33,0.0
EDU-001226,1,17,1,9238,1,1,153.0,1,38,38,7,7,159.7,1,0,0,1,0,1,18,0,0,6,7,6,15.142857142857142,0,0,6,6,6,15.833333333333334,0,12.7,3.7,-1.7,Graduate,Female,Yes,No,Up to Date,Yes,0.69,0,1.0,1.0,15.56,0,1.0,0.69
EDU-001227,1,1,1,9147,1,1,160.0,1,9,19,4,3,151.3,0,0,0,1,0,0,23,0,0,5,8,3,10.666666666666666,0,0,5,8,5,11.6,0,7.6,2.6,0.32,Graduate,Female,No,No,Up to Date,No,0.93,2,0.6,1.0,11.23,0,0.83,0.93
EDU-001228,1,17,1,9238,1,1,145.0,1,38,38,5,7,138.0,1,0,0,1,0,0,20,0,0,6,11,5,11.2,0,0,6,6,6,12.0,0,9.4,-0.8,-3.12,Graduate,Female,No,No,Up to Date,Yes,0.8,1,0.8333,1.0,11.68,0,1.0,0.8
EDU-001229,1,1,5,9500,1,1,137.0,1,38,38,4,8,126.5,1,0,0,1,0,0,18,0,0,8,8,8,13.76375,0,0,8,8,8,13.76375,0,9.4,-0.8,-3.12,Graduate,Female,No,No,Up to Date,Yes,0.0,0,1.0,1.0,13.76,0,1.33,0.0
EDU-001230,1,53,1,9085,1,42,140.0,1,1,1,4,3,140.0,1,0,1,1,0,0,21,0,7,9,10,8,13.25,0,4,9,14,5,12.2,0,8.9,1.4,3.51,Enrolled,Female,No,Yes,Up to Date,Yes,-1.05,-3,0.8889,0.5556,7.01,0,1.5,1.05
EDU-001231,1,1,1,9238,1,1,120.0,1,19,38,5,6,112.3,0,0,0,1,0,1,22,0,0,6,10,5,10.714285714285714,0,0,6,10,5,12.2,0,12.7,3.7,-1.7,Graduate,Female,Yes,No,Up to Date,No,1.49,0,0.8333,0.8333,9.67,0,1.0,1.49
EDU-001232,1,1,1,9238,1,1,122.0,1,1,19,4,4,127.3,1,0,1,1,0,0,20,0,0,6,6,6,12.166666666666666,0,0,6,7,6,11.666666666666666,0,9.4,-0.8,-3.12,Graduate,Female,No,Yes,Up to Date,Yes,-0.5,0,1.0,1.0,11.87,0,1.0,0.5
EDU-001233,1,7,1,9500,1,3,130.0,1,19,38,4,10,130.0,1,0,0,1,0,0,23,0,1,7,8,6,14.357142857142858,0,1,7,8,6,14.357142857142858,0,7.6,2.6,0.32,Graduate,Female,No,No,Up to Date,Yes,0.0,0,0.8571,0.8571,12.31,0,1.17,0.0
EDU-001234,1,17,2,9773,1,1,133.1,1,3,1,4,5,115.0,1,0,0,1,0,0,19,0,0,6,6,6,12.833333333333334,0,0,6,6,6,12.666666666666666,0,16.2,0.3,-0.92,Graduate,Female,No,No,Up to Date,Yes,-0.17,0,1.0,1.0,12.73,0,1.0,0.17
EDU-001235,1,17,6,9500,1,1,150.0,1,1,37,1,1,131.5,1,0,0,1,0,0,19,0,0,8,8,7,13.925714285714283,0,0,8,8,7,13.925714285714283,0,10.8,1.4,1.74,Graduate,Female,No,No,Up to Date,Yes,0.0,0,0.875,0.875,12.18,0,1.33,0.0
EDU-001236,1,39,1,9991,0,1,133.1,1,19,38,7,4,125.7,0,0,0,1,0,0,26,0,0,5,9,2,12.0,0,0,5,9,3,11.0,0,10.8,1.4,1.74,Dropout,Female,No,No,Up to Date,No,-1.0,1,0.4,0.6,6.84,0,0.83,1.0
EDU-001237,1,1,6,9500,1,1,141.0,1,1,37,4,3,126.8,1,0,0,1,0,0,18,0,0,7,7,7,13.44285714285714,0,0,8,9,8,13.744444444444444,0,16.2,0.3,-0.92,Graduate,Female,No,No,Up to Date,Yes,0.3,1,1.0,1.0,13.62,0,1.17,0.3
EDU-001238,1,18,1,9119,1,1,146.0,1,1,37,7,7,132.4,1,0,0,1,1,0,18,0,0,5,5,1,16.0,0,0,5,5,0,0.0,0,9.4,-0.8,-3.12,Dropout,Male,No,No,Up to Date,Yes,-16.0,-1,0.2,0.0,0.0,0,0.83,16.0
EDU-001239,1,44,1,9003,1,39,150.0,1,38,37,9,9,150.0,1,0,0,1,1,0,20,0,0,6,8,6,13.125,0,0,6,10,6,13.2,0,16.2,0.3,-0.92,Graduate,Male,No,No,Up to Date,Yes,0.07,0,1.0,1.0,13.17,0,1.0,0.07
EDU-001240,1,1,1,9670,1,1,133.1,1,3,1,4,4,95.0,0,0,0,1,1,0,19,0,0,6,7,0,0.0,0,0,6,6,0,0.0,0,15.5,2.8,-4.06,Dropout,Male,No,No,Up to Date,No,0.0,0,0.0,0.0,0.0,0,1.0,0.0
EDU-001241,1,43,1,9991,0,1,120.0,1,37,37,9,9,128.2,0,0,0,0,1,0,32,0,5,9,9,5,11.4,0,4,4,4,4,11.0,0,10.8,1.4,1.74,Dropout,Male,No,No,In Arrears,No,-0.4,-1,0.5556,1.0,11.16,0,1.5,0.4
EDU-001242,2,39,1,9130,1,1,150.0,1,19,19,4,4,130.0,0,0,0,0,1,0,31,0,0,4,12,2,11.0,2,0,5,9,3,11.666666666666666,0,9.4,-0.8,-3.12,Dropout,Male,No,No,In Arrears,No,0.67,1,0.5,0.6,6.84,0,0.67,0.67
EDU-001243,1,39,1,9119,1,19,133.1,1,1,19,4,5,100.0,0,0,0,1,1,0,25,0,0,5,13,1,11.0,0,0,5,11,1,10.0,0,13.9,-0.3,0.79,Enrolled,Male,No,No,Up to Date,No,-1.0,0,0.2,0.2,2.08,0,0.83,1.0
EDU-001244,1,42,1,9085,1,39,140.0,1,19,3,9,1,159.9,1,0,0,1,0,0,21,0,2,6,14,5,13.666666666666666,0,2,6,10,5,13.0,0,16.2,0.3,-0.92,Graduate,Female,No,No,Up to Date,Yes,-0.67,0,0.8333,0.8333,11.06,0,1.0,0.67
EDU-001245,2,43,1,9991,0,1,140.0,1,37,37,4,9,100.0,0,0,0,0,0,0,31,0,2,6,10,4,11.75,0,0,5,6,1,10.0,0,12.7,3.7,-1.7,Dropout,Female,No,No,In Arrears,No,-1.75,-3,0.6667,0.2,2.14,0,1.0,1.75
EDU-001246,2,39,1,9853,1,1,133.1,1,37,37,5,5,116.5,0,0,0,1,0,0,34,0,0,7,11,1,10.0,0,0,7,7,1,13.0,0,16.2,0.3,-0.92,Dropout,Female,No,No,Up to Date,No,3.0,0,0.1429,0.1429,1.69,0,1.17,3.0
EDU-001247,1,1,1,9238,1,1,128.0,1,19,19,9,9,120.0,0,0,0,1,0,1,18,0,0,6,8,6,13.5,0,0,6,9,6,12.833333333333334,0,11.1,0.6,2.02,Graduate,Female,Yes,No,Up to Date,No,-0.67,0,1.0,1.0,13.1,0,1.0,0.67
EDU-001248,1,1,3,9238,1,1,117.0,1,19,19,9,9,117.0,1,0,1,1,0,0,19,0,0,6,0,0,0.0,0,0,6,0,0,0.0,0,12.4,0.5,1.79,Dropout,Female,No,Yes,Up to Date,Yes,0.0,0,0.0,0.0,0.0,0,1.0,0.0
EDU-001249,1,53,1,9670,1,42,140.0,1,19,37,3,6,140.0,1,0,1,1,0,0,21,0,0,6,12,1,12.0,0,0,6,11,1,11.0,0,8.9,1.4,3.51,Enrolled,Female,No,Yes,Up to Date,Yes,-1.0,0,0.1667,0.1667,1.9,0,1.0,1.0
EDU-001250,1,1,2,9853,1,1,124.0,1,38,37,5,3,118.1,1,0,0,0,0,0,18,0,0,6,11,3,13.0,0,0,6,10,5,11.8,0,9.4,-0.8,-3.12,Dropout,Female,No,No,In Arrears,Yes,-1.2,2,0.5,0.8333,10.23,0,1.0,1.2
EDU-001251,1,1,1,9254,1,1,158.0,1,19,39,4,8,153.5,1,0,0,1,0,0,20,0,0,6,7,6,14.833333333333334,0,0,6,6,6,16.0,0,11.1,0.6,2.02,Graduate,Female,No,No,Up to Date,Yes,1.17,0,1.0,1.0,15.53,0,1.0,1.17
EDU-001252,1,43,1,9773,1,1,137.0,1,38,37,9,5,127.9,1,0,0,1,0,0,20,0,0,6,6,6,11.833333333333334,0,0,6,7,6,12.857142857142858,0,15.5,2.8,-4.06,Graduate,Female,No,No,Up to Date,Yes,1.02,0,1.0,1.0,12.45,0,1.0,1.02
EDU-001253,1,17,3,9670,1,1,123.0,1,38,38,7,8,118.8,1,1,0,1,0,1,18,0,0,6,10,5,12.0,0,0,6,11,5,12.333333333333334,0,11.1,0.6,2.02,Graduate,Female,Yes,No,Up to Date,Yes,0.33,0,0.8333,0.8333,10.17,0,1.0,0.33
EDU-001254,1,1,1,9238,1,1,126.0,1,38,38,7,8,126.7,1,0,0,1,0,0,19,0,0,6,11,4,12.75,0,0,6,7,6,11.333333333333334,0,7.6,2.6,0.32,Graduate,Female,No,No,Up to Date,Yes,-1.42,2,0.6667,1.0,11.9,0,1.0,1.42
EDU-001255,1,43,1,9085,1,1,170.0,1,19,19,5,1,170.0,1,0,0,1,0,0,19,0,0,5,5,0,0.0,5,0,5,7,4,14.75,1,12.7,3.7,-1.7,Enrolled,Female,No,No,Up to Date,Yes,14.75,4,0.0,0.8,7.08,0,0.83,14.75
EDU-001256,4,39,1,9130,1,1,133.1,1,3,1,5,5,110.0,1,0,0,1,0,1,30,0,0,6,7,0,0.0,0,0,6,16,1,10.0,0,11.1,0.6,2.02,Dropout,Female,Yes,No,Up to Date,Yes,10.0,1,0.0,0.1667,1.0,0,1.0,10.0
EDU-001257,1,17,1,9238,1,1,115.0,1,19,38,5,5,115.0,1,0,0,1,0,0,19,0,0,6,6,6,12.0,0,0,6,7,6,12.857142857142858,0,11.1,0.6,2.02,Graduate,Female,No,No,Up to Date,Yes,0.86,0,1.0,1.0,12.51,0,1.0,0.86
EDU-001258,1,1,3,9556,1,1,132.0,1,38,37,7,7,119.0,1,0,0,1,0,0,19,0,0,7,9,7,11.677777777777775,0,0,8,8,8,13.8,0,12.7,3.7,-1.7,Graduate,Female,No,No,Up to Date,Yes,2.12,1,1.0,1.0,12.95,0,1.17,2.12
EDU-001259,1,1,4,9500,1,1,132.0,1,1,37,4,7,121.8,1,0,0,1,0,1,19,0,0,8,8,7,13.6,0,0,8,8,7,13.6,0,12.7,3.7,-1.7,Graduate,Female,Yes,No,Up to Date,Yes,0.0,0,0.875,0.875,11.9,0,1.33,0.0
EDU-001260,1,1,1,9085,1,1,143.0,1,19,38,9,9,133.4,1,0,0,1,0,0,19,0,0,6,7,6,16.0,0,0,6,8,6,15.875,0,12.4,0.5,1.79,Graduate,Female,No,No,Up to Date,Yes,-0.12,0,1.0,1.0,15.92,0,1.0,0.12
EDU-001261,1,1,3,9238,1,1,137.0,1,1,1,3,3,131.4,1,0,0,1,0,0,20,0,0,6,9,5,11.8,0,0,6,7,6,11.5,0,7.6,2.6,0.32,Graduate,Female,No,No,Up to Date,Yes,-0.3,1,0.8333,1.0,11.62,0,1.0,0.3
EDU-001262,1,42,1,9119,1,1,130.0,1,19,37,9,3,135.0,0,0,1,1,1,0,25,0,0,5,5,0,0.0,0,2,6,7,2,14.0,0,13.9,-0.3,0.79,Dropout,Male,No,Yes,Up to Date,No,14.0,2,0.0,0.3333,2.8,0,0.83,14.0
EDU-001263,1,1,2,9773,1,1,121.0,1,19,19,9,9,122.8,0,0,0,1,1,0,19,0,0,6,0,0,0.0,0,0,6,0,0,0.0,0,12.4,0.5,1.79,Dropout,Male,No,No,Up to Date,No,0.0,0,0.0,0.0,0.0,0,1.0,0.0
EDU-001264,2,39,1,9853,1,1,130.0,1,37,19,7,3,140.0,0,0,1,1,0,1,34,0,0,6,7,6,16.142857142857142,0,0,6,10,6,16.2,0,9.4,-0.8,-3.12,Graduate,Female,Yes,Yes,Up to Date,No,0.06,0,1.0,1.0,16.18,0,1.0,0.06
EDU-001265,1,18,2,9500,1,1,135.0,1,38,37,9,5,125.3,1,0,0,1,0,1,18,0,0,8,8,7,11.785714285714286,0,0,8,8,7,11.785714285714286,0,12.7,3.7,-1.7,Graduate,Female,Yes,No,Up to Date,Yes,0.0,0,0.875,0.875,10.31,0,1.33,0.0
EDU-001266,1,1,6,9500,1,1,137.0,1,1,1,4,5,126.3,1,0,0,1,0,1,18,0,0,8,8,8,13.42375,0,0,8,8,8,13.42375,0,9.4,-0.8,-3.12,Graduate,Female,Yes,No,Up to Date,Yes,0.0,0,1.0,1.0,13.42,0,1.33,0.0
EDU-001267,1,1,1,9670,1,1,100.0,1,38,38,9,10,100.0,0,0,0,1,0,0,20,0,0,6,8,6,12.5,0,0,6,10,5,14.166666666666666,0,11.1,0.6,2.02,Graduate,Female,No,No,Up to Date,No,1.67,-1,1.0,0.8333,11.25,0,1.0,1.67
EDU-001268,1,17,2,9500,1,1,127.0,1,19,37,9,7,121.3,1,0,0,1,0,1,20,0,0,8,8,7,12.464285714285714,0,0,8,8,7,12.464285714285714,0,10.8,1.4,1.74,Graduate,Female,Yes,No,Up to Date,Yes,0.0,0,0.875,0.875,10.91,0,1.33,0.0
EDU-001269,1,53,1,9991,0,1,140.0,1,38,38,191,193,135.0,0,0,1,1,0,0,23,0,6,11,18,8,12.375,0,3,9,15,5,12.6,0,8.9,1.4,3.51,Enrolled,Female,No,Yes,Up to Date,No,0.22,-3,0.7273,0.5556,6.95,0,1.83,0.22
EDU-001270,1,39,1,9670,1,1,140.0,1,37,37,6,6,120.0,0,0,0,1,0,0,28,0,0,6,8,1,10.0,0,0,6,9,0,0.0,0,10.8,1.4,1.74,Dropout,Female,No,No,Up to Date,No,-10.0,-1,0.1667,0.0,0.0,0,1.0,10.0
EDU-001271,1,17,1,9773,1,1,121.0,1,37,19,9,10,113.7,0,0,0,1,0,0,18,0,0,6,8,5,12.6,0,0,6,10,6,12.428571428571429,0,15.5,2.8,-4.06,Enrolled,Female,No,No,Up to Date,No,-0.17,1,0.8333,1.0,12.5,0,1.0,0.17
EDU-001272,1,43,1,9147,1,1,131.0,1,19,38,9,9,129.7,1,0,0,1,0,0,19,0,0,5,5,5,12.6,0,0,5,6,4,12.4,0,16.2,0.3,-0.92,Graduate,Female,No,No,Up to Date,Yes,-0.2,-1,1.0,0.8,9.98,0,0.83,0.2
EDU-001273,2,1,1,9147,1,1,151.0,1,38,37,9,8,132.1,1,0,0,1,0,0,34,0,0,5,7,2,10.0,0,0,5,6,4,12.0,0,7.6,2.6,0.32,Dropout,Female,No,No,Up to Date,Yes,2.0,2,0.4,0.8,8.96,0,0.83,2.0
EDU-001274,2,51,1,9853,1,1,130.0,1,37,37,7,8,120.3,0,0,0,1,0,0,35,0,0,7,7,0,0.0,0,0,6,0,0,0.0,0,8.9,1.4,3.51,Dropout,Female,No,No,Up to Date,No,0.0,0,0.0,0.0,0.0,0,1.17,0.0
EDU-001275,1,7,1,9991,0,40,120.0,1,37,37,9,7,120.0,0,0,0,1,0,0,32,0,0,5,7,5,11.6,0,0,5,8,5,12.333333333333334,0,12.4,0.5,1.79,Graduate,Female,No,No,Up to Date,No,0.73,0,1.0,1.0,12.04,0,0.83,0.73
EDU-001276,1,17,2,9254,1,1,136.0,1,19,19,4,7,123.1,1,0,0,1,0,0,19,0,0,6,8,6,12.166666666666666,0,0,6,6,6,13.5,0,11.1,0.6,2.02,Graduate,Female,No,No,Up to Date,Yes,1.33,0,1.0,1.0,12.97,0,1.0,1.33
EDU-001277,1,17,5,9670,1,1,125.0,1,1,19,9,7,119.4,1,0,0,1,0,0,18,0,0,6,10,4,13.6,0,0,6,7,5,12.666666666666666,0,11.1,0.6,2.02,Graduate,Female,No,No,Up to Date,Yes,-0.93,1,0.6667,0.8333,10.87,0,1.0,0.93
EDU-001278,2,39,1,9147,1,1,133.1,1,37,37,9,9,140.0,0,0,0,0,0,0,35,0,0,5,8,4,12.5,1,0,5,8,5,11.8,0,9.4,-0.8,-3.12,Dropout,Female,No,No,In Arrears,No,-0.7,1,0.8,1.0,12.08,0,0.83,0.7
EDU-001279,1,39,1,8014,0,1,133.1,1,1,12,4,5,116.5,0,0,0,1,1,1,24,0,0,6,6,4,12.25,0,0,6,10,4,11.5,0,12.4,0.5,1.79,Enrolled,Male,Yes,No,Up to Date,No,-0.75,0,0.6667,0.6667,7.87,0,1.0,0.75
EDU-001280,1,17,1,9238,1,1,120.0,1,19,37,9,9,113.0,1,0,0,1,0,1,20,0,0,6,7,6,11.714285714285714,0,0,6,8,6,12.625,0,13.9,-0.3,0.79,Graduate,Female,Yes,No,Up to Date,Yes,0.91,0,1.0,1.0,12.26,0,1.0,0.91
EDU-001281,1,1,3,9773,1,1,143.0,11,19,19,4,9,133.9,1,0,0,1,1,1,18,1,0,6,7,6,13.5,0,0,6,7,6,13.0,0,16.2,0.3,-0.92,Graduate,Male,Yes,No,Up to Date,Yes,-0.5,0,1.0,1.0,13.2,0,1.0,0.5
EDU-001282,1,1,3,9500,1,1,133.1,1,38,19,7,9,115.5,1,0,0,1,1,1,20,0,0,8,8,7,13.024285714285714,0,0,8,8,7,13.024285714285714,0,10.8,1.4,1.74,Graduate,Male,Yes,No,Up to Date,Yes,0.0,0,0.875,0.875,11.4,0,1.33,0.0
EDU-001283,1,17,5,9254,1,1,121.0,1,1,19,4,7,116.5,1,0,0,0,1,0,18,0,0,6,12,0,0.0,0,0,6,0,0,0.0,0,9.4,-0.8,-3.12,Dropout,Male,No,No,In Arrears,Yes,0.0,0,0.0,0.0,0.0,0,1.0,0.0
EDU-001284,1,1,1,9119,1,1,168.0,1,19,19,4,4,171.2,0,0,0,1,1,1,18,0,0,5,6,5,17.333333333333332,0,0,5,8,5,18.571428571428573,0,12.4,0.5,1.79,Graduate,Male,Yes,No,Up to Date,No,1.24,0,1.0,1.0,18.08,0,0.83,1.24
EDU-001285,1,1,1,9670,1,1,124.0,1,19,37,5,7,119.1,0,0,0,1,1,1,20,0,0,5,7,4,11.0,0,0,5,7,4,11.5,0,9.4,-0.8,-3.12,Graduate,Male,Yes,No,Up to Date,No,0.5,0,0.8,0.8,9.04,0,0.83,0.5
EDU-001286,1,17,2,9853,1,1,127.0,1,19,38,3,3,121.1,1,0,0,1,1,0,19,0,0,7,10,6,13.666666666666666,0,0,7,9,6,12.5,0,12.4,0.5,1.79,Dropout,Male,No,No,Up to Date,Yes,-1.17,0,0.8571,0.8571,11.11,0,1.17,1.17
EDU-001287,1,1,2,9070,1,1,129.0,1,1,1,4,9,132.9,1,0,0,1,1,1,20,0,0,6,9,6,11.375,0,0,6,6,5,13.8,0,7.6,2.6,0.32,Enrolled,Male,Yes,No,Up to Date,Yes,2.43,-1,1.0,0.8333,10.69,0,1.0,2.43
EDU-001288,1,1,1,9238,1,1,137.0,1,19,1,9,9,132.8,0,0,0,1,1,0,19,0,0,6,6,6,12.833333333333334,0,0,6,8,6,11.833333333333334,0,10.8,1.4,1.74,Graduate,Male,No,No,Up to Date,No,-1.0,0,1.0,1.0,12.23,0,1.0,1.0
EDU-001289,1,1,1,9773,1,1,120.0,1,36,37,0,0,126.7,1,0,0,1,1,0,20,0,0,6,9,5,12.6,0,0,6,11,4,11.5,0,7.6,2.6,0.32,Graduate,Male,No,No,Up to Date,Yes,-1.1,-1,0.8333,0.6667,7.96,0,1.0,1.1
EDU-001290,1,1,1,9500,1,1,110.0,1,19,19,9,7,105.8,1,0,0,1,1,0,22,0,0,7,8,6,14.333333333333334,0,0,8,9,7,13.771428571428572,0,11.1,0.6,2.02,Graduate,Male,No,No,Up to Date,Yes,-0.56,1,0.8571,0.875,12.25,0,1.17,0.56
EDU-001291,1,17,2,9119,1,1,120.0,1,1,19,9,8,117.2,0,0,0,1,1,1,18,0,0,5,8,4,13.5,0,0,6,10,6,13.625,0,11.1,0.6,2.02,Enrolled,Male,Yes,No,Up to Date,No,0.12,2,0.8,1.0,13.58,0,0.83,0.12
EDU-001292,1,1,1,9500,1,1,143.0,1,38,38,9,9,140.0,0,0,0,1,1,0,19,0,0,8,8,7,14.285714285714286,0,0,8,8,7,14.285714285714286,0,12.7,3.7,-1.7,Graduate,Male,No,No,Up to Date,No,0.0,0,0.875,0.875,12.5,0,1.33,0.0
EDU-001293,1,44,1,9003,1,39,120.0,1,1,19,9,7,120.0,0,0,0,1,1,0,22,0,2,6,15,3,11.75,0,0,6,12,2,10.0,0,13.9,-0.3,0.79,Dropout,Male,No,No,Up to Date,No,-1.75,-1,0.5,0.3333,3.57,0,1.0,1.75
EDU-001294,1,17,5,9119,1,1,124.0,11,4,12,2,9,119.5,1,0,0,1,1,0,20,1,0,5,5,5,14.8,0,0,5,5,5,17.6,0,8.9,1.4,3.51,Graduate,Male,No,No,Up to Date,Yes,2.8,0,1.0,1.0,16.48,0,0.83,2.8
EDU-001295,2,39,1,9003,1,1,168.0,1,1,41,9,3,153.9,0,0,1,0,1,0,34,0,0,6,7,0,0.0,0,0,6,0,0,0.0,0,12.4,0.5,1.79,Dropout,Male,No,Yes,In Arrears,No,0.0,0,0.0,0.0,0.0,1,1.0,0.0
EDU-001296,2,39,1,8014,0,19,133.1,1,1,1,4,4,130.0,0,0,0,1,1,0,24,0,0,6,14,1,10.0,0,0,5,5,0,0.0,0,16.2,0.3,-0.92,Dropout,Male,No,No,Up to Date,No,-10.0,-1,0.1667,0.0,0.0,0,1.0,10.0
EDU-001297,1,39,2,9670,1,1,150.0,1,34,34,0,0,107.0,1,0,0,1,1,0,26,0,0,5,5,0,0.0,0,0,5,5,0,0.0,0,7.6,2.6,0.32,Dropout,Male,No,No,Up to Date,Yes,0.0,0,0.0,0.0,0.0,0,0.83,0.0
EDU-001298,1,39,1,9500,1,1,140.0,1,37,37,9,6,132.8,0,0,0,1,1,0,35,0,0,7,10,4,12.6,0,0,7,9,5,12.38,0,12.4,0.5,1.79,Dropout,Male,No,No,Up to Date,No,-0.22,1,0.5714,0.7143,8.91,0,1.17,0.22
EDU-001299,1,1,1,9991,0,1,145.0,1,2,37,4,9,127.5,1,0,0,1,1,0,22,0,0,5,9,5,12.428571428571429,1,0,5,7,5,11.8,0,7.6,2.6,0.32,Graduate,Male,No,No,Up to Date,Yes,-0.63,0,1.0,1.0,12.05,0,0.83,0.63
EDU-001300,1,18,1,9254,1,1,118.0,1,38,38,5,5,123.3,1,0,0,1,1,0,26,0,0,6,10,4,10.0,0,0,6,11,3,12.0,0,9.4,-0.8,-3.12,Enrolled,Male,No,No,Up to Date,Yes,2.0,-1,0.6667,0.5,5.6,0,1.0,2.0
EDU-001301,1,17,1,9147,1,1,123.0,1,1,19,3,4,122.0,0,0,0,1,1,0,19,0,0,5,7,3,12.333333333333334,0,0,5,5,0,0.0,0,8.9,1.4,3.51,Dropout,Male,No,No,Up to Date,No,-12.33,-3,0.6,0.0,0.0,0,0.83,12.33
EDU-001302,1,1,5,9254,1,1,120.0,1,3,19,3,9,114.8,1,0,0,0,1,0,19,0,0,6,0,0,0.0,0,0,6,0,0,0.0,0,8.9,1.4,3.51,Dropout,Male,No,No,In Arrears,Yes,0.0,0,0.0,0.0,0.0,0,1.0,0.0
EDU-001303,1,44,1,171,1,39,140.0,1,3,3,2,2,140.0,0,0,1,1,1,0,20,0,0,0,0,0,0.0,0,0,0,0,0,0.0,0,15.5,2.8,-4.06,Graduate,Male,No,Yes,Up to Date,No,0.0,0,0.0,0.0,0.0,0,0.0,0.0
EDU-001304,1,51,1,9670,1,1,126.0,1,3,3,1,10,111.0,0,0,1,1,1,0,21,0,5,11,12,10,12.1,0,2,8,9,8,13.333333333333334,0,11.1,0.6,2.02,Graduate,Male,No,Yes,Up to Date,No,1.23,-2,0.9091,1.0,12.84,0,1.83,1.23
EDU-001305,1,1,2,9773,1,1,137.0,1,1,19,7,7,133.2,1,0,0,1,0,1,19,0,0,6,7,6,14.714285714285714,0,0,6,6,6,15.0,0,13.9,-0.3,0.79,Graduate,Female,Yes,No,Up to Date,Yes,0.29,0,1.0,1.0,14.89,0,1.0,0.29
EDU-001306,1,1,3,9773,1,1,130.0,1,19,19,9,9,123.0,1,0,0,1,0,0,18,0,0,6,6,6,12.666666666666666,0,0,6,7,6,12.833333333333334,0,12.7,3.7,-1.7,Graduate,Female,No,No,Up to Date,Yes,0.17,0,1.0,1.0,12.77,0,1.0,0.17
EDU-001307,1,53,1,9003,1,42,150.0,1,1,38,8,8,150.0,0,0,0,1,0,1,23,0,7,12,14,12,14.384615384615383,0,5,10,12,10,13.3,0,8.9,1.4,3.51,Graduate,Female,Yes,No,Up to Date,No,-1.08,-2,1.0,1.0,13.73,0,2.0,1.08
EDU-001308,1,17,3,9147,1,1,147.0,1,19,38,5,7,132.3,1,0,0,1,0,1,18,0,0,5,5,5,13.4,0,0,5,6,5,12.2,0,12.7,3.7,-1.7,Graduate,Female,Yes,No,Up to Date,Yes,-1.2,0,1.0,1.0,12.68,0,0.83,1.2
EDU-001309,1,18,1,9500,1,1,140.0,1,37,38,5,7,126.0,1,0,0,1,0,0,18,0,0,8,8,7,13.314285714285717,0,0,8,8,7,13.314285714285717,0,12.7,3.7,-1.7,Graduate,Female,No,No,Up to Date,Yes,0.0,0,0.875,0.875,11.65,0,1.33,0.0
EDU-001310,1,1,3,9500,1,1,132.0,1,38,38,9,9,119.3,1,0,0,1,0,0,19,0,0,8,8,7,11.98857142857143,0,0,8,8,7,11.98857142857143,0,10.8,1.4,1.74,Graduate,Female,No,No,Up to Date,Yes,0.0,0,0.875,0.875,10.49,0,1.33,0.0
EDU-001311,1,53,1,9147,1,42,130.0,1,1,19,143,172,133.8,1,0,0,1,0,0,21,0,6,11,17,11,11.545454545454543,0,3,9,13,8,12.88888888888889,0,8.9,1.4,3.51,Graduate,Female,No,No,Up to Date,Yes,1.34,-3,1.0,0.8889,10.98,0,1.83,1.34
EDU-001312,1,1,1,9085,1,1,130.0,1,37,37,9,6,126.5,1,0,0,1,0,1,18,0,0,6,13,6,16.46153846153846,0,0,6,8,6,13.875,0,15.5,2.8,-4.06,Graduate,Female,Yes,No,Up to Date,Yes,-2.59,0,1.0,1.0,14.91,0,1.0,2.59
EDU-001313,1,1,1,9773,1,1,151.0,1,38,37,9,5,138.4,1,0,0,1,0,1,24,0,0,6,7,6,13.666666666666666,0,0,6,6,6,12.833333333333334,0,10.8,1.4,1.74,Graduate,Female,Yes,No,Up to Date,Yes,-0.83,0,1.0,1.0,13.17,0,1.0,0.83
EDU-001314,1,1,4,9500,1,1,144.0,1,3,39,2,3,129.0,1,0,0,1,0,0,18,0,0,7,8,7,12.65,0,0,8,9,8,13.411111111111111,0,16.2,0.3,-0.92,Dropout,Female,No,No,Up to Date,Yes,0.76,1,1.0,1.0,13.11,0,1.17,0.76
EDU-001315,1,1,1,9670,1,1,127.0,1,19,1,5,7,118.3,1,0,0,1,0,0,18,0,0,6,7,6,12.333333333333334,0,0,6,10,3,12.0,0,13.9,-0.3,0.79,Enrolled,Female,No,No,Up to Date,Yes,-0.33,-3,1.0,0.5,6.07,0,1.0,0.33
EDU-001316,1,17,2,9500,1,1,131.0,1,19,37,9,7,129.8,1,0,0,1,0,0,20,0,0,7,8,6,14.37,0,0,8,10,7,14.65,0,12.4,0.5,1.79,Graduate,Female,No,No,Up to Date,Yes,0.28,1,0.8571,0.875,12.72,0,1.17,0.28
EDU-001317,1,17,2,9085,1,1,123.0,1,1,19,4,9,113.6,1,0,0,1,0,0,19,0,0,5,13,3,12.0,2,0,5,8,4,11.75,0,9.4,-0.8,-3.12,Enrolled,Female,No,No,Up to Date,Yes,-0.25,1,0.6,0.8,9.48,0,0.83,0.25
EDU-001318,1,1,5,9773,1,1,130.0,1,34,38,0,8,128.3,1,0,0,0,0,1,18,0,0,6,12,3,12.0,0,0,6,15,3,10.666666666666666,0,7.6,2.6,0.32,Dropout,Female,Yes,No,In Arrears,Yes,-1.33,0,0.5,0.5,5.6,0,1.0,1.33
EDU-001319,1,43,1,9254,1,1,130.0,1,1,19,5,7,130.0,0,0,0,1,0,1,19,0,0,6,11,4,12.0,0,0,6,14,3,11.0,0,10.8,1.4,1.74,Dropout,Female,Yes,No,Up to Date,No,-1.0,-1,0.6667,0.5,5.7,0,1.0,1.0
EDU-001320,1,17,2,9853,1,1,131.0,1,1,38,4,8,121.9,1,0,0,1,0,0,19,0,0,6,10,5,12.6,0,0,6,7,5,11.2,0,10.8,1.4,1.74,Graduate,Female,No,No,Up to Date,Yes,-1.4,0,0.8333,0.8333,9.8,0,1.0,1.4
EDU-001321,1,1,5,9238,1,3,135.0,1,1,38,9,3,129.4,0,0,1,1,0,0,18,0,0,6,6,6,12.166666666666666,0,0,6,6,6,12.333333333333334,0,10.8,1.4,1.74,Graduate,Female,No,Yes,Up to Date,No,0.17,0,1.0,1.0,12.27,0,1.0,0.17
EDU-001322,1,1,2,9853,1,1,123.0,1,19,1,194,103,115.3,1,0,0,1,0,0,20,0,0,7,8,6,13.5,0,0,7,8,6,14.0,0,11.1,0.6,2.02,Enrolled,Female,No,No,Up to Date,Yes,0.5,0,0.8571,0.8571,11.83,0,1.17,0.5
EDU-001323,1,1,5,9500,1,1,145.0,1,38,38,9,9,125.5,1,0,0,1,0,1,18,0,0,8,8,8,13.76375,0,0,8,8,8,13.76375,0,9.4,-0.8,-3.12,Graduate,Female,Yes,No,Up to Date,Yes,0.0,0,1.0,1.0,13.76,0,1.33,0.0
EDU-001324,1,17,6,9556,1,1,118.0,1,38,38,5,5,117.8,1,0,0,1,0,1,19,0,0,7,11,6,12.4,0,0,7,8,6,12.8,0,11.1,0.6,2.02,Graduate,Female,Yes,No,Up to Date,Yes,0.4,0,0.8571,0.8571,10.83,0,1.17,0.4
EDU-001325,1,17,3,9147,1,1,125.0,1,3,38,2,10,118.7,1,0,0,1,0,0,18,0,0,5,16,4,10.666666666666666,0,0,5,11,2,12.0,0,13.9,-0.3,0.79,Enrolled,Female,No,No,Up to Date,Yes,1.33,-2,0.8,0.4,4.59,0,0.83,1.33
EDU-001326,1,1,2,9500,1,1,152.0,1,37,37,9,9,139.0,1,0,0,1,0,0,18,0,0,7,7,6,14.333333333333334,0,0,7,7,6,14.333333333333334,0,7.6,2.6,0.32,Graduate,Female,No,No,Up to Date,Yes,0.0,0,0.8571,0.8571,12.29,0,1.17,0.0
EDU-001327,1,1,1,9085,1,1,101.0,1,1,37,4,9,98.9,1,0,0,1,0,0,21,0,0,6,12,4,12.5,0,0,6,13,2,12.666666666666666,0,11.1,0.6,2.02,Enrolled,Female,No,No,Up to Date,Yes,0.17,-2,0.6667,0.3333,4.2,0,1.0,0.17
EDU-001328,1,17,1,9254,1,1,137.0,1,34,38,0,7,137.7,1,0,1,0,0,0,19,0,0,6,14,1,10.0,0,0,6,13,0,0.0,0,7.6,2.6,0.32,Dropout,Female,No,Yes,In Arrears,Yes,-10.0,-1,0.1667,0.0,0.0,1,1.0,10.0
EDU-001329,1,1,4,9500,1,1,123.0,1,1,1,3,3,113.6,1,0,0,1,0,0,21,0,0,7,8,7,14.69625,0,0,8,9,8,14.622222222222224,0,12.4,0.5,1.79,Graduate,Female,No,No,Up to Date,Yes,-0.07,1,1.0,1.0,14.65,0,1.17,0.07
EDU-001330,1,1,1,9085,1,1,120.0,1,4,1,2,9,113.4,0,0,0,1,0,0,18,0,0,6,14,4,11.5,0,0,6,17,3,13.75,0,11.1,0.6,2.02,Enrolled,Female,No,No,Up to Date,No,2.25,-1,0.6667,0.5,6.43,0,1.0,2.25
EDU-001331,1,17,3,9556,1,1,131.0,1,19,38,9,7,128.5,0,0,0,1,0,1,18,0,0,7,9,7,12.855555555555556,0,0,8,8,8,13.9125,0,12.7,3.7,-1.7,Graduate,Female,Yes,No,Up to Date,No,1.06,1,1.0,1.0,13.49,0,1.17,1.06
EDU-001332,1,1,1,9500,1,1,141.0,1,1,1,3,10,142.8,0,0,0,1,0,0,18,0,0,7,7,7,13.7,0,0,8,9,8,13.994444444444444,0,11.1,0.6,2.02,Graduate,Female,No,No,Up to Date,No,0.29,1,1.0,1.0,13.88,0,1.17,0.29
EDU-001333,1,1,1,9130,1,1,144.0,1,3,1,1,3,137.7,0,0,0,0,0,0,23,0,0,5,9,0,0.0,3,1,5,10,1,12.0,3,10.8,1.4,1.74,Dropout,Female,No,No,In Arrears,No,12.0,1,0.0,0.2,1.44,0,0.83,12.0
EDU-001334,1,1,1,9238,1,1,107.0,1,19,37,7,7,103.5,1,0,0,1,0,0,20,0,0,6,13,3,11.2,0,0,6,9,4,12.0,0,16.2,0.3,-0.92,Enrolled,Female,No,No,Up to Date,Yes,0.8,1,0.5,0.6667,7.79,0,1.0,0.8
EDU-001335,1,1,1,9500,1,1,133.0,1,38,38,5,5,123.2,0,0,0,1,0,0,18,0,0,7,7,7,13.285714285714286,0,0,8,9,8,13.333333333333334,0,16.2,0.3,-0.92,Graduate,Female,No,No,Up to Date,No,0.05,1,1.0,1.0,13.31,0,1.17,0.05
EDU-001336,1,17,2,9853,1,1,126.0,1,1,19,2,10,126.0,1,0,0,1,0,0,19,0,0,6,9,5,13.0,0,0,6,8,5,10.4,0,7.6,2.6,0.32,Enrolled,Female,No,No,Up to Date,Yes,-2.6,0,0.8333,0.8333,9.53,0,1.0,2.6
EDU-001337,1,39,1,9500,1,1,133.1,1,1,38,3,7,121.7,0,0,0,1,0,1,27,0,0,7,8,6,12.6,0,0,7,9,6,11.685714285714283,0,12.4,0.5,1.79,Enrolled,Female,Yes,No,Up to Date,No,-0.91,0,0.8571,0.8571,10.33,0,1.17,0.91
EDU-001338,1,17,1,9147,1,1,147.0,1,37,37,9,6,142.8,1,0,1,0,0,1,19,0,0,5,5,5,12.8,0,0,5,5,4,12.0,0,11.1,0.6,2.02,Enrolled,Female,Yes,Yes,In Arrears,Yes,-0.8,-1,1.0,0.8,9.86,1,0.83,0.8
EDU-001339,1,43,1,9130,1,1,120.0,1,1,19,9,9,120.0,1,0,0,1,0,0,21,0,0,6,14,5,11.5,1,0,6,13,5,11.0,1,15.5,2.8,-4.06,Dropout,Female,No,No,Up to Date,Yes,-0.5,0,0.8333,0.8333,9.33,0,1.0,0.5
EDU-001340,1,18,1,9500,1,1,130.0,1,37,38,7,8,119.3,1,0,0,1,0,1,19,0,0,8,8,7,11.4,0,0,8,8,7,11.4,0,10.8,1.4,1.74,Graduate,Female,Yes,No,Up to Date,Yes,0.0,0,0.875,0.875,9.98,0,1.33,0.0
EDU-001341,1,44,1,9238,1,1,120.0,1,37,37,6,9,121.0,0,0,0,1,0,1,21,0,3,6,6,6,12.333333333333334,0,2,6,8,6,11.333333333333334,0,13.9,-0.3,0.79,Graduate,Female,Yes,No,Up to Date,No,-1.0,0,1.0,1.0,11.73,0,1.0,1.0
EDU-001342,1,1,5,9773,1,1,138.0,1,19,19,9,9,139.4,1,0,0,1,0,0,18,0,0,6,7,5,12.8,0,0,6,10,4,12.2,0,10.8,1.4,1.74,Graduate,Female,No,No,Up to Date,Yes,-0.6,-1,0.8333,0.6667,8.29,0,1.0,0.6
EDU-001343,1,17,1,9085,1,1,124.0,1,19,38,7,7,113.9,1,0,0,1,0,1,20,0,0,5,8,5,12.0,1,0,5,8,4,15.0,1,12.7,3.7,-1.7,Graduate,Female,Yes,No,Up to Date,Yes,3.0,-1,1.0,0.8,11.04,0,0.83,3.0
EDU-001344,1,1,1,9853,1,1,133.0,1,37,37,9,7,124.6,1,0,0,1,0,1,18,0,0,6,8,5,13.0,0,0,6,9,5,13.5,0,9.4,-0.8,-3.12,Graduate,Female,Yes,No,Up to Date,Yes,0.5,0,0.8333,0.8333,11.08,0,1.0,0.5
EDU-001345,1,17,1,9070,1,1,122.0,1,1,1,4,8,123.8,1,0,1,0,0,1,18,0,0,6,6,6,11.833333333333334,0,0,6,8,6,11.0,0,12.7,3.7,-1.7,Dropout,Female,Yes,Yes,In Arrears,Yes,-0.83,0,1.0,1.0,11.33,1,1.0,0.83
EDU-001346,1,1,3,9085,1,1,138.0,1,1,3,4,4,126.3,1,0,0,1,0,0,18,0,0,6,8,6,14.0,0,0,6,9,6,13.333333333333334,0,8.9,1.4,3.51,Graduate,Female,No,No,Up to Date,Yes,-0.67,0,1.0,1.0,13.6,0,1.0,0.67
EDU-001347,1,17,4,9773,1,1,134.0,1,1,1,3,3,120.4,1,0,0,1,0,1,18,0,0,6,6,6,12.333333333333334,0,0,6,6,6,13.5,0,16.2,0.3,-0.92,Graduate,Female,Yes,No,Up to Date,Yes,1.17,0,1.0,1.0,13.03,0,1.0,1.17
EDU-001348,1,1,3,9500,1,1,128.0,1,1,1,7,7,120.5,1,0,0,1,0,1,19,0,0,7,10,5,13.04,0,0,7,7,7,12.5,0,12.4,0.5,1.79,Enrolled,Female,Yes,No,Up to Date,Yes,-0.54,2,0.7143,1.0,12.72,0,1.17,0.54
EDU-001349,1,53,1,9085,1,42,140.0,1,19,38,8,9,144.9,1,0,1,0,0,0,23,0,7,11,18,11,13.166666666666666,0,4,9,15,8,13.333333333333334,0,8.9,1.4,3.51,Enrolled,Female,No,Yes,In Arrears,Yes,0.17,-3,1.0,0.8889,11.79,1,1.83,0.17
EDU-001350,1,39,1,9085,1,19,133.1,1,19,19,4,9,139.9,1,0,0,1,0,1,24,0,1,6,7,6,12.5,0,0,6,11,6,12.833333333333334,0,8.9,1.4,3.51,Graduate,Female,Yes,No,Up to Date,Yes,0.33,0,1.0,1.0,12.7,0,1.0,0.33
EDU-001351,1,1,1,171,1,1,142.0,1,1,1,3,3,133.3,1,0,0,1,0,0,19,0,0,0,0,0,0.0,0,0,0,0,0,0.0,0,10.8,1.4,1.74,Graduate,Female,No,No,Up to Date,Yes,0.0,0,0.0,0.0,0.0,0,0.0,0.0
EDU-001352,1,1,3,9500,1,1,141.0,1,19,19,9,9,126.0,1,0,0,1,0,0,18,0,0,8,8,7,15.657142857142857,0,0,8,8,7,15.657142857142857,0,12.7,3.7,-1.7,Graduate,Female,No,No,Up to Date,Yes,0.0,0,0.875,0.875,13.7,0,1.33,0.0
EDU-001353,1,1,2,9070,1,1,145.0,1,1,19,4,3,133.5,0,0,0,1,0,0,19,0,0,6,6,6,12.166666666666666,0,0,6,6,6,11.333333333333334,0,12.7,3.7,-1.7,Graduate,Female,No,No,Up to Date,No,-0.83,0,1.0,1.0,11.67,0,1.0,0.83
EDU-001354,1,17,2,9853,1,1,145.0,1,38,19,4,9,127.9,1,0,0,1,0,0,19,0,0,6,0,0,0.0,0,0,6,0,0,0.0,0,10.8,1.4,1.74,Dropout,Female,No,No,Up to Date,Yes,0.0,0,0.0,0.0,0.0,0,1.0,0.0
EDU-001355,1,1,1,9238,1,1,108.0,1,1,38,5,8,105.9,0,0,0,1,0,1,20,0,0,6,11,5,10.6,0,0,6,9,5,11.166666666666666,0,11.1,0.6,2.02,Enrolled,Female,Yes,No,Up to Date,No,0.57,0,0.8333,0.8333,9.12,0,1.0,0.57
EDU-001356,1,1,1,9085,1,1,132.0,1,1,12,4,5,124.3,0,0,0,1,0,0,20,0,0,6,10,6,13.428571428571429,0,0,6,11,5,12.666666666666666,0,13.9,-0.3,0.79,Enrolled,Female,No,No,Up to Date,No,-0.76,-1,1.0,0.8333,10.81,0,1.0,0.76
EDU-001357,1,39,1,9773,1,1,140.0,1,34,37,0,0,102.5,0,0,0,1,0,0,26,0,0,6,8,4,11.75,0,0,6,12,0,0.0,0,7.6,2.6,0.32,Dropout,Female,No,No,Up to Date,No,-11.75,-4,0.6667,0.0,0.0,0,1.0,11.75
EDU-001358,1,39,1,9254,1,19,133.1,1,19,1,9,5,97.0,0,0,1,0,1,0,36,0,0,5,10,0,0.0,0,0,5,5,0,0.0,0,15.5,2.8,-4.06,Dropout,Male,No,Yes,In Arrears,No,0.0,0,0.0,0.0,0.0,1,0.83,0.0
EDU-001359,1,17,1,171,1,1,128.0,1,1,1,4,10,134.7,0,0,0,0,1,0,19,0,0,0,0,0,0.0,0,0,0,0,0,0.0,0,10.8,1.4,1.74,Dropout,Male,No,No,In Arrears,No,0.0,0,0.0,0.0,0.0,0,0.0,0.0
EDU-001360,1,42,1,9119,1,1,120.0,1,19,37,9,9,113.8,0,0,0,0,1,0,27,0,0,5,0,0,0.0,0,0,5,0,0,0.0,0,15.5,2.8,-4.06,Dropout,Male,No,No,In Arrears,No,0.0,0,0.0,0.0,0.0,0,0.83,0.0
EDU-001361,1,1,4,9119,1,1,120.0,1,3,1,123,152,116.9,0,0,0,1,1,0,18,0,0,5,9,1,13.0,0,0,5,5,0,0.0,0,8.9,1.4,3.51,Dropout,Male,No,No,Up to Date,No,-13.0,-1,0.2,0.0,0.0,0,0.83,13.0
EDU-001362,1,1,4,9500,1,1,139.0,1,37,38,9,9,124.0,1,0,0,1,1,1,18,0,0,8,8,7,13.331428571428573,0,0,8,8,7,13.331428571428573,0,10.8,1.4,1.74,Graduate,Male,Yes,No,Up to Date,Yes,0.0,0,0.875,0.875,11.66,0,1.33,0.0
EDU-001363,1,39,1,9070,1,1,139.3,1,38,38,5,5,117.5,0,0,0,1,1,0,28,0,0,6,0,0,0.0,0,0,6,0,0,0.0,0,12.4,0.5,1.79,Dropout,Male,No,No,Up to Date,No,0.0,0,0.0,0.0,0.0,0,1.0,0.0
EDU-001364,1,44,1,171,1,39,150.0,1,19,1,9,9,154.8,1,0,0,1,1,0,21,0,0,0,0,0,0.0,0,0,0,0,0,0.0,0,12.4,0.5,1.79,Graduate,Male,No,No,Up to Date,Yes,0.0,0,0.0,0.0,0.0,0,0.0,0.0
EDU-001365,1,1,1,9500,1,1,138.0,1,19,37,4,9,141.0,0,0,0,1,1,0,19,0,0,7,7,6,13.7,0,0,7,7,6,13.7,0,7.6,2.6,0.32,Graduate,Male,No,No,Up to Date,No,0.0,0,0.8571,0.8571,11.74,0,1.17,0.0
EDU-001366,1,39,1,9670,1,9,133.1,1,6,22,3,3,120.0,0,0,1,0,1,0,26,0,0,5,5,0,0.0,0,0,5,5,0,0.0,5,9.4,-0.8,-3.12,Dropout,Male,No,Yes,In Arrears,No,0.0,0,0.0,0.0,0.0,1,0.83,0.0
EDU-001367,1,51,1,9119,1,1,136.0,1,1,19,3,5,133.6,1,0,0,1,1,0,20,0,4,9,12,9,13.454545454545457,0,2,7,9,6,13.875,0,11.1,0.6,2.02,Dropout,Male,No,No,Up to Date,Yes,0.42,-3,1.0,0.8571,11.75,0,1.5,0.42
EDU-001368,1,1,6,9500,1,1,134.0,1,38,38,9,9,122.0,1,0,0,1,1,0,19,0,0,8,8,7,12.2,0,0,8,8,7,12.2,0,12.7,3.7,-1.7,Graduate,Male,No,No,Up to Date,Yes,0.0,0,0.875,0.875,10.68,0,1.33,0.0
EDU-001369,1,1,1,9147,1,1,140.0,1,19,19,7,3,120.0,1,0,0,1,1,0,21,0,0,5,8,3,10.0,0,0,5,10,4,11.0,0,12.7,3.7,-1.7,Dropout,Male,No,No,Up to Date,Yes,1.0,1,0.6,0.8,8.48,0,0.83,1.0
EDU-001370,1,53,1,9670,1,42,110.0,1,1,19,9,9,114.2,0,0,0,1,1,1,23,0,0,6,7,5,13.0,0,0,6,7,6,12.857142857142858,0,8.9,1.4,3.51,Graduate,Male,Yes,No,Up to Date,No,-0.14,1,0.8333,1.0,12.91,0,1.0,0.14
EDU-001371,1,39,1,8014,0,38,133.1,1,38,37,4,8,95.5,0,0,0,1,1,0,29,0,0,6,11,6,12.0,0,0,6,6,6,14.0,0,11.1,0.6,2.02,Graduate,Male,No,No,Up to Date,No,2.0,0,1.0,1.0,13.2,0,1.0,2.0
EDU-001372,1,1,1,9500,1,1,129.0,1,1,1,9,9,120.0,0,0,0,1,1,0,20,0,0,8,8,7,15.028571428571428,0,0,8,8,7,15.028571428571428,0,12.7,3.7,-1.7,Graduate,Male,No,No,Up to Date,No,0.0,0,0.875,0.875,13.15,0,1.33,0.0
EDU-001373,1,1,1,9238,1,1,116.0,1,1,19,5,9,111.1,0,0,0,1,1,0,18,0,0,6,8,6,12.0,0,0,6,7,6,11.714285714285714,0,15.5,2.8,-4.06,Graduate,Male,No,No,Up to Date,No,-0.29,0,1.0,1.0,11.83,0,1.0,0.29
EDU-001374,1,1,1,9773,1,1,130.0,1,1,38,3,5,128.6,1,0,0,1,1,0,19,0,0,6,8,5,12.0,0,0,6,8,5,12.4,0,9.4,-0.8,-3.12,Graduate,Male,No,No,Up to Date,Yes,0.4,0,0.8333,0.8333,10.2,0,1.0,0.4
EDU-001375,1,7,1,9556,1,3,130.0,1,1,37,4,8,130.0,0,0,0,0,1,0,23,0,3,7,7,3,13.666666666666666,0,3,8,8,3,11.333333333333334,4,10.8,1.4,1.74,Dropout,Male,No,No,In Arrears,No,-2.33,0,0.4286,0.375,4.6,0,1.17,2.33
EDU-001376,1,1,1,171,1,1,116.0,1,38,1,5,1,111.1,0,0,0,1,1,0,21,0,0,0,0,0,0.0,0,0,0,0,0,0.0,0,13.9,-0.3,0.79,Dropout,Male,No,No,Up to Date,No,0.0,0,0.0,0.0,0.0,0,0.0,0.0
EDU-001377,1,17,1,9147,1,1,136.0,1,1,1,9,3,122.7,1,0,0,1,1,0,18,0,0,5,6,5,12.0,0,0,5,7,4,12.5,0,15.5,2.8,-4.06,Enrolled,Male,No,No,Up to Date,Yes,0.5,-1,1.0,0.8,9.84,0,0.83,0.5
EDU-001378,1,1,1,171,1,1,147.0,1,37,19,7,7,134.4,1,0,0,1,1,1,18,0,0,0,0,0,0.0,0,0,0,0,0,0.0,0,10.8,1.4,1.74,Graduate,Male,Yes,No,Up to Date,Yes,0.0,0,0.0,0.0,0.0,0,0.0,0.0
EDU-001379,1,1,5,9070,1,1,117.0,1,19,37,5,5,131.0,1,0,1,0,1,0,21,0,0,6,6,1,14.0,0,0,6,7,0,0.0,7,9.4,-0.8,-3.12,Dropout,Male,No,Yes,In Arrears,Yes,-14.0,-1,0.1667,0.0,0.0,1,1.0,14.0
EDU-001380,1,51,1,9238,1,1,141.0,1,1,1,5,9,125.0,0,0,0,1,1,0,22,0,0,6,6,0,0.0,0,0,6,7,0,0.0,0,11.1,0.6,2.02,Dropout,Male,No,No,Up to Date,No,0.0,0,0.0,0.0,0.0,0,1.0,0.0
EDU-001381,1,18,1,9556,1,1,133.1,1,3,19,2,8,106.0,1,0,0,1,1,0,21,0,0,7,8,7,12.375,0,0,7,11,5,12.583333333333334,0,8.9,1.4,3.51,Graduate,Male,No,No,Up to Date,Yes,0.21,-2,1.0,0.7143,8.93,0,1.17,0.21
EDU-001382,1,39,1,9500,1,1,133.1,1,38,19,9,9,128.0,1,0,0,0,1,0,32,0,0,7,0,0,0.0,0,0,8,0,0,0.0,0,16.2,0.3,-0.92,Dropout,Male,No,No,In Arrears,Yes,0.0,0,0.0,0.0,0.0,0,1.17,0.0
EDU-001383,1,7,1,9003,1,3,120.0,1,1,19,4,1,120.0,1,0,0,1,1,0,27,0,14,18,21,18,11.421052631578949,0,10,13,16,13,11.076923076923077,1,15.5,2.8,-4.06,Graduate,Male,No,No,Up to Date,Yes,-0.34,-5,1.0,1.0,11.21,0,3.0,0.34
EDU-001384,1,1,1,9500,1,1,148.0,1,19,38,9,8,134.8,1,0,0,1,1,0,18,0,0,7,7,6,13.35,0,0,7,7,6,13.35,0,7.6,2.6,0.32,Graduate,Male,No,No,Up to Date,Yes,0.0,0,0.8571,0.8571,11.44,0,1.17,0.0
EDU-001385,1,39,1,9070,1,1,130.0,1,1,1,5,3,112.0,1,0,0,1,1,1,24,0,0,6,6,6,15.0,0,0,6,6,2,16.0,0,15.5,2.8,-4.06,Graduate,Male,Yes,No,Up to Date,Yes,1.0,-4,1.0,0.3333,5.2,0,1.0,1.0
EDU-001386,1,1,1,9130,1,1,120.0,1,19,37,1,9,116.1,1,0,0,1,1,0,22,0,0,5,9,2,10.5,0,0,5,5,0,0.0,0,12.7,3.7,-1.7,Dropout,Male,No,No,Up to Date,Yes,-10.5,-2,0.4,0.0,0.0,0,0.83,10.5
EDU-001387,1,43,1,9130,1,1,120.0,1,2,3,3,2,120.0,1,0,0,0,1,0,22,0,0,6,0,0,0.0,0,0,4,6,0,0.0,2,10.8,1.4,1.74,Dropout,Male,No,No,In Arrears,Yes,0.0,0,0.0,0.0,0.0,0,1.0,0.0
EDU-001388,1,1,3,9147,1,1,133.0,1,37,37,9,5,119.7,1,0,0,1,1,0,19,0,0,5,8,5,13.25,0,0,5,6,5,11.833333333333334,0,13.9,-0.3,0.79,Graduate,Male,No,No,Up to Date,Yes,-1.42,0,1.0,1.0,12.4,0,0.83,1.42
EDU-001389,1,17,6,9119,1,1,129.0,1,37,13,4,90,117.1,1,0,0,1,1,0,19,0,0,5,10,0,0.0,0,0,5,5,0,0.0,0,7.6,2.6,0.32,Dropout,Male,No,No,Up to Date,Yes,0.0,0,0.0,0.0,0.0,0,0.83,0.0
EDU-001390,1,1,2,9085,1,1,118.0,1,1,19,3,3,112.4,1,0,0,1,1,0,21,0,0,5,7,4,11.5,0,0,5,15,3,10.6,4,10.8,1.4,1.74,Enrolled,Male,No,No,Up to Date,Yes,-0.9,-1,0.8,0.6,6.58,0,0.83,0.9
EDU-001391,1,1,2,9500,1,1,140.0,1,1,1,2,7,131.0,1,0,0,1,0,1,18,0,0,8,8,8,13.88125,0,0,8,8,8,13.88125,0,9.4,-0.8,-3.12,Graduate,Female,Yes,No,Up to Date,Yes,0.0,0,1.0,1.0,13.88,0,1.33,0.0
EDU-001392,1,1,2,9254,1,1,127.0,1,3,19,3,10,130.9,1,0,0,1,0,0,18,0,0,6,8,6,11.333333333333334,0,0,6,8,5,12.6,0,9.4,-0.8,-3.12,Graduate,Female,No,No,Up to Date,Yes,1.27,-1,1.0,0.8333,10.08,0,1.0,1.27
EDU-001393,1,1,1,171,1,1,131.0,1,19,19,9,9,134.9,1,0,1,1,0,0,20,0,0,0,0,0,0.0,0,0,0,0,0,0.0,0,16.2,0.3,-0.92,Dropout,Female,No,Yes,Up to Date,Yes,0.0,0,0.0,0.0,0.0,0,0.0,0.0
EDU-001394,1,17,1,9238,1,1,132.0,1,1,19,4,9,127.1,1,0,0,1,0,0,19,0,0,6,7,6,12.857142857142858,0,0,6,7,6,13.666666666666666,0,13.9,-0.3,0.79,Graduate,Female,No,No,Up to Date,Yes,0.81,0,1.0,1.0,13.34,0,1.0,0.81
EDU-001395,1,17,5,9773,1,1,113.0,1,38,38,191,175,110.2,1,0,1,1,0,0,19,0,0,6,6,5,11.6,0,0,6,6,6,12.5,0,8.9,1.4,3.51,Graduate,Female,No,Yes,Up to Date,Yes,0.9,1,0.8333,1.0,12.14,0,1.0,0.9
EDU-001396,1,17,1,9254,1,1,115.0,1,12,1,9,3,108.7,1,0,0,1,0,1,18,0,0,6,9,5,11.4,0,0,6,6,6,11.333333333333334,0,12.4,0.5,1.79,Graduate,Female,Yes,No,Up to Date,Yes,-0.07,1,0.8333,1.0,11.36,0,1.0,0.07
EDU-001397,1,1,1,9130,1,1,133.1,1,1,1,3,9,138.0,1,0,0,1,0,0,20,0,0,6,11,6,13.333333333333334,0,0,6,10,6,13.0,0,16.2,0.3,-0.92,Enrolled,Female,No,No,Up to Date,Yes,-0.33,0,1.0,1.0,13.13,0,1.0,0.33
EDU-001398,1,44,1,9070,1,39,150.0,1,12,37,3,9,147.7,0,0,1,1,0,1,22,0,2,7,7,7,13.571428571428571,0,5,9,9,9,13.77777777777778,0,12.4,0.5,1.79,Graduate,Female,Yes,Yes,Up to Date,No,0.21,2,1.0,1.0,13.7,0,1.17,0.21
EDU-001399,2,39,1,9556,1,19,133.1,1,37,38,9,9,123.0,0,0,0,1,0,0,31,0,0,7,13,6,11.833333333333334,0,0,7,8,7,12.228571428571428,0,12.4,0.5,1.79,Graduate,Female,No,No,Up to Date,No,0.4,1,0.8571,1.0,12.07,0,1.17,0.4
EDU-001400,1,17,1,9853,1,1,141.0,1,19,19,9,8,142.8,0,0,0,1,0,1,19,0,0,7,7,7,14.428571428571429,0,0,7,7,7,14.142857142857142,0,16.2,0.3,-0.92,Graduate,Female,Yes,No,Up to Date,No,-0.29,0,1.0,1.0,14.26,0,1.17,0.29
EDU-001401,1,1,2,171,1,1,140.0,1,1,3,3,3,138.3,1,0,0,1,0,0,18,0,0,0,0,0,0.0,0,0,0,0,0,0.0,0,12.4,0.5,1.79,Enrolled,Female,No,No,Up to Date,Yes,0.0,0,0.0,0.0,0.0,0,0.0,0.0
EDU-001402,1,1,2,9254,1,1,136.0,1,38,38,9,7,125.2,1,0,0,1,0,1,18,0,0,6,8,6,12.285714285714286,0,0,6,9,5,12.4,0,8.9,1.4,3.51,Graduate,Female,Yes,No,Up to Date,Yes,0.11,-1,1.0,0.8333,10.29,0,1.0,0.11
EDU-001403,1,1,1,9085,1,1,140.0,1,12,1,1,90,141.8,0,0,0,1,0,0,21,0,0,5,7,5,14.4,0,0,5,5,5,13.8,0,7.6,2.6,0.32,Graduate,Female,No,No,Up to Date,No,-0.6,0,1.0,1.0,14.04,0,0.83,0.6
EDU-001404,1,17,5,9500,1,1,143.0,1,38,1,9,7,130.6,1,0,0,1,0,1,18,0,0,7,8,7,13.15,0,0,8,9,8,15.06875,0,13.9,-0.3,0.79,Graduate,Female,Yes,No,Up to Date,Yes,1.92,1,1.0,1.0,14.3,0,1.17,1.92
EDU-001405,1,44,1,9147,1,39,130.0,22,2,37,2,8,130.0,0,0,1,0,1,0,25,1,0,5,6,0,0.0,0,0,5,5,0,0.0,0,15.5,2.8,-4.06,Dropout,Male,No,Yes,In Arrears,No,0.0,0,0.0,0.0,0.0,1,0.83,0.0
EDU-001406,1,15,1,9119,1,1,133.1,41,1,3,5,8,100.0,0,0,1,1,1,0,21,1,0,5,5,0,0.0,0,0,6,8,0,0.0,0,11.1,0.6,2.02,Dropout,Male,No,Yes,Up to Date,No,0.0,0,0.0,0.0,0.0,0,0.83,0.0
EDU-001407,1,18,2,9500,1,1,129.0,1,38,37,5,5,119.0,1,0,0,1,0,1,19,0,0,8,8,7,12.342857142857143,0,0,8,8,7,12.342857142857143,0,10.8,1.4,1.74,Graduate,Female,Yes,No,Up to Date,Yes,0.0,0,0.875,0.875,10.8,0,1.33,0.0
EDU-001408,1,1,2,9773,1,1,132.0,1,38,1,9,9,124.3,1,0,0,1,0,0,19,0,0,6,6,5,12.2,0,0,6,7,5,10.8,0,10.8,1.4,1.74,Enrolled,Female,No,No,Up to Date,Yes,-1.4,0,0.8333,0.8333,9.47,0,1.0,1.4
EDU-001409,1,17,1,9254,1,1,118.0,1,11,34,5,0,122.2,1,0,0,1,0,0,22,0,0,6,10,4,10.5,0,0,6,14,1,11.0,0,7.6,2.6,0.32,Dropout,Female,No,No,Up to Date,Yes,0.5,-3,0.6667,0.1667,1.8,0,1.0,0.5
EDU-001410,1,15,1,9147,1,1,150.0,1,38,1,9,1,150.0,0,0,0,1,1,0,19,0,0,5,5,5,10.6,0,0,5,8,5,11.6,0,12.4,0.5,1.79,Graduate,Male,No,No,Up to Date,No,1.0,0,1.0,1.0,11.2,0,0.83,1.0
EDU-001411,1,39,1,8014,0,19,133.1,1,37,37,9,5,135.5,0,0,0,1,0,0,58,0,0,6,6,0,0.0,0,0,6,6,0,0.0,0,11.1,0.6,2.02,Dropout,Female,No,No,Up to Date,No,0.0,0,0.0,0.0,0.0,0,1.0,0.0
EDU-001412,1,16,2,9238,1,1,122.0,1,19,37,9,7,127.3,1,0,0,1,0,1,19,0,0,6,8,4,11.25,0,0,6,6,6,12.0,0,10.8,1.4,1.74,Graduate,Female,Yes,No,Up to Date,Yes,0.75,2,0.6667,1.0,11.7,0,1.0,0.75
EDU-001413,1,43,1,9670,1,1,127.0,22,37,37,9,9,127.0,1,0,0,1,1,0,23,1,3,9,11,6,10.5,0,4,10,10,10,11.7,0,9.4,-0.8,-3.12,Graduate,Male,No,No,Up to Date,Yes,1.2,4,0.6667,1.0,11.22,0,1.5,1.2
EDU-001414,1,1,2,9773,1,1,122.0,1,37,37,9,9,126.9,1,0,0,1,0,1,19,0,0,6,11,4,11.0,0,0,6,11,3,11.666666666666666,0,9.4,-0.8,-3.12,Enrolled,Female,Yes,No,Up to Date,Yes,0.67,-1,0.6667,0.5,5.7,0,1.0,0.67
EDU-001415,1,18,3,9500,1,1,131.0,1,19,1,4,7,127.5,1,0,0,1,0,0,18,0,0,7,7,7,13.457142857142856,0,0,8,8,8,14.5125,0,13.9,-0.3,0.79,Graduate,Female,No,No,Up to Date,Yes,1.06,1,1.0,1.0,14.09,0,1.17,1.06
EDU-001416,1,1,2,9085,1,1,130.0,1,19,19,90,90,122.0,0,0,0,1,0,0,20,0,0,5,6,5,12.6,0,0,5,8,4,12.333333333333334,0,7.6,2.6,0.32,Graduate,Female,No,No,Up to Date,No,-0.27,-1,1.0,0.8,9.95,0,0.83,0.27
EDU-001417,1,17,5,9085,1,1,130.0,1,19,19,90,7,115.8,0,0,0,0,0,0,18,0,0,6,0,0,0.0,0,0,6,0,0,0.0,0,12.7,3.7,-1.7,Dropout,Female,No,No,In Arrears,No,0.0,0,0.0,0.0,0.0,0,1.0,0.0
EDU-001418,1,17,1,9670,1,1,130.0,1,3,19,5,5,121.6,0,0,0,1,0,0,18,0,0,6,6,6,13.666666666666666,0,0,6,8,5,13.6,0,8.9,1.4,3.51,Graduate,Female,No,No,Up to Date,No,-0.07,-1,1.0,0.8333,11.36,0,1.0,0.07
EDU-001419,1,17,4,9147,1,1,122.0,1,19,19,5,7,116.4,1,0,1,1,0,1,18,0,0,5,5,5,11.6,0,0,5,5,5,11.8,0,11.1,0.6,2.02,Graduate,Female,Yes,Yes,Up to Date,Yes,0.2,0,1.0,1.0,11.72,0,0.83,0.2
EDU-001420,1,39,1,9130,1,1,114.0,1,38,38,9,10,120.0,0,0,0,1,0,0,24,0,0,6,9,6,12.571428571428571,0,0,6,10,5,12.833333333333334,0,11.1,0.6,2.02,Dropout,Female,No,No,Up to Date,No,0.26,-1,1.0,0.8333,10.61,0,1.0,0.26
EDU-001421,1,17,4,9853,1,1,143.0,1,37,37,9,5,127.3,1,0,0,1,0,0,18,0,0,6,7,5,11.8,0,0,6,7,5,11.4,0,10.8,1.4,1.74,Dropout,Female,No,No,Up to Date,Yes,-0.4,0,0.8333,0.8333,9.63,0,1.0,0.4
EDU-001422,1,1,3,9147,1,1,127.0,1,1,38,5,7,123.5,1,0,0,1,0,1,19,0,0,5,5,5,11.6,0,0,5,11,3,12.666666666666666,0,9.4,-0.8,-3.12,Enrolled,Female,Yes,No,Up to Date,Yes,1.07,-2,1.0,0.6,7.34,0,0.83,1.07
EDU-001423,1,17,3,9238,1,1,141.0,1,19,38,9,7,125.6,1,0,0,1,0,1,19,0,0,6,8,6,11.333333333333334,0,0,6,6,6,11.833333333333334,0,8.9,1.4,3.51,Graduate,Female,Yes,No,Up to Date,Yes,0.5,0,1.0,1.0,11.63,0,1.0,0.5
EDU-001424,1,1,1,9254,1,1,129.0,1,38,38,6,6,118.5,1,0,0,1,0,0,18,0,0,6,6,6,10.666666666666666,0,0,6,6,6,11.5,0,7.6,2.6,0.32,Graduate,Female,No,No,Up to Date,Yes,0.83,0,1.0,1.0,11.17,0,1.0,0.83
EDU-001425,1,1,2,9130,1,1,140.0,1,19,37,9,9,129.5,1,0,0,1,0,0,18,0,0,5,10,4,13.5,1,0,5,5,5,13.4,0,12.7,3.7,-1.7,Enrolled,Female,No,No,Up to Date,Yes,-0.1,1,0.8,1.0,13.44,0,0.83,0.1
EDU-001426,1,1,1,171,1,1,137.0,1,19,19,5,5,134.6,1,0,0,1,0,1,19,0,0,0,0,0,0.0,0,0,0,0,0,0.0,0,10.8,1.4,1.74,Graduate,Female,Yes,No,Up to Date,Yes,0.0,0,0.0,0.0,0.0,0,0.0,0.0
EDU-001427,1,44,1,9085,1,1,140.0,1,4,4,2,6,140.0,0,0,0,1,0,0,22,0,2,6,9,6,13.333333333333334,0,1,6,9,4,11.5,0,13.9,-0.3,0.79,Graduate,Female,No,No,Up to Date,No,-1.83,-2,1.0,0.6667,8.16,0,1.0,1.83
EDU-001428,1,1,1,9254,1,1,143.0,1,2,37,1,1,133.2,1,0,0,1,0,0,19,0,0,6,9,5,13.4,0,0,6,16,2,13.5,0,10.8,1.4,1.74,Enrolled,Female,No,No,Up to Date,Yes,0.1,-3,0.8333,0.3333,4.49,0,1.0,0.1
EDU-001429,3,17,1,9238,1,1,138.0,1,37,37,9,9,133.5,1,0,0,1,0,1,21,0,0,6,8,3,10.2,0,0,6,13,4,12.25,0,12.7,3.7,-1.7,Enrolled,Female,Yes,No,Up to Date,Yes,2.05,1,0.5,0.6667,7.62,0,1.0,2.05
EDU-001430,1,17,1,9773,1,1,120.0,1,19,38,9,7,117.9,1,0,0,1,0,1,21,0,0,6,6,5,13.0,0,0,6,7,6,12.833333333333334,0,8.9,1.4,3.51,Graduate,Female,Yes,No,Up to Date,Yes,-0.17,1,0.8333,1.0,12.9,0,1.0,0.17
EDU-001431,1,1,3,9500,1,1,144.0,1,38,38,5,7,128.0,1,0,0,1,0,1,18,0,0,8,11,7,12.90857142857143,0,0,8,11,7,12.90857142857143,0,10.8,1.4,1.74,Graduate,Female,Yes,No,Up to Date,Yes,0.0,0,0.875,0.875,11.3,0,1.33,0.0
EDU-001432,1,1,5,9853,1,1,123.0,1,1,12,4,9,113.2,1,0,0,1,0,0,20,0,0,6,12,4,12.0,0,0,6,11,1,10.0,0,10.8,1.4,1.74,Dropout,Female,No,No,Up to Date,Yes,-2.0,-3,0.6667,0.1667,1.8,0,1.0,2.0
EDU-001433,1,1,3,9254,1,1,129.0,1,37,38,7,7,122.0,1,0,0,1,0,1,18,0,0,6,9,6,10.833333333333334,0,0,6,8,5,11.0,0,7.6,2.6,0.32,Enrolled,Female,Yes,No,Up to Date,Yes,0.17,-1,1.0,0.8333,9.11,0,1.0,0.17
EDU-001434,1,16,3,9070,1,1,152.0,1,1,38,4,8,156.9,1,0,0,1,0,0,19,0,0,6,6,6,15.333333333333334,0,0,6,9,6,15.833333333333334,0,12.7,3.7,-1.7,Graduate,Female,No,No,Up to Date,Yes,0.5,0,1.0,1.0,15.63,0,1.0,0.5
EDU-001435,1,1,2,9500,1,1,130.0,1,1,38,9,9,125.1,1,0,0,1,0,1,18,0,0,7,9,6,12.816666666666668,0,0,8,11,6,12.875,0,11.1,0.6,2.02,Enrolled,Female,Yes,No,Up to Date,Yes,0.06,0,0.8571,0.75,9.64,0,1.17,0.06
EDU-001436,1,15,1,9147,1,1,133.1,41,41,1,3,4,100.0,0,0,1,0,1,0,26,1,6,7,7,6,13.0,0,2,6,6,2,14.0,0,11.1,0.6,2.02,Dropout,Male,No,Yes,In Arrears,No,1.0,-4,0.8571,0.3333,4.53,1,1.17,1.0
EDU-001437,1,15,1,9119,1,1,160.0,32,1,3,143,152,160.0,0,0,1,1,0,0,19,1,0,6,11,2,13.5,1,0,5,11,2,11.0,0,8.9,1.4,3.51,Enrolled,Female,No,Yes,Up to Date,No,-2.5,0,0.3333,0.4,4.8,0,1.0,2.5
EDU-001438,2,39,1,8014,0,1,140.0,1,37,37,9,9,101.0,0,0,0,1,0,0,35,0,0,6,7,6,12.5,0,0,6,6,6,12.166666666666666,0,15.5,2.8,-4.06,Graduate,Female,No,No,Up to Date,No,-0.33,0,1.0,1.0,12.3,0,1.0,0.33
EDU-001439,1,18,1,9670,1,1,133.0,1,1,1,9,9,121.5,1,0,0,1,0,1,19,0,0,6,7,6,13.0,0,0,6,6,6,14.333333333333334,0,12.4,0.5,1.79,Graduate,Female,Yes,No,Up to Date,Yes,1.33,0,1.0,1.0,13.8,0,1.0,1.33
EDU-001440,1,1,1,9085,1,1,138.0,1,38,37,9,6,126.8,1,0,0,1,1,0,18,0,0,5,6,4,11.75,0,0,5,10,5,12.571428571428571,1,10.8,1.4,1.74,Graduate,Male,No,No,Up to Date,Yes,0.82,1,0.8,1.0,12.24,0,0.83,0.82
EDU-001441,1,1,5,9670,1,1,142.0,1,19,19,7,3,132.9,0,0,0,1,1,0,19,0,0,5,5,4,12.5,0,0,5,5,4,14.25,0,7.6,2.6,0.32,Graduate,Male,No,No,Up to Date,No,1.75,0,0.8,0.8,10.84,0,0.83,1.75
EDU-001442,1,1,1,171,1,1,115.0,1,1,1,9,9,134.3,1,0,0,1,1,0,25,0,16,17,19,17,11.61111111111111,0,14,17,22,17,12.055555555555555,0,12.4,0.5,1.79,Graduate,Male,No,No,Up to Date,Yes,0.44,0,1.0,1.0,11.88,0,2.83,0.44
EDU-001443,1,17,6,9254,1,1,125.0,1,1,1,4,3,120.5,1,0,0,1,1,0,18,0,0,6,6,6,14.0,0,0,6,6,6,14.666666666666666,0,11.1,0.6,2.02,Graduate,Male,No,No,Up to Date,Yes,0.67,0,1.0,1.0,14.4,0,1.0,0.67
EDU-001444,1,17,1,9003,1,1,170.0,1,1,4,9,5,144.1,1,0,1,0,1,0,26,0,0,6,8,0,0.0,0,0,6,10,0,0.0,0,16.2,0.3,-0.92,Dropout,Male,No,Yes,In Arrears,Yes,0.0,0,0.0,0.0,0.0,1,1.0,0.0
EDU-001445,1,43,1,9991,0,1,140.0,1,1,1,6,6,100.0,0,0,0,1,1,0,34,0,0,5,5,5,13.8,0,0,5,6,5,13.833333333333334,0,9.4,-0.8,-3.12,Graduate,Male,No,No,Up to Date,No,0.03,0,1.0,1.0,13.82,0,0.83,0.03
EDU-001446,1,1,2,9254,1,1,110.0,1,4,19,4,3,114.8,1,0,0,0,1,0,18,0,0,5,6,0,0.0,0,0,5,5,0,0.0,0,12.7,3.7,-1.7,Dropout,Male,No,No,In Arrears,Yes,0.0,0,0.0,0.0,0.0,0,0.83,0.0
EDU-001447,1,1,1,171,1,1,114.0,1,3,29,3,5,111.9,0,0,0,0,1,0,18,0,0,0,0,0,0.0,0,0,0,0,0,0.0,0,9.4,-0.8,-3.12,Dropout,Male,No,No,In Arrears,No,0.0,0,0.0,0.0,0.0,0,0.0,0.0
EDU-001448,1,17,3,9119,1,1,138.0,1,1,19,4,3,125.4,1,0,0,1,1,1,18,0,0,5,9,4,12.25,0,0,5,9,3,12.333333333333334,0,8.9,1.4,3.51,Dropout,Male,Yes,No,Up to Date,Yes,0.08,-1,0.8,0.6,7.38,0,0.83,0.08
EDU-001449,1,44,1,9003,1,39,140.0,1,37,37,9,4,140.0,0,0,0,1,1,0,20,0,0,6,12,3,11.5,0,0,6,12,3,13.666666666666666,0,12.4,0.5,1.79,Dropout,Male,No,No,Up to Date,No,2.17,0,0.5,0.5,6.4,0,1.0,2.17
EDU-001450,1,44,1,9070,1,39,140.0,1,1,19,4,4,140.0,0,0,0,1,1,0,25,0,2,7,9,6,12.571428571428571,0,5,9,9,9,12.555555555555555,0,16.2,0.3,-0.92,Graduate,Male,No,No,Up to Date,No,-0.02,3,0.8571,1.0,12.56,0,1.17,0.02
EDU-001451,1,17,1,9130,1,1,132.0,1,2,1,4,1,127.8,0,0,0,1,1,0,18,0,0,6,9,6,12.0,0,0,6,10,5,12.166666666666666,0,11.1,0.6,2.02,Dropout,Male,No,No,Up to Date,No,0.17,-1,1.0,0.8333,10.08,0,1.0,0.17
EDU-001452,1,1,1,9003,1,1,148.0,1,19,37,9,9,131.6,1,0,0,1,1,0,19,0,8,12,17,11,12.0,2,4,12,21,12,12.307692307692308,0,15.5,2.8,-4.06,Graduate,Male,No,No,Up to Date,Yes,0.31,1,0.9167,1.0,12.18,0,2.0,0.31
EDU-001453,1,1,1,171,1,1,132.0,1,1,1,4,1,119.4,1,0,0,1,1,0,20,0,0,0,0,0,0.0,0,0,0,0,0,0.0,0,10.8,1.4,1.74,Dropout,Male,No,No,Up to Date,Yes,0.0,0,0.0,0.0,0.0,0,0.0,0.0
EDU-001454,1,18,2,9238,1,1,126.0,1,19,37,5,7,129.9,1,0,0,1,1,1,20,0,1,7,9,6,12.0,0,2,6,6,6,11.166666666666666,0,10.8,1.4,1.74,Graduate,Male,Yes,No,Up to Date,Yes,-0.83,0,0.8571,1.0,11.5,0,1.17,0.83
EDU-001455,1,1,1,9119,1,1,121.0,1,3,1,2,3,114.0,0,0,0,1,1,0,20,0,0,5,9,4,11.6,0,0,5,7,4,12.25,2,7.6,2.6,0.32,Enrolled,Male,No,No,Up to Date,No,0.65,0,0.8,0.8,9.59,0,0.83,0.65
EDU-001456,1,1,2,9147,1,1,120.0,1,1,37,4,9,113.4,1,0,0,1,1,1,19,0,0,5,5,0,0.0,0,0,5,5,0,0.0,0,11.1,0.6,2.02,Dropout,Male,Yes,No,Up to Date,Yes,0.0,0,0.0,0.0,0.0,0,0.83,0.0
EDU-001457,1,1,1,9147,1,1,123.0,1,1,19,4,5,117.8,0,0,0,1,1,0,20,0,0,5,9,5,12.0,0,0,5,9,4,13.0,0,8.9,1.4,3.51,Enrolled,Male,No,No,Up to Date,No,1.0,-1,1.0,0.8,10.08,0,0.83,1.0
EDU-001458,1,1,6,9500,1,1,122.0,1,1,1,3,7,114.3,1,0,0,1,1,0,18,0,0,7,8,6,13.976666666666668,0,0,8,12,6,12.041666666666666,1,11.1,0.6,2.02,Enrolled,Male,No,No,Up to Date,Yes,-1.94,0,0.8571,0.75,9.61,0,1.17,1.94
EDU-001459,1,1,1,9670,1,1,136.0,1,2,38,143,163,129.7,1,0,0,1,1,0,19,0,0,6,10,4,12.5,0,0,6,12,1,10.0,3,16.2,0.3,-0.92,Enrolled,Male,No,No,Up to Date,Yes,-2.5,-3,0.6667,0.1667,1.83,0,1.0,2.5
EDU-001460,1,18,1,9147,1,1,119.0,1,37,37,7,7,112.0,1,0,0,0,1,0,20,0,0,5,5,0,0.0,0,0,5,0,0,0.0,0,9.4,-0.8,-3.12,Dropout,Male,No,No,In Arrears,Yes,0.0,0,0.0,0.0,0.0,0,0.83,0.0
EDU-001461,1,39,1,9670,1,1,120.0,1,38,37,7,7,140.0,0,0,0,1,1,0,24,0,0,6,15,4,10.5,0,0,6,16,4,12.5,0,15.5,2.8,-4.06,Dropout,Male,No,No,Up to Date,No,2.0,0,0.6667,0.6667,7.8,0,1.0,2.0
EDU-001462,1,44,1,9003,1,39,150.0,1,38,38,9,8,150.0,1,0,0,1,1,0,20,0,0,6,8,5,12.857142857142858,0,0,6,11,6,12.3,0,16.2,0.3,-0.92,Graduate,Male,No,No,Up to Date,Yes,-0.56,1,0.8333,1.0,12.52,0,1.0,0.56
EDU-001463,1,1,3,9670,1,1,121.0,1,3,19,2,8,122.4,1,0,0,1,1,0,19,0,0,5,7,3,11.666666666666666,0,0,5,5,4,12.0,0,9.4,-0.8,-3.12,Enrolled,Male,No,No,Up to Date,Yes,0.33,1,0.6,0.8,9.49,0,0.83,0.33
EDU-001464,1,51,1,9119,1,1,140.0,1,1,19,4,4,150.0,0,0,0,1,1,0,23,0,0,5,7,2,13.0,0,0,5,11,1,10.0,0,8.9,1.4,3.51,Dropout,Male,No,No,Up to Date,No,-3.0,-1,0.4,0.2,2.24,0,0.83,3.0
EDU-001465,1,17,2,9254,1,1,135.0,1,19,19,4,3,135.0,1,0,0,1,1,0,20,0,0,6,8,6,11.833333333333334,0,0,6,9,5,10.4,0,7.6,2.6,0.32,Enrolled,Male,No,No,Up to Date,Yes,-1.43,-1,1.0,0.8333,9.14,0,1.0,1.43
EDU-001466,1,43,4,8014,0,1,116.0,1,34,34,0,0,116.2,0,0,0,1,1,0,21,0,9,11,11,11,12.454545454545457,0,3,11,17,8,12.75,0,9.4,-0.8,-3.12,Graduate,Male,No,No,Up to Date,No,0.3,-3,1.0,0.7273,9.19,0,1.83,0.3
EDU-001467,1,17,2,9119,1,1,120.0,1,10,12,9,9,120.4,1,0,0,1,1,0,20,0,0,5,6,3,11.0,0,0,5,6,0,0.0,0,10.8,1.4,1.74,Dropout,Male,No,No,Up to Date,Yes,-11.0,-3,0.6,0.0,0.0,0,0.83,11.0
EDU-001468,2,17,5,9119,1,1,126.0,1,37,38,4,4,122.9,1,0,0,1,1,0,21,0,0,5,10,4,13.2,0,0,5,7,4,14.25,2,7.6,2.6,0.32,Enrolled,Male,No,No,Up to Date,Yes,1.05,0,0.8,0.8,11.06,0,0.83,1.05
EDU-001469,1,1,1,9773,1,1,170.0,1,1,19,9,7,155.0,0,0,0,1,1,1,18,0,0,6,6,6,15.5,0,0,6,6,6,14.166666666666666,0,11.1,0.6,2.02,Graduate,Male,Yes,No,Up to Date,No,-1.33,0,1.0,1.0,14.7,0,1.0,1.33
EDU-001470,1,1,3,9254,1,1,123.0,1,1,1,4,3,123.4,1,0,0,1,1,0,18,0,0,6,8,6,12.333333333333334,0,0,6,6,6,13.666666666666666,0,11.1,0.6,2.02,Graduate,Male,No,No,Up to Date,Yes,1.33,0,1.0,1.0,13.13,0,1.0,1.33
EDU-001471,1,17,1,9147,1,1,120.0,1,3,38,3,7,124.2,1,0,0,1,1,0,18,0,0,5,13,5,12.0,0,0,5,9,4,11.4,0,13.9,-0.3,0.79,Enrolled,Male,No,No,Up to Date,Yes,-0.6,-1,1.0,0.8,9.31,0,0.83,0.6
EDU-001472,1,44,1,9003,1,39,130.0,1,3,3,7,1,130.0,1,0,0,1,1,0,20,0,0,6,12,4,11.6,0,0,6,11,5,11.5,0,15.5,2.8,-4.06,Enrolled,Male,No,No,Up to Date,Yes,-0.1,1,0.6667,0.8333,9.62,0,1.0,0.1
EDU-001473,1,17,1,9773,1,1,130.0,1,19,38,4,9,126.2,0,0,0,1,1,1,18,0,0,6,7,6,11.333333333333334,0,0,6,8,6,12.285714285714286,0,16.2,0.3,-0.92,Graduate,Male,Yes,No,Up to Date,No,0.95,0,1.0,1.0,11.9,0,1.0,0.95
EDU-001474,1,17,1,9773,1,1,117.0,1,37,37,0,4,120.5,1,0,0,1,1,0,19,0,0,6,12,0,0.0,1,0,6,0,0,0.0,0,9.4,-0.8,-3.12,Dropout,Male,No,No,Up to Date,Yes,0.0,0,0.0,0.0,0.0,0,1.0,0.0
EDU-001475,1,17,1,9119,1,1,131.0,1,1,3,9,10,123.7,1,0,0,1,1,0,20,0,0,5,7,4,12.0,0,0,5,8,2,12.5,0,10.8,1.4,1.74,Enrolled,Male,No,No,Up to Date,Yes,0.5,-2,0.8,0.4,4.92,0,0.83,0.5
EDU-001476,1,17,1,9130,1,1,130.0,1,19,38,4,7,122.5,0,0,0,1,1,0,19,0,0,5,11,4,12.0,1,0,5,9,5,12.6,0,9.4,-0.8,-3.12,Graduate,Male,No,No,Up to Date,No,0.6,1,0.8,1.0,12.36,0,0.83,0.6
EDU-001477,1,39,1,9991,0,1,133.0,1,37,37,9,5,139.2,1,0,1,1,1,0,33,0,0,5,11,2,12.5,0,0,5,9,2,11.5,1,12.7,3.7,-1.7,Dropout,Male,No,Yes,Up to Date,Yes,-1.0,0,0.4,0.4,4.76,0,0.83,1.0
EDU-001478,1,51,1,171,1,1,128.0,1,2,1,3,3,131.2,1,0,0,1,1,0,21,0,6,12,12,12,13.666666666666666,0,4,11,16,11,13.0,0,8.9,1.4,3.51,Graduate,Male,No,No,Up to Date,Yes,-0.67,-1,1.0,1.0,13.27,0,2.0,0.67
EDU-001479,2,39,1,9003,1,1,133.1,1,1,19,4,4,120.0,0,0,1,0,1,0,25,0,0,6,17,2,14.5,2,0,6,13,0,0.0,1,15.5,2.8,-4.06,Dropout,Male,No,Yes,In Arrears,No,-14.5,-2,0.3333,0.0,0.0,1,1.0,14.5
EDU-001480,1,1,1,9085,1,1,123.0,1,1,1,4,9,116.7,1,0,0,1,1,1,20,0,0,6,10,4,13.2,0,0,6,8,0,0.0,0,12.4,0.5,1.79,Dropout,Male,Yes,No,Up to Date,Yes,-13.2,-4,0.6667,0.0,0.0,0,1.0,13.2
EDU-001481,1,53,1,9085,1,42,150.0,1,1,1,9,4,150.0,1,0,0,1,1,1,22,0,1,7,11,5,12.166666666666666,0,4,8,14,5,14.8,0,8.9,1.4,3.51,Dropout,Male,Yes,No,Up to Date,Yes,2.63,0,0.7143,0.625,8.59,0,1.17,2.63
EDU-001482,4,39,1,9773,1,19,133.1,1,37,37,9,1,117.5,0,0,0,1,0,0,39,0,0,6,10,4,11.25,0,0,6,6,6,11.333333333333334,0,10.8,1.4,1.74,Graduate,Female,No,No,Up to Date,No,0.08,2,0.6667,1.0,11.3,0,1.0,0.08
EDU-001483,1,1,2,9670,1,1,140.0,1,3,1,2,6,137.6,1,0,0,1,1,1,21,0,0,6,8,6,15.166666666666666,0,0,6,7,6,14.428571428571429,0,8.9,1.4,3.51,Graduate,Male,Yes,No,Up to Date,Yes,-0.74,0,1.0,1.0,14.72,0,1.0,0.74
EDU-001484,1,17,1,9254,1,1,126.0,1,1,1,9,9,124.3,0,0,0,1,0,1,19,0,0,6,8,6,11.166666666666666,0,0,6,7,4,13.4,0,16.2,0.3,-0.92,Graduate,Female,Yes,No,Up to Date,No,2.23,-2,1.0,0.6667,8.34,0,1.0,2.23
EDU-001485,1,39,1,9500,1,19,133.1,1,37,37,9,7,116.0,0,0,0,1,0,1,26,0,0,7,8,6,10.983333333333334,0,0,7,8,6,10.983333333333334,0,7.6,2.6,0.32,Graduate,Female,Yes,No,Up to Date,No,0.0,0,0.8571,0.8571,9.41,0,1.17,0.0
EDU-001486,1,18,2,9238,1,1,121.0,1,19,1,4,3,121.4,1,0,0,1,0,1,19,0,0,6,8,4,10.75,0,0,6,11,5,11.5,0,15.5,2.8,-4.06,Graduate,Female,Yes,No,Up to Date,Yes,0.75,1,0.6667,0.8333,9.33,0,1.0,0.75
EDU-001487,1,53,1,9085,1,42,140.0,1,1,3,4,2,142.8,1,0,0,0,0,1,20,0,7,12,15,11,13.384615384615383,0,4,9,13,7,14.285714285714286,0,8.9,1.4,3.51,Graduate,Female,Yes,No,In Arrears,Yes,0.9,-4,0.9167,0.7778,10.83,0,2.0,0.9
EDU-001488,1,17,1,9670,1,1,133.1,1,1,37,4,9,96.0,1,0,0,1,0,1,25,0,0,6,8,6,11.285714285714286,0,0,6,10,5,12.2,0,15.5,2.8,-4.06,Enrolled,Female,Yes,No,Up to Date,Yes,0.91,-1,1.0,0.8333,9.86,0,1.0,0.91
EDU-001489,1,43,1,8014,0,1,131.0,1,19,37,8,5,125.0,0,0,0,1,1,0,24,0,0,6,13,0,0.0,3,0,6,6,0,0.0,0,16.2,0.3,-0.92,Dropout,Male,No,No,Up to Date,No,0.0,0,0.0,0.0,0.0,0,1.0,0.0
EDU-001490,1,17,6,9119,1,1,124.0,1,19,19,4,0,126.1,1,0,0,1,1,0,20,0,0,5,7,4,13.0,0,0,5,9,5,14.833333333333334,3,7.6,2.6,0.32,Graduate,Male,No,No,Up to Date,Yes,1.83,1,0.8,1.0,14.1,0,0.83,1.83
EDU-001491,2,39,1,9003,1,1,120.0,1,37,37,9,9,155.8,0,0,0,1,1,0,29,0,0,6,9,6,16.11111111111111,0,0,6,7,6,13.5,0,13.9,-0.3,0.79,Graduate,Male,No,No,Up to Date,No,-2.61,0,1.0,1.0,14.54,0,1.0,2.61
EDU-001492,1,1,1,9773,1,1,133.1,1,1,3,9,9,116.0,0,0,0,1,1,0,20,0,0,6,8,6,11.5,0,0,6,8,6,11.0,0,16.2,0.3,-0.92,Graduate,Male,No,No,Up to Date,No,-0.5,0,1.0,1.0,11.2,0,1.0,0.5
EDU-001493,1,44,1,9130,1,39,110.0,1,3,4,2,2,110.0,1,0,0,1,1,0,20,0,0,6,15,4,10.75,0,0,6,12,2,10.5,0,13.9,-0.3,0.79,Dropout,Male,No,No,Up to Date,Yes,-0.25,-2,0.6667,0.3333,3.53,0,1.0,0.25
EDU-001494,1,39,1,9670,1,19,133.1,1,19,1,5,8,97.2,1,0,0,1,1,1,24,0,0,6,10,4,11.6,0,0,6,8,5,13.0,0,11.1,0.6,2.02,Graduate,Male,Yes,No,Up to Date,Yes,1.4,1,0.6667,0.8333,10.37,0,1.0,1.4
EDU-001495,1,39,1,9500,1,19,133.1,1,1,3,2,2,100.0,0,0,1,1,1,0,24,0,0,7,21,0,0.0,3,0,7,7,0,0.0,0,16.2,0.3,-0.92,Dropout,Male,No,Yes,Up to Date,No,0.0,0,0.0,0.0,0.0,0,1.17,0.0
EDU-001496,1,7,1,9119,1,40,140.0,1,3,1,2,5,140.0,0,0,0,1,1,0,23,0,0,5,5,5,13.8,0,0,5,7,5,14.142857142857142,0,11.1,0.6,2.02,Graduate,Male,No,No,Up to Date,No,0.34,0,1.0,1.0,14.01,0,0.83,0.34
EDU-001497,1,43,1,9556,1,1,130.0,1,1,37,5,5,128.0,1,0,0,1,1,0,20,0,0,7,8,7,13.585714285714284,0,0,8,8,8,14.6875,0,15.5,2.8,-4.06,Graduate,Male,No,No,Up to Date,Yes,1.1,1,1.0,1.0,14.25,0,1.17,1.1
EDU-001498,1,17,2,9670,1,1,110.0,1,1,1,4,10,115.3,1,0,0,1,1,0,19,0,0,6,8,6,13.857142857142858,0,0,6,8,5,13.0,0,15.5,2.8,-4.06,Graduate,Male,No,No,Up to Date,Yes,-0.86,-1,1.0,0.8333,11.12,0,1.0,0.86
EDU-001499,4,39,1,9003,1,1,140.0,1,37,37,9,8,150.0,0,0,0,1,1,0,28,0,0,6,12,5,12.0,0,0,6,10,6,12.333333333333334,0,11.1,0.6,2.02,Enrolled,Male,No,No,Up to Date,No,0.33,1,0.8333,1.0,12.2,0,1.0,0.33
EDU-001500,1,44,1,9003,1,39,160.0,1,1,38,4,4,160.0,1,0,0,1,1,1,20,0,0,6,9,6,13.444444444444445,0,0,6,9,5,12.6,0,13.9,-0.3,0.79,Graduate,Male,Yes,No,Up to Date,Yes,-0.84,-1,1.0,0.8333,10.78,0,1.0,0.84
EDU-001501,1,1,1,9070,1,1,138.0,1,38,37,3,3,133.1,0,0,0,1,1,0,18,0,0,6,6,6,14.0,0,0,6,7,6,13.857142857142858,0,8.9,1.4,3.51,Graduate,Male,No,No,Up to Date,No,-0.14,0,1.0,1.0,13.91,0,1.0,0.14
EDU-001502,1,1,1,9670,1,1,126.0,1,1,1,90,90,119.0,1,0,1,1,1,0,20,0,0,6,10,1,12.0,1,0,6,0,0,0.0,0,10.8,1.4,1.74,Dropout,Male,No,Yes,Up to Date,Yes,-12.0,-1,0.1667,0.0,0.0,0,1.0,12.0
EDU-001503,2,39,1,9991,0,1,120.0,1,37,19,5,3,156.0,1,0,0,1,1,0,33,0,0,5,5,5,14.2,0,0,5,6,5,13.833333333333334,0,10.8,1.4,1.74,Graduate,Male,No,No,Up to Date,Yes,-0.37,0,1.0,1.0,13.98,0,0.83,0.37
EDU-001504,2,39,1,9500,1,1,130.0,1,37,37,191,183,163.7,0,0,0,1,0,0,35,0,0,7,11,5,13.34,0,0,7,9,5,10.84,0,12.4,0.5,1.79,Enrolled,Female,No,No,Up to Date,No,-2.5,0,0.7143,0.7143,8.46,0,1.17,2.5
EDU-001505,1,39,1,9500,1,40,130.0,1,37,37,9,7,130.0,0,0,0,1,0,0,27,0,3,8,12,7,12.457142857142856,0,3,8,12,7,12.457142857142856,0,12.7,3.7,-1.7,Enrolled,Female,No,No,Up to Date,No,0.0,0,0.875,0.875,10.9,0,1.33,0.0
EDU-001506,1,17,5,9773,1,1,122.0,1,38,38,7,7,123.1,1,0,0,0,0,0,19,0,0,6,12,3,11.0,0,0,6,12,3,12.0,0,9.4,-0.8,-3.12,Dropout,Female,No,No,In Arrears,Yes,1.0,0,0.5,0.5,5.8,0,1.0,1.0
EDU-001507,1,39,1,9991,0,1,160.0,41,37,19,9,9,160.0,0,0,0,1,0,1,31,1,0,5,13,4,10.5,0,0,5,10,4,10.5,0,15.5,2.8,-4.06,Enrolled,Female,Yes,No,Up to Date,No,0.0,0,0.8,0.8,8.4,0,0.83,0.0
EDU-001508,1,1,1,171,1,1,134.0,1,19,37,7,7,136.1,1,0,0,1,1,0,19,0,0,0,0,0,0.0,0,0,0,0,0,0.0,0,9.4,-0.8,-3.12,Graduate,Male,No,No,Up to Date,Yes,0.0,0,0.0,0.0,0.0,0,0.0,0.0
EDU-001509,1,43,1,9070,1,1,134.0,1,19,37,7,7,132.7,1,0,0,1,1,0,22,0,9,13,13,13,14.0,0,7,12,13,12,13.0,0,15.5,2.8,-4.06,Graduate,Male,No,No,Up to Date,Yes,-1.0,-1,1.0,1.0,13.4,0,2.17,1.0
EDU-001510,1,43,1,9500,1,1,140.0,100,1,1,6,6,128.2,0,0,0,1,0,0,39,1,0,7,0,0,0.0,0,0,8,0,0,0.0,0,12.7,3.7,-1.7,Dropout,Female,No,No,Up to Date,No,0.0,0,0.0,0.0,0.0,0,1.17,0.0
EDU-001511,1,17,1,9254,1,1,127.0,1,1,1,4,8,126.7,1,0,0,0,1,0,22,0,0,1,1,0,0.0,0,0,6,0,0,0.0,0,12.4,0.5,1.79,Dropout,Male,No,No,In Arrears,Yes,0.0,0,0.0,0.0,0.0,0,0.17,0.0
EDU-001512,2,39,1,9991,0,1,133.1,1,37,19,9,10,150.0,0,0,0,1,1,0,47,0,0,5,8,4,10.0,0,0,5,8,4,12.5,0,9.4,-0.8,-3.12,Enrolled,Male,No,No,Up to Date,No,2.5,0,0.8,0.8,9.2,0,0.83,2.5
EDU-001513,1,17,1,171,1,1,143.0,1,19,37,5,9,156.3,1,0,0,1,1,1,19,0,0,0,0,0,0.0,0,0,0,0,0,0.0,0,11.1,0.6,2.02,Graduate,Male,Yes,No,Up to Date,Yes,0.0,0,0.0,0.0,0.0,0,0.0,0.0
EDU-001514,1,10,1,9254,1,1,115.0,24,3,1,9,9,116.1,1,0,0,1,0,0,19,1,0,6,6,6,13.5,0,0,6,6,6,14.333333333333334,0,12.4,0.5,1.79,Graduate,Female,No,No,Up to Date,Yes,0.83,0,1.0,1.0,14.0,0,1.0,0.83
EDU-001515,1,17,1,9500,1,1,131.0,1,19,37,9,9,123.8,1,0,0,1,0,0,19,0,0,7,0,0,0.0,0,0,8,0,0,0.0,0,15.5,2.8,-4.06,Dropout,Female,No,No,Up to Date,Yes,0.0,0,0.0,0.0,0.0,0,1.17,0.0
EDU-001516,1,1,1,171,1,1,146.0,1,19,37,9,7,153.0,1,0,0,1,0,1,21,0,15,17,18,17,13.38888888888889,0,15,17,18,17,14.88888888888889,0,11.1,0.6,2.02,Graduate,Female,Yes,No,Up to Date,Yes,1.5,0,1.0,1.0,14.29,0,2.83,1.5
EDU-001517,1,7,1,9500,1,5,140.0,1,19,1,4,1,140.0,1,0,0,0,0,0,39,0,0,7,0,0,0.0,0,0,8,0,0,0.0,0,12.4,0.5,1.79,Dropout,Female,No,No,In Arrears,Yes,0.0,0,0.0,0.0,0.0,0,1.17,0.0
EDU-001518,1,17,1,171,1,1,135.0,1,19,1,4,1,131.9,1,0,0,1,1,0,19,0,6,12,12,12,13.583333333333334,0,4,11,12,11,13.583333333333334,0,8.9,1.4,3.51,Graduate,Male,No,No,Up to Date,Yes,0.0,-1,1.0,1.0,13.58,0,2.0,0.0
EDU-001519,1,1,1,171,1,1,133.0,1,37,19,9,8,141.4,0,0,0,1,1,1,20,0,0,0,0,0,0.0,0,0,0,0,0,0.0,0,13.9,-0.3,0.79,Enrolled,Male,Yes,No,Up to Date,No,0.0,0,0.0,0.0,0.0,0,0.0,0.0
EDU-001520,1,39,1,9147,1,12,133.1,1,1,1,9,4,140.0,1,0,1,0,1,0,24,0,0,5,5,0,0.0,0,0,5,5,0,0.0,0,12.7,3.7,-1.7,Dropout,Male,No,Yes,In Arrears,Yes,0.0,0,0.0,0.0,0.0,1,0.83,0.0
EDU-001521,1,39,1,9991,0,1,120.0,1,19,19,9,9,115.0,1,0,0,1,1,0,27,0,0,5,9,1,10.0,0,0,5,5,0,0.0,0,12.7,3.7,-1.7,Dropout,Male,No,No,Up to Date,Yes,-10.0,-1,0.2,0.0,0.0,0,0.83,10.0
EDU-001522,2,39,1,9991,0,1,133.1,1,37,37,9,9,168.0,0,0,0,1,1,0,29,0,0,5,5,5,15.2,0,0,5,5,5,15.2,0,11.1,0.6,2.02,Graduate,Male,No,No,Up to Date,No,0.0,0,1.0,1.0,15.2,0,0.83,0.0
EDU-001523,1,17,1,9085,1,1,130.0,1,19,1,9,4,101.3,1,0,0,1,1,0,20,0,0,6,12,4,12.8,0,0,6,17,0,0.0,0,12.4,0.5,1.79,Dropout,Male,No,No,Up to Date,Yes,-12.8,-4,0.6667,0.0,0.0,0,1.0,12.8
EDU-001524,1,1,1,9670,1,1,125.0,1,19,1,7,4,122.6,0,0,0,1,1,0,21,0,0,5,7,5,11.166666666666666,0,0,5,5,4,11.0,0,9.4,-0.8,-3.12,Dropout,Male,No,No,Up to Date,No,-0.17,-1,1.0,0.8,8.85,0,0.83,0.17
EDU-001525,1,1,1,171,1,1,134.0,1,3,2,2,2,141.7,1,0,0,1,1,0,18,0,0,0,0,0,0.0,0,0,0,0,0,0.0,0,7.6,2.6,0.32,Enrolled,Male,No,No,Up to Date,Yes,0.0,0,0.0,0.0,0.0,0,0.0,0.0
EDU-001526,1,1,1,9500,1,1,151.0,1,1,1,4,3,132.3,0,0,0,1,1,0,19,0,0,8,9,7,12.828571428571427,0,0,8,9,7,12.828571428571427,0,12.7,3.7,-1.7,Graduate,Male,No,No,Up to Date,No,0.0,0,0.875,0.875,11.22,0,1.33,0.0
EDU-001527,1,17,1,9773,1,1,112.0,1,1,1,5,1,111.7,0,0,1,0,1,0,19,0,0,6,6,6,12.5,0,0,6,10,4,12.6,0,15.5,2.8,-4.06,Dropout,Male,No,Yes,In Arrears,No,0.1,-2,1.0,0.6667,8.37,1,1.0,0.1
EDU-001528,1,39,1,9119,1,1,120.0,1,37,37,9,9,98.7,0,0,0,1,1,1,28,0,0,5,12,3,10.0,0,0,5,10,3,12.4,0,12.4,0.5,1.79,Graduate,Male,Yes,No,Up to Date,No,2.4,0,0.6,0.6,6.86,0,0.83,2.4
EDU-001529,1,15,1,9254,1,1,140.0,26,19,1,9,7,140.0,1,0,0,0,0,0,21,1,0,6,6,6,11.5,0,0,6,10,4,13.25,0,13.9,-0.3,0.79,Graduate,Female,No,No,In Arrears,Yes,1.75,-2,1.0,0.6667,8.37,0,1.0,1.75
EDU-001530,1,10,1,9500,1,1,140.0,24,3,3,2,9,140.0,1,0,1,0,0,0,23,1,0,8,11,7,11.328571428571427,0,0,8,11,7,11.328571428571427,0,12.7,3.7,-1.7,Dropout,Female,No,Yes,In Arrears,Yes,0.0,0,0.875,0.875,9.91,1,1.33,0.0
EDU-001531,4,39,1,9003,1,1,133.1,1,19,19,9,4,100.7,0,0,0,1,0,0,39,0,0,6,15,2,13.0,2,0,6,13,3,13.0,1,15.5,2.8,-4.06,Enrolled,Female,No,No,Up to Date,No,0.0,1,0.3333,0.5,6.5,0,1.0,0.0
EDU-001532,1,17,3,9500,1,1,143.0,1,38,1,9,5,133.8,1,0,0,1,0,0,18,0,0,7,7,6,13.033333333333331,0,0,7,7,6,13.033333333333331,0,7.6,2.6,0.32,Graduate,Female,No,No,Up to Date,Yes,0.0,0,0.8571,0.8571,11.17,0,1.17,0.0
EDU-001533,2,15,1,9773,1,1,133.1,41,37,37,9,6,100.0,0,0,0,1,0,0,59,1,0,6,8,6,12.166666666666666,0,0,6,7,4,11.75,0,11.1,0.6,2.02,Graduate,Female,No,No,Up to Date,No,-0.42,-2,1.0,0.6667,7.94,0,1.0,0.42
EDU-001534,1,7,1,9119,1,4,180.0,1,4,3,2,7,180.0,0,0,1,1,1,0,30,0,0,5,6,4,14.5,0,0,5,10,3,16.2,0,13.9,-0.3,0.79,Enrolled,Male,No,Yes,Up to Date,No,1.7,-1,0.8,0.6,9.31,0,0.83,1.7
EDU-001535,1,1,1,9085,1,1,136.0,1,1,38,9,9,130.8,1,0,0,1,0,0,18,0,0,5,7,5,14.4,1,0,5,5,5,13.6,0,12.7,3.7,-1.7,Graduate,Female,No,No,Up to Date,Yes,-0.8,0,1.0,1.0,13.92,0,0.83,0.8
EDU-001536,2,44,1,9991,0,39,140.0,1,37,37,9,9,140.0,0,0,0,1,0,0,41,0,2,6,10,4,12.25,0,3,7,9,6,12.5,0,9.4,-0.8,-3.12,Enrolled,Female,No,No,Up to Date,No,0.25,2,0.6667,0.8571,10.63,0,1.0,0.25
EDU-001537,1,39,1,9500,1,1,130.0,1,37,19,9,8,106.2,1,0,0,1,0,0,27,0,0,7,14,0,0.0,0,0,7,14,0,0.0,0,11.1,0.6,2.02,Dropout,Female,No,No,Up to Date,Yes,0.0,0,0.0,0.0,0.0,0,1.17,0.0
EDU-001538,1,1,1,9238,1,1,141.0,1,38,19,9,10,125.6,1,0,0,1,0,1,18,0,0,6,6,6,12.666666666666666,0,0,6,6,6,12.0,0,9.4,-0.8,-3.12,Graduate,Female,Yes,No,Up to Date,Yes,-0.67,0,1.0,1.0,12.27,0,1.0,0.67
EDU-001539,1,18,5,9853,1,1,121.0,1,38,19,7,7,117.5,1,0,1,0,0,0,20,0,0,6,14,2,12.0,0,0,6,14,3,11.666666666666666,0,10.8,1.4,1.74,Dropout,Female,No,Yes,In Arrears,Yes,-0.33,1,0.3333,0.5,5.9,1,1.0,0.33
EDU-001540,2,39,1,9119,1,3,120.0,1,37,37,4,7,122.5,0,0,0,0,0,0,32,0,0,5,6,0,0.0,0,0,5,5,0,0.0,0,12.7,3.7,-1.7,Dropout,Female,No,No,In Arrears,No,0.0,0,0.0,0.0,0.0,0,0.83,0.0
EDU-001541,1,17,1,9147,1,1,129.0,1,38,37,3,5,132.9,1,0,0,1,0,0,19,0,0,5,5,3,11.666666666666666,0,0,5,10,4,10.8,0,9.4,-0.8,-3.12,Dropout,Female,No,No,Up to Date,Yes,-0.87,1,0.6,0.8,8.92,0,0.83,0.87
EDU-001542,2,39,1,9853,1,12,133.1,1,37,37,7,8,103.0,0,0,0,1,0,0,41,0,0,6,0,0,0.0,0,0,6,0,0,0.0,0,16.2,0.3,-0.92,Dropout,Female,No,No,Up to Date,No,0.0,0,0.0,0.0,0.0,0,1.0,0.0
EDU-001543,4,17,5,8014,0,1,100.0,1,19,19,90,90,107.0,0,0,0,1,0,0,38,0,0,5,12,1,10.0,0,0,5,10,0,0.0,0,10.8,1.4,1.74,Dropout,Female,No,No,Up to Date,No,-10.0,-1,0.2,0.0,0.0,0,0.83,10.0
EDU-001544,1,7,1,9130,1,2,133.1,6,42,1,4,9,100.0,0,0,0,1,1,0,35,1,0,7,8,0,0.0,1,0,6,9,0,0.0,0,8.9,1.4,3.51,Dropout,Male,No,No,Up to Date,No,0.0,0,0.0,0.0,0.0,0,1.17,0.0
EDU-001545,1,39,1,8014,0,1,133.1,1,34,34,0,0,100.0,1,0,0,1,0,0,27,0,0,6,11,4,12.25,0,0,6,16,3,12.0,0,7.6,2.6,0.32,Dropout,Female,No,No,Up to Date,Yes,-0.25,-1,0.6667,0.5,6.05,0,1.0,0.25
EDU-001546,1,17,1,9070,1,1,139.0,1,1,37,4,9,131.3,1,0,0,1,0,0,19,0,0,6,10,4,12.0,1,0,6,6,6,12.5,0,7.6,2.6,0.32,Graduate,Female,No,No,Up to Date,Yes,0.5,2,0.6667,1.0,12.3,0,1.0,0.5
EDU-001547,1,18,1,9773,1,1,125.0,1,19,37,9,5,122.2,0,0,0,0,0,0,18,0,0,6,7,5,12.6,0,0,6,6,5,11.8,0,11.1,0.6,2.02,Enrolled,Female,No,No,In Arrears,No,-0.8,0,0.8333,0.8333,10.1,0,1.0,0.8
EDU-001548,2,39,1,9991,0,9,133.1,1,34,34,0,0,118.4,0,0,0,0,0,0,39,0,0,5,5,0,0.0,0,0,5,5,0,0.0,0,7.6,2.6,0.32,Dropout,Female,No,No,In Arrears,No,0.0,0,0.0,0.0,0.0,0,0.83,0.0
EDU-001549,2,7,1,9254,1,2,100.0,1,37,37,9,9,100.0,0,0,0,0,0,0,37,0,0,5,5,0,0.0,0,0,5,10,0,0.0,0,10.8,1.4,1.74,Dropout,Female,No,No,In Arrears,No,0.0,0,0.0,0.0,0.0,0,0.83,0.0
EDU-001550,5,39,1,9500,1,1,110.0,1,38,38,9,9,110.0,0,0,0,0,0,0,37,0,0,8,8,0,0.0,1,0,8,8,0,0.0,1,12.7,3.7,-1.7,Dropout,Female,No,No,In Arrears,No,0.0,0,0.0,0.0,0.0,0,1.33,0.0
EDU-001551,2,43,1,8014,0,1,133.1,1,34,34,0,0,100.0,0,0,0,1,0,1,35,0,11,16,16,16,12.6875,0,11,13,13,13,12.0,0,9.4,-0.8,-3.12,Graduate,Female,Yes,No,Up to Date,No,-0.69,-3,1.0,1.0,12.27,0,2.67,0.69
EDU-001552,1,43,1,9147,1,1,123.0,1,37,37,9,9,106.2,0,0,0,1,0,0,49,0,9,13,22,10,10.4,0,4,9,18,6,10.666666666666666,0,12.7,3.7,-1.7,Graduate,Female,No,No,Up to Date,No,0.27,-4,0.7692,0.6667,7.04,0,2.17,0.27
EDU-001553,1,7,1,9147,1,40,110.0,1,37,37,9,9,110.0,0,0,0,1,0,0,52,0,11,15,26,14,10.466666666666669,0,9,12,16,12,10.923076923076923,0,13.9,-0.3,0.79,Graduate,Female,No,No,Up to Date,No,0.46,-2,0.9333,1.0,10.74,0,2.5,0.46
EDU-001554,1,1,2,9085,1,1,130.0,1,1,38,5,5,122.3,1,0,0,1,0,0,18,0,0,5,10,5,14.333333333333334,2,0,5,8,5,13.0,1,9.4,-0.8,-3.12,Graduate,Female,No,No,Up to Date,Yes,-1.33,0,1.0,1.0,13.53,0,0.83,1.33
EDU-001555,1,39,1,8014,0,1,133.1,1,37,37,9,9,112.5,0,0,0,1,0,1,30,0,0,7,7,6,14.666666666666666,1,0,6,7,6,14.333333333333334,0,10.8,1.4,1.74,Graduate,Female,Yes,No,Up to Date,No,-0.33,0,0.8571,1.0,14.47,0,1.17,0.33
EDU-001556,1,1,2,9500,1,1,97.0,1,1,19,2,7,98.1,1,0,0,1,0,0,21,0,0,7,7,7,12.835714285714284,0,0,8,8,8,14.23125,0,11.1,0.6,2.02,Graduate,Female,No,No,Up to Date,Yes,1.4,1,1.0,1.0,13.67,0,1.17,1.4
EDU-001557,1,1,1,9119,1,1,130.0,1,37,19,9,5,140.2,1,0,0,1,1,0,20,0,0,5,5,0,0.0,0,0,5,0,0,0.0,0,9.4,-0.8,-3.12,Dropout,Male,No,No,Up to Date,Yes,0.0,0,0.0,0.0,0.0,0,0.83,0.0
EDU-001558,1,17,1,9147,1,1,139.0,1,1,38,6,6,143.6,1,0,1,1,1,0,18,0,0,5,9,0,0.0,0,0,5,5,0,0.0,0,7.6,2.6,0.32,Enrolled,Male,No,Yes,Up to Date,Yes,0.0,0,0.0,0.0,0.0,0,0.83,0.0
EDU-001559,1,16,1,171,1,1,150.0,1,37,37,9,9,134.6,1,0,0,1,1,0,19,0,0,0,0,0,0.0,0,0,0,0,0,0.0,0,7.6,2.6,0.32,Dropout,Male,No,No,Up to Date,Yes,0.0,0,0.0,0.0,0.0,0,0.0,0.0
EDU-001560,1,1,3,9500,1,1,141.0,1,3,19,2,10,126.8,1,0,0,1,1,0,18,0,0,8,8,8,13.24875,0,0,8,8,8,13.24875,0,9.4,-0.8,-3.12,Graduate,Male,No,No,Up to Date,Yes,0.0,0,1.0,1.0,13.25,0,1.33,0.0
EDU-001561,1,15,1,33,1,1,133.1,41,2,3,2,4,100.0,0,0,0,1,1,0,20,1,0,7,10,7,12.857142857142858,0,0,7,7,4,12.75,0,8.9,1.4,3.51,Enrolled,Male,No,No,Up to Date,No,-0.11,-3,1.0,0.5714,7.31,0,1.17,0.11
EDU-001562,1,17,1,9130,1,1,137.0,1,38,19,5,7,130.0,1,0,0,1,0,0,21,0,0,6,12,5,13.6,0,0,6,10,4,14.25,0,12.4,0.5,1.79,Enrolled,Female,No,No,Up to Date,Yes,0.65,-1,0.8333,0.6667,9.33,0,1.0,0.65
EDU-001563,1,1,4,9147,1,1,116.0,1,1,1,3,4,113.6,1,0,0,1,0,1,22,0,0,5,6,3,14.0,0,0,5,8,5,12.4,0,11.1,0.6,2.02,Graduate,Female,Yes,No,Up to Date,Yes,-1.6,2,0.6,1.0,13.04,0,0.83,1.6
EDU-001564,1,44,1,9130,1,39,140.0,1,19,19,5,5,140.0,1,0,1,0,0,0,20,0,1,6,11,3,12.0,0,0,6,11,2,11.0,0,12.4,0.5,1.79,Enrolled,Female,No,Yes,In Arrears,Yes,-1.0,-1,0.5,0.3333,3.8,1,1.0,1.0
EDU-001565,1,17,4,9085,1,1,106.0,1,37,1,3,9,106.0,0,0,0,1,0,0,20,0,0,6,9,6,13.166666666666666,0,0,6,8,4,14.0,0,13.9,-0.3,0.79,Enrolled,Female,No,No,Up to Date,No,0.83,-2,1.0,0.6667,9.11,0,1.0,0.83
EDU-001566,1,17,6,9238,1,1,135.0,1,1,19,7,7,126.6,1,0,0,1,0,1,19,0,0,6,8,6,13.625,0,0,6,7,6,12.166666666666666,0,12.7,3.7,-1.7,Graduate,Female,Yes,No,Up to Date,Yes,-1.46,0,1.0,1.0,12.75,0,1.0,1.46
EDU-001567,1,17,5,9500,1,1,144.0,1,19,38,9,5,130.7,1,0,0,1,0,1,18,0,0,7,8,7,14.85,0,0,8,9,8,15.61111111111111,0,13.9,-0.3,0.79,Graduate,Female,Yes,No,Up to Date,Yes,0.76,1,1.0,1.0,15.31,0,1.17,0.76
EDU-001568,1,1,2,9147,1,1,108.0,1,1,19,4,4,105.9,1,0,0,1,1,0,21,0,0,5,9,4,10.75,0,0,5,6,5,11.4,0,11.1,0.6,2.02,Graduate,Male,No,No,Up to Date,Yes,0.65,1,0.8,1.0,11.14,0,0.83,0.65
EDU-001569,1,15,1,9556,1,1,137.0,26,19,1,9,4,137.0,0,0,1,1,0,0,19,1,0,7,11,0,0.0,4,0,7,11,2,11.666666666666666,0,8.9,1.4,3.51,Enrolled,Female,No,Yes,Up to Date,No,11.67,2,0.0,0.2857,2.0,0,1.17,11.67
EDU-001570,1,43,1,9130,1,1,133.1,6,37,37,9,6,100.0,0,0,0,1,0,0,37,1,0,6,0,0,0.0,0,0,6,0,0,0.0,0,13.9,-0.3,0.79,Dropout,Female,No,No,Up to Date,No,0.0,0,0.0,0.0,0.0,0,1.0,0.0
EDU-001571,2,1,1,8014,0,1,121.0,1,37,37,9,9,114.4,1,0,0,1,0,0,45,0,8,12,14,12,14.0,0,2,7,12,7,13.857142857142858,0,7.6,2.6,0.32,Enrolled,Female,No,No,Up to Date,Yes,-0.14,-5,1.0,1.0,13.91,0,2.0,0.14
EDU-001572,1,39,1,9003,1,19,133.1,1,37,37,9,10,120.0,0,0,1,0,1,0,38,0,0,6,8,0,0.0,0,0,6,10,0,0.0,0,16.2,0.3,-0.92,Dropout,Male,No,Yes,In Arrears,No,0.0,0,0.0,0.0,0.0,1,1.0,0.0
EDU-001573,6,39,1,9991,0,12,130.0,1,37,37,90,90,119.0,1,0,0,0,1,0,55,0,0,5,5,0,0.0,0,0,5,5,0,0.0,0,7.6,2.6,0.32,Dropout,Male,No,No,In Arrears,Yes,0.0,0,0.0,0.0,0.0,0,0.83,0.0
EDU-001574,5,39,1,9003,1,1,133.1,1,37,37,9,7,110.0,0,0,1,0,0,0,28,0,0,6,17,5,13.0,0,0,6,11,4,11.75,0,13.9,-0.3,0.79,Dropout,Female,No,Yes,In Arrears,No,-1.25,-1,0.8333,0.6667,8.17,1,1.0,1.25
EDU-001575,5,7,1,9991,0,2,120.0,1,37,37,6,6,120.0,0,0,0,1,0,0,46,0,6,8,12,8,12.375,0,4,9,11,5,12.4,0,8.9,1.4,3.51,Graduate,Female,No,No,Up to Date,No,0.03,-3,1.0,0.5556,6.88,0,1.33,0.03
EDU-001576,1,1,4,171,1,1,131.0,1,19,19,4,4,119.8,1,1,0,1,0,0,22,0,0,0,0,0,0.0,0,0,0,0,0,0.0,0,16.2,0.3,-0.92,Graduate,Female,No,No,Up to Date,Yes,0.0,0,0.0,0.0,0.0,0,0.0,0.0
EDU-001577,2,39,2,9670,1,19,133.1,1,37,37,9,9,135.6,0,0,0,1,0,0,46,0,0,6,10,5,11.4,0,0,6,9,4,13.75,0,12.4,0.5,1.79,Dropout,Female,No,No,Up to Date,No,2.35,-1,0.8333,0.6667,8.54,0,1.0,2.35
EDU-001578,1,39,1,9991,0,1,100.0,1,19,37,5,5,120.7,0,0,0,1,0,0,28,0,0,5,9,4,11.25,0,0,5,7,4,13.0,0,7.6,2.6,0.32,Enrolled,Female,No,No,Up to Date,No,1.75,0,0.8,0.8,9.84,0,0.83,1.75
EDU-001579,1,1,3,9085,1,1,131.0,1,37,19,9,8,136.3,1,0,1,0,0,0,18,0,0,5,7,3,13.0,0,0,5,8,3,12.0,0,7.6,2.6,0.32,Dropout,Female,No,Yes,In Arrears,Yes,-1.0,0,0.6,0.6,7.44,1,0.83,1.0
EDU-001580,1,16,1,171,1,1,158.0,1,38,37,9,9,164.3,1,0,0,1,1,1,18,0,0,0,0,0,0.0,0,0,0,0,0,0.0,0,10.8,1.4,1.74,Enrolled,Male,Yes,No,Up to Date,Yes,0.0,0,0.0,0.0,0.0,0,0.0,0.0
EDU-001581,1,1,1,9773,1,1,146.0,1,37,37,9,7,149.2,1,0,0,1,1,1,21,0,0,6,6,6,13.5,0,0,6,6,6,14.166666666666666,0,12.7,3.7,-1.7,Graduate,Male,Yes,No,Up to Date,Yes,0.67,0,1.0,1.0,13.9,0,1.0,0.67
EDU-001582,1,16,2,9070,1,1,133.0,1,1,3,4,2,122.5,1,0,0,1,0,0,18,0,0,6,11,1,11.0,1,0,6,11,4,11.0,4,7.6,2.6,0.32,Enrolled,Female,No,No,Up to Date,Yes,0.0,3,0.1667,0.6667,7.33,0,1.0,0.0
EDU-001583,1,43,1,9991,0,1,120.0,1,19,37,3,9,100.0,0,0,0,1,0,0,34,0,0,5,9,0,0.0,0,0,5,10,1,11.0,0,13.9,-0.3,0.79,Dropout,Female,No,No,Up to Date,No,11.0,1,0.0,0.2,1.32,0,0.83,11.0
EDU-001584,1,17,1,9853,1,1,119.0,1,37,38,9,9,125.0,1,0,0,1,0,1,21,0,0,6,9,5,12.0,0,0,6,8,5,11.2,0,10.8,1.4,1.74,Dropout,Female,Yes,No,Up to Date,Yes,-0.8,0,0.8333,0.8333,9.6,0,1.0,0.8
EDU-001585,1,1,1,9773,1,1,132.0,1,37,19,9,9,131.0,1,0,0,1,0,1,18,0,0,6,8,5,13.0,0,0,6,7,6,13.0,0,15.5,2.8,-4.06,Graduate,Female,Yes,No,Up to Date,Yes,0.0,1,0.8333,1.0,13.0,0,1.0,0.0
EDU-001586,1,1,1,171,1,1,130.0,1,29,38,9,8,122.0,1,0,0,1,1,0,20,0,0,0,0,0,0.0,0,0,0,0,0,0.0,0,7.6,2.6,0.32,Graduate,Male,No,No,Up to Date,Yes,0.0,0,0.0,0.0,0.0,0,0.0,0.0
EDU-001587,1,1,1,9147,1,1,132.0,1,38,37,7,7,131.3,1,0,0,1,0,0,18,0,0,5,8,4,12.0,0,0,5,8,4,12.25,0,9.4,-0.8,-3.12,Enrolled,Female,No,No,Up to Date,Yes,0.25,0,0.8,0.8,9.72,0,0.83,0.25
EDU-001588,1,17,2,9119,1,1,133.1,1,1,2,3,3,117.0,1,0,0,1,1,0,21,0,0,5,10,5,11.166666666666666,0,0,5,10,3,10.8,0,12.4,0.5,1.79,Enrolled,Male,No,No,Up to Date,Yes,-0.37,-2,1.0,0.6,6.57,0,0.83,0.37
EDU-001589,1,17,1,9254,1,1,119.0,1,37,37,5,4,118.0,1,0,0,1,1,0,19,0,0,6,13,2,10.5,0,0,6,11,1,12.0,0,10.8,1.4,1.74,Dropout,Male,No,No,Up to Date,Yes,1.5,-1,0.3333,0.1667,1.9,0,1.0,1.5
EDU-001590,1,17,2,8014,0,1,134.0,1,1,19,4,99,126.0,1,0,0,1,1,0,22,0,0,6,7,6,12.666666666666666,0,0,6,6,6,12.166666666666666,0,7.6,2.6,0.32,Graduate,Male,No,No,Up to Date,Yes,-0.5,0,1.0,1.0,12.37,0,1.0,0.5
EDU-001591,1,44,1,9003,1,39,120.0,1,1,19,4,7,120.0,0,0,0,1,1,0,23,0,1,6,6,1,11.0,0,0,6,8,0,0.0,0,15.5,2.8,-4.06,Dropout,Male,No,No,Up to Date,No,-11.0,-1,0.1667,0.0,0.0,0,1.0,11.0
EDU-001592,1,17,4,171,1,1,172.0,1,3,1,2,10,155.6,1,0,0,1,1,0,19,0,0,0,0,0,0.0,0,0,0,0,0,0.0,0,9.4,-0.8,-3.12,Dropout,Male,No,No,Up to Date,Yes,0.0,0,0.0,0.0,0.0,0,0.0,0.0
EDU-001593,1,1,4,9147,1,1,120.0,1,19,38,5,5,122.8,1,0,0,1,1,0,18,0,0,5,6,4,11.5,0,0,5,12,2,10.333333333333334,0,10.8,1.4,1.74,Enrolled,Male,No,No,Up to Date,Yes,-1.17,-2,0.8,0.4,4.32,0,0.83,1.17
EDU-001594,1,1,3,171,1,1,129.0,1,38,37,9,3,127.3,1,0,1,0,1,1,19,0,0,0,0,0,0.0,0,0,0,0,0,0.0,0,9.4,-0.8,-3.12,Dropout,Male,Yes,Yes,In Arrears,Yes,0.0,0,0.0,0.0,0.0,1,0.0,0.0
EDU-001595,1,17,1,9147,1,1,118.0,1,1,38,9,9,118.4,1,0,0,1,1,0,19,0,0,5,10,2,10.5,0,0,5,5,4,11.75,0,12.4,0.5,1.79,Enrolled,Male,No,No,Up to Date,Yes,1.25,2,0.4,0.8,9.0,0,0.83,1.25
EDU-001596,1,1,1,9670,1,1,127.0,1,1,37,4,9,128.1,0,0,0,1,1,0,19,0,0,5,8,4,12.5,0,0,5,6,4,11.0,0,7.6,2.6,0.32,Enrolled,Male,No,No,Up to Date,No,-1.5,0,0.8,0.8,9.28,0,0.83,1.5
EDU-001597,1,1,2,9500,1,1,133.1,1,37,37,9,9,99.0,1,0,0,1,1,0,22,0,0,7,9,6,12.833333333333334,0,0,8,12,6,12.5,0,16.2,0.3,-0.92,Enrolled,Male,No,No,Up to Date,Yes,-0.33,0,0.8571,0.75,9.48,0,1.17,0.33
EDU-001598,1,1,1,9773,1,1,164.0,1,19,1,9,9,161.2,0,0,0,1,1,1,18,0,0,6,7,6,15.571428571428571,0,0,6,7,6,16.142857142857142,0,13.9,-0.3,0.79,Graduate,Male,Yes,No,Up to Date,No,0.57,0,1.0,1.0,15.91,0,1.0,0.57
EDU-001599,1,17,1,9238,1,1,136.0,1,37,37,7,7,140.9,1,0,0,1,1,0,18,0,0,6,10,4,12.0,0,0,6,7,5,11.8,0,9.4,-0.8,-3.12,Dropout,Male,No,No,Up to Date,Yes,-0.2,1,0.6667,0.8333,9.9,0,1.0,0.2
EDU-001600,1,17,1,9773,1,1,117.0,1,38,38,9,9,111.1,0,0,1,1,1,0,19,0,0,6,6,4,11.25,0,0,6,6,3,11.333333333333334,0,16.2,0.3,-0.92,Dropout,Male,No,Yes,Up to Date,No,0.08,-1,0.6667,0.5,5.65,0,1.0,0.08
EDU-001601,1,1,4,171,1,1,131.0,1,1,1,0,3,149.9,1,0,0,1,1,0,18,0,0,0,0,0,0.0,0,0,0,0,0,0.0,0,11.1,0.6,2.02,Graduate,Male,No,No,Up to Date,Yes,0.0,0,0.0,0.0,0.0,0,0.0,0.0
EDU-001602,1,17,6,9670,1,1,110.0,1,1,19,4,10,111.3,0,0,0,1,1,0,21,0,0,6,10,6,12.285714285714286,0,0,6,11,4,14.25,0,15.5,2.8,-4.06,Enrolled,Male,No,No,Up to Date,No,1.96,-2,1.0,0.6667,8.98,0,1.0,1.96
EDU-001603,1,1,2,9254,1,1,125.0,1,1,19,4,1,121.5,1,0,0,1,1,0,18,0,0,6,12,5,11.0,0,0,6,11,3,10.333333333333334,0,9.4,-0.8,-3.12,Enrolled,Male,No,No,Up to Date,Yes,-0.67,-2,0.8333,0.5,5.3,0,1.0,0.67
EDU-001604,1,44,1,9003,1,39,120.0,1,19,38,6,6,120.0,1,0,0,1,1,0,19,0,0,6,8,6,12.142857142857142,0,0,6,11,5,13.6,0,12.4,0.5,1.79,Graduate,Male,No,No,Up to Date,Yes,1.46,-1,1.0,0.8333,10.85,0,1.0,1.46
EDU-001605,1,39,1,9003,1,19,133.1,1,1,19,9,8,120.0,0,0,1,0,1,0,27,0,0,6,11,2,11.5,0,0,6,7,0,0.0,0,8.9,1.4,3.51,Dropout,Male,No,Yes,In Arrears,No,-11.5,-2,0.3333,0.0,0.0,1,1.0,11.5
EDU-001606,1,53,1,9003,1,42,130.0,1,38,38,9,9,130.0,1,0,1,1,1,0,20,0,7,12,16,11,12.545454545454543,0,5,10,12,8,11.625,0,8.9,1.4,3.51,Enrolled,Male,No,Yes,Up to Date,Yes,-0.92,-3,0.9167,0.8,9.59,0,2.0,0.92
EDU-001607,1,1,5,9254,1,1,101.0,1,3,19,3,9,98.9,1,0,0,1,1,0,20,0,0,6,10,4,13.0,0,0,6,6,6,13.0,0,12.4,0.5,1.79,Graduate,Male,No,No,Up to Date,Yes,0.0,2,0.6667,1.0,13.0,0,1.0,0.0
EDU-001608,1,1,6,9500,1,1,141.0,1,4,3,2,1,136.3,1,0,0,1,1,0,18,0,0,8,9,8,12.8875,1,0,8,9,8,12.8875,1,9.4,-0.8,-3.12,Graduate,Male,No,No,Up to Date,Yes,0.0,0,1.0,1.0,12.89,0,1.33,0.0
EDU-001609,1,17,1,9773,1,1,128.0,1,38,19,9,10,125.2,1,0,0,1,1,0,18,0,0,6,6,6,12.666666666666666,0,0,6,7,5,13.6,0,12.4,0.5,1.79,Enrolled,Male,No,No,Up to Date,Yes,0.93,-1,1.0,0.8333,11.02,0,1.0,0.93
EDU-001610,1,1,2,9070,1,1,145.0,1,38,19,7,7,130.0,1,0,0,1,1,0,18,0,0,6,7,6,12.833333333333334,0,0,6,7,6,12.571428571428571,0,8.9,1.4,3.51,Graduate,Male,No,No,Up to Date,Yes,-0.26,0,1.0,1.0,12.68,0,1.0,0.26
EDU-001611,1,1,1,9147,1,1,160.0,1,1,38,4,7,141.5,1,0,0,1,1,0,18,0,0,5,10,3,10.666666666666666,1,0,5,11,2,12.5,0,9.4,-0.8,-3.12,Dropout,Male,No,No,Up to Date,Yes,1.83,-1,0.6,0.4,4.71,0,0.83,1.83
EDU-001612,1,16,5,9085,1,1,134.0,1,19,37,8,8,123.9,1,0,0,1,1,0,18,0,0,5,11,5,13.0,2,0,5,7,5,12.4,0,9.4,-0.8,-3.12,Enrolled,Male,No,No,Up to Date,Yes,-0.6,0,1.0,1.0,12.64,0,0.83,0.6
EDU-001613,1,17,2,9500,1,1,125.0,1,19,19,5,5,114.5,1,0,0,1,0,0,18,0,0,7,11,6,11.983333333333334,0,0,8,12,8,12.28125,0,16.2,0.3,-0.92,Graduate,Female,No,No,Up to Date,Yes,0.3,2,0.8571,1.0,12.16,0,1.17,0.3
EDU-001614,1,39,1,8014,0,15,133.1,1,34,34,0,0,100.0,1,0,0,0,0,0,37,0,0,5,9,0,0.0,0,0,5,5,0,0.0,5,9.4,-0.8,-3.12,Dropout,Female,No,No,In Arrears,Yes,0.0,0,0.0,0.0,0.0,0,0.83,0.0
EDU-001615,2,39,1,8014,0,1,120.0,1,38,37,5,3,110.5,0,0,0,1,0,1,36,0,0,6,6,6,11.833333333333334,0,0,6,6,6,11.5,0,10.8,1.4,1.74,Graduate,Female,Yes,No,Up to Date,No,-0.33,0,1.0,1.0,11.63,0,1.0,0.33
EDU-001616,2,39,1,9085,1,19,133.1,1,19,19,9,5,101.0,1,0,0,1,0,0,26,0,0,6,21,3,12.666666666666666,0,0,6,15,2,11.0,0,15.5,2.8,-4.06,Dropout,Female,No,No,Up to Date,Yes,-1.67,-1,0.5,0.3333,3.89,0,1.0,1.67
EDU-001617,1,1,1,9085,1,1,121.0,1,37,38,6,9,121.0,0,0,0,1,0,0,19,0,0,5,9,4,13.75,1,0,5,8,4,14.5,0,7.6,2.6,0.32,Graduate,Female,No,No,Up to Date,No,0.75,0,0.8,0.8,11.36,0,0.83,0.75
EDU-001618,1,39,1,8014,0,1,120.0,1,37,1,7,4,95.0,1,0,0,1,0,0,24,0,0,6,8,5,11.4,0,0,6,8,5,11.8,0,15.5,2.8,-4.06,Dropout,Female,No,No,Up to Date,Yes,0.4,0,0.8333,0.8333,9.7,0,1.0,0.4
EDU-001619,1,1,2,9773,1,1,130.0,109,19,1,9,9,126.9,1,0,0,1,0,1,19,1,0,6,8,6,13.166666666666666,0,0,6,6,6,13.0,0,11.1,0.6,2.02,Dropout,Female,Yes,No,Up to Date,Yes,-0.17,0,1.0,1.0,13.07,0,1.0,0.17
EDU-001620,1,42,1,9670,1,1,130.0,1,1,1,9,10,116.3,1,0,0,1,0,1,20,0,3,7,10,6,12.833333333333334,0,2,8,8,5,11.8,0,12.7,3.7,-1.7,Graduate,Female,Yes,No,Up to Date,Yes,-1.03,-1,0.8571,0.625,7.63,0,1.17,1.03
EDU-001621,1,18,1,9670,1,1,128.0,1,19,3,9,7,120.0,1,0,0,1,0,0,19,0,0,6,8,6,14.125,0,0,6,10,5,14.5,0,11.1,0.6,2.02,Graduate,Female,No,No,Up to Date,Yes,0.38,-1,1.0,0.8333,11.96,0,1.0,0.38
EDU-001622,1,1,1,9085,1,1,126.0,1,38,37,9,9,123.6,1,0,0,1,0,0,21,0,0,5,10,3,11.666666666666666,0,0,5,5,5,13.0,0,10.8,1.4,1.74,Graduate,Female,No,No,Up to Date,Yes,1.33,2,0.6,1.0,12.47,0,0.83,1.33
EDU-001623,2,39,1,9556,1,1,120.0,1,37,37,9,4,150.0,0,0,0,0,0,0,50,0,0,7,18,6,10.25,0,0,7,14,4,11.25,0,12.7,3.7,-1.7,Dropout,Female,No,No,In Arrears,No,1.0,-2,0.8571,0.5714,6.2,0,1.17,1.0
EDU-001624,2,39,1,9556,1,1,100.0,1,37,37,9,9,120.0,0,0,0,1,0,0,47,0,1,7,16,6,12.514285714285716,0,0,7,15,4,11.75,0,12.7,3.7,-1.7,Dropout,Female,No,No,Up to Date,No,-0.76,-2,0.8571,0.5714,6.89,0,1.17,0.76
EDU-001625,1,42,1,9853,1,1,120.0,1,1,19,4,7,111.3,0,0,0,1,0,0,24,0,9,13,17,10,11.5,0,7,13,18,9,10.444444444444445,0,16.2,0.3,-0.92,Dropout,Female,No,No,Up to Date,No,-1.06,-1,0.7692,0.6923,7.52,0,2.17,1.06
EDU-001626,1,39,1,9991,0,1,110.0,1,37,37,7,10,150.0,0,0,0,0,0,0,48,0,0,5,5,1,10.0,0,0,5,5,0,0.0,0,15.5,2.8,-4.06,Dropout,Female,No,No,In Arrears,No,-10.0,-1,0.2,0.0,0.0,0,0.83,10.0
EDU-001627,1,1,1,9085,1,1,127.0,1,37,2,9,4,123.2,1,0,0,1,0,1,18,0,0,6,7,6,15.714285714285714,0,0,6,17,5,12.77777777777778,0,12.4,0.5,1.79,Graduate,Female,Yes,No,Up to Date,Yes,-2.94,-1,1.0,0.8333,11.63,0,1.0,2.94
EDU-001628,1,44,1,9991,0,39,130.0,1,37,37,5,5,130.0,1,0,0,1,1,0,32,0,2,6,9,4,12.5,0,3,7,7,4,11.0,0,9.4,-0.8,-3.12,Dropout,Male,No,No,Up to Date,Yes,-1.5,0,0.6667,0.5714,6.63,0,1.0,1.5
EDU-001629,1,1,1,9670,1,1,141.0,1,19,3,4,0,137.9,1,0,0,0,1,0,20,0,0,5,6,3,12.0,0,0,5,5,4,12.75,0,7.6,2.6,0.32,Dropout,Male,No,No,In Arrears,Yes,0.75,1,0.6,0.8,9.96,0,0.83,0.75
EDU-001630,1,39,1,9119,1,1,120.0,1,37,38,9,8,100.0,0,0,1,1,1,0,24,0,0,5,11,0,0.0,0,0,5,5,0,0.0,0,16.2,0.3,-0.92,Dropout,Male,No,Yes,Up to Date,No,0.0,0,0.0,0.0,0.0,0,0.83,0.0
EDU-001631,2,39,1,9130,1,19,133.1,1,37,38,9,9,120.0,0,0,0,1,1,0,53,0,0,5,9,4,12.25,2,0,5,8,4,11.75,0,9.4,-0.8,-3.12,Graduate,Male,No,No,Up to Date,No,-0.5,0,0.8,0.8,9.56,0,0.83,0.5
EDU-001632,2,39,1,9773,1,19,133.1,1,19,19,9,4,131.0,0,0,1,0,1,0,42,0,0,4,5,0,0.0,0,0,4,4,0,0.0,0,13.9,-0.3,0.79,Dropout,Male,No,Yes,In Arrears,No,0.0,0,0.0,0.0,0.0,1,0.67,0.0
EDU-001633,2,39,1,9991,0,12,133.1,1,37,37,9,9,133.8,1,0,0,1,1,0,52,0,0,5,5,5,13.6,0,0,5,5,5,14.2,0,7.6,2.6,0.32,Graduate,Male,No,No,Up to Date,Yes,0.6,0,1.0,1.0,13.96,0,0.83,0.6
EDU-001634,1,43,1,8014,0,1,130.0,1,38,3,132,122,100.0,0,0,0,1,1,0,54,0,9,13,14,13,13.307692307692308,0,7,11,12,11,12.818181818181818,0,12.7,3.7,-1.7,Enrolled,Male,No,No,Up to Date,No,-0.49,-2,1.0,1.0,13.01,0,2.17,0.49
EDU-001635,2,39,1,9991,0,1,110.0,1,37,37,9,10,150.0,0,0,0,1,1,0,49,0,0,5,6,5,12.2,0,0,5,9,5,11.8,0,15.5,2.8,-4.06,Graduate,Male,No,No,Up to Date,No,-0.4,0,1.0,1.0,11.96,0,0.83,0.4
EDU-001636,1,17,1,9670,1,1,125.0,1,38,37,7,5,126.4,0,0,0,1,1,1,18,0,0,6,7,6,12.285714285714286,0,0,6,7,6,13.333333333333334,1,16.2,0.3,-0.92,Graduate,Male,Yes,No,Up to Date,No,1.05,0,1.0,1.0,12.91,0,1.0,1.05
EDU-001637,2,39,1,9130,1,1,130.0,1,1,19,6,6,154.0,1,0,0,1,1,0,37,0,1,5,12,3,12.0,2,1,5,8,4,13.0,1,10.8,1.4,1.74,Graduate,Male,No,No,Up to Date,Yes,1.0,1,0.6,0.8,10.08,0,0.83,1.0
EDU-001638,1,1,1,9500,1,1,121.0,1,1,1,4,4,114.9,0,0,0,1,1,1,21,0,0,7,9,6,13.342857142857143,0,0,8,10,7,11.65,0,12.4,0.5,1.79,Graduate,Male,Yes,No,Up to Date,No,-1.69,1,0.8571,0.875,10.79,0,1.17,1.69
EDU-001639,1,39,1,9670,1,9,133.1,1,37,37,5,3,110.0,0,0,1,1,1,0,26,0,0,5,5,0,0.0,0,0,5,5,0,0.0,0,9.4,-0.8,-3.12,Dropout,Male,No,Yes,Up to Date,No,0.0,0,0.0,0.0,0.0,0,0.83,0.0
EDU-001640,1,1,1,9070,1,1,147.0,1,3,1,2,3,149.8,1,0,0,1,1,0,20,0,5,12,12,11,14.272727272727272,0,5,12,12,11,14.818181818181818,0,16.2,0.3,-0.92,Graduate,Male,No,No,Up to Date,Yes,0.55,0,0.9167,0.9167,13.38,0,2.0,0.55
EDU-001641,1,1,4,9500,1,1,128.0,1,1,37,4,3,117.9,1,0,0,1,0,1,19,0,0,7,9,7,12.1375,0,0,8,9,8,12.91111111111111,0,12.4,0.5,1.79,Graduate,Female,Yes,No,Up to Date,Yes,0.77,1,1.0,1.0,12.6,0,1.17,0.77
EDU-001642,1,1,2,9070,1,1,164.0,1,38,38,9,7,165.8,1,0,0,1,0,0,18,0,0,6,7,6,14.166666666666666,0,0,6,7,6,14.857142857142858,0,9.4,-0.8,-3.12,Graduate,Female,No,No,Up to Date,Yes,0.69,0,1.0,1.0,14.58,0,1.0,0.69
EDU-001643,1,17,5,9500,1,1,137.0,1,1,1,4,4,127.6,1,0,0,1,0,0,18,0,0,7,7,7,13.528571428571428,0,0,8,9,8,14.655555555555557,0,12.4,0.5,1.79,Graduate,Female,No,No,Up to Date,Yes,1.13,1,1.0,1.0,14.2,0,1.17,1.13
EDU-001644,1,17,2,8014,0,1,122.0,1,37,19,9,9,123.8,0,0,0,1,0,0,20,0,0,6,8,5,12.0,0,0,6,8,6,11.0,0,10.8,1.4,1.74,Graduate,Female,No,No,Up to Date,No,-1.0,1,0.8333,1.0,11.4,0,1.0,1.0
EDU-001645,1,17,4,9254,1,1,124.0,1,3,3,3,3,126.1,1,0,0,1,0,0,20,0,0,5,5,5,11.4,0,0,6,11,1,11.0,0,10.8,1.4,1.74,Dropout,Female,No,No,Up to Date,Yes,-0.4,-4,1.0,0.1667,1.86,0,0.83,0.4
EDU-001646,1,1,2,171,1,1,120.0,1,3,19,4,7,119.7,1,0,0,1,0,0,21,0,0,0,0,0,0.0,0,0,0,0,0,0.0,0,8.9,1.4,3.51,Dropout,Female,No,No,Up to Date,Yes,0.0,0,0.0,0.0,0.0,0,0.0,0.0
EDU-001647,1,1,2,171,1,1,117.0,1,1,19,3,3,121.6,1,0,0,1,0,0,22,0,6,12,12,12,12.916666666666666,0,4,11,16,11,14.5,0,8.9,1.4,3.51,Graduate,Female,No,No,Up to Date,Yes,1.58,-1,1.0,1.0,13.87,0,2.0,1.58
EDU-001648,1,43,1,9500,1,1,140.0,1,1,38,4,7,100.0,0,0,0,1,0,1,18,0,0,7,8,7,13.6375,0,0,8,8,8,14.3875,0,13.9,-0.3,0.79,Graduate,Female,Yes,No,Up to Date,No,0.75,1,1.0,1.0,14.09,0,1.17,0.75
EDU-001649,1,1,5,9500,1,1,130.0,1,19,37,9,7,127.6,1,0,0,1,0,0,18,0,0,7,10,7,12.9,0,0,8,15,7,12.142857142857142,0,15.5,2.8,-4.06,Dropout,Female,No,No,Up to Date,Yes,-0.76,0,1.0,0.875,10.89,0,1.17,0.76
EDU-001650,1,1,1,9500,1,1,138.0,1,1,38,4,9,132.5,1,0,0,1,0,1,19,0,0,8,8,7,14.36,0,0,8,8,7,14.36,0,10.8,1.4,1.74,Graduate,Female,Yes,No,Up to Date,Yes,0.0,0,0.875,0.875,12.56,0,1.33,0.0
EDU-001651,1,1,1,9500,1,1,141.0,1,3,1,9,9,124.3,0,0,0,1,0,0,19,0,0,8,8,7,14.514285714285714,0,0,8,8,7,14.514285714285714,0,12.7,3.7,-1.7,Enrolled,Female,No,No,Up to Date,No,0.0,0,0.875,0.875,12.7,0,1.33,0.0
EDU-001652,1,1,3,9500,1,1,142.0,1,1,1,4,7,131.0,1,0,0,1,0,0,18,0,0,8,8,7,14.7,0,0,8,8,7,14.7,0,10.8,1.4,1.74,Graduate,Female,No,No,Up to Date,Yes,0.0,0,0.875,0.875,12.86,0,1.33,0.0
EDU-001653,1,7,1,9991,0,40,120.0,1,43,3,3,3,120.0,0,0,0,1,0,0,27,0,0,5,5,5,15.2,0,0,5,6,5,14.0,0,11.1,0.6,2.02,Enrolled,Female,No,No,Up to Date,No,-1.2,0,1.0,1.0,14.48,0,0.83,1.2
EDU-001654,1,1,3,9556,1,1,122.0,1,19,19,3,10,113.3,1,0,0,1,0,1,20,0,0,7,7,7,13.0,0,0,8,8,8,15.0625,0,12.4,0.5,1.79,Graduate,Female,Yes,No,Up to Date,Yes,2.06,1,1.0,1.0,14.24,0,1.17,2.06
EDU-001655,1,1,2,9853,1,1,131.0,1,1,1,2,9,121.9,1,0,0,1,0,0,20,0,0,6,6,6,13.5,0,0,6,6,0,0.0,0,12.7,3.7,-1.7,Dropout,Female,No,No,Up to Date,Yes,-13.5,-6,1.0,0.0,0.0,0,1.0,13.5
EDU-001656,1,1,2,9085,1,1,120.0,1,38,1,9,3,118.3,1,0,0,1,0,0,20,0,0,5,11,5,12.333333333333334,2,0,5,7,5,12.6,0,9.4,-0.8,-3.12,Graduate,Female,No,No,Up to Date,Yes,0.27,0,1.0,1.0,12.49,0,0.83,0.27
EDU-001657,1,1,1,9147,1,1,131.0,1,3,19,1,4,118.8,0,0,0,1,0,0,19,0,0,5,6,5,13.4,0,0,5,6,5,13.0,0,16.2,0.3,-0.92,Graduate,Female,No,No,Up to Date,No,-0.4,0,1.0,1.0,13.16,0,0.83,0.4
EDU-001658,1,1,2,9085,1,1,130.0,1,37,19,9,8,129.0,0,0,0,1,0,0,20,0,0,5,7,4,11.75,0,0,5,9,2,10.5,0,7.6,2.6,0.32,Enrolled,Female,No,No,Up to Date,No,-1.25,-2,0.8,0.4,4.4,0,0.83,1.25
EDU-001659,1,43,3,171,1,1,120.0,1,37,37,9,9,143.3,1,0,0,1,0,1,20,0,0,0,0,0,0.0,0,0,0,0,0,0.0,0,7.6,2.6,0.32,Graduate,Female,Yes,No,Up to Date,Yes,0.0,0,0.0,0.0,0.0,0,0.0,0.0
EDU-001660,1,1,1,171,1,1,136.0,1,3,3,1,2,152.5,1,0,0,1,0,0,20,0,0,0,0,0,0.0,0,0,0,0,0,0.0,0,13.9,-0.3,0.79,Enrolled,Female,No,No,Up to Date,Yes,0.0,0,0.0,0.0,0.0,0,0.0,0.0
EDU-001661,1,53,1,9085,1,42,160.0,1,1,19,4,6,155.7,1,0,0,1,0,0,27,0,7,12,17,11,14.727272727272728,0,4,9,10,7,14.142857142857142,0,8.9,1.4,3.51,Graduate,Female,No,No,Up to Date,Yes,-0.58,-4,0.9167,0.7778,11.18,0,2.0,0.58
EDU-001662,1,1,2,9085,1,1,157.0,1,3,3,5,2,153.9,1,0,0,1,0,0,18,0,0,6,7,6,16.571428571428573,0,0,6,6,6,15.666666666666666,0,13.9,-0.3,0.79,Graduate,Female,No,No,Up to Date,Yes,-0.9,0,1.0,1.0,16.03,0,1.0,0.9
EDU-001663,1,1,1,9500,1,1,150.0,1,19,1,4,4,137.8,0,0,0,1,0,0,18,0,0,7,10,7,15.145,0,0,8,8,8,15.7425,0,15.5,2.8,-4.06,Graduate,Female,No,No,Up to Date,No,0.6,1,1.0,1.0,15.5,0,1.17,0.6
EDU-001664,1,17,1,9500,1,1,148.0,1,1,37,9,7,143.3,0,0,0,1,0,1,18,0,0,7,7,7,13.44285714285714,0,0,8,8,8,15.075,0,13.9,-0.3,0.79,Graduate,Female,Yes,No,Up to Date,No,1.63,1,1.0,1.0,14.42,0,1.17,1.63
EDU-001665,1,1,1,9085,1,1,120.0,1,37,37,9,1,123.2,0,0,0,1,0,0,20,0,0,5,8,5,14.166666666666666,2,0,5,6,4,11.75,2,9.4,-0.8,-3.12,Graduate,Female,No,No,Up to Date,No,-2.42,-1,1.0,0.8,10.17,0,0.83,2.42
EDU-001666,1,1,1,9773,1,1,150.0,1,1,1,4,4,138.1,1,0,0,1,0,0,19,0,0,6,7,6,14.0,0,0,6,7,5,15.0,0,11.1,0.6,2.02,Enrolled,Female,No,No,Up to Date,Yes,1.0,-1,1.0,0.8333,12.17,0,1.0,1.0
EDU-001667,1,17,1,9238,1,1,158.0,1,1,1,5,6,140.5,0,0,0,1,0,1,20,0,0,6,9,6,11.333333333333334,0,0,6,6,6,12.333333333333334,0,10.8,1.4,1.74,Graduate,Female,Yes,No,Up to Date,No,1.0,0,1.0,1.0,11.93,0,1.0,1.0
EDU-001668,1,1,4,9500,1,1,145.0,1,3,19,1,5,130.0,1,0,0,1,0,0,18,0,0,8,8,8,13.76125,0,0,8,8,8,13.76125,0,9.4,-0.8,-3.12,Graduate,Female,No,No,Up to Date,Yes,0.0,0,1.0,1.0,13.76,0,1.33,0.0
EDU-001669,1,44,1,9070,1,39,100.0,1,1,38,4,6,104.8,0,0,1,0,0,0,22,0,2,7,9,5,11.6,0,5,9,9,5,10.0,0,12.4,0.5,1.79,Dropout,Female,No,Yes,In Arrears,No,-1.6,0,0.7143,0.5556,5.91,1,1.17,1.6
EDU-001670,1,17,1,8014,0,1,136.0,1,37,37,5,8,132.5,0,0,1,1,0,1,22,0,1,6,7,4,12.75,0,1,6,8,5,13.0,0,13.9,-0.3,0.79,Graduate,Female,Yes,Yes,Up to Date,No,0.25,1,0.6667,0.8333,10.75,0,1.0,0.25
EDU-001671,1,39,1,9991,0,1,133.1,1,1,1,4,2,127.7,0,0,0,1,0,0,25,0,0,5,12,4,12.5,0,0,5,10,4,11.0,0,13.9,-0.3,0.79,Enrolled,Female,No,No,Up to Date,No,-1.5,0,0.8,0.8,9.28,0,0.83,1.5
EDU-001672,1,1,1,9085,1,1,148.0,1,19,3,4,2,136.5,0,0,0,1,0,0,19,0,0,6,13,6,15.307692307692308,0,0,6,9,6,14.0,0,15.5,2.8,-4.06,Graduate,Female,No,No,Up to Date,No,-1.31,0,1.0,1.0,14.52,0,1.0,1.31
EDU-001673,1,44,1,9130,1,39,130.0,1,3,1,4,1,130.0,1,0,0,0,0,0,21,0,1,6,12,5,13.285714285714286,0,0,6,10,4,12.0,0,16.2,0.3,-0.92,Dropout,Female,No,No,In Arrears,Yes,-1.29,-1,0.8333,0.6667,8.34,0,1.0,1.29
EDU-001674,1,39,1,9500,1,40,130.0,1,1,1,4,4,190.0,1,0,0,1,0,0,27,0,1,7,7,7,14.757142857142856,0,1,8,9,8,14.077777777777778,0,16.2,0.3,-0.92,Graduate,Female,No,No,Up to Date,Yes,-0.68,1,1.0,1.0,14.35,0,1.17,0.68
EDU-001675,1,17,4,9500,1,1,136.0,1,1,1,4,9,128.5,1,0,0,1,0,0,18,0,0,7,7,6,12.766666666666666,0,0,7,7,6,12.766666666666666,0,7.6,2.6,0.32,Graduate,Female,No,No,Up to Date,Yes,0.0,0,0.8571,0.8571,10.94,0,1.17,0.0
EDU-001676,1,17,3,9254,1,1,122.0,1,1,1,4,4,126.6,0,0,0,0,0,0,18,0,0,5,5,5,10.4,0,0,6,13,0,0.0,0,10.8,1.4,1.74,Dropout,Female,No,No,In Arrears,No,-10.4,-5,1.0,0.0,0.0,0,0.83,10.4
EDU-001677,1,17,1,9556,1,1,140.0,1,3,3,1,7,131.6,1,0,0,1,1,0,19,0,0,7,0,0,0.0,0,0,7,0,0,0.0,0,11.1,0.6,2.02,Dropout,Male,No,No,Up to Date,Yes,0.0,0,0.0,0.0,0.0,0,1.17,0.0
EDU-001678,5,39,1,9991,0,1,110.0,1,1,1,3,3,119.0,0,0,0,1,1,1,35,0,0,5,10,4,10.5,0,0,5,6,5,12.6,0,8.9,1.4,3.51,Graduate,Male,Yes,No,Up to Date,No,2.1,1,0.8,1.0,11.76,0,0.83,2.1
EDU-001679,1,17,1,9085,1,1,130.0,1,37,36,4,90,127.6,0,0,0,1,1,0,23,0,0,5,6,4,14.25,0,0,5,6,5,13.4,0,7.6,2.6,0.32,Graduate,Male,No,No,Up to Date,No,-0.85,1,0.8,1.0,13.74,0,0.83,0.85
EDU-001680,1,39,1,9500,1,1,133.1,1,1,37,9,9,100.0,0,0,0,1,1,0,28,0,0,7,11,3,11.916666666666666,1,0,7,17,0,0.0,0,16.2,0.3,-0.92,Dropout,Male,No,No,Up to Date,No,-11.92,-3,0.4286,0.0,0.0,0,1.17,11.92
EDU-001681,1,1,1,9119,1,1,128.0,1,38,38,9,7,124.5,1,0,0,1,1,0,19,0,0,5,10,3,10.666666666666666,0,0,5,9,2,14.0,2,7.6,2.6,0.32,Enrolled,Male,No,No,Up to Date,Yes,3.33,-1,0.6,0.4,5.07,0,0.83,3.33
EDU-001682,1,1,1,9773,1,1,117.0,1,1,19,4,4,109.3,0,0,0,1,1,0,19,0,0,6,11,4,12.25,0,0,6,10,3,12.666666666666666,0,7.6,2.6,0.32,Enrolled,Male,No,No,Up to Date,No,0.42,-1,0.6667,0.5,6.25,0,1.0,0.42
EDU-001683,1,1,2,9670,1,1,124.0,1,19,1,9,4,117.7,1,0,1,1,1,0,20,0,0,5,5,4,12.0,0,0,5,6,5,11.6,0,9.4,-0.8,-3.12,Dropout,Male,No,Yes,Up to Date,Yes,-0.4,1,0.8,1.0,11.76,0,0.83,0.4
EDU-001684,1,1,1,9670,1,1,124.0,1,2,2,3,3,124.7,1,0,0,1,1,0,21,0,0,5,7,3,11.0,0,0,5,5,4,12.75,0,7.6,2.6,0.32,Dropout,Male,No,No,Up to Date,Yes,1.75,1,0.6,0.8,9.64,0,0.83,1.75
EDU-001685,1,17,3,9070,1,1,128.0,1,37,37,5,5,124.5,1,0,0,1,1,0,18,0,0,6,6,6,14.166666666666666,0,0,6,8,5,13.0,0,10.8,1.4,1.74,Graduate,Male,No,No,Up to Date,Yes,-1.17,-1,1.0,0.8333,11.22,0,1.0,1.17
EDU-001686,1,1,5,9070,1,1,125.0,1,3,3,2,2,140.8,1,0,0,1,1,0,22,0,0,6,6,6,14.666666666666666,0,0,6,6,6,15.0,0,9.4,-0.8,-3.12,Graduate,Male,No,No,Up to Date,Yes,0.33,0,1.0,1.0,14.87,0,1.0,0.33
EDU-001687,1,17,3,9085,1,1,121.0,1,38,1,9,9,111.9,1,0,0,1,1,0,21,0,0,5,11,0,0.0,0,0,5,10,5,12.285714285714286,1,10.8,1.4,1.74,Graduate,Male,No,No,Up to Date,Yes,12.29,5,0.0,1.0,7.37,0,0.83,12.29
EDU-001688,1,7,1,9556,1,3,140.0,1,3,3,2,2,140.0,0,0,1,0,1,0,38,0,0,7,8,3,12.666666666666666,0,0,5,5,0,0.0,0,13.9,-0.3,0.79,Dropout,Male,No,Yes,In Arrears,No,-12.67,-3,0.4286,0.0,0.0,1,1.17,12.67
EDU-001689,1,1,1,171,1,1,124.0,1,19,1,9,9,121.2,1,0,0,1,1,0,20,0,0,0,0,0,0.0,0,0,0,0,0,0.0,0,10.8,1.4,1.74,Enrolled,Male,No,No,Up to Date,Yes,0.0,0,0.0,0.0,0.0,0,0.0,0.0
EDU-001690,1,43,4,171,1,1,136.0,1,37,37,9,9,123.8,1,0,0,1,1,0,19,0,0,0,0,0,0.0,0,0,0,0,0,0.0,0,7.6,2.6,0.32,Dropout,Male,No,No,Up to Date,Yes,0.0,0,0.0,0.0,0.0,0,0.0,0.0
EDU-001691,1,7,1,9119,1,1,140.8,1,34,34,0,0,134.0,0,0,0,1,1,0,24,0,0,5,0,0,0.0,0,0,5,0,0,0.0,0,7.6,2.6,0.32,Dropout,Male,No,No,Up to Date,No,0.0,0,0.0,0.0,0.0,0,0.83,0.0
EDU-001692,1,18,3,9070,1,1,142.0,1,1,37,4,7,130.8,1,0,0,0,1,0,19,0,0,6,0,0,0.0,0,0,6,0,0,0.0,0,12.7,3.7,-1.7,Dropout,Male,No,No,In Arrears,Yes,0.0,0,0.0,0.0,0.0,0,1.0,0.0
EDU-001693,1,1,1,9500,1,1,133.0,1,37,38,9,9,130.2,1,0,0,1,1,1,19,0,0,7,7,7,13.7,0,0,8,9,8,14.022222222222222,0,16.2,0.3,-0.92,Graduate,Male,Yes,No,Up to Date,Yes,0.32,1,1.0,1.0,13.89,0,1.17,0.32
EDU-001694,1,1,1,9147,1,1,131.0,1,3,19,3,10,123.3,0,0,0,1,1,0,19,0,0,5,7,5,11.8,0,0,5,8,4,12.4,2,16.2,0.3,-0.92,Enrolled,Male,No,No,Up to Date,No,0.6,-1,1.0,0.8,9.73,0,0.83,0.6
EDU-001695,1,39,1,9119,1,3,130.0,1,3,3,3,10,147.6,0,0,0,1,1,0,31,0,0,5,0,0,0.0,0,0,5,0,0,0.0,0,10.8,1.4,1.74,Dropout,Male,No,No,Up to Date,No,0.0,0,0.0,0.0,0.0,0,0.83,0.0
EDU-001696,1,17,1,9670,1,1,120.0,1,38,37,9,8,113.4,1,0,0,1,1,1,19,0,0,6,6,6,13.333333333333334,0,0,6,7,6,13.285714285714286,0,8.9,1.4,3.51,Graduate,Male,Yes,No,Up to Date,Yes,-0.05,0,1.0,1.0,13.3,0,1.0,0.05
EDU-001697,1,17,1,9070,1,1,141.0,1,19,38,4,5,133.7,1,0,0,1,1,0,22,0,0,6,7,5,11.4,0,0,6,6,6,12.166666666666666,0,7.6,2.6,0.32,Graduate,Male,No,No,Up to Date,Yes,0.77,1,0.8333,1.0,11.86,0,1.0,0.77
EDU-001698,1,39,1,9085,1,1,130.0,1,34,1,0,2,128.2,0,0,0,1,1,0,25,0,0,5,5,0,0.0,0,0,5,5,0,0.0,0,7.6,2.6,0.32,Dropout,Male,No,No,Up to Date,No,0.0,0,0.0,0.0,0.0,0,0.83,0.0
EDU-001699,1,1,1,9500,1,1,168.0,1,1,1,5,5,161.0,1,0,0,1,1,0,18,0,0,7,7,7,16.142857142857142,0,0,8,9,0,0.0,0,16.2,0.3,-0.92,Dropout,Male,No,No,Up to Date,Yes,-16.14,-7,1.0,0.0,0.0,0,1.17,16.14
EDU-001700,1,7,1,9500,1,3,130.0,1,37,37,90,90,130.0,1,0,0,1,1,0,30,0,0,8,8,0,0.0,8,0,8,8,0,0.0,8,9.4,-0.8,-3.12,Dropout,Male,No,No,Up to Date,Yes,0.0,0,0.0,0.0,0.0,0,1.33,0.0
EDU-001701,1,1,1,9500,1,1,156.0,1,38,37,9,9,156.3,0,0,0,1,1,1,18,0,0,8,8,8,15.63375,0,0,8,8,8,15.63375,0,9.4,-0.8,-3.12,Graduate,Male,Yes,No,Up to Date,No,0.0,0,1.0,1.0,15.63,0,1.33,0.0
EDU-001702,1,1,1,9773,1,1,137.0,1,1,1,5,5,129.3,1,0,0,1,1,0,18,0,0,6,6,6,13.666666666666666,0,0,6,6,6,14.5,0,12.7,3.7,-1.7,Graduate,Male,No,No,Up to Date,Yes,0.83,0,1.0,1.0,14.17,0,1.0,0.83
EDU-001703,1,17,6,9773,1,1,131.0,1,34,34,0,0,129.3,0,0,0,1,1,0,18,0,0,6,0,0,0.0,0,0,6,0,0,0.0,0,7.6,2.6,0.32,Dropout,Male,No,No,Up to Date,No,0.0,0,0.0,0.0,0.0,0,1.0,0.0
EDU-001704,1,1,1,9238,1,1,130.0,1,38,38,7,7,136.3,1,0,0,1,1,0,18,0,0,6,8,6,12.5,0,0,6,7,6,11.5,0,10.8,1.4,1.74,Graduate,Male,No,No,Up to Date,Yes,-1.0,0,1.0,1.0,11.9,0,1.0,1.0
EDU-001705,1,39,1,9670,1,1,133.1,1,1,19,4,9,140.0,0,0,0,1,1,1,25,0,0,6,8,6,12.285714285714286,0,0,6,6,6,13.0,0,15.5,2.8,-4.06,Graduate,Male,Yes,No,Up to Date,No,0.71,0,1.0,1.0,12.71,0,1.0,0.71
EDU-001706,1,1,1,9119,1,1,131.0,1,3,1,4,1,135.9,0,0,0,1,1,0,18,0,0,5,10,2,14.0,0,0,5,7,3,11.0,1,7.6,2.6,0.32,Enrolled,Male,No,No,Up to Date,No,-3.0,1,0.4,0.6,7.32,0,0.83,3.0
EDU-001707,1,1,5,171,1,1,160.0,1,1,1,4,4,139.7,0,0,0,1,1,0,18,0,0,0,0,0,0.0,0,0,0,0,0,0.0,0,12.7,3.7,-1.7,Dropout,Male,No,No,Up to Date,No,0.0,0,0.0,0.0,0.0,0,0.0,0.0
EDU-001708,1,1,4,9147,1,1,117.0,1,1,38,8,9,117.0,1,0,0,1,1,0,19,0,0,5,5,4,10.75,0,0,5,6,4,12.25,0,12.4,0.5,1.79,Enrolled,Male,No,No,Up to Date,Yes,1.5,0,0.8,0.8,9.32,0,0.83,1.5
EDU-001709,1,39,1,9556,1,19,133.1,1,19,1,7,10,105.0,0,0,0,1,1,0,25,0,0,7,14,4,12.95,1,0,7,11,4,13.125,1,15.5,2.8,-4.06,Dropout,Male,No,No,Up to Date,No,0.18,0,0.5714,0.5714,7.46,0,1.17,0.18
EDU-001710,1,1,3,9500,1,1,130.0,1,37,38,9,5,130.5,1,0,0,1,0,0,19,0,0,7,7,6,12.45,0,0,7,7,6,12.45,0,7.6,2.6,0.32,Graduate,Female,No,No,Up to Date,Yes,0.0,0,0.8571,0.8571,10.67,0,1.17,0.0
EDU-001711,1,44,1,9991,0,39,130.0,1,37,37,9,9,130.0,0,0,0,1,0,0,31,0,2,6,12,4,12.25,0,3,7,9,7,12.0,0,9.4,-0.8,-3.12,Enrolled,Female,No,No,Up to Date,No,-0.25,3,0.6667,1.0,12.1,0,1.0,0.25
EDU-001712,1,1,3,9500,1,1,137.0,1,19,19,5,4,131.5,1,0,0,1,0,1,20,0,0,8,8,8,13.38125,0,0,8,8,8,13.38125,0,9.4,-0.8,-3.12,Graduate,Female,Yes,No,Up to Date,Yes,0.0,0,1.0,1.0,13.38,0,1.33,0.0
EDU-001713,1,42,1,9500,1,1,133.1,41,3,1,3,10,100.0,1,0,0,0,0,0,33,1,1,7,10,5,12.16,0,0,6,7,5,11.34,0,12.4,0.5,1.79,Dropout,Female,No,No,In Arrears,Yes,-0.82,0,0.7143,0.8333,9.72,0,1.17,0.82
EDU-001714,1,44,1,9085,1,39,140.0,1,1,3,9,4,140.0,0,0,1,0,0,0,24,0,2,6,11,4,12.5,0,1,6,18,2,11.5,0,12.4,0.5,1.79,Enrolled,Female,No,Yes,In Arrears,No,-1.0,-2,0.6667,0.3333,3.97,1,1.0,1.0
EDU-001715,1,17,4,9238,1,1,140.0,1,19,37,9,9,130.2,1,0,0,1,0,1,18,0,0,6,8,6,12.75,0,0,6,10,6,12.166666666666666,0,12.7,3.7,-1.7,Graduate,Female,Yes,No,Up to Date,Yes,-0.58,0,1.0,1.0,12.4,0,1.0,0.58
EDU-001716,1,17,2,9500,1,1,135.0,1,1,19,4,10,133.5,1,0,0,1,0,0,19,0,0,8,8,8,13.3425,0,0,8,8,8,13.3425,0,9.4,-0.8,-3.12,Graduate,Female,No,No,Up to Date,Yes,0.0,0,1.0,1.0,13.34,0,1.33,0.0
EDU-001717,1,1,4,9500,1,1,140.0,1,38,38,7,7,133.2,1,0,0,1,0,1,20,0,0,7,10,7,14.175,0,0,8,14,6,13.03125,0,15.5,2.8,-4.06,Graduate,Female,Yes,No,Up to Date,Yes,-1.14,-1,1.0,0.75,10.12,0,1.17,1.14
EDU-001718,2,39,1,9500,1,1,100.0,1,37,38,4,4,130.0,0,0,0,1,1,1,33,0,0,8,16,1,10.0,1,0,8,16,1,10.0,1,12.7,3.7,-1.7,Enrolled,Male,Yes,No,Up to Date,No,0.0,0,0.125,0.125,1.25,0,1.33,0.0
EDU-001719,1,39,1,9119,1,1,160.0,1,38,37,7,7,129.0,0,0,0,1,1,0,24,0,0,5,9,0,0.0,0,0,5,8,2,14.5,2,7.6,2.6,0.32,Dropout,Male,No,No,Up to Date,No,14.5,2,0.0,0.4,3.48,0,0.83,14.5
EDU-001720,1,39,1,9991,0,19,133.1,1,2,1,2,4,100.0,0,0,0,1,1,0,24,0,0,5,7,0,0.0,0,0,5,7,0,0.0,0,16.2,0.3,-0.92,Dropout,Male,No,No,Up to Date,No,0.0,0,0.0,0.0,0.0,0,0.83,0.0
EDU-001721,1,17,1,9085,1,1,128.0,1,38,37,9,9,116.5,1,0,0,1,1,0,18,0,0,5,6,5,12.0,0,0,5,8,5,12.142857142857142,0,10.8,1.4,1.74,Graduate,Male,No,No,Up to Date,Yes,0.14,0,1.0,1.0,12.09,0,0.83,0.14
EDU-001722,1,1,2,9254,1,1,121.0,1,37,37,9,9,124.2,1,0,0,1,0,1,18,0,0,6,8,6,10.571428571428571,0,0,6,9,5,11.4,0,16.2,0.3,-0.92,Graduate,Female,Yes,No,Up to Date,Yes,0.83,-1,1.0,0.8333,9.22,0,1.0,0.83
EDU-001723,1,51,1,9085,1,1,127.0,1,3,3,2,8,138.8,1,0,0,1,0,0,22,0,4,12,19,11,14.153846153846152,0,5,12,20,12,15.428571428571429,0,8.9,1.4,3.51,Graduate,Female,No,No,Up to Date,Yes,1.27,1,0.9167,1.0,14.92,0,2.0,1.27
EDU-001724,1,1,1,9773,1,1,132.0,1,2,1,9,9,126.4,1,1,0,1,0,1,18,0,0,6,9,6,11.166666666666666,0,0,6,11,5,12.4,0,10.8,1.4,1.74,Graduate,Female,Yes,No,Up to Date,Yes,1.23,-1,1.0,0.8333,9.92,0,1.0,1.23
EDU-001725,1,1,1,171,1,1,147.0,1,19,19,3,10,151.9,1,0,0,1,0,0,21,0,13,17,20,17,12.0,0,14,17,18,17,12.666666666666666,0,11.1,0.6,2.02,Graduate,Female,No,No,Up to Date,Yes,0.67,0,1.0,1.0,12.4,0,2.83,0.67
EDU-001726,2,39,1,9991,0,1,110.0,1,37,37,5,1,120.0,1,0,0,1,0,0,38,0,0,5,11,3,11.333333333333334,0,0,5,9,4,12.0,0,9.4,-0.8,-3.12,Dropout,Female,No,No,Up to Date,Yes,0.67,1,0.6,0.8,9.39,0,0.83,0.67
EDU-001727,1,43,1,9238,1,1,142.0,1,34,34,99,99,131.9,0,0,0,1,0,1,29,0,9,16,17,16,12.588235294117649,0,10,13,14,13,13.357142857142858,0,9.4,-0.8,-3.12,Graduate,Female,Yes,No,Up to Date,No,0.77,-3,1.0,1.0,13.05,0,2.67,0.77
EDU-001728,1,44,1,9130,1,39,130.0,1,38,37,4,9,130.0,1,0,0,1,0,1,20,0,0,6,11,4,12.0,0,0,6,9,4,10.75,0,16.2,0.3,-0.92,Enrolled,Female,Yes,No,Up to Date,Yes,-1.25,0,0.6667,0.6667,7.5,0,1.0,1.25
EDU-001729,1,17,1,9254,1,1,131.0,1,38,37,4,9,131.7,1,0,0,0,0,0,18,0,0,6,0,0,0.0,0,0,6,0,0,0.0,0,12.7,3.7,-1.7,Dropout,Female,No,No,In Arrears,Yes,0.0,0,0.0,0.0,0.0,0,1.0,0.0
EDU-001730,2,43,1,9991,0,1,110.0,1,37,37,9,9,132.5,0,0,0,1,1,0,37,0,7,12,13,12,12.25,0,8,13,13,13,12.846153846153848,0,9.4,-0.8,-3.12,Graduate,Male,No,No,Up to Date,No,0.6,1,1.0,1.0,12.61,0,2.0,0.6
EDU-001731,1,1,3,9147,1,1,128.0,1,3,3,5,10,116.5,0,0,0,1,1,0,20,0,0,5,7,5,11.6,0,0,5,5,5,12.8,0,12.4,0.5,1.79,Graduate,Male,No,No,Up to Date,No,1.2,0,1.0,1.0,12.32,0,0.83,1.2
EDU-001732,1,1,1,9130,1,1,136.0,1,19,19,90,8,133.9,1,0,0,0,1,0,20,0,0,5,7,4,13.0,0,0,5,11,3,12.0,2,10.8,1.4,1.74,Dropout,Male,No,No,In Arrears,Yes,-1.0,-1,0.8,0.6,7.44,0,0.83,1.0
EDU-001733,2,39,1,9119,1,1,120.0,1,37,38,9,10,145.4,0,0,1,1,1,0,40,0,0,5,11,3,10.666666666666666,0,0,5,5,2,12.5,0,16.2,0.3,-0.92,Dropout,Male,No,Yes,Up to Date,No,1.83,-1,0.6,0.4,4.71,0,0.83,1.83
EDU-001734,2,39,1,8014,0,1,140.0,1,37,3,9,10,172.0,0,0,0,1,1,0,44,0,5,11,21,9,12.333333333333334,0,8,11,16,9,11.0,0,12.4,0.5,1.79,Enrolled,Male,No,No,Up to Date,No,-1.33,0,0.8182,0.8182,9.44,0,1.83,1.33
EDU-001735,1,1,1,9147,1,1,118.0,1,1,1,9,9,111.0,0,0,0,0,1,0,21,0,0,5,7,2,11.0,0,0,5,9,3,11.428571428571429,0,10.8,1.4,1.74,Dropout,Male,No,No,In Arrears,No,0.43,1,0.4,0.6,6.75,0,0.83,0.43
EDU-001736,1,44,1,9070,1,39,120.0,1,2,19,3,8,120.0,0,0,0,1,1,0,21,0,2,7,10,6,13.428571428571429,0,5,9,9,8,13.125,0,16.2,0.3,-0.92,Graduate,Male,No,No,Up to Date,No,-0.3,2,0.8571,0.8889,11.77,0,1.17,0.3
EDU-001737,1,1,6,9500,1,1,151.0,1,3,1,2,1,129.8,1,0,0,1,1,0,18,0,0,8,10,8,13.05375,2,0,8,10,8,13.05375,2,9.4,-0.8,-3.12,Graduate,Male,No,No,Up to Date,Yes,0.0,0,1.0,1.0,13.05,0,1.33,0.0
EDU-001738,1,1,5,9500,1,1,130.0,1,1,3,9,10,118.1,1,0,0,1,1,0,18,0,0,7,10,6,12.035714285714286,0,0,8,9,7,13.75,0,13.9,-0.3,0.79,Enrolled,Male,No,No,Up to Date,Yes,1.71,1,0.8571,0.875,11.43,0,1.17,1.71
EDU-001739,1,39,1,9003,1,1,140.0,1,3,1,5,9,130.0,0,0,0,1,1,0,27,0,0,6,6,6,14.166666666666666,0,0,6,7,6,13.833333333333334,0,11.1,0.6,2.02,Graduate,Male,No,No,Up to Date,No,-0.33,0,1.0,1.0,13.97,0,1.0,0.33
EDU-001740,2,39,1,9070,1,19,133.1,1,37,37,9,10,126.3,0,0,0,0,1,0,38,0,0,6,6,0,0.0,0,0,6,8,0,0.0,0,10.8,1.4,1.74,Dropout,Male,No,No,In Arrears,No,0.0,0,0.0,0.0,0.0,0,1.0,0.0
EDU-001741,1,18,1,9130,1,1,146.0,1,3,3,5,2,137.8,0,0,0,1,1,0,18,0,0,6,11,5,13.6,0,0,6,13,3,12.666666666666666,0,13.9,-0.3,0.79,Dropout,Male,No,No,Up to Date,No,-0.93,-2,0.8333,0.5,6.52,0,1.0,0.93
EDU-001742,1,17,4,9254,1,1,122.0,1,1,1,4,2,116.1,1,0,0,1,1,0,19,0,0,6,7,5,12.2,0,0,6,12,2,12.0,0,7.6,2.6,0.32,Enrolled,Male,No,No,Up to Date,Yes,-0.2,-3,0.8333,0.3333,4.03,0,1.0,0.2
EDU-001743,1,1,1,9130,1,1,121.0,1,3,19,2,9,115.4,1,0,0,1,1,0,18,0,0,6,8,6,13.714285714285714,0,0,6,7,5,13.333333333333334,0,15.5,2.8,-4.06,Dropout,Male,No,No,Up to Date,Yes,-0.38,-1,1.0,0.8333,11.24,0,1.0,0.38
EDU-001744,1,43,1,9773,1,1,127.0,1,1,1,9,6,110.0,0,0,1,0,1,0,19,0,0,6,10,3,11.666666666666666,0,0,6,11,2,10.0,0,16.2,0.3,-0.92,Dropout,Male,No,Yes,In Arrears,No,-1.67,-1,0.5,0.3333,3.56,1,1.0,1.67
EDU-001745,1,39,1,9670,1,1,133.1,1,37,37,90,90,97.4,0,0,1,0,1,0,44,0,0,6,9,1,14.0,0,0,6,6,0,0.0,0,12.7,3.7,-1.7,Dropout,Male,No,Yes,In Arrears,No,-14.0,-1,0.1667,0.0,0.0,1,1.0,14.0
EDU-001746,1,44,1,9085,1,39,130.0,1,1,1,4,4,130.0,1,1,0,1,1,0,26,0,2,6,20,4,12.5,0,1,6,16,3,10.0,0,15.5,2.8,-4.06,Dropout,Male,No,No,Up to Date,Yes,-2.5,-1,0.6667,0.5,5.5,0,1.0,2.5
EDU-001747,1,43,1,9130,1,1,156.0,1,19,1,9,4,156.0,0,0,1,0,1,0,24,0,0,6,11,5,11.833333333333334,0,0,6,11,4,11.5,0,15.5,2.8,-4.06,Dropout,Male,No,Yes,In Arrears,No,-0.33,-1,0.8333,0.6667,7.76,1,1.0,0.33
EDU-001748,1,39,1,9003,1,1,130.0,1,19,1,9,6,126.1,1,0,0,0,1,0,27,0,0,6,6,0,0.0,0,0,6,8,0,0.0,0,15.5,2.8,-4.06,Dropout,Male,No,No,In Arrears,Yes,0.0,0,0.0,0.0,0.0,0,1.0,0.0
EDU-001749,1,39,1,9003,1,1,110.0,1,1,1,9,4,120.0,0,0,1,0,1,0,27,0,0,6,0,0,0.0,0,0,6,0,0,0.0,0,13.9,-0.3,0.79,Dropout,Male,No,Yes,In Arrears,No,0.0,0,0.0,0.0,0.0,1,1.0,0.0
EDU-001750,1,43,1,9070,1,1,108.0,1,38,38,7,7,105.2,1,0,0,1,1,0,25,0,11,17,18,13,11.538461538461538,0,10,15,15,10,12.4,0,12.7,3.7,-1.7,Dropout,Male,No,No,Up to Date,Yes,0.86,-3,0.7647,0.6667,8.04,0,2.83,0.86
EDU-001751,1,44,1,9003,1,1,120.0,1,3,2,2,6,120.0,1,0,0,1,1,0,21,0,4,9,14,7,11.285714285714286,2,2,8,15,4,12.25,0,12.7,3.7,-1.7,Enrolled,Male,No,No,Up to Date,Yes,0.96,-3,0.7778,0.5,5.93,0,1.5,0.96
EDU-001752,1,1,1,171,1,1,150.0,1,38,19,9,9,137.8,1,0,0,1,1,1,19,0,0,0,0,0,0.0,0,0,0,0,0,0.0,0,13.9,-0.3,0.79,Graduate,Male,Yes,No,Up to Date,Yes,0.0,0,0.0,0.0,0.0,0,0.0,0.0
EDU-001753,1,17,2,9070,1,1,152.0,1,39,39,3,3,134.2,1,0,0,1,1,0,20,0,0,6,7,5,11.8,0,0,6,9,4,12.0,0,15.5,2.8,-4.06,Enrolled,Male,No,No,Up to Date,Yes,0.2,-1,0.8333,0.6667,7.95,0,1.0,0.2
EDU-001754,1,44,1,9119,1,39,150.0,1,19,3,5,2,150.0,0,0,0,1,1,0,20,0,0,5,16,0,0.0,0,0,5,12,2,10.5,0,12.7,3.7,-1.7,Enrolled,Male,No,No,Up to Date,No,10.5,2,0.0,0.4,2.52,0,0.83,10.5
EDU-001755,1,17,5,9119,1,1,123.0,1,3,1,2,9,116.0,1,0,1,0,1,0,20,0,0,5,5,0,0.0,0,0,5,5,0,0.0,0,8.9,1.4,3.51,Dropout,Male,No,Yes,In Arrears,Yes,0.0,0,0.0,0.0,0.0,1,0.83,0.0
EDU-001756,1,1,1,9119,1,1,150.0,1,1,1,3,3,143.4,0,0,0,0,1,1,18,0,0,5,5,5,14.2,0,0,5,5,5,14.2,0,8.9,1.4,3.51,Enrolled,Male,Yes,No,In Arrears,No,0.0,0,1.0,1.0,14.2,0,0.83,0.0
EDU-001757,1,17,1,171,1,1,145.0,1,4,4,3,3,143.6,0,0,1,1,1,0,19,0,5,12,12,10,12.7,0,4,11,16,10,12.272727272727272,0,8.9,1.4,3.51,Enrolled,Male,No,Yes,Up to Date,No,-0.43,0,0.8333,0.9091,11.31,0,2.0,0.43
EDU-001758,1,44,1,9130,1,39,150.0,1,1,37,4,8,150.0,1,0,0,0,0,0,22,0,1,6,10,3,12.666666666666666,0,0,6,7,0,0.0,0,15.5,2.8,-4.06,Dropout,Female,No,No,In Arrears,Yes,-12.67,-3,0.5,0.0,0.0,0,1.0,12.67
EDU-001759,1,1,4,9670,1,1,125.0,1,4,19,2,5,118.0,1,0,0,1,0,0,19,0,0,6,7,6,14.428571428571429,0,0,6,8,6,15.0,2,16.2,0.3,-0.92,Graduate,Female,No,No,Up to Date,Yes,0.57,0,1.0,1.0,14.77,0,1.0,0.57
EDU-001760,1,1,4,9500,1,1,117.0,1,1,1,4,7,109.3,1,0,0,1,0,1,18,0,0,7,7,7,13.117142857142856,0,0,8,9,7,12.6,0,11.1,0.6,2.02,Graduate,Female,Yes,No,Up to Date,Yes,-0.52,0,1.0,0.875,11.21,0,1.17,0.52
EDU-001761,1,1,2,9238,1,1,121.0,1,19,19,191,171,119.3,1,0,1,1,0,0,20,0,0,6,7,6,12.666666666666666,0,0,6,7,6,11.833333333333334,0,8.9,1.4,3.51,Graduate,Female,No,Yes,Up to Date,Yes,-0.83,0,1.0,1.0,12.17,0,1.0,0.83
EDU-001762,1,17,1,171,1,1,140.0,41,1,1,5,7,146.3,1,0,0,1,0,1,18,1,0,0,0,0,0.0,0,0,0,0,0,0.0,0,12.7,3.7,-1.7,Dropout,Female,Yes,No,Up to Date,Yes,0.0,0,0.0,0.0,0.0,0,0.0,0.0
EDU-001763,1,39,1,9773,1,1,130.0,1,1,19,1,3,161.5,0,0,0,1,1,0,36,0,0,6,7,6,15.285714285714286,0,0,6,6,6,16.5,0,10.8,1.4,1.74,Graduate,Male,No,No,Up to Date,No,1.21,0,1.0,1.0,16.01,0,1.0,1.21
EDU-001764,1,15,1,9147,1,1,140.0,26,37,2,6,4,140.0,0,0,1,1,1,0,19,1,0,5,12,3,10.5,0,0,5,8,4,11.25,0,12.4,0.5,1.79,Graduate,Male,No,Yes,Up to Date,No,0.75,1,0.6,0.8,8.76,0,0.83,0.75
EDU-001765,1,53,1,9147,1,42,140.0,1,1,1,6,6,142.2,0,0,0,1,1,1,21,0,6,11,11,11,12.636363636363637,0,3,9,11,9,12.6,0,8.9,1.4,3.51,Graduate,Male,Yes,No,Up to Date,No,-0.04,-2,1.0,1.0,12.61,0,1.83,0.04
EDU-001766,1,1,1,9147,1,1,140.0,1,19,38,9,9,129.2,1,0,0,1,0,0,26,0,0,5,6,0,0.0,0,0,5,0,0,0.0,0,15.5,2.8,-4.06,Dropout,Female,No,No,Up to Date,Yes,0.0,0,0.0,0.0,0.0,0,0.83,0.0
EDU-001767,1,39,1,9003,1,1,140.0,41,1,1,9,9,100.0,0,0,1,0,0,0,29,1,3,9,9,3,14.333333333333334,0,1,7,8,1,14.0,0,15.5,2.8,-4.06,Dropout,Female,No,Yes,In Arrears,No,-0.33,-2,0.3333,0.1429,2.02,1,1.5,0.33
EDU-001768,1,44,1,9254,1,39,170.0,1,19,2,9,3,170.0,0,0,0,0,1,0,26,0,2,8,14,8,15.125,0,1,6,12,6,13.666666666666666,0,11.1,0.6,2.02,Enrolled,Male,No,No,In Arrears,No,-1.46,-2,1.0,1.0,14.25,0,1.33,1.46
EDU-001769,1,7,1,9500,1,3,140.0,1,3,19,2,6,140.0,0,0,0,1,1,0,27,0,0,7,0,0,0.0,0,0,8,0,0,0.0,0,12.4,0.5,1.79,Dropout,Male,No,No,Up to Date,No,0.0,0,0.0,0.0,0.0,0,1.17,0.0
EDU-001770,1,51,1,9147,1,1,116.0,1,3,3,2,2,115.2,0,0,1,1,1,0,32,0,2,7,16,3,12.0,0,3,8,10,3,10.333333333333334,0,8.9,1.4,3.51,Enrolled,Male,No,Yes,Up to Date,No,-1.67,0,0.4286,0.375,4.12,0,1.17,1.67
EDU-001771,1,16,3,9853,1,1,134.0,1,37,19,9,5,121.4,1,0,0,1,0,1,23,0,0,6,10,4,14.25,1,0,6,8,5,12.0,0,7.6,2.6,0.32,Enrolled,Female,Yes,No,Up to Date,Yes,-2.25,1,0.6667,0.8333,10.75,0,1.0,2.25
EDU-001772,1,39,1,9147,1,1,133.1,41,38,38,9,8,134.8,0,0,0,1,0,0,24,1,0,5,12,2,10.5,0,0,5,9,4,10.0,2,16.2,0.3,-0.92,Enrolled,Female,No,No,Up to Date,No,-0.5,2,0.4,0.8,8.16,0,0.83,0.5
EDU-001773,1,1,2,9773,1,1,140.0,1,1,1,9,9,136.9,1,0,0,1,0,1,19,0,0,6,7,6,13.5,0,0,6,7,6,14.428571428571429,0,16.2,0.3,-0.92,Graduate,Female,Yes,No,Up to Date,Yes,0.93,0,1.0,1.0,14.06,0,1.0,0.93
EDU-001774,1,42,1,9003,1,1,140.0,1,19,19,4,4,140.0,1,0,0,1,1,0,25,0,0,6,14,5,11.666666666666666,0,0,6,11,4,12.0,0,15.5,2.8,-4.06,Enrolled,Male,No,No,Up to Date,Yes,0.33,-1,0.8333,0.6667,7.91,0,1.0,0.33
EDU-001775,1,17,6,9254,1,1,108.0,1,1,19,4,5,112.2,1,0,0,1,1,0,19,0,0,6,13,5,10.8,0,0,6,12,3,10.0,0,9.4,-0.8,-3.12,Enrolled,Male,No,No,Up to Date,Yes,-0.8,-2,0.8333,0.5,5.16,0,1.0,0.8
EDU-001776,1,1,3,9773,1,1,149.0,1,1,3,0,0,148.7,0,0,0,0,1,0,20,0,0,4,4,0,0.0,0,0,4,8,0,0.0,0,10.8,1.4,1.74,Dropout,Male,No,No,In Arrears,No,0.0,0,0.0,0.0,0.0,0,0.67,0.0
EDU-001777,2,1,1,9254,1,1,140.0,1,19,38,4,7,133.0,0,0,0,1,1,0,33,0,3,9,11,9,12.8,0,2,7,9,7,11.428571428571429,0,12.7,3.7,-1.7,Graduate,Male,No,No,Up to Date,No,-1.37,-2,1.0,1.0,11.98,0,1.5,1.37
EDU-001778,2,39,1,9991,0,1,140.0,1,37,12,9,9,150.0,0,0,1,1,1,0,35,0,0,5,6,5,10.8,0,0,5,7,5,12.0,2,9.4,-0.8,-3.12,Dropout,Male,No,Yes,Up to Date,No,1.2,0,1.0,1.0,11.52,0,0.83,1.2
EDU-001779,1,1,1,9147,1,1,133.1,1,37,38,7,7,98.0,1,0,0,1,1,0,23,0,0,5,8,4,11.4,0,0,5,7,4,11.0,0,11.1,0.6,2.02,Graduate,Male,No,No,Up to Date,Yes,-0.4,0,0.8,0.8,8.93,0,0.83,0.4
EDU-001780,1,1,1,9500,1,1,125.0,1,37,19,9,9,122.4,1,0,0,1,1,0,19,0,0,7,7,7,13.725714285714286,0,0,8,8,8,14.5,0,11.1,0.6,2.02,Graduate,Male,No,No,Up to Date,Yes,0.77,1,1.0,1.0,14.19,0,1.17,0.77
EDU-001781,1,1,1,9670,1,1,133.1,1,1,37,9,10,139.0,0,0,0,1,1,0,21,0,0,6,6,5,12.8,0,0,6,9,5,12.25,0,10.8,1.4,1.74,Enrolled,Male,No,No,Up to Date,No,-0.55,0,0.8333,0.8333,10.39,0,1.0,0.55
EDU-001782,1,1,5,9070,1,1,133.1,1,1,19,3,3,112.0,1,0,0,1,1,1,21,0,0,6,6,6,13.5,0,0,6,6,6,11.166666666666666,0,11.1,0.6,2.02,Graduate,Male,Yes,No,Up to Date,Yes,-2.33,0,1.0,1.0,12.1,0,1.0,2.33
EDU-001783,1,39,1,9500,1,1,130.0,1,37,37,3,7,143.8,0,0,0,1,1,0,27,0,0,8,8,7,15.57,0,0,8,8,7,15.57,0,10.8,1.4,1.74,Dropout,Male,No,No,Up to Date,No,0.0,0,0.875,0.875,13.62,0,1.33,0.0
EDU-001784,1,17,3,9147,1,1,122.0,1,3,38,123,171,116.1,1,0,1,1,1,0,19,0,0,5,10,4,11.0,0,0,5,13,2,12.0,0,8.9,1.4,3.51,Enrolled,Male,No,Yes,Up to Date,Yes,1.0,-2,0.8,0.4,4.64,0,0.83,1.0
EDU-001785,1,7,2,9500,1,3,140.0,1,37,38,9,9,138.0,0,0,0,1,1,0,28,0,0,7,7,7,14.114285714285714,0,0,8,9,8,15.91111111111111,0,16.2,0.3,-0.92,Dropout,Male,No,No,Up to Date,No,1.8,1,1.0,1.0,15.19,0,1.17,1.8
EDU-001786,1,43,1,9147,1,1,123.0,1,37,38,7,7,110.0,0,0,0,1,1,0,25,0,0,5,12,3,11.0,1,0,5,12,4,11.5,0,9.4,-0.8,-3.12,Enrolled,Male,No,No,Up to Date,No,0.5,1,0.6,0.8,9.04,0,0.83,0.5
EDU-001787,2,39,1,9238,1,19,133.1,1,37,37,9,4,103.5,0,0,0,1,1,0,42,0,0,6,0,0,0.0,0,0,6,0,0,0.0,0,15.5,2.8,-4.06,Dropout,Male,No,No,Up to Date,No,0.0,0,0.0,0.0,0.0,0,1.0,0.0
EDU-001788,1,7,1,9991,0,3,140.0,1,37,37,9,9,140.0,0,0,0,1,1,0,27,0,0,5,6,4,13.5,0,0,5,6,4,13.75,0,7.6,2.6,0.32,Graduate,Male,No,No,Up to Date,No,0.25,0,0.8,0.8,10.92,0,0.83,0.25
EDU-001789,1,1,1,9070,1,1,116.0,1,3,3,0,1,108.7,1,0,0,1,1,0,23,0,0,6,9,4,11.25,1,0,6,10,0,0.0,4,7.6,2.6,0.32,Dropout,Male,No,No,Up to Date,Yes,-11.25,-4,0.6667,0.0,0.0,0,1.0,11.25
EDU-001790,1,17,3,9254,1,1,118.0,1,19,1,4,4,115.9,1,0,0,1,1,1,18,0,0,6,7,6,12.142857142857142,0,0,6,8,6,11.333333333333334,0,8.9,1.4,3.51,Graduate,Male,Yes,No,Up to Date,Yes,-0.81,0,1.0,1.0,11.66,0,1.0,0.81
EDU-001791,2,39,1,9500,1,1,140.0,1,37,37,9,4,127.3,0,0,0,1,1,0,26,0,0,8,8,7,13.075714285714286,0,0,8,8,7,13.075714285714286,0,10.8,1.4,1.74,Graduate,Male,No,No,Up to Date,No,0.0,0,0.875,0.875,11.44,0,1.33,0.0
EDU-001792,1,1,4,9147,1,1,146.0,1,3,1,3,10,138.7,0,0,0,1,1,0,18,0,0,5,0,0,0.0,0,0,5,0,0,0.0,0,8.9,1.4,3.51,Dropout,Male,No,No,Up to Date,No,0.0,0,0.0,0.0,0.0,0,0.83,0.0
EDU-001793,1,39,1,9991,0,1,150.0,1,3,5,2,2,135.8,0,0,1,1,1,0,29,0,1,5,9,3,11.0,0,0,5,11,2,13.5,0,12.7,3.7,-1.7,Dropout,Male,No,Yes,Up to Date,No,2.5,-1,0.6,0.4,5.0,0,0.83,2.5
EDU-001794,1,17,1,9085,1,1,137.0,1,1,1,4,7,134.6,1,0,0,1,1,0,22,0,0,6,16,0,0.0,0,0,6,7,0,0.0,0,16.2,0.3,-0.92,Dropout,Male,No,No,Up to Date,Yes,0.0,0,0.0,0.0,0.0,0,1.0,0.0
EDU-001795,1,43,1,9500,1,1,136.0,1,19,37,173,183,118.4,1,0,0,1,0,0,21,0,0,7,12,4,13.125,0,0,7,8,6,12.333333333333334,0,13.9,-0.3,0.79,Enrolled,Female,No,No,Up to Date,Yes,-0.79,2,0.5714,0.8571,10.84,0,1.17,0.79
EDU-001796,1,1,3,9500,1,1,134.0,1,38,38,7,9,132.8,1,0,0,1,0,1,19,0,0,8,8,7,13.512857142857142,0,0,8,8,7,13.512857142857142,0,10.8,1.4,1.74,Graduate,Female,Yes,No,Up to Date,Yes,0.0,0,0.875,0.875,11.82,0,1.33,0.0
EDU-001797,1,1,1,9238,1,1,160.0,1,38,37,9,7,155.5,1,0,0,1,0,1,18,0,0,6,7,6,12.833333333333334,0,0,6,6,6,12.166666666666666,0,10.8,1.4,1.74,Graduate,Female,Yes,No,Up to Date,Yes,-0.67,0,1.0,1.0,12.43,0,1.0,0.67
EDU-001798,1,1,3,9085,1,1,126.0,1,38,1,9,9,132.0,1,0,0,1,0,1,18,0,0,5,8,3,15.0,2,0,5,9,3,11.666666666666666,0,9.4,-0.8,-3.12,Dropout,Female,Yes,No,Up to Date,Yes,-3.33,0,0.6,0.6,7.8,0,0.83,3.33
EDU-001799,1,39,1,9003,1,19,133.1,1,37,38,4,9,110.0,0,0,1,0,0,0,40,0,0,6,12,5,12.8,0,0,6,16,3,13.333333333333334,0,11.1,0.6,2.02,Dropout,Female,No,Yes,In Arrears,No,0.53,-2,0.8333,0.5,6.56,1,1.0,0.53
EDU-001800,1,17,3,9254,1,1,114.0,26,38,3,9,3,127.3,1,0,1,0,0,0,20,1,0,6,14,3,12.333333333333334,0,0,6,16,0,0.0,0,10.8,1.4,1.74,Dropout,Female,No,Yes,In Arrears,Yes,-12.33,-3,0.5,0.0,0.0,1,1.0,12.33
EDU-001801,1,1,3,9500,1,1,139.0,1,3,1,4,1,126.0,1,0,0,1,1,0,18,0,0,8,15,5,12.288,1,0,8,15,5,12.288,1,10.8,1.4,1.74,Dropout,Male,No,No,Up to Date,Yes,0.0,0,0.625,0.625,7.68,0,1.33,0.0
EDU-001802,1,43,2,8014,0,3,130.0,1,34,34,0,0,130.0,0,0,0,1,1,0,31,0,8,12,21,12,12.333333333333334,0,6,10,13,7,13.285714285714286,2,7.6,2.6,0.32,Graduate,Male,No,No,Up to Date,No,0.95,-5,1.0,0.7,9.03,0,2.0,0.95
EDU-001803,1,1,2,9147,1,1,131.0,1,1,1,9,9,118.8,0,0,0,1,1,1,18,0,0,5,9,4,11.5,0,0,5,5,5,12.8,0,12.4,0.5,1.79,Graduate,Male,Yes,No,Up to Date,No,1.3,1,0.8,1.0,12.28,0,0.83,1.3
EDU-001804,1,43,2,9670,1,1,130.0,1,19,1,4,4,127.6,1,0,0,1,1,0,22,0,4,6,6,6,11.833333333333334,0,0,6,11,4,11.142857142857142,0,10.8,1.4,1.74,Dropout,Male,No,No,Up to Date,Yes,-0.69,-2,1.0,0.6667,7.61,0,1.0,0.69
EDU-001805,1,51,1,9147,1,19,133.1,1,19,19,9,5,112.1,0,0,1,0,1,0,38,0,0,5,5,0,0.0,0,0,5,5,0,0.0,0,8.9,1.4,3.51,Dropout,Male,No,Yes,In Arrears,No,0.0,0,0.0,0.0,0.0,1,0.83,0.0
EDU-001806,1,43,1,9991,0,3,130.0,1,3,1,2,9,130.0,0,0,0,1,1,0,33,0,0,5,5,0,0.0,0,0,5,5,0,0.0,0,12.7,3.7,-1.7,Dropout,Male,No,No,Up to Date,No,0.0,0,0.0,0.0,0.0,0,0.83,0.0
EDU-001807,1,1,3,9119,1,1,117.0,1,1,1,3,5,111.1,0,0,0,1,1,1,19,0,0,5,10,5,11.8,0,0,5,12,3,11.5,0,11.1,0.6,2.02,Enrolled,Male,Yes,No,Up to Date,No,-0.3,-2,1.0,0.6,6.97,0,0.83,0.3
EDU-001808,1,17,1,9670,1,1,127.0,1,3,3,1,1,121.4,0,0,0,1,1,0,18,0,0,6,0,0,0.0,0,0,6,0,0,0.0,0,15.5,2.8,-4.06,Dropout,Male,No,No,Up to Date,No,0.0,0,0.0,0.0,0.0,0,1.0,0.0
EDU-001809,1,1,5,9119,1,1,131.0,1,1,19,4,7,126.8,0,0,0,0,1,1,18,0,0,5,6,5,12.2,0,0,5,8,4,12.0,0,8.9,1.4,3.51,Enrolled,Male,Yes,No,In Arrears,No,-0.2,-1,1.0,0.8,9.66,0,0.83,0.2
EDU-001810,1,51,1,9991,0,1,134.0,1,1,1,5,3,120.6,1,0,0,1,1,0,27,0,2,6,6,6,12.333333333333334,0,0,5,5,5,13.0,0,11.1,0.6,2.02,Graduate,Male,No,No,Up to Date,Yes,0.67,-1,1.0,1.0,12.73,0,1.0,0.67
EDU-001811,1,39,1,9254,1,1,130.0,1,37,37,9,9,126.5,0,0,0,1,1,0,26,0,0,6,7,6,12.428571428571429,0,0,6,6,6,12.833333333333334,0,7.6,2.6,0.32,Graduate,Male,No,No,Up to Date,No,0.4,0,1.0,1.0,12.67,0,1.0,0.4
EDU-001812,1,1,6,9500,1,1,127.0,1,1,19,3,3,120.2,1,0,0,1,0,1,19,0,0,7,7,7,12.765714285714289,0,0,8,9,8,13.544444444444444,0,12.4,0.5,1.79,Graduate,Female,Yes,No,Up to Date,Yes,0.78,1,1.0,1.0,13.23,0,1.17,0.78
EDU-001813,2,51,1,9500,1,1,130.0,1,37,37,5,5,120.0,0,0,0,1,1,0,44,0,0,7,11,5,12.1,0,0,7,10,5,12.6,0,11.1,0.6,2.02,Dropout,Male,No,No,Up to Date,No,0.5,0,0.7143,0.7143,8.86,0,1.17,0.5
EDU-001814,1,1,2,9147,1,1,142.0,1,37,38,9,9,137.5,1,0,0,1,1,0,19,0,0,5,10,5,12.0,0,0,5,9,5,11.5,0,13.9,-0.3,0.79,Graduate,Male,No,No,Up to Date,Yes,-0.5,0,1.0,1.0,11.7,0,0.83,0.5
EDU-001815,1,18,1,9070,1,1,117.0,1,1,37,4,7,127.9,1,0,0,1,1,0,20,0,0,6,6,0,0.0,0,0,6,6,0,0.0,0,9.4,-0.8,-3.12,Dropout,Male,No,No,Up to Date,Yes,0.0,0,0.0,0.0,0.0,0,1.0,0.0
EDU-001816,1,39,1,9003,1,19,133.1,1,19,37,1,1,140.0,0,0,1,1,1,0,24,0,0,6,10,6,14.88888888888889,0,0,6,11,6,13.727272727272728,0,16.2,0.3,-0.92,Enrolled,Male,No,Yes,Up to Date,No,-1.16,0,1.0,1.0,14.19,0,1.0,1.16
EDU-001817,4,43,1,9991,0,1,164.0,1,37,37,6,6,131.8,0,0,0,1,0,0,31,0,7,14,19,13,11.357142857142858,0,9,14,14,13,12.0,1,9.4,-0.8,-3.12,Graduate,Female,No,No,Up to Date,No,0.64,0,0.9286,0.9286,10.9,0,2.33,0.64
EDU-001818,1,43,1,9070,1,1,130.0,1,37,37,9,9,129.0,1,0,0,1,0,0,25,0,0,6,6,6,13.5,0,0,6,6,6,12.5,0,9.4,-0.8,-3.12,Graduate,Female,No,No,Up to Date,Yes,-1.0,0,1.0,1.0,12.9,0,1.0,1.0
EDU-001819,1,17,4,9773,1,1,127.0,1,2,37,9,9,115.8,1,0,1,0,0,0,19,0,0,6,6,0,0.0,0,0,6,0,0,0.0,0,8.9,1.4,3.51,Dropout,Female,No,Yes,In Arrears,Yes,0.0,0,0.0,0.0,0.0,1,1.0,0.0
EDU-001820,1,17,3,9500,1,1,140.0,1,3,2,3,3,126.4,1,0,0,1,0,0,18,0,0,7,7,7,13.884285714285712,0,0,8,9,8,14.75,0,11.1,0.6,2.02,Dropout,Female,No,No,Up to Date,Yes,0.87,1,1.0,1.0,14.4,0,1.17,0.87
EDU-001821,1,43,1,9085,1,1,130.0,1,19,38,4,9,130.0,1,0,0,0,0,0,19,0,0,6,12,5,13.0,0,0,6,12,3,11.666666666666666,0,13.9,-0.3,0.79,Enrolled,Female,No,No,In Arrears,Yes,-1.33,-2,0.8333,0.5,6.1,0,1.0,1.33
EDU-001822,1,1,3,9500,1,1,122.0,1,3,1,4,3,114.8,1,0,0,1,0,1,19,0,0,7,11,4,12.65,0,0,7,9,5,11.1,0,12.4,0.5,1.79,Enrolled,Female,Yes,No,Up to Date,Yes,-1.55,1,0.5714,0.7143,8.37,0,1.17,1.55
EDU-001823,1,17,1,9147,1,1,162.0,1,1,38,4,5,138.6,1,0,0,1,0,0,19,0,0,5,10,1,11.0,0,0,5,13,0,0.0,0,12.7,3.7,-1.7,Enrolled,Female,No,No,Up to Date,Yes,-11.0,-1,0.2,0.0,0.0,0,0.83,11.0
EDU-001824,1,39,1,9670,1,1,133.1,1,1,1,4,4,112.9,0,0,0,1,0,0,24,0,0,6,12,2,11.666666666666666,0,0,6,20,2,10.5,6,16.2,0.3,-0.92,Dropout,Female,No,No,Up to Date,No,-1.17,0,0.3333,0.3333,3.66,0,1.0,1.17
EDU-001825,1,1,1,9238,1,1,120.0,1,3,3,3,3,111.6,0,0,0,1,0,0,20,0,0,6,6,6,14.5,0,0,6,6,6,12.666666666666666,0,12.4,0.5,1.79,Graduate,Female,No,No,Up to Date,No,-1.83,0,1.0,1.0,13.4,0,1.0,1.83
EDU-001826,1,17,1,9254,1,1,160.0,1,19,37,5,3,152.0,0,0,0,1,0,0,18,0,0,6,7,6,14.714285714285714,0,0,6,7,6,14.166666666666666,0,12.7,3.7,-1.7,Graduate,Female,No,No,Up to Date,No,-0.55,0,1.0,1.0,14.39,0,1.0,0.55
EDU-001827,1,1,1,9238,1,1,141.0,1,38,1,5,7,132.6,0,0,0,1,0,1,18,0,0,6,7,6,13.285714285714286,0,0,6,6,6,14.333333333333334,0,12.4,0.5,1.79,Graduate,Female,Yes,No,Up to Date,No,1.05,0,1.0,1.0,13.91,0,1.0,1.05
EDU-001828,1,17,1,9085,1,1,125.0,1,1,38,4,9,118.4,1,0,0,1,0,0,21,0,0,5,13,3,11.333333333333334,2,0,5,12,2,10.5,1,9.4,-0.8,-3.12,Enrolled,Female,No,No,Up to Date,Yes,-0.83,-1,0.6,0.4,4.33,0,0.83,0.83
EDU-001829,1,7,1,9500,1,3,120.0,1,37,37,4,5,120.0,0,0,1,0,0,0,28,0,0,7,7,0,0.0,7,0,7,7,0,0.0,7,13.9,-0.3,0.79,Dropout,Female,No,Yes,In Arrears,No,0.0,0,0.0,0.0,0.0,1,1.17,0.0
EDU-001830,1,1,1,9147,1,1,128.0,1,38,37,5,6,122.1,0,0,0,1,0,1,18,0,0,5,11,4,11.571428571428571,0,0,5,9,5,12.0,0,13.9,-0.3,0.79,Enrolled,Female,Yes,No,Up to Date,No,0.43,1,0.8,1.0,11.83,0,0.83,0.43
EDU-001831,1,1,1,9853,1,1,162.0,1,37,19,9,8,142.8,0,0,1,1,0,0,18,0,0,6,10,5,13.0,0,0,6,10,4,11.5,0,12.7,3.7,-1.7,Dropout,Female,No,Yes,Up to Date,No,-1.5,-1,0.8333,0.6667,8.07,0,1.0,1.5
EDU-001832,1,1,1,9238,1,1,130.0,1,1,1,4,4,124.8,0,0,0,1,0,1,18,0,0,6,9,6,11.5,0,0,6,11,5,14.0,0,11.1,0.6,2.02,Graduate,Female,Yes,No,Up to Date,No,2.5,-1,1.0,0.8333,10.83,0,1.0,2.5
EDU-001833,1,17,2,9147,1,1,134.0,1,37,19,9,8,126.3,1,0,0,1,0,1,18,0,0,5,8,5,11.8,0,0,5,10,5,11.6,3,16.2,0.3,-0.92,Graduate,Female,Yes,No,Up to Date,Yes,-0.2,0,1.0,1.0,11.68,0,0.83,0.2
EDU-001834,1,1,1,9147,1,1,133.1,1,19,19,9,9,119.0,1,0,0,0,0,1,19,0,0,5,7,3,10.666666666666666,0,0,5,10,3,12.285714285714286,0,10.8,1.4,1.74,Dropout,Female,Yes,No,In Arrears,Yes,1.62,0,0.6,0.6,6.98,0,0.83,1.62
EDU-001835,1,17,1,9500,1,1,137.0,1,19,38,3,9,124.9,0,0,0,1,0,1,19,0,0,7,11,6,13.8875,0,0,8,9,8,14.864444444444445,0,15.5,2.8,-4.06,Graduate,Female,Yes,No,Up to Date,No,0.98,2,0.8571,1.0,14.47,0,1.17,0.98
EDU-001836,1,1,1,9238,1,1,133.1,1,38,38,191,192,118.0,0,0,1,1,0,1,20,0,0,6,7,5,11.4,0,0,6,9,6,11.5,0,8.9,1.4,3.51,Graduate,Female,Yes,Yes,Up to Date,No,0.1,1,0.8333,1.0,11.46,0,1.0,0.1
EDU-001837,2,43,1,8014,0,1,110.0,1,37,19,9,3,100.0,0,0,0,1,0,0,34,0,9,11,17,9,12.333333333333334,0,3,7,12,7,12.142857142857142,0,9.4,-0.8,-3.12,Graduate,Female,No,No,Up to Date,No,-0.19,-2,0.8182,1.0,12.22,0,1.83,0.19
EDU-001838,2,39,1,9500,1,1,133.1,1,37,37,9,9,109.0,1,0,0,1,0,0,39,0,0,7,8,5,12.16,0,0,7,8,5,12.16,0,7.6,2.6,0.32,Enrolled,Female,No,No,Up to Date,Yes,0.0,0,0.7143,0.7143,8.69,0,1.17,0.0
EDU-001839,1,17,3,9500,1,1,133.0,1,3,19,2,5,130.8,1,0,0,1,0,0,19,0,0,8,8,8,13.427499999999998,0,0,8,8,8,13.427499999999998,0,9.4,-0.8,-3.12,Graduate,Female,No,No,Up to Date,Yes,0.0,0,1.0,1.0,13.43,0,1.33,0.0
EDU-001840,1,39,1,9070,1,1,130.0,1,1,19,4,4,110.0,1,0,0,1,0,0,24,0,0,6,6,6,15.166666666666666,0,0,6,6,2,15.5,0,15.5,2.8,-4.06,Graduate,Female,No,No,Up to Date,Yes,0.33,-4,1.0,0.3333,5.12,0,1.0,0.33
EDU-001841,1,10,1,9773,1,1,151.0,22,38,37,0,5,151.0,1,0,0,1,0,0,18,1,0,6,12,0,0.0,1,0,6,0,0,0.0,0,9.4,-0.8,-3.12,Dropout,Female,No,No,Up to Date,Yes,0.0,0,0.0,0.0,0.0,0,1.0,0.0
EDU-001842,1,17,1,9130,1,1,125.0,1,19,19,3,10,131.0,1,0,0,1,1,0,19,0,0,5,11,2,10.5,2,0,5,9,0,0.0,3,10.8,1.4,1.74,Dropout,Male,No,No,Up to Date,Yes,-10.5,-2,0.4,0.0,0.0,0,0.83,10.5
EDU-001843,1,1,1,9147,1,1,158.0,1,1,38,3,6,155.2,0,0,0,1,1,1,18,0,0,5,5,5,11.8,0,0,5,8,3,11.0,0,9.4,-0.8,-3.12,Graduate,Male,Yes,No,Up to Date,No,-0.8,-2,1.0,0.6,6.79,0,0.83,0.8
EDU-001844,1,1,2,9147,1,1,128.0,1,3,1,3,3,121.0,1,1,1,1,1,0,20,0,0,5,6,5,13.2,0,0,5,10,5,11.4,3,16.2,0.3,-0.92,Enrolled,Male,No,Yes,Up to Date,Yes,-1.8,0,1.0,1.0,12.12,0,0.83,1.8
EDU-001845,1,1,6,9500,1,1,133.0,1,1,1,9,9,119.7,1,1,1,1,1,0,19,0,2,7,8,7,13.075,0,1,8,11,8,12.36111111111111,0,12.4,0.5,1.79,Graduate,Male,No,Yes,Up to Date,Yes,-0.71,1,1.0,1.0,12.65,0,1.17,0.71
EDU-001846,1,1,1,9130,1,1,138.0,1,3,19,2,4,131.0,1,0,0,1,1,0,19,0,0,6,8,4,11.6,0,0,6,14,2,13.0,0,11.1,0.6,2.02,Dropout,Male,No,No,Up to Date,Yes,1.4,-2,0.6667,0.3333,4.15,0,1.0,1.4
EDU-001847,1,17,1,9003,1,1,126.0,1,37,3,5,2,116.9,0,0,0,1,1,0,19,0,0,6,10,6,13.666666666666666,0,0,6,10,4,12.25,0,13.9,-0.3,0.79,Dropout,Male,No,No,Up to Date,No,-1.42,-2,1.0,0.6667,8.54,0,1.0,1.42
EDU-001848,2,39,1,9991,0,1,140.0,1,36,14,9,10,130.0,1,0,0,1,1,0,41,0,0,5,9,4,10.75,0,0,5,7,2,10.0,0,9.4,-0.8,-3.12,Dropout,Male,No,No,Up to Date,Yes,-0.75,-2,0.8,0.4,4.12,0,0.83,0.75
EDU-001849,1,1,2,9500,1,1,143.0,1,5,5,2,2,137.8,0,0,0,1,1,0,19,0,0,7,10,6,13.492857142857144,0,0,8,9,8,12.68888888888889,0,12.4,0.5,1.79,Graduate,Male,No,No,Up to Date,No,-0.8,2,0.8571,1.0,13.01,0,1.17,0.8
EDU-001850,1,43,3,9254,1,1,135.0,1,3,3,2,2,122.1,0,0,0,1,1,0,19,0,0,6,14,3,12.5,0,0,6,9,4,11.0,0,12.7,3.7,-1.7,Enrolled,Male,No,No,Up to Date,No,-1.5,1,0.5,0.6667,7.73,0,1.0,1.5
EDU-001851,1,7,1,9500,1,3,120.0,1,1,1,7,10,120.0,1,0,0,0,1,0,23,0,0,7,0,0,0.0,0,0,8,0,0,0.0,0,12.7,3.7,-1.7,Dropout,Male,No,No,In Arrears,Yes,0.0,0,0.0,0.0,0.0,0,1.17,0.0
EDU-001852,1,1,1,9119,1,1,148.0,1,19,38,9,7,133.0,0,0,0,1,1,0,18,0,0,5,12,5,13.285714285714286,0,0,5,16,5,14.8,0,12.4,0.5,1.79,Dropout,Male,No,No,Up to Date,No,1.51,0,1.0,1.0,14.19,0,0.83,1.51
EDU-001853,1,1,1,9147,1,1,126.0,1,3,19,3,3,115.2,0,0,0,1,1,0,19,0,0,5,6,5,12.6,0,0,5,13,5,11.8,5,16.2,0.3,-0.92,Graduate,Male,No,No,Up to Date,No,-0.8,0,1.0,1.0,12.12,0,0.83,0.8
EDU-001854,1,44,1,9003,1,39,160.0,1,3,3,2,10,160.0,1,0,0,1,1,0,20,0,0,6,7,6,14.0,0,0,6,7,6,14.666666666666666,0,12.4,0.5,1.79,Graduate,Male,No,No,Up to Date,Yes,0.67,0,1.0,1.0,14.4,0,1.0,0.67
EDU-001855,1,39,1,9085,1,1,140.0,1,37,37,90,90,106.3,0,0,1,0,1,0,35,0,0,5,7,2,11.5,0,0,5,8,2,10.5,0,7.6,2.6,0.32,Dropout,Male,No,Yes,In Arrears,No,-1.0,0,0.4,0.4,4.36,1,0.83,1.0
EDU-001856,4,39,2,9670,1,19,133.1,1,19,1,90,90,103.0,0,0,0,0,1,0,34,0,0,6,6,0,0.0,0,0,6,9,0,0.0,0,10.8,1.4,1.74,Dropout,Male,No,No,In Arrears,No,0.0,0,0.0,0.0,0.0,0,1.0,0.0
EDU-001857,1,1,1,9070,1,1,136.0,1,3,3,9,9,136.0,1,0,1,0,0,1,19,0,0,6,6,6,11.833333333333334,0,0,6,8,6,12.875,0,10.8,1.4,1.74,Graduate,Female,Yes,Yes,In Arrears,Yes,1.04,0,1.0,1.0,12.46,1,1.0,1.04
EDU-001858,1,15,1,9238,1,1,150.0,26,19,1,9,9,146.5,1,0,1,0,1,0,22,1,0,6,10,5,11.5,0,0,6,8,5,12.4,0,13.9,-0.3,0.79,Graduate,Male,No,Yes,In Arrears,Yes,0.9,0,0.8333,0.8333,10.03,1,1.0,0.9
EDU-001859,1,17,3,9070,1,1,130.0,1,1,4,4,2,131.4,0,0,0,1,1,0,20,0,0,6,6,6,14.166666666666666,0,0,6,8,6,12.333333333333334,0,11.1,0.6,2.02,Graduate,Male,No,No,Up to Date,No,-1.83,0,1.0,1.0,13.07,0,1.0,1.83
EDU-001860,2,42,1,9991,0,1,130.0,1,3,2,2,2,130.0,0,0,0,1,1,0,27,0,2,2,2,2,12.5,0,0,5,6,2,12.5,0,12.7,3.7,-1.7,Enrolled,Male,No,No,Up to Date,No,0.0,0,1.0,0.4,5.0,0,0.33,0.0
EDU-001861,2,39,1,9119,1,1,110.0,1,19,19,0,5,137.0,0,0,1,1,1,0,30,0,0,5,5,0,0.0,0,0,5,5,0,0.0,0,7.6,2.6,0.32,Dropout,Male,No,Yes,Up to Date,No,0.0,0,0.0,0.0,0.0,0,0.83,0.0
EDU-001862,1,39,1,9119,1,1,110.0,1,1,1,4,4,125.9,0,0,0,1,1,0,34,0,0,5,7,0,0.0,0,0,5,8,1,11.0,0,10.8,1.4,1.74,Enrolled,Male,No,No,Up to Date,No,11.0,1,0.0,0.2,1.32,0,0.83,11.0
EDU-001863,1,1,1,9254,1,1,121.0,1,1,1,5,4,111.9,1,0,0,0,1,0,20,0,0,6,14,2,10.5,0,0,6,16,0,0.0,0,10.8,1.4,1.74,Dropout,Male,No,No,In Arrears,Yes,-10.5,-2,0.3333,0.0,0.0,0,1.0,10.5
EDU-001864,1,17,1,9070,1,1,127.0,1,37,38,9,5,131.2,1,0,0,1,1,0,18,0,0,6,6,6,11.833333333333334,0,0,6,6,6,13.166666666666666,0,7.6,2.6,0.32,Graduate,Male,No,No,Up to Date,Yes,1.33,0,1.0,1.0,12.63,0,1.0,1.33
EDU-001865,1,1,1,9130,1,1,140.0,1,9,19,4,4,131.2,0,0,0,1,1,1,26,0,0,5,9,0,0.0,0,0,5,6,0,0.0,0,7.6,2.6,0.32,Dropout,Male,Yes,No,Up to Date,No,0.0,0,0.0,0.0,0.0,0,0.83,0.0
EDU-001866,1,39,1,9991,0,1,130.0,1,1,1,3,7,140.0,0,0,0,1,1,0,26,0,0,5,5,5,12.4,0,0,5,5,5,12.4,0,15.5,2.8,-4.06,Graduate,Male,No,No,Up to Date,No,0.0,0,1.0,1.0,12.4,0,0.83,0.0
EDU-001867,1,39,2,9147,1,1,130.0,1,19,19,5,9,121.5,0,0,0,0,1,0,26,0,0,5,5,2,10.5,0,0,5,9,0,0.0,0,10.8,1.4,1.74,Dropout,Male,No,No,In Arrears,No,-10.5,-2,0.4,0.0,0.0,0,0.83,10.5
EDU-001868,1,39,1,9991,0,1,100.0,1,37,37,9,6,153.5,0,0,1,0,1,0,31,0,0,5,9,0,0.0,0,0,5,6,0,0.0,0,12.4,0.5,1.79,Dropout,Male,No,Yes,In Arrears,No,0.0,0,0.0,0.0,0.0,1,0.83,0.0
EDU-001869,1,1,3,171,1,1,139.0,1,37,19,9,8,142.2,1,0,0,1,1,1,20,0,6,12,12,12,14.583333333333334,0,4,11,14,11,14.333333333333334,0,8.9,1.4,3.51,Graduate,Male,Yes,No,Up to Date,Yes,-0.25,-1,1.0,1.0,14.43,0,2.0,0.25
EDU-001870,1,1,1,9773,1,1,150.0,1,19,11,0,0,131.1,1,0,0,1,1,0,19,0,0,6,6,6,11.666666666666666,0,0,6,10,3,12.666666666666666,0,7.6,2.6,0.32,Graduate,Male,No,No,Up to Date,Yes,1.0,-3,1.0,0.5,6.13,0,1.0,1.0
EDU-001871,1,17,1,9670,1,1,133.1,1,34,3,7,2,130.6,1,0,1,0,1,0,23,0,0,5,5,0,0.0,0,0,5,5,0,0.0,0,7.6,2.6,0.32,Dropout,Male,No,Yes,In Arrears,Yes,0.0,0,0.0,0.0,0.0,1,0.83,0.0
EDU-001872,1,1,6,9500,1,1,119.0,1,1,1,4,4,115.0,1,0,0,1,1,1,20,0,0,7,14,1,13.0,0,0,7,15,0,0.0,0,11.1,0.6,2.02,Dropout,Male,Yes,No,Up to Date,Yes,-13.0,-1,0.1429,0.0,0.0,0,1.17,13.0
EDU-001873,1,51,1,9500,1,1,170.0,1,1,1,4,10,125.0,0,0,0,1,1,0,20,0,0,7,7,7,15.66,0,7,10,11,9,15.011111111111113,0,11.1,0.6,2.02,Graduate,Male,No,No,Up to Date,No,-0.65,2,1.0,0.9,13.74,0,1.17,0.65
EDU-001874,1,39,1,8014,0,1,133.1,1,34,34,0,0,97.5,1,0,0,1,1,0,29,0,0,6,10,0,0.0,1,0,5,10,0,0.0,0,7.6,2.6,0.32,Dropout,Male,No,No,Up to Date,Yes,0.0,0,0.0,0.0,0.0,0,1.0,0.0
EDU-001875,1,1,4,9773,1,1,133.0,1,19,19,7,7,134.4,1,0,0,1,1,1,20,0,0,6,6,6,12.166666666666666,0,0,6,8,4,12.75,0,9.4,-0.8,-3.12,Graduate,Male,Yes,No,Up to Date,Yes,0.58,-2,1.0,0.6667,8.34,0,1.0,0.58
EDU-001876,1,1,1,9500,1,1,125.0,1,37,37,9,9,118.8,0,0,0,1,1,0,24,0,0,7,7,6,13.3,0,0,7,7,6,13.3,0,7.6,2.6,0.32,Graduate,Male,No,No,Up to Date,No,0.0,0,0.8571,0.8571,11.4,0,1.17,0.0
EDU-001877,1,39,1,9556,1,19,133.1,1,42,1,3,7,110.5,0,0,0,1,1,0,37,0,0,7,15,0,0.0,0,0,7,13,0,0.0,1,11.1,0.6,2.02,Dropout,Male,No,No,Up to Date,No,0.0,0,0.0,0.0,0.0,0,1.17,0.0
EDU-001878,1,1,5,9500,1,1,143.0,1,37,19,4,4,123.3,1,0,0,1,1,0,18,0,0,7,0,0,0.0,0,0,8,0,0,0.0,0,7.6,2.6,0.32,Dropout,Male,No,No,Up to Date,Yes,0.0,0,0.0,0.0,0.0,0,1.17,0.0
EDU-001879,1,1,2,171,1,1,127.0,1,2,19,5,5,139.6,1,0,1,0,1,1,18,0,0,0,0,0,0.0,0,0,0,0,0,0.0,0,13.9,-0.3,0.79,Dropout,Male,Yes,Yes,In Arrears,Yes,0.0,0,0.0,0.0,0.0,1,0.0,0.0
EDU-001880,1,17,1,9500,1,1,157.0,1,19,3,4,9,138.8,0,0,0,1,1,0,18,0,0,8,8,7,13.55714285714286,0,0,8,8,7,13.55714285714286,0,12.7,3.7,-1.7,Graduate,Male,No,No,Up to Date,No,0.0,0,0.875,0.875,11.86,0,1.33,0.0
EDU-001881,2,44,1,9119,1,39,160.0,1,37,37,9,9,160.0,0,0,1,1,1,0,41,0,3,7,15,5,14.333333333333334,0,1,6,16,6,14.636363636363637,0,12.4,0.5,1.79,Enrolled,Male,No,Yes,Up to Date,No,0.3,1,0.7143,1.0,14.52,0,1.17,0.3
EDU-001882,1,39,1,9003,1,1,140.0,1,37,37,9,4,140.0,0,0,0,1,1,0,35,0,0,6,16,4,12.0,0,0,6,11,3,10.333333333333334,0,13.9,-0.3,0.79,Dropout,Male,No,No,Up to Date,No,-1.67,-1,0.6667,0.5,5.5,0,1.0,1.67
EDU-001883,1,17,1,9254,1,1,128.0,1,19,38,9,9,118.2,0,0,0,1,0,0,19,0,0,5,5,0,0.0,0,0,6,0,0,0.0,0,8.9,1.4,3.51,Dropout,Female,No,No,Up to Date,No,0.0,0,0.0,0.0,0.0,0,0.83,0.0
EDU-001884,1,1,1,171,1,1,145.0,1,1,19,10,5,150.6,1,0,0,1,1,0,18,0,0,0,0,0,0.0,0,0,0,0,0,0.0,0,10.8,1.4,1.74,Graduate,Male,No,No,Up to Date,Yes,0.0,0,0.0,0.0,0.0,0,0.0,0.0
EDU-001885,2,39,1,9500,1,1,133.1,1,37,37,191,172,115.2,0,0,0,1,0,0,48,0,0,7,11,4,11.75,0,0,7,14,3,11.725,0,11.1,0.6,2.02,Enrolled,Female,No,No,Up to Date,No,-0.03,-1,0.5714,0.4286,5.03,0,1.17,0.03
EDU-001886,1,1,1,9500,1,1,132.0,1,19,2,9,3,126.0,1,0,0,1,0,0,19,0,0,7,7,6,12.183333333333332,0,0,7,7,6,12.183333333333332,0,7.6,2.6,0.32,Graduate,Female,No,No,Up to Date,Yes,0.0,0,0.8571,0.8571,10.44,0,1.17,0.0
EDU-001887,1,44,1,9003,1,39,160.0,1,37,37,9,7,160.0,1,0,0,0,1,0,30,0,4,9,18,6,11.833333333333334,0,1,8,21,4,11.0,0,15.5,2.8,-4.06,Dropout,Male,No,No,In Arrears,Yes,-0.83,-2,0.6667,0.5,5.67,0,1.5,0.83
EDU-001888,2,43,1,9773,1,1,160.0,1,37,37,5,0,160.0,0,0,1,0,1,0,51,0,0,4,4,0,0.0,0,0,4,4,0,0.0,0,12.7,3.7,-1.7,Dropout,Male,No,Yes,In Arrears,No,0.0,0,0.0,0.0,0.0,1,0.67,0.0
EDU-001889,1,10,1,9085,1,1,184.4,22,2,19,2,8,184.4,0,0,0,1,0,0,18,1,0,6,8,6,15.0,0,0,6,10,5,14.333333333333334,0,11.1,0.6,2.02,Graduate,Female,No,No,Up to Date,No,-0.67,-1,1.0,0.8333,12.17,0,1.0,0.67
EDU-001890,1,1,1,171,1,1,149.0,1,1,1,9,3,156.0,1,0,0,1,0,0,18,0,0,0,0,0,0.0,0,0,0,0,0,0.0,0,10.8,1.4,1.74,Graduate,Female,No,No,Up to Date,Yes,0.0,0,0.0,0.0,0.0,0,0.0,0.0
EDU-001891,1,1,1,171,1,1,146.0,1,40,43,4,4,150.2,1,0,0,1,0,0,18,0,0,0,0,0,0.0,0,0,0,0,0,0.0,0,11.1,0.6,2.02,Graduate,Female,No,No,Up to Date,Yes,0.0,0,0.0,0.0,0.0,0,0.0,0.0
EDU-001892,1,1,5,9500,1,1,139.0,1,38,37,7,7,126.3,1,0,0,1,0,1,18,0,0,8,8,8,13.435,0,0,8,8,8,13.435,0,9.4,-0.8,-3.12,Graduate,Female,Yes,No,Up to Date,Yes,0.0,0,1.0,1.0,13.44,0,1.33,0.0
EDU-001893,1,1,1,9130,1,1,152.0,1,2,22,4,3,146.1,1,0,0,1,0,0,18,0,0,5,8,4,13.5,2,0,5,9,0,0.0,3,10.8,1.4,1.74,Dropout,Female,No,No,Up to Date,Yes,-13.5,-4,0.8,0.0,0.0,0,0.83,13.5
EDU-001894,1,1,1,171,1,1,147.0,1,2,3,4,8,145.3,1,0,0,1,0,0,18,0,0,0,0,0,0.0,0,0,0,0,0,0.0,0,12.4,0.5,1.79,Enrolled,Female,No,No,Up to Date,Yes,0.0,0,0.0,0.0,0.0,0,0.0,0.0
EDU-001895,1,18,1,171,1,1,121.0,1,1,1,4,3,116.8,1,0,0,1,0,0,23,0,15,17,18,17,11.5,0,16,17,17,17,12.176470588235292,0,12.4,0.5,1.79,Graduate,Female,No,No,Up to Date,Yes,0.68,0,1.0,1.0,11.91,0,2.83,0.68
EDU-001896,1,1,1,9070,1,1,124.0,1,19,19,7,9,132.1,1,0,0,1,0,0,19,0,0,6,10,2,10.5,0,0,6,6,3,11.0,0,7.6,2.6,0.32,Enrolled,Female,No,No,Up to Date,Yes,0.5,1,0.3333,0.5,5.4,0,1.0,0.5
EDU-001897,1,1,1,9085,1,1,105.0,1,19,37,8,8,102.6,0,1,0,1,0,0,21,0,0,6,13,4,12.0,0,0,6,17,2,11.5,0,11.1,0.6,2.02,Enrolled,Female,No,No,Up to Date,No,-0.5,-2,0.6667,0.3333,3.9,0,1.0,0.5
EDU-001898,1,1,1,9773,1,1,121.0,1,3,3,2,2,112.3,1,0,1,0,0,0,18,0,0,6,7,5,12.2,0,0,6,11,4,11.5,0,11.1,0.6,2.02,Dropout,Female,No,Yes,In Arrears,Yes,-0.7,-1,0.8333,0.6667,7.85,1,1.0,0.7
EDU-001899,1,1,1,171,1,1,143.0,1,12,12,4,1,155.3,1,1,0,1,0,0,18,0,0,0,0,0,0.0,0,0,0,0,0,0.0,0,11.1,0.6,2.02,Graduate,Female,No,No,Up to Date,Yes,0.0,0,0.0,0.0,0.0,0,0.0,0.0
EDU-001900,1,53,1,9085,1,42,150.0,1,3,1,2,8,153.8,1,0,0,1,0,0,21,0,7,11,15,10,14.5,0,4,9,15,8,14.0,0,8.9,1.4,3.51,Graduate,Female,No,No,Up to Date,Yes,-0.5,-2,0.9091,0.8889,12.62,0,1.83,0.5
EDU-001901,1,43,1,9773,1,1,126.0,1,1,37,3,0,110.0,0,0,1,1,0,0,20,0,0,6,7,6,13.333333333333334,0,0,6,8,6,12.666666666666666,0,12.4,0.5,1.79,Graduate,Female,No,Yes,Up to Date,No,-0.67,0,1.0,1.0,12.93,0,1.0,0.67
EDU-001902,1,42,1,9085,1,1,133.1,1,1,9,4,4,128.2,0,0,0,1,0,0,24,0,5,11,29,9,12.0,6,4,10,21,9,12.555555555555555,0,9.4,-0.8,-3.12,Graduate,Female,No,No,Up to Date,No,0.56,0,0.8182,0.9,11.1,0,1.83,0.56
EDU-001903,1,1,1,9130,1,1,127.0,1,1,1,4,4,120.4,1,0,0,1,0,0,18,0,0,6,9,6,15.125,0,0,6,9,6,14.0,0,13.9,-0.3,0.79,Graduate,Female,No,No,Up to Date,Yes,-1.12,0,1.0,1.0,14.45,0,1.0,1.12
EDU-001904,1,17,1,9500,1,1,160.0,1,19,1,4,10,153.0,1,0,0,1,0,0,18,0,0,7,7,6,13.116666666666667,0,0,7,7,6,13.116666666666667,0,7.6,2.6,0.32,Graduate,Female,No,No,Up to Date,Yes,0.0,0,0.8571,0.8571,11.24,0,1.17,0.0
EDU-001905,1,1,1,9773,1,1,121.0,1,19,1,7,9,117.9,1,0,0,1,0,0,19,0,0,6,7,6,12.833333333333334,0,0,6,7,6,11.666666666666666,0,11.1,0.6,2.02,Graduate,Female,No,No,Up to Date,Yes,-1.17,0,1.0,1.0,12.13,0,1.0,1.17
EDU-001906,1,44,1,9238,1,39,150.0,1,1,37,4,8,145.6,1,0,0,1,0,1,20,0,3,6,6,6,13.333333333333334,0,2,6,6,6,14.166666666666666,0,13.9,-0.3,0.79,Graduate,Female,Yes,No,Up to Date,Yes,0.83,0,1.0,1.0,13.83,0,1.0,0.83
EDU-001907,1,1,6,9500,1,1,117.0,1,4,12,5,9,119.8,1,0,0,1,0,0,18,0,0,7,7,7,13.877142857142855,0,0,8,8,8,15.6625,0,12.4,0.5,1.79,Graduate,Female,No,No,Up to Date,Yes,1.79,1,1.0,1.0,14.95,0,1.17,1.79
EDU-001908,1,1,6,9500,1,1,141.0,1,19,1,9,10,126.8,1,0,0,1,0,0,18,0,0,8,8,7,12.944285714285714,0,0,8,8,7,12.944285714285714,0,10.8,1.4,1.74,Graduate,Female,No,No,Up to Date,Yes,0.0,0,0.875,0.875,11.33,0,1.33,0.0
EDU-001909,1,17,1,9853,1,1,112.0,1,2,19,3,9,106.1,1,0,0,1,0,0,19,0,0,6,8,5,12.333333333333334,0,0,6,8,5,11.0,0,15.5,2.8,-4.06,Enrolled,Female,No,No,Up to Date,Yes,-1.33,0,0.8333,0.8333,9.61,0,1.0,1.33
EDU-001910,1,1,1,9500,1,1,148.0,1,3,3,2,2,137.3,1,0,0,1,0,0,19,0,0,7,7,6,14.266666666666666,0,0,7,7,6,14.266666666666666,0,7.6,2.6,0.32,Graduate,Female,No,No,Up to Date,Yes,0.0,0,0.8571,0.8571,12.23,0,1.17,0.0
EDU-001911,1,1,2,9670,1,1,120.0,1,3,19,4,5,115.5,1,0,0,1,0,0,18,0,0,6,8,5,13.0,0,0,6,8,5,14.0,0,13.9,-0.3,0.79,Graduate,Female,No,No,Up to Date,Yes,1.0,0,0.8333,0.8333,11.33,0,1.0,1.0
EDU-001912,1,1,2,9500,1,1,132.0,1,37,37,5,7,127.5,1,0,0,1,0,0,20,0,0,8,8,8,12.48375,0,0,8,8,8,12.48375,0,9.4,-0.8,-3.12,Graduate,Female,No,No,Up to Date,Yes,0.0,0,1.0,1.0,12.48,0,1.33,0.0
EDU-001913,1,1,2,9556,1,1,125.0,1,38,1,9,3,116.3,1,0,0,1,0,0,18,0,0,7,8,7,13.428571428571429,0,0,8,8,8,15.3125,0,16.2,0.3,-0.92,Graduate,Female,No,No,Up to Date,Yes,1.88,1,1.0,1.0,14.56,0,1.17,1.88
EDU-001914,2,17,3,8014,0,1,123.0,1,19,37,3,3,113.2,0,0,1,0,0,0,18,0,0,6,9,3,10.666666666666666,0,0,6,12,0,0.0,0,7.6,2.6,0.32,Dropout,Female,No,Yes,In Arrears,No,-10.67,-3,0.5,0.0,0.0,1,1.0,10.67
EDU-001915,1,1,1,9853,1,1,142.0,1,12,12,9,4,132.6,1,0,0,1,0,0,18,0,0,6,8,5,15.4,0,0,6,7,5,12.2,0,7.6,2.6,0.32,Graduate,Female,No,No,Up to Date,Yes,-3.2,0,0.8333,0.8333,11.23,0,1.0,3.2
EDU-001916,1,1,4,9500,1,1,148.0,1,1,37,4,8,132.0,1,0,0,1,0,0,18,0,0,7,7,6,13.45,0,0,7,7,6,13.45,0,7.6,2.6,0.32,Graduate,Female,No,No,Up to Date,Yes,0.0,0,0.8571,0.8571,11.53,0,1.17,0.0
EDU-001917,1,17,5,9500,1,1,136.0,1,19,38,5,8,130.3,1,0,0,1,0,1,18,0,0,7,7,6,12.6,0,0,7,7,6,12.6,0,7.6,2.6,0.32,Graduate,Female,Yes,No,Up to Date,Yes,0.0,0,0.8571,0.8571,10.8,0,1.17,0.0
EDU-001918,1,1,4,9500,1,1,123.0,1,19,38,9,10,116.7,1,0,0,1,0,0,20,0,0,7,7,7,12.485714285714286,0,0,8,12,8,12.9375,0,16.2,0.3,-0.92,Graduate,Female,No,No,Up to Date,Yes,0.45,1,1.0,1.0,12.76,0,1.17,0.45
EDU-001919,1,1,2,9070,1,1,135.0,1,19,37,9,9,134.0,1,0,0,1,0,1,22,0,0,6,10,5,10.8,0,0,6,7,5,12.8,0,12.7,3.7,-1.7,Graduate,Female,Yes,No,Up to Date,Yes,2.0,0,0.8333,0.8333,10.0,0,1.0,2.0
EDU-001920,1,43,1,9670,1,1,151.0,1,19,19,1,1,100.0,0,0,1,1,0,0,20,0,0,6,12,5,12.2,0,0,6,8,5,14.6,0,13.9,-0.3,0.79,Enrolled,Female,No,Yes,Up to Date,No,2.4,0,0.8333,0.8333,11.37,0,1.0,2.4
EDU-001921,1,44,1,9085,1,39,140.0,1,1,1,3,7,140.0,1,0,0,1,0,0,20,0,2,6,11,5,14.2,0,0,6,12,2,13.5,0,13.9,-0.3,0.79,Enrolled,Female,No,No,Up to Date,Yes,-0.7,-3,0.8333,0.3333,4.59,0,1.0,0.7
EDU-001922,1,1,2,9238,1,1,136.0,1,37,38,9,8,139.2,1,0,0,1,0,0,18,0,0,6,7,6,13.833333333333334,0,0,6,6,6,14.0,0,9.4,-0.8,-3.12,Graduate,Female,No,No,Up to Date,Yes,0.17,0,1.0,1.0,13.93,0,1.0,0.17
EDU-001923,1,1,1,9853,1,1,142.0,1,19,1,9,1,132.6,0,0,0,1,0,0,18,0,0,6,8,5,12.8,0,0,6,14,3,10.0,0,9.4,-0.8,-3.12,Enrolled,Female,No,No,Up to Date,No,-2.8,-2,0.8333,0.5,5.56,0,1.0,2.8
EDU-001924,1,17,3,9147,1,1,142.0,1,37,38,5,1,129.4,0,0,0,1,0,0,18,0,0,5,5,5,13.2,0,0,5,6,4,12.5,0,9.4,-0.8,-3.12,Graduate,Female,No,No,Up to Date,No,-0.7,-1,1.0,0.8,10.22,0,0.83,0.7
EDU-001925,1,17,1,9670,1,1,127.0,1,1,38,4,7,125.6,0,0,1,1,0,1,18,0,0,6,7,1,14.0,0,0,6,6,0,0.0,0,15.5,2.8,-4.06,Dropout,Female,Yes,Yes,Up to Date,No,-14.0,-1,0.1667,0.0,0.0,0,1.0,14.0
EDU-001926,1,17,1,9238,1,1,131.0,1,1,1,4,10,129.3,0,0,0,1,0,0,19,0,4,8,8,8,13.875,0,1,6,8,5,14.0,0,11.1,0.6,2.02,Graduate,Female,No,No,Up to Date,No,0.12,-3,1.0,0.8333,11.62,0,1.33,0.12
EDU-001927,1,1,1,9085,1,1,134.0,1,38,19,9,4,128.4,1,0,0,1,0,1,19,0,0,5,7,5,12.5,0,0,5,8,5,12.714285714285714,0,10.8,1.4,1.74,Graduate,Female,Yes,No,Up to Date,Yes,0.21,0,1.0,1.0,12.63,0,0.83,0.21
EDU-001928,1,17,2,9773,1,1,142.0,1,19,19,9,9,139.9,0,0,0,1,0,1,18,0,0,6,7,6,13.428571428571429,0,0,6,6,6,12.5,0,13.9,-0.3,0.79,Graduate,Female,Yes,No,Up to Date,No,-0.93,0,1.0,1.0,12.87,0,1.0,0.93
EDU-001929,1,1,1,9070,1,1,123.0,1,38,38,9,5,124.8,0,0,0,0,0,1,18,0,0,6,7,5,11.8,0,0,6,7,5,13.0,0,8.9,1.4,3.51,Enrolled,Female,Yes,No,In Arrears,No,1.2,0,0.8333,0.8333,10.43,0,1.0,1.2
EDU-001930,1,17,3,9500,1,1,133.0,1,1,1,9,9,128.5,1,0,0,1,0,1,18,0,0,7,7,7,14.868571428571428,0,0,8,9,8,15.11111111111111,0,11.1,0.6,2.02,Graduate,Female,Yes,No,Up to Date,Yes,0.24,1,1.0,1.0,15.01,0,1.17,0.24
EDU-001931,1,1,4,9500,1,1,125.0,1,19,1,1,1,117.8,1,0,0,1,0,0,18,0,0,7,10,7,13.03,0,0,8,8,8,13.21875,0,15.5,2.8,-4.06,Graduate,Female,No,No,Up to Date,Yes,0.19,1,1.0,1.0,13.14,0,1.17,0.19
EDU-001932,1,17,1,9670,1,1,120.0,1,38,38,5,7,115.1,1,0,0,1,0,0,19,0,0,6,7,6,14.571428571428571,0,0,6,7,6,12.333333333333334,0,12.4,0.5,1.79,Graduate,Female,No,No,Up to Date,Yes,-2.24,0,1.0,1.0,13.23,0,1.0,2.24
EDU-001933,1,17,2,9238,1,1,125.0,1,19,19,3,3,118.0,1,0,0,1,0,0,18,0,0,6,9,5,11.0,0,0,6,9,4,11.25,0,8.9,1.4,3.51,Graduate,Female,No,No,Up to Date,Yes,0.25,-1,0.8333,0.6667,7.43,0,1.0,0.25
EDU-001934,1,39,1,9500,1,19,133.1,1,19,37,9,4,120.0,0,0,0,1,0,1,25,0,0,8,8,8,13.3675,0,0,8,8,8,13.3675,0,9.4,-0.8,-3.12,Graduate,Female,Yes,No,Up to Date,No,0.0,0,1.0,1.0,13.37,0,1.33,0.0
EDU-001935,1,1,4,9500,1,1,133.1,1,19,38,9,9,119.6,1,0,0,1,0,1,19,0,0,7,7,6,12.808333333333332,0,0,8,11,7,12.825714285714286,0,12.4,0.5,1.79,Graduate,Female,Yes,No,Up to Date,Yes,0.02,1,0.8571,0.875,11.22,0,1.17,0.02
EDU-001936,1,17,6,9500,1,1,143.0,1,1,38,3,3,133.2,1,0,0,1,0,0,18,0,0,7,7,7,13.918571428571427,0,0,8,9,8,13.8875,0,11.1,0.6,2.02,Graduate,Female,No,No,Up to Date,Yes,-0.03,1,1.0,1.0,13.9,0,1.17,0.03
EDU-001937,1,17,1,9130,1,1,147.0,1,4,1,2,10,141.8,1,0,0,1,0,0,19,0,0,6,8,6,13.0,0,0,6,9,4,12.8,0,13.9,-0.3,0.79,Graduate,Female,No,No,Up to Date,Yes,-0.2,-2,1.0,0.6667,8.59,0,1.0,0.2
EDU-001938,2,1,1,9500,1,1,142.0,1,19,38,4,5,130.3,0,0,0,1,0,0,18,0,0,7,7,6,13.683333333333332,0,0,7,7,6,13.683333333333332,0,7.6,2.6,0.32,Graduate,Female,No,No,Up to Date,No,0.0,0,0.8571,0.8571,11.73,0,1.17,0.0
EDU-001939,1,39,1,9085,1,1,150.0,1,19,19,4,10,100.0,0,0,0,1,0,0,24,0,1,6,11,5,13.0,0,1,6,12,1,12.0,0,13.9,-0.3,0.79,Dropout,Female,No,No,Up to Date,No,-1.0,-4,0.8333,0.1667,2.07,0,1.0,1.0
EDU-001940,1,1,2,9773,1,1,124.0,1,3,3,3,4,114.6,1,0,0,1,0,0,21,0,0,6,8,5,12.8,0,0,6,7,5,11.2,0,11.1,0.6,2.02,Graduate,Female,No,No,Up to Date,Yes,-1.6,0,0.8333,0.8333,9.87,0,1.0,1.6
EDU-001941,1,1,2,9254,1,1,136.0,1,1,1,9,4,123.4,1,0,0,1,0,1,18,0,0,6,9,6,13.571428571428571,0,0,6,6,6,12.166666666666666,0,8.9,1.4,3.51,Graduate,Female,Yes,No,Up to Date,Yes,-1.4,0,1.0,1.0,12.73,0,1.0,1.4
EDU-001942,1,1,1,9238,1,1,116.0,1,38,38,9,6,116.4,1,0,0,1,0,0,18,0,0,6,6,6,13.166666666666666,0,0,6,6,6,13.166666666666666,0,8.9,1.4,3.51,Graduate,Female,No,No,Up to Date,Yes,0.0,0,1.0,1.0,13.17,0,1.0,0.0
EDU-001943,2,1,1,9070,1,1,127.0,1,12,19,9,9,123.2,0,0,0,1,0,1,20,0,0,6,6,6,15.0,0,0,6,6,6,14.5,0,11.1,0.6,2.02,Graduate,Female,Yes,No,Up to Date,No,-0.5,0,1.0,1.0,14.7,0,1.0,0.5
EDU-001944,1,1,1,9070,1,1,117.0,1,4,19,3,5,123.7,1,0,0,1,0,0,19,0,0,6,6,6,12.666666666666666,0,0,6,8,5,11.4,0,12.4,0.5,1.79,Graduate,Female,No,No,Up to Date,Yes,-1.27,-1,1.0,0.8333,9.92,0,1.0,1.27
EDU-001945,1,1,2,9773,1,1,116.0,1,1,19,4,7,127.6,1,0,0,1,0,1,19,0,0,6,7,6,13.857142857142858,0,0,6,7,6,13.142857142857142,0,13.9,-0.3,0.79,Dropout,Female,Yes,No,Up to Date,Yes,-0.71,0,1.0,1.0,13.43,0,1.0,0.71
EDU-001946,1,1,4,9500,1,1,129.0,1,37,37,9,9,117.1,1,0,0,1,0,0,30,0,0,7,7,7,14.692857142857145,0,0,8,8,8,14.9625,0,12.4,0.5,1.79,Graduate,Female,No,No,Up to Date,Yes,0.27,1,1.0,1.0,14.85,0,1.17,0.27
EDU-001947,1,1,1,9500,1,1,157.0,1,19,38,5,3,149.3,0,0,0,1,0,0,18,0,0,8,8,8,14.035,0,0,8,8,8,14.035,0,9.4,-0.8,-3.12,Graduate,Female,No,No,Up to Date,No,0.0,0,1.0,1.0,14.04,0,1.33,0.0
EDU-001948,1,17,1,9085,1,1,135.0,1,1,19,4,10,125.6,1,0,0,1,0,0,18,0,0,5,8,4,11.0,1,0,5,8,3,14.0,0,12.7,3.7,-1.7,Graduate,Female,No,No,Up to Date,Yes,3.0,-1,0.8,0.6,7.68,0,0.83,3.0
EDU-001949,1,1,1,9773,1,1,139.0,1,38,38,9,9,145.0,1,0,0,1,0,1,18,0,0,6,6,6,13.333333333333334,0,0,6,6,6,13.333333333333334,0,9.4,-0.8,-3.12,Graduate,Female,Yes,No,Up to Date,Yes,0.0,0,1.0,1.0,13.33,0,1.0,0.0
EDU-001950,1,18,1,9500,1,1,115.0,1,38,37,5,5,115.0,0,0,0,1,0,0,20,0,0,7,13,6,11.7725,0,0,8,9,7,12.33,0,15.5,2.8,-4.06,Graduate,Female,No,No,Up to Date,No,0.56,1,0.8571,0.875,10.59,0,1.17,0.56
EDU-001951,1,1,1,9254,1,1,123.0,1,38,38,4,7,114.3,0,0,0,1,0,0,19,0,0,6,0,0,0.0,0,0,6,0,0,0.0,0,11.1,0.6,2.02,Dropout,Female,No,No,Up to Date,No,0.0,0,0.0,0.0,0.0,0,1.0,0.0
EDU-001952,1,43,2,9254,1,1,140.0,1,19,19,9,9,126.0,1,0,0,1,0,0,19,0,0,6,0,0,0.0,0,0,6,12,0,0.0,0,10.8,1.4,1.74,Dropout,Female,No,No,Up to Date,Yes,0.0,0,0.0,0.0,0.0,0,1.0,0.0
EDU-001953,1,1,1,171,1,1,138.0,1,19,37,7,7,124.0,1,0,0,0,0,0,19,0,0,0,0,0,0.0,0,0,0,0,0,0.0,0,10.8,1.4,1.74,Dropout,Female,No,No,In Arrears,Yes,0.0,0,0.0,0.0,0.0,0,0.0,0.0
EDU-001954,1,1,4,9254,1,1,132.0,1,1,38,5,6,122.6,1,0,0,1,0,1,18,0,0,6,7,6,12.285714285714286,0,0,6,6,6,12.0,0,8.9,1.4,3.51,Graduate,Female,Yes,No,Up to Date,Yes,-0.29,0,1.0,1.0,12.11,0,1.0,0.29
EDU-001955,1,1,4,9500,1,1,140.0,1,3,19,2,3,133.8,1,0,0,1,0,0,17,0,0,8,14,5,12.46,0,0,8,14,5,12.46,0,10.8,1.4,1.74,Enrolled,Female,No,No,Up to Date,Yes,0.0,0,0.625,0.625,7.79,0,1.33,0.0
EDU-001956,1,18,1,9853,1,1,117.0,1,19,38,4,0,113.5,1,0,0,1,0,0,19,0,0,7,10,6,12.166666666666666,0,0,7,9,6,13.166666666666666,0,12.4,0.5,1.79,Graduate,Female,No,No,Up to Date,Yes,1.0,0,0.8571,0.8571,10.94,0,1.17,1.0
EDU-001957,1,1,4,9238,1,1,125.0,1,19,1,4,5,122.6,1,1,0,1,0,0,18,0,0,6,9,5,11.833333333333334,0,0,6,8,2,11.5,0,13.9,-0.3,0.79,Enrolled,Female,No,No,Up to Date,Yes,-0.33,-3,0.8333,0.3333,3.88,0,1.0,0.33
EDU-001958,1,7,1,9500,1,3,140.0,1,37,37,4,4,140.0,0,0,0,1,0,0,25,0,0,8,8,7,14.805714285714286,0,0,8,8,7,14.805714285714286,0,10.8,1.4,1.74,Graduate,Female,No,No,Up to Date,No,0.0,0,0.875,0.875,12.95,0,1.33,0.0
EDU-001959,1,1,1,9238,1,1,133.1,1,12,38,4,9,107.0,1,0,0,1,0,0,19,0,0,6,11,5,10.6,0,0,6,10,6,11.714285714285714,0,11.1,0.6,2.02,Dropout,Female,No,No,Up to Date,Yes,1.11,1,0.8333,1.0,11.27,0,1.0,1.11
EDU-001960,1,53,1,9085,1,42,130.0,1,19,1,9,9,130.0,1,0,1,0,0,0,24,0,7,9,9,8,13.125,0,4,9,13,6,13.0,0,8.9,1.4,3.51,Enrolled,Female,No,Yes,In Arrears,Yes,-0.12,-2,0.8889,0.6667,8.7,1,1.5,0.12
EDU-001961,1,1,1,9238,1,1,134.0,1,1,1,4,9,124.2,1,0,1,1,0,1,19,0,0,6,6,6,12.833333333333334,0,0,6,6,6,12.666666666666666,0,9.4,-0.8,-3.12,Graduate,Female,Yes,Yes,Up to Date,Yes,-0.17,0,1.0,1.0,12.73,0,1.0,0.17
EDU-001962,1,18,1,9500,1,1,128.0,1,19,1,9,4,125.8,0,0,0,1,0,1,20,0,0,8,8,0,0.0,8,0,8,8,0,0.0,8,9.4,-0.8,-3.12,Enrolled,Female,Yes,No,Up to Date,No,0.0,0,0.0,0.0,0.0,0,1.33,0.0
EDU-001963,1,1,1,9670,1,1,115.0,1,1,1,5,4,108.0,1,0,0,1,0,1,20,0,0,6,9,5,13.0,0,0,6,6,5,13.8,0,12.4,0.5,1.79,Graduate,Female,Yes,No,Up to Date,Yes,0.8,0,0.8333,0.8333,11.23,0,1.0,0.8
EDU-001964,1,1,2,9500,1,1,119.0,1,1,1,4,4,115.2,1,0,0,1,0,1,20,0,0,7,8,7,12.725,0,0,8,8,8,13.7125,0,13.9,-0.3,0.79,Graduate,Female,Yes,No,Up to Date,Yes,0.99,1,1.0,1.0,13.32,0,1.17,0.99
EDU-001965,1,17,1,9085,1,1,131.0,1,1,3,4,1,129.3,1,0,0,1,0,0,19,0,0,5,10,4,11.25,1,0,5,10,3,10.333333333333334,0,12.7,3.7,-1.7,Graduate,Female,No,No,Up to Date,Yes,-0.92,-1,0.8,0.6,6.42,0,0.83,0.92
EDU-001966,1,7,1,9003,1,4,120.0,1,3,1,2,4,120.0,1,0,0,1,0,0,31,0,8,12,12,11,13.818181818181818,0,4,12,16,12,13.461538461538462,0,15.5,2.8,-4.06,Graduate,Female,No,No,Up to Date,Yes,-0.36,1,0.9167,1.0,13.6,0,2.0,0.36
EDU-001967,1,1,1,9085,1,1,120.0,1,1,19,3,4,116.7,0,0,0,1,0,0,20,0,0,5,12,3,12.333333333333334,2,0,5,8,3,13.0,1,9.4,-0.8,-3.12,Graduate,Female,No,No,Up to Date,No,0.67,0,0.6,0.6,7.64,0,0.83,0.67
EDU-001968,1,1,3,9085,1,1,135.0,1,3,2,4,3,121.0,1,0,0,1,0,0,18,0,0,5,14,3,12.333333333333334,2,0,5,8,5,11.6,0,9.4,-0.8,-3.12,Enrolled,Female,No,No,Up to Date,Yes,-0.73,2,0.6,1.0,11.89,0,0.83,0.73
EDU-001969,1,17,1,9853,1,1,146.0,1,1,1,3,4,128.2,0,0,1,1,0,0,18,0,0,6,8,4,13.25,0,0,6,10,3,10.666666666666666,0,12.7,3.7,-1.7,Enrolled,Female,No,Yes,Up to Date,No,-2.58,-1,0.6667,0.5,5.85,0,1.0,2.58
EDU-001970,1,1,4,9670,1,1,133.0,1,1,2,4,7,121.1,1,0,0,1,0,0,18,0,0,6,7,6,13.666666666666666,0,0,6,9,5,15.4,0,13.9,-0.3,0.79,Graduate,Female,No,No,Up to Date,Yes,1.73,-1,1.0,0.8333,12.26,0,1.0,1.73
EDU-001971,1,51,1,9238,1,1,122.0,1,19,3,5,2,112.6,0,0,1,1,0,0,20,0,5,11,18,8,12.625,0,4,10,10,3,11.0,0,11.1,0.6,2.02,Enrolled,Female,No,Yes,Up to Date,No,-1.62,-5,0.7273,0.3,3.5,0,1.83,1.62
EDU-001972,1,17,1,9085,1,1,128.0,1,2,19,2,4,123.3,1,0,0,1,0,1,20,0,0,6,6,6,14.833333333333334,0,0,6,8,6,12.142857142857142,0,8.9,1.4,3.51,Graduate,Female,Yes,No,Up to Date,Yes,-2.69,0,1.0,1.0,13.22,0,1.0,2.69
EDU-001973,1,17,2,9670,1,1,129.0,1,19,19,5,4,129.4,0,0,0,1,0,1,19,0,0,6,7,5,11.2,0,0,6,10,5,13.125,0,10.8,1.4,1.74,Dropout,Female,Yes,No,Up to Date,No,1.93,0,0.8333,0.8333,10.3,0,1.0,1.93
EDU-001974,1,17,1,9147,1,1,122.0,1,19,19,4,6,119.9,0,0,0,1,0,1,21,0,0,5,6,5,11.4,0,0,5,6,5,12.2,0,12.7,3.7,-1.7,Graduate,Female,Yes,No,Up to Date,No,0.8,0,1.0,1.0,11.88,0,0.83,0.8
EDU-001975,1,1,4,9500,1,1,140.0,1,1,12,3,10,131.6,1,0,0,1,0,0,18,0,0,7,8,7,13.135,0,0,8,9,8,13.244444444444444,0,12.4,0.5,1.79,Graduate,Female,No,No,Up to Date,Yes,0.11,1,1.0,1.0,13.2,0,1.17,0.11
EDU-001976,1,51,1,9070,1,1,143.0,1,1,1,4,4,120.0,1,0,0,1,0,0,21,0,3,10,10,10,13.0,0,5,11,11,10,11.4,0,11.1,0.6,2.02,Dropout,Female,No,No,Up to Date,Yes,-1.6,0,1.0,0.9091,10.95,0,1.67,1.6
EDU-001977,1,1,4,9500,1,1,118.0,1,19,19,3,3,110.0,1,0,0,1,0,0,19,0,0,7,12,4,12.85,0,0,7,7,7,12.62142857142857,0,11.1,0.6,2.02,Enrolled,Female,No,No,Up to Date,Yes,-0.23,3,0.5714,1.0,12.71,0,1.17,0.23
EDU-001978,1,44,1,9238,1,39,140.0,1,1,19,191,102,143.0,0,0,0,1,0,0,20,0,3,6,6,6,13.5,0,2,6,9,5,12.5,0,13.9,-0.3,0.79,Graduate,Female,No,No,Up to Date,No,-1.0,-1,1.0,0.8333,10.75,0,1.0,1.0
EDU-001979,1,44,1,9085,1,1,140.0,1,1,2,3,3,140.0,0,0,0,1,0,0,20,0,0,6,7,6,14.285714285714286,0,0,6,9,3,13.0,0,13.9,-0.3,0.79,Enrolled,Female,No,No,Up to Date,No,-1.29,-3,1.0,0.5,6.76,0,1.0,1.29
EDU-001980,1,1,1,9670,1,1,123.0,1,12,1,9,9,119.2,1,0,0,1,0,1,18,0,0,6,8,5,13.5,0,0,6,6,6,14.5,0,12.4,0.5,1.79,Graduate,Female,Yes,No,Up to Date,Yes,1.0,1,0.8333,1.0,14.1,0,1.0,1.0
EDU-001981,1,1,1,9147,1,1,140.0,1,19,19,9,9,124.3,1,0,0,1,0,1,18,0,0,5,8,4,10.75,0,0,5,5,5,13.0,0,12.4,0.5,1.79,Graduate,Female,Yes,No,Up to Date,Yes,2.25,1,0.8,1.0,12.1,0,0.83,2.25
EDU-001982,1,17,1,9238,1,1,116.0,1,19,19,7,7,111.1,1,0,0,1,0,1,18,0,0,6,9,6,11.333333333333334,0,0,6,9,6,11.833333333333334,0,8.9,1.4,3.51,Graduate,Female,Yes,No,Up to Date,Yes,0.5,0,1.0,1.0,11.63,0,1.0,0.5
EDU-001983,1,43,1,9085,1,39,150.0,1,38,37,6,6,150.0,1,0,0,1,0,1,21,0,2,7,15,3,13.0,2,1,5,12,5,13.285714285714286,1,10.8,1.4,1.74,Graduate,Female,Yes,No,Up to Date,Yes,0.29,2,0.4286,1.0,13.17,0,1.17,0.29
EDU-001984,1,1,1,9500,1,1,147.0,1,38,19,5,8,147.3,0,0,0,1,0,0,18,0,0,7,7,6,13.966666666666669,0,0,7,7,6,13.966666666666669,0,7.6,2.6,0.32,Graduate,Female,No,No,Up to Date,No,0.0,0,0.8571,0.8571,11.97,0,1.17,0.0
EDU-001985,1,1,1,9500,1,1,162.0,1,19,1,5,5,147.5,1,0,0,1,0,1,18,0,0,8,8,8,14.14125,0,0,8,8,8,14.14125,0,9.4,-0.8,-3.12,Graduate,Female,Yes,No,Up to Date,Yes,0.0,0,1.0,1.0,14.14,0,1.33,0.0
EDU-001986,1,17,2,9254,1,1,108.0,1,37,37,9,7,108.0,1,0,0,1,0,1,20,0,0,6,10,4,11.6,0,0,6,10,4,11.75,0,12.7,3.7,-1.7,Graduate,Female,Yes,No,Up to Date,Yes,0.15,0,0.6667,0.6667,7.79,0,1.0,0.15
EDU-001987,2,42,1,9500,1,2,130.0,1,37,37,9,9,130.0,0,0,0,1,0,1,32,0,0,8,8,8,14.6625,0,0,8,8,8,14.6625,0,9.4,-0.8,-3.12,Graduate,Female,Yes,No,Up to Date,No,0.0,0,1.0,1.0,14.66,0,1.33,0.0
EDU-001988,2,39,1,9991,0,1,140.0,1,37,37,9,10,130.0,0,0,0,1,0,0,34,0,0,5,5,0,0.0,0,0,5,5,0,0.0,0,9.4,-0.8,-3.12,Enrolled,Female,No,No,Up to Date,No,0.0,0,0.0,0.0,0.0,0,0.83,0.0
EDU-001989,1,1,2,9500,1,1,116.0,1,19,37,3,3,109.0,1,0,0,1,0,1,23,0,0,7,8,6,12.993333333333334,0,0,8,9,8,12.66875,0,11.1,0.6,2.02,Graduate,Female,Yes,No,Up to Date,Yes,-0.32,2,0.8571,1.0,12.8,0,1.17,0.32
EDU-001990,1,1,5,9670,1,1,120.0,1,4,1,4,10,112.0,1,0,0,1,0,0,18,0,0,6,10,4,11.25,0,0,6,11,5,12.2,0,8.9,1.4,3.51,Enrolled,Female,No,No,Up to Date,Yes,0.95,1,0.6667,0.8333,9.85,0,1.0,0.95
EDU-001991,1,17,1,8014,0,1,132.0,1,37,19,5,5,121.2,0,0,0,1,0,0,18,0,0,6,8,5,12.2,0,0,6,10,5,12.8,0,10.8,1.4,1.74,Graduate,Female,No,No,Up to Date,No,0.6,0,0.8333,0.8333,10.47,0,1.0,0.6
EDU-001992,1,43,1,171,1,2,140.0,1,37,37,9,9,140.0,1,0,0,1,0,0,34,0,0,0,0,0,0.0,0,0,0,0,0,0.0,0,10.8,1.4,1.74,Dropout,Female,No,No,Up to Date,Yes,0.0,0,0.0,0.0,0.0,0,0.0,0.0
EDU-001993,1,39,1,8014,0,1,120.0,100,1,1,4,7,119.5,0,0,1,1,0,0,25,1,2,6,6,6,11.333333333333334,0,0,6,6,4,11.75,0,8.9,1.4,3.51,Enrolled,Female,No,Yes,Up to Date,No,0.42,-2,1.0,0.6667,7.72,0,1.0,0.42
EDU-001994,1,1,1,9147,1,1,136.0,1,37,38,193,181,125.9,0,0,0,1,0,0,21,0,0,5,7,5,12.2,0,0,5,7,5,11.8,0,11.1,0.6,2.02,Graduate,Female,No,No,Up to Date,No,-0.4,0,1.0,1.0,11.96,0,0.83,0.4
EDU-001995,1,1,1,9254,1,1,133.0,1,19,9,0,0,121.5,1,0,0,1,0,1,20,0,0,6,12,0,0.0,0,0,6,12,0,0.0,0,7.6,2.6,0.32,Dropout,Female,Yes,No,Up to Date,Yes,0.0,0,0.0,0.0,0.0,0,1.0,0.0
EDU-001996,1,1,5,9238,1,1,126.0,1,30,19,0,2,121.5,1,0,0,1,0,0,18,0,0,6,8,6,11.333333333333334,0,0,6,6,6,11.666666666666666,0,7.6,2.6,0.32,Graduate,Female,No,No,Up to Date,Yes,0.33,0,1.0,1.0,11.53,0,1.0,0.33
EDU-001997,1,17,1,9085,1,1,142.0,1,3,37,4,8,132.4,1,0,0,1,0,0,18,0,0,6,8,6,13.857142857142858,0,0,6,15,6,13.1,0,12.4,0.5,1.79,Graduate,Female,No,No,Up to Date,Yes,-0.76,0,1.0,1.0,13.4,0,1.0,0.76
EDU-001998,1,17,1,9773,1,1,121.0,1,37,37,9,9,122.4,0,0,0,1,0,0,18,0,0,6,7,6,12.857142857142858,0,0,6,6,6,13.333333333333334,0,13.9,-0.3,0.79,Graduate,Female,No,No,Up to Date,No,0.48,0,1.0,1.0,13.14,0,1.0,0.48
EDU-001999,1,39,1,8014,0,1,134.0,1,37,38,4,7,110.0,1,0,0,1,0,0,24,0,0,6,10,1,10.0,0,0,6,12,0,0.0,0,9.4,-0.8,-3.12,Dropout,Female,No,No,Up to Date,Yes,-10.0,-1,0.1667,0.0,0.0,0,1.0,10.0
EDU-002000,1,51,1,9147,1,1,140.0,1,19,19,9,7,120.4,0,0,1,0,0,0,32,0,14,15,17,14,10.214285714285714,0,13,13,13,13,11.384615384615383,0,16.2,0.3,-0.92,Graduate,Female,No,Yes,In Arrears,No,1.17,-1,0.9333,1.0,10.92,1,2.5,1.17
EDU-002001,1,39,1,9254,1,1,133.1,1,1,1,9,6,105.0,1,0,1,0,0,0,24,0,0,6,14,6,11.285714285714286,0,0,6,16,3,10.333333333333334,0,8.9,1.4,3.51,Dropout,Female,No,Yes,In Arrears,Yes,-0.95,-3,1.0,0.5,5.36,1,1.0,0.95
EDU-002002,1,1,1,9238,1,1,157.0,1,38,37,9,5,137.8,0,0,0,1,0,1,18,0,0,6,6,6,13.833333333333334,0,0,6,7,0,0.0,0,15.5,2.8,-4.06,Dropout,Female,Yes,No,Up to Date,No,-13.83,-6,1.0,0.0,0.0,0,1.0,13.83
EDU-002003,1,51,1,9254,1,1,120.0,1,38,38,9,9,118.0,0,0,0,1,0,0,28,0,0,6,8,6,12.857142857142858,0,0,6,8,5,12.6,0,8.9,1.4,3.51,Graduate,Female,No,No,Up to Date,No,-0.26,-1,1.0,0.8333,10.59,0,1.0,0.26
EDU-002004,1,17,5,9853,1,1,134.0,1,19,38,4,8,122.1,1,0,0,1,0,1,18,0,0,6,8,6,11.666666666666666,0,0,6,9,4,12.0,0,10.8,1.4,1.74,Dropout,Female,Yes,No,Up to Date,Yes,0.33,-2,1.0,0.6667,7.91,0,1.0,0.33
EDU-002005,1,7,1,9853,1,3,140.0,1,34,34,0,0,140.0,1,0,0,0,0,0,24,0,0,6,12,0,0.0,0,0,5,10,0,0.0,0,9.4,-0.8,-3.12,Dropout,Female,No,No,In Arrears,Yes,0.0,0,0.0,0.0,0.0,0,1.0,0.0
EDU-002006,1,1,1,9085,1,1,133.0,1,1,37,4,10,143.2,0,0,0,1,0,0,19,0,0,5,7,5,14.4,0,0,5,6,5,13.2,0,7.6,2.6,0.32,Graduate,Female,No,No,Up to Date,No,-1.2,0,1.0,1.0,13.68,0,0.83,1.2
EDU-002007,2,39,1,8014,0,1,146.0,1,37,37,9,8,120.5,0,0,0,1,0,0,44,0,0,6,6,6,14.833333333333334,0,0,6,6,6,14.166666666666666,0,10.8,1.4,1.74,Graduate,Female,No,No,Up to Date,No,-0.67,0,1.0,1.0,14.43,0,1.0,0.67
EDU-002008,1,16,3,9085,1,1,130.0,1,37,37,9,2,119.5,1,0,0,1,0,1,18,0,0,6,14,6,14.333333333333334,0,0,6,9,6,12.0,0,15.5,2.8,-4.06,Graduate,Female,Yes,No,Up to Date,Yes,-2.33,0,1.0,1.0,12.93,0,1.0,2.33
EDU-002009,1,1,1,171,1,1,151.0,1,37,37,9,7,147.5,1,0,0,1,0,0,18,0,0,0,0,0,0.0,0,0,0,0,0,0.0,0,7.6,2.6,0.32,Graduate,Female,No,No,Up to Date,Yes,0.0,0,0.0,0.0,0.0,0,0.0,0.0
EDU-002010,1,1,6,9773,1,1,133.1,1,1,1,90,90,129.6,0,0,0,1,0,0,22,0,0,6,0,0,0.0,0,0,6,0,0,0.0,0,7.6,2.6,0.32,Dropout,Female,No,No,Up to Date,No,0.0,0,0.0,0.0,0.0,0,1.0,0.0
EDU-002011,1,18,1,9853,1,1,132.0,1,37,37,9,5,126.1,0,0,0,1,0,1,18,0,0,7,9,6,12.333333333333334,0,0,7,7,6,12.666666666666666,0,11.1,0.6,2.02,Graduate,Female,Yes,No,Up to Date,No,0.33,0,0.8571,0.8571,10.74,0,1.17,0.33
EDU-002012,2,39,1,9991,0,1,110.0,1,37,37,9,4,160.0,0,0,0,1,0,0,44,0,0,5,5,5,11.8,0,0,5,5,5,12.4,0,15.5,2.8,-4.06,Graduate,Female,No,No,Up to Date,No,0.6,0,1.0,1.0,12.16,0,0.83,0.6
EDU-002013,5,39,1,9853,1,19,133.1,1,38,1,5,3,105.5,0,0,1,1,0,0,33,0,0,6,7,5,13.2,0,0,6,7,5,10.6,0,7.6,2.6,0.32,Dropout,Female,No,Yes,Up to Date,No,-2.6,0,0.8333,0.8333,9.7,0,1.0,2.6
EDU-002014,2,39,1,9853,1,1,110.0,1,37,37,9,9,95.5,0,0,1,0,0,0,32,0,0,6,6,0,0.0,0,0,5,10,0,0.0,0,10.8,1.4,1.74,Dropout,Female,No,Yes,In Arrears,No,0.0,0,0.0,0.0,0.0,1,1.0,0.0
EDU-002015,2,39,1,9003,1,1,133.1,1,19,19,4,4,107.5,0,0,0,0,0,0,35,0,0,6,0,0,0.0,0,0,6,0,0,0.0,0,15.5,2.8,-4.06,Dropout,Female,No,No,In Arrears,No,0.0,0,0.0,0.0,0.0,0,1.0,0.0
EDU-002016,1,1,1,9238,1,1,105.0,1,19,19,6,6,106.1,1,0,0,1,0,0,20,0,0,6,6,6,11.5,0,0,6,7,6,13.285714285714286,0,11.1,0.6,2.02,Graduate,Female,No,No,Up to Date,Yes,1.79,0,1.0,1.0,12.57,0,1.0,1.79
EDU-002017,1,39,1,9254,1,1,160.0,1,3,1,6,6,116.3,1,0,0,1,0,0,24,0,0,6,8,5,12.6,0,0,6,7,5,12.2,0,9.4,-0.8,-3.12,Graduate,Female,No,No,Up to Date,Yes,-0.4,0,0.8333,0.8333,10.3,0,1.0,0.4
EDU-002018,1,1,1,9500,1,1,144.0,1,38,1,9,10,137.4,0,0,0,1,0,0,19,0,0,7,7,7,13.542857142857144,0,0,8,9,8,14.22222222222222,0,16.2,0.3,-0.92,Graduate,Female,No,No,Up to Date,No,0.68,1,1.0,1.0,13.95,0,1.17,0.68
EDU-002019,1,1,1,9254,1,1,100.0,1,19,19,5,5,101.8,1,0,0,1,0,0,21,0,0,6,8,5,11.6,0,0,6,6,5,13.0,0,12.4,0.5,1.79,Enrolled,Female,No,No,Up to Date,Yes,1.4,0,0.8333,0.8333,10.37,0,1.0,1.4
EDU-002020,1,1,2,9773,1,1,143.0,1,1,1,4,9,144.1,1,0,0,1,1,1,19,0,0,6,7,6,13.666666666666666,0,0,6,6,6,13.833333333333334,0,12.7,3.7,-1.7,Graduate,Male,Yes,No,Up to Date,Yes,0.17,0,1.0,1.0,13.77,0,1.0,0.17
EDU-002021,1,42,1,9003,1,1,160.0,1,19,1,9,5,107.8,1,0,0,0,1,0,27,0,0,6,10,0,0.0,0,0,6,8,0,0.0,0,15.5,2.8,-4.06,Dropout,Male,No,No,In Arrears,Yes,0.0,0,0.0,0.0,0.0,0,1.0,0.0
EDU-002022,1,39,1,9853,1,1,140.0,1,19,1,9,4,128.2,0,0,0,0,0,0,30,0,0,6,0,0,0.0,0,0,6,0,0,0.0,0,12.7,3.7,-1.7,Dropout,Female,No,No,In Arrears,No,0.0,0,0.0,0.0,0.0,0,1.0,0.0
EDU-002023,1,17,4,171,1,1,133.1,1,38,38,9,9,117.0,1,0,0,1,1,0,21,0,0,0,0,0,0.0,0,0,0,0,0,0.0,0,10.8,1.4,1.74,Dropout,Male,No,No,Up to Date,Yes,0.0,0,0.0,0.0,0.0,0,0.0,0.0
EDU-002024,1,1,1,9070,1,1,116.0,1,1,12,5,8,110.4,1,0,0,1,1,0,19,0,0,6,6,6,11.5,0,0,6,8,6,12.285714285714286,0,8.9,1.4,3.51,Graduate,Male,No,No,Up to Date,Yes,0.79,0,1.0,1.0,11.97,0,1.0,0.79
EDU-002025,2,39,1,9991,0,1,120.0,1,37,37,9,10,170.0,0,0,0,1,0,0,34,0,0,5,12,2,11.5,0,0,5,9,4,11.75,0,9.4,-0.8,-3.12,Enrolled,Female,No,No,Up to Date,No,0.25,2,0.4,0.8,9.32,0,0.83,0.25
EDU-002026,1,43,1,9500,1,1,141.0,1,4,19,4,10,100.0,0,0,0,1,1,0,18,0,0,7,7,7,11.828571428571427,0,0,8,10,7,12.9125,0,13.9,-0.3,0.79,Graduate,Male,No,No,Up to Date,No,1.08,0,1.0,0.875,10.92,0,1.17,1.08
EDU-002027,1,1,1,171,1,1,110.0,1,3,2,3,3,117.0,1,0,0,1,1,0,21,0,0,0,0,0,0.0,0,0,0,0,0,0.0,0,9.4,-0.8,-3.12,Graduate,Male,No,No,Up to Date,Yes,0.0,0,0.0,0.0,0.0,0,0.0,0.0
EDU-002028,1,1,2,171,1,1,127.0,1,3,39,1,3,133.5,1,0,0,1,1,0,17,0,0,0,0,0,0.0,0,0,0,0,0,0.0,0,15.5,2.8,-4.06,Enrolled,Male,No,No,Up to Date,Yes,0.0,0,0.0,0.0,0.0,0,0.0,0.0
EDU-002029,1,1,1,9500,1,1,132.0,1,19,37,4,9,128.0,1,0,0,1,0,1,19,0,0,7,7,6,12.966666666666669,0,0,7,7,6,12.966666666666669,0,7.6,2.6,0.32,Graduate,Female,Yes,No,Up to Date,Yes,0.0,0,0.8571,0.8571,11.11,0,1.17,0.0
EDU-002030,1,1,1,9773,1,1,135.0,1,37,38,9,6,122.1,1,0,0,1,1,0,18,0,0,6,6,6,13.833333333333334,0,0,6,6,6,13.666666666666666,0,12.7,3.7,-1.7,Graduate,Male,No,No,Up to Date,Yes,-0.17,0,1.0,1.0,13.73,0,1.0,0.17
EDU-002031,1,17,2,9500,1,1,135.0,1,19,19,9,10,133.4,1,0,0,1,0,0,19,0,0,7,7,7,14.125714285714285,0,0,8,8,8,14.36875,0,11.1,0.6,2.02,Graduate,Female,No,No,Up to Date,Yes,0.24,1,1.0,1.0,14.27,0,1.17,0.24
EDU-002032,4,39,1,9254,1,1,140.0,1,38,37,9,9,112.0,0,0,1,1,0,0,45,0,4,10,12,5,12.166666666666666,4,2,8,8,0,0.0,2,12.7,3.7,-1.7,Dropout,Female,No,Yes,Up to Date,No,-12.17,-5,0.5,0.0,0.0,0,1.67,12.17
EDU-002033,1,39,1,9085,1,1,133.1,1,19,37,9,6,130.0,1,0,0,1,0,0,26,0,0,6,17,6,12.666666666666666,0,0,6,21,4,12.25,0,15.5,2.8,-4.06,Graduate,Female,No,No,Up to Date,Yes,-0.42,-2,1.0,0.6667,8.28,0,1.0,0.42
EDU-002034,2,39,2,9991,0,1,100.0,1,37,37,9,9,100.0,1,0,0,1,1,0,51,0,0,4,4,0,0.0,0,0,5,0,0,0.0,0,12.7,3.7,-1.7,Dropout,Male,No,No,Up to Date,Yes,0.0,0,0.0,0.0,0.0,0,0.67,0.0
EDU-002035,2,39,1,9773,1,19,133.1,1,37,37,6,6,162.0,0,0,1,1,1,1,49,0,0,6,8,6,12.285714285714286,0,0,6,7,6,14.166666666666666,0,10.8,1.4,1.74,Graduate,Male,Yes,Yes,Up to Date,No,1.88,0,1.0,1.0,13.41,0,1.0,1.88
EDU-002036,1,42,1,9500,1,1,100.0,1,3,19,2,8,153.0,0,0,0,1,1,0,22,0,3,6,7,3,14.5,0,4,7,8,4,14.375,0,15.5,2.8,-4.06,Enrolled,Male,No,No,Up to Date,No,-0.12,1,0.5,0.5714,8.24,0,1.0,0.12
EDU-002037,1,17,1,9147,1,1,137.0,1,1,37,5,9,131.4,1,0,0,1,1,0,22,0,0,5,8,2,10.0,0,0,5,7,1,10.0,0,7.6,2.6,0.32,Dropout,Male,No,No,Up to Date,Yes,0.0,-1,0.4,0.2,2.0,0,0.83,0.0
EDU-002038,2,7,1,9130,1,3,120.0,1,3,3,1,1,128.2,0,0,0,1,0,0,33,0,1,5,11,2,11.5,1,1,5,8,2,12.0,0,9.4,-0.8,-3.12,Dropout,Female,No,No,Up to Date,No,0.5,0,0.4,0.4,4.72,0,0.83,0.5
EDU-002039,1,10,1,9670,1,1,148.9,22,37,37,9,9,148.9,0,0,0,1,0,0,20,1,0,5,6,5,11.6,0,0,5,6,4,11.5,0,9.4,-0.8,-3.12,Graduate,Female,No,No,Up to Date,No,-0.1,-1,1.0,0.8,9.23,0,0.83,0.1
EDU-002040,1,1,4,9238,1,1,134.0,1,38,19,7,7,128.4,1,0,0,1,0,1,18,0,0,6,6,6,12.5,0,0,6,6,6,11.666666666666666,0,10.8,1.4,1.74,Graduate,Female,Yes,No,Up to Date,Yes,-0.83,0,1.0,1.0,12.0,0,1.0,0.83
EDU-002041,1,1,5,9853,1,1,128.0,1,38,37,9,9,120.3,1,0,1,0,0,0,20,0,0,6,9,3,11.666666666666666,0,0,6,10,2,11.0,0,10.8,1.4,1.74,Dropout,Female,No,Yes,In Arrears,Yes,-0.67,-1,0.5,0.3333,3.76,1,1.0,0.67
EDU-002042,2,57,1,9991,0,1,133.1,41,38,37,4,6,100.0,0,0,0,1,0,0,37,1,5,10,11,7,13.428571428571429,0,5,10,11,10,11.6,0,8.9,1.4,3.51,Graduate,Female,No,No,Up to Date,No,-1.83,3,0.7,1.0,12.33,0,1.67,1.83
EDU-002043,1,1,1,9254,1,1,131.0,2,37,1,9,3,126.1,1,0,0,1,1,0,18,1,0,6,6,6,13.666666666666666,0,0,6,6,6,13.5,0,7.6,2.6,0.32,Graduate,Male,No,No,Up to Date,Yes,-0.17,0,1.0,1.0,13.57,0,1.0,0.17
EDU-002044,1,1,3,9254,1,1,118.0,1,1,19,9,9,111.7,1,0,0,1,0,0,19,0,0,6,6,6,12.5,0,0,6,6,6,12.166666666666666,0,12.4,0.5,1.79,Graduate,Female,No,No,Up to Date,Yes,-0.33,0,1.0,1.0,12.3,0,1.0,0.33
EDU-002045,1,44,1,9085,1,39,140.0,1,1,19,3,3,140.0,1,0,0,1,0,0,21,0,2,6,7,6,13.0,0,1,6,15,4,12.8,0,12.4,0.5,1.79,Graduate,Female,No,No,Up to Date,Yes,-0.2,-2,1.0,0.6667,8.59,0,1.0,0.2
EDU-002046,1,1,2,9500,1,1,133.0,1,19,1,9,1,122.2,0,0,0,1,0,0,20,0,0,7,9,6,12.783333333333331,0,0,8,9,7,12.842857142857143,0,13.9,-0.3,0.79,Graduate,Female,No,No,Up to Date,No,0.06,1,0.8571,0.875,11.22,0,1.17,0.06
EDU-002047,1,1,2,9500,1,1,126.0,1,37,1,7,7,118.7,1,0,0,1,0,0,19,0,0,7,0,0,0.0,0,0,8,0,0,0.0,0,13.9,-0.3,0.79,Dropout,Female,No,No,Up to Date,Yes,0.0,0,0.0,0.0,0.0,0,1.17,0.0
EDU-002048,1,17,2,9556,1,1,125.0,1,38,19,7,7,121.5,1,0,0,1,0,0,20,0,0,7,13,4,13.5,0,0,7,11,4,11.225,0,11.1,0.6,2.02,Dropout,Female,No,No,Up to Date,Yes,-2.28,0,0.5714,0.5714,6.93,0,1.17,2.28
EDU-002049,1,17,4,9500,1,1,138.0,1,3,1,2,5,134.5,1,0,0,1,0,0,18,0,0,7,7,7,13.457142857142856,0,0,8,8,8,15.125,0,13.9,-0.3,0.79,Graduate,Female,No,No,Up to Date,Yes,1.67,1,1.0,1.0,14.46,0,1.17,1.67
EDU-002050,1,1,4,9500,1,1,140.0,1,1,19,9,7,127.0,1,0,0,1,0,0,19,0,0,8,8,7,13.44285714285714,0,0,8,8,7,13.44285714285714,0,12.7,3.7,-1.7,Graduate,Female,No,No,Up to Date,Yes,0.0,0,0.875,0.875,11.76,0,1.33,0.0
EDU-002051,1,1,1,9238,1,1,124.0,1,37,38,9,3,114.2,0,0,0,1,0,0,18,0,0,6,13,4,11.0,0,0,6,12,5,10.833333333333334,0,15.5,2.8,-4.06,Graduate,Female,No,No,Up to Date,No,-0.17,1,0.6667,0.8333,9.08,0,1.0,0.17
EDU-002052,1,17,1,9238,1,1,133.0,1,38,38,7,7,125.3,1,0,0,1,0,1,18,0,0,6,6,6,11.333333333333334,0,0,6,7,6,12.285714285714286,0,15.5,2.8,-4.06,Graduate,Female,Yes,No,Up to Date,Yes,0.95,0,1.0,1.0,11.9,0,1.0,0.95
EDU-002053,1,1,2,9773,1,1,127.0,1,1,19,4,5,120.4,1,0,0,1,0,0,18,0,0,5,7,2,10.0,0,0,1,1,0,0.0,0,12.7,3.7,-1.7,Dropout,Female,No,No,Up to Date,Yes,-10.0,-2,0.4,0.0,0.0,0,0.83,10.0
EDU-002054,1,1,6,9500,1,1,138.0,1,1,38,3,9,123.0,1,0,0,1,0,0,19,0,0,7,10,5,13.44,0,0,7,8,6,13.066666666666668,0,12.4,0.5,1.79,Enrolled,Female,No,No,Up to Date,Yes,-0.37,1,0.7143,0.8571,11.33,0,1.17,0.37
EDU-002055,1,1,2,9556,1,1,142.0,1,1,19,4,5,130.5,1,0,0,1,0,1,18,0,0,7,8,7,12.214285714285714,0,0,8,8,8,14.0625,0,16.2,0.3,-0.92,Graduate,Female,Yes,No,Up to Date,Yes,1.85,1,1.0,1.0,13.32,0,1.17,1.85
EDU-002056,1,1,1,9070,1,1,130.0,41,37,19,9,8,125.5,1,0,0,1,0,1,19,1,0,6,6,6,14.166666666666666,0,0,6,6,6,13.5,0,11.1,0.6,2.02,Graduate,Female,Yes,No,Up to Date,Yes,-0.67,0,1.0,1.0,13.77,0,1.0,0.67
EDU-002057,1,53,1,9003,1,42,130.0,1,1,19,9,7,133.8,0,0,1,1,0,1,24,0,7,12,13,12,12.846153846153848,0,5,11,13,11,12.636363636363637,0,8.9,1.4,3.51,Graduate,Female,Yes,Yes,Up to Date,No,-0.21,-1,1.0,1.0,12.72,0,2.0,0.21
EDU-002058,1,44,1,9085,1,39,150.0,1,37,37,9,9,150.0,0,0,0,1,0,0,20,0,2,6,8,6,13.0,0,1,6,18,2,12.0,0,12.4,0.5,1.79,Enrolled,Female,No,No,Up to Date,No,-1.0,-4,1.0,0.3333,4.13,0,1.0,1.0
EDU-002059,1,1,1,9147,1,1,127.0,1,1,19,5,7,130.5,1,0,0,1,0,1,21,0,0,5,6,5,12.8,1,0,5,7,4,11.25,0,9.4,-0.8,-3.12,Graduate,Female,Yes,No,Up to Date,Yes,-1.55,-1,1.0,0.8,9.5,0,0.83,1.55
EDU-002060,1,44,1,9085,1,39,140.0,1,38,37,4,10,140.0,0,0,1,0,0,0,20,0,1,6,13,4,13.0,0,1,6,11,5,12.0,0,16.2,0.3,-0.92,Dropout,Female,No,Yes,In Arrears,No,-1.0,1,0.6667,0.8333,10.33,1,1.0,1.0
EDU-002061,1,17,6,9500,1,1,126.0,1,19,37,3,9,119.4,1,0,0,1,0,1,19,0,0,7,7,7,13.371428571428572,0,0,8,9,8,13.666666666666666,0,16.2,0.3,-0.92,Graduate,Female,Yes,No,Up to Date,Yes,0.3,1,1.0,1.0,13.55,0,1.17,0.3
EDU-002062,1,17,5,9556,1,1,139.0,1,19,19,9,8,121.3,1,0,0,1,0,1,19,0,0,7,8,7,13.385714285714286,0,0,8,8,8,13.3875,0,10.8,1.4,1.74,Graduate,Female,Yes,No,Up to Date,Yes,0.0,1,1.0,1.0,13.39,0,1.17,0.0
EDU-002063,1,1,3,9500,1,1,141.0,1,1,1,9,9,126.3,1,0,0,1,0,0,18,0,0,8,8,7,13.328571428571427,0,0,8,8,7,13.328571428571427,0,12.7,3.7,-1.7,Graduate,Female,No,No,Up to Date,Yes,0.0,0,0.875,0.875,11.66,0,1.33,0.0
EDU-002064,1,1,1,9085,1,1,120.0,1,38,38,4,7,111.6,1,0,0,1,0,0,19,0,0,6,12,5,14.0,0,0,6,14,5,11.0,0,16.2,0.3,-0.92,Graduate,Female,No,No,Up to Date,Yes,-3.0,0,0.8333,0.8333,10.17,0,1.0,3.0
EDU-002065,1,17,4,9147,1,1,120.0,1,38,19,9,9,111.3,1,0,0,1,0,0,21,0,0,5,5,5,12.6,0,0,5,5,5,13.2,0,8.9,1.4,3.51,Graduate,Female,No,No,Up to Date,Yes,0.6,0,1.0,1.0,12.96,0,0.83,0.6
EDU-002066,1,1,2,9853,1,1,134.0,1,1,38,9,8,122.5,1,0,0,1,0,1,19,0,0,6,7,6,14.0,0,0,6,6,6,15.0,0,15.5,2.8,-4.06,Graduate,Female,Yes,No,Up to Date,Yes,1.0,0,1.0,1.0,14.6,0,1.0,1.0
EDU-002067,1,1,5,9254,1,1,128.0,1,19,1,7,10,116.5,1,0,0,1,0,1,18,0,0,6,7,6,13.428571428571429,0,0,6,6,6,12.666666666666666,0,8.9,1.4,3.51,Graduate,Female,Yes,No,Up to Date,Yes,-0.76,0,1.0,1.0,12.97,0,1.0,0.76
EDU-002068,1,17,5,9070,1,1,133.0,1,4,1,4,4,132.0,1,1,0,1,0,1,17,0,0,6,6,6,13.0,0,0,6,6,6,12.5,0,15.5,2.8,-4.06,Graduate,Female,Yes,No,Up to Date,Yes,-0.5,0,1.0,1.0,12.7,0,1.0,0.5
EDU-002069,1,18,4,9853,1,1,123.0,1,19,38,4,10,123.7,1,0,0,1,0,0,19,0,0,6,8,5,12.666666666666666,0,0,6,8,5,11.0,0,15.5,2.8,-4.06,Enrolled,Female,No,No,Up to Date,Yes,-1.67,0,0.8333,0.8333,9.72,0,1.0,1.67
EDU-002070,1,17,6,9147,1,1,118.0,1,37,1,9,7,117.0,1,0,0,0,1,0,23,0,0,5,9,3,10.0,1,0,5,9,3,12.333333333333334,0,9.4,-0.8,-3.12,Dropout,Male,No,No,In Arrears,Yes,2.33,0,0.6,0.6,6.84,0,0.83,2.33
EDU-002071,1,1,1,9670,1,1,113.0,1,1,37,1,10,116.5,1,0,0,1,0,0,19,0,0,6,7,6,12.833333333333334,0,0,6,10,6,11.77777777777778,0,8.9,1.4,3.51,Graduate,Female,No,No,Up to Date,Yes,-1.06,0,1.0,1.0,12.2,0,1.0,1.06
EDU-002072,1,1,1,9500,1,1,135.0,1,19,3,9,4,121.5,1,0,0,1,0,0,18,0,0,7,7,6,12.916666666666666,0,0,7,7,6,12.916666666666666,0,7.6,2.6,0.32,Graduate,Female,No,No,Up to Date,Yes,0.0,0,0.8571,0.8571,11.07,0,1.17,0.0
EDU-002073,1,1,1,9670,1,1,133.1,1,38,38,5,9,105.0,1,0,0,1,0,0,20,0,0,6,9,6,13.285714285714286,0,0,6,8,5,13.8,0,15.5,2.8,-4.06,Graduate,Female,No,No,Up to Date,Yes,0.51,-1,1.0,0.8333,11.33,0,1.0,0.51
EDU-002074,1,1,3,9085,1,1,130.0,1,1,19,9,9,121.3,1,0,0,1,0,1,19,0,0,5,6,5,14.6,0,0,5,5,5,13.8,0,10.8,1.4,1.74,Graduate,Female,Yes,No,Up to Date,Yes,-0.8,0,1.0,1.0,14.12,0,0.83,0.8
EDU-002075,1,1,1,9238,1,1,135.0,1,19,38,3,9,136.1,1,0,0,1,0,1,18,0,0,6,6,6,14.0,0,0,6,6,6,13.666666666666666,0,12.4,0.5,1.79,Graduate,Female,Yes,No,Up to Date,Yes,-0.33,0,1.0,1.0,13.8,0,1.0,0.33
EDU-002076,1,17,2,9238,1,1,133.0,1,37,37,9,4,123.6,0,0,0,1,0,1,19,0,0,6,7,6,14.142857142857142,0,0,6,6,6,15.0,0,13.9,-0.3,0.79,Graduate,Female,Yes,No,Up to Date,No,0.86,0,1.0,1.0,14.66,0,1.0,0.86
EDU-002077,1,1,4,9238,1,1,123.0,1,38,1,4,10,129.0,1,0,0,1,0,0,19,0,0,6,8,6,11.666666666666666,0,0,6,6,6,12.333333333333334,0,10.8,1.4,1.74,Graduate,Female,No,No,Up to Date,Yes,0.67,0,1.0,1.0,12.07,0,1.0,0.67
EDU-002078,1,17,1,9500,1,1,145.0,1,19,37,4,8,136.8,1,0,0,1,0,0,18,0,0,8,9,8,14.3775,1,0,8,9,8,14.3775,1,9.4,-0.8,-3.12,Graduate,Female,No,No,Up to Date,Yes,0.0,0,1.0,1.0,14.38,0,1.33,0.0
EDU-002079,1,17,2,9500,1,1,146.0,1,3,3,3,6,133.4,1,0,0,1,0,0,18,0,0,7,8,7,12.5,0,0,8,9,7,13.042857142857144,0,13.9,-0.3,0.79,Graduate,Female,No,No,Up to Date,Yes,0.54,0,1.0,0.875,11.22,0,1.17,0.54
EDU-002080,1,1,5,9500,1,1,144.0,1,38,38,7,7,136.0,1,0,0,1,0,1,19,0,0,7,7,6,14.15,0,0,7,7,6,14.15,0,7.6,2.6,0.32,Graduate,Female,Yes,No,Up to Date,Yes,0.0,0,0.8571,0.8571,12.13,0,1.17,0.0
EDU-002081,1,1,1,9500,1,1,144.0,1,38,37,9,9,125.8,0,0,0,1,0,1,19,0,0,8,12,7,12.471428571428572,0,0,8,12,7,12.471428571428572,0,12.7,3.7,-1.7,Graduate,Female,Yes,No,Up to Date,No,0.0,0,0.875,0.875,10.91,0,1.33,0.0
EDU-002082,1,1,1,9500,1,1,131.0,1,4,4,2,1,120.5,0,0,0,1,0,0,19,0,0,7,7,6,14.15,0,0,7,7,6,14.15,0,7.6,2.6,0.32,Graduate,Female,No,No,Up to Date,No,0.0,0,0.8571,0.8571,12.13,0,1.17,0.0
EDU-002083,1,1,2,9500,1,1,141.0,1,37,37,9,8,130.2,1,0,0,1,0,0,21,0,0,7,11,7,14.072222222222225,0,0,8,8,8,14.0475,0,15.5,2.8,-4.06,Graduate,Female,No,No,Up to Date,Yes,-0.02,1,1.0,1.0,14.06,0,1.17,0.02
EDU-002084,1,1,3,9773,1,1,138.0,1,3,1,2,3,135.9,1,0,0,1,0,0,18,0,0,6,7,6,14.857142857142858,0,0,6,6,6,14.666666666666666,0,13.9,-0.3,0.79,Graduate,Female,No,No,Up to Date,Yes,-0.19,0,1.0,1.0,14.74,0,1.0,0.19
EDU-002085,1,1,1,9773,1,1,127.0,1,19,37,9,9,116.5,0,0,0,1,0,1,19,0,0,6,7,6,14.285714285714286,0,0,6,6,6,13.166666666666666,0,11.1,0.6,2.02,Graduate,Female,Yes,No,Up to Date,No,-1.12,0,1.0,1.0,13.61,0,1.0,1.12
EDU-002086,1,1,4,9773,1,1,124.0,1,19,37,99,90,124.0,0,0,0,0,0,0,18,0,0,4,4,0,0.0,0,0,4,4,0,0.0,0,12.7,3.7,-1.7,Dropout,Female,No,No,In Arrears,No,0.0,0,0.0,0.0,0.0,0,0.67,0.0
EDU-002087,1,7,1,8014,0,3,140.0,1,1,1,4,4,140.0,0,0,0,1,0,0,30,0,0,6,0,0,0.0,0,0,6,0,0,0.0,0,10.8,1.4,1.74,Dropout,Female,No,No,Up to Date,No,0.0,0,0.0,0.0,0.0,0,1.0,0.0
EDU-002088,1,17,1,9130,1,1,157.0,1,3,2,3,6,150.9,1,0,0,1,0,0,18,0,0,6,8,6,15.0,0,0,6,8,5,15.166666666666666,0,13.9,-0.3,0.79,Dropout,Female,No,No,Up to Date,Yes,0.17,-1,1.0,0.8333,12.58,0,1.0,0.17
EDU-002089,1,1,3,9500,1,1,129.0,1,19,19,4,8,127.3,1,0,0,1,0,1,20,0,0,7,7,6,12.633333333333333,0,0,7,7,6,12.633333333333333,0,7.6,2.6,0.32,Graduate,Female,Yes,No,Up to Date,Yes,0.0,0,0.8571,0.8571,10.83,0,1.17,0.0
EDU-002090,1,39,1,9670,1,19,133.1,1,1,1,4,7,100.0,0,0,1,0,0,0,25,0,0,5,5,5,11.2,0,0,5,5,5,12.6,0,9.4,-0.8,-3.12,Dropout,Female,No,Yes,In Arrears,No,1.4,0,1.0,1.0,12.04,1,0.83,1.4
EDU-002091,1,1,5,9500,1,1,142.0,1,38,37,5,7,128.8,1,0,0,1,0,0,18,0,0,7,7,6,14.233333333333334,0,0,7,7,6,14.233333333333334,0,7.6,2.6,0.32,Graduate,Female,No,No,Up to Date,Yes,0.0,0,0.8571,0.8571,12.2,0,1.17,0.0
EDU-002092,5,1,3,9085,1,1,133.0,1,19,19,4,7,119.7,1,0,0,1,0,0,21,0,0,5,13,5,12.2,2,0,5,10,3,11.333333333333334,1,9.4,-0.8,-3.12,Enrolled,Female,No,No,Up to Date,Yes,-0.87,-2,1.0,0.6,7.01,0,0.83,0.87
EDU-002093,1,1,1,9500,1,1,156.0,1,5,4,2,1,140.8,0,0,0,1,0,0,18,0,0,8,8,7,15.7,0,0,8,8,7,15.7,0,12.7,3.7,-1.7,Graduate,Female,No,No,Up to Date,No,0.0,0,0.875,0.875,13.74,0,1.33,0.0
EDU-002094,1,1,1,9500,1,1,151.0,1,37,37,9,9,138.0,1,0,0,1,0,0,18,0,0,7,7,6,15.2,0,0,7,7,6,15.2,0,7.6,2.6,0.32,Graduate,Female,No,No,Up to Date,Yes,0.0,0,0.8571,0.8571,13.03,0,1.17,0.0
EDU-002095,1,17,1,9853,1,1,135.0,1,3,3,2,2,132.9,1,0,0,0,0,0,29,0,0,6,9,6,16.333333333333332,0,0,6,8,5,15.6,0,12.7,3.7,-1.7,Dropout,Female,No,No,In Arrears,Yes,-0.73,-1,1.0,0.8333,13.24,0,1.0,0.73
EDU-002096,1,43,1,9130,1,1,140.0,1,3,3,2,2,140.0,0,0,0,1,0,0,20,0,10,17,29,14,12.5625,4,7,12,24,12,12.857142857142858,1,15.5,2.8,-4.06,Graduate,Female,No,No,Up to Date,No,0.29,-2,0.8235,1.0,12.74,0,2.83,0.29
EDU-002097,1,7,1,9500,1,3,140.0,1,3,1,4,4,140.0,0,0,0,1,0,0,26,0,0,7,0,0,0.0,0,0,8,0,0,0.0,0,13.9,-0.3,0.79,Dropout,Female,No,No,Up to Date,No,0.0,0,0.0,0.0,0.0,0,1.17,0.0
EDU-002098,1,1,2,9238,1,1,100.0,1,38,1,7,7,99.3,1,0,0,1,0,0,21,0,0,6,8,5,12.4,0,0,6,6,6,12.0,0,12.4,0.5,1.79,Graduate,Female,No,No,Up to Date,Yes,-0.4,1,0.8333,1.0,12.16,0,1.0,0.4
EDU-002099,1,18,1,9500,1,1,126.0,1,37,19,5,5,119.3,0,0,0,1,0,1,19,0,0,8,9,8,13.78125,1,0,8,9,8,13.78125,1,9.4,-0.8,-3.12,Graduate,Female,Yes,No,Up to Date,No,0.0,0,1.0,1.0,13.78,0,1.33,0.0
EDU-002100,1,17,2,9254,1,1,123.0,1,19,19,5,5,113.2,1,0,1,1,0,0,19,0,0,6,10,6,12.166666666666666,0,0,6,8,5,11.666666666666666,0,16.2,0.3,-0.92,Dropout,Female,No,Yes,Up to Date,Yes,-0.5,-1,1.0,0.8333,9.89,0,1.0,0.5
EDU-002101,1,17,1,9773,1,1,133.1,1,38,38,9,5,117.0,0,0,0,1,0,0,21,0,0,6,8,5,11.8,0,0,6,8,5,11.833333333333334,0,15.5,2.8,-4.06,Enrolled,Female,No,No,Up to Date,No,0.03,0,0.8333,0.8333,9.85,0,1.0,0.03
EDU-002102,1,18,1,8014,0,1,137.0,1,1,1,4,3,123.0,0,0,1,1,0,0,20,0,0,6,13,4,10.8,0,0,6,15,4,12.0,0,16.2,0.3,-0.92,Graduate,Female,No,Yes,Up to Date,No,1.2,0,0.6667,0.6667,7.68,0,1.0,1.2
EDU-002103,1,1,6,9500,1,1,138.0,1,37,37,9,8,127.2,1,0,0,1,0,1,18,0,0,7,8,7,13.26,0,0,8,8,8,14.28625,0,15.5,2.8,-4.06,Graduate,Female,Yes,No,Up to Date,Yes,1.03,1,1.0,1.0,13.88,0,1.17,1.03
EDU-002104,1,1,2,9773,1,1,128.0,1,34,19,3,0,141.0,1,0,0,0,0,0,20,0,0,6,10,4,12.0,0,0,6,15,3,10.666666666666666,0,7.6,2.6,0.32,Dropout,Female,No,No,In Arrears,Yes,-1.33,-1,0.6667,0.5,5.6,0,1.0,1.33
EDU-002105,1,1,1,9238,1,1,136.0,1,19,38,9,9,121.7,0,1,0,1,0,1,20,0,0,6,9,6,11.875,0,0,6,7,6,14.428571428571429,0,16.2,0.3,-0.92,Graduate,Female,Yes,No,Up to Date,No,2.55,0,1.0,1.0,13.41,0,1.0,2.55
EDU-002106,1,43,1,9500,1,1,127.0,1,19,19,4,7,121.1,0,0,0,1,0,1,18,0,0,7,11,5,12.16,0,0,7,7,2,13.4,0,16.2,0.3,-0.92,Enrolled,Female,Yes,No,Up to Date,No,1.24,-3,0.7143,0.2857,3.69,0,1.17,1.24
EDU-002107,1,16,1,9070,1,1,145.0,1,1,1,3,3,146.1,1,0,0,1,0,0,18,0,0,6,6,1,15.0,0,0,6,7,4,12.5,0,9.4,-0.8,-3.12,Enrolled,Female,No,No,Up to Date,Yes,-2.5,3,0.1667,0.6667,9.0,0,1.0,2.5
EDU-002108,1,1,1,9773,1,1,140.0,1,37,37,9,9,142.5,1,0,0,1,0,0,18,0,0,6,6,6,13.333333333333334,0,0,6,9,5,13.2,0,9.4,-0.8,-3.12,Graduate,Female,No,No,Up to Date,Yes,-0.13,-1,1.0,0.8333,11.04,0,1.0,0.13
EDU-002109,1,17,1,9085,1,1,138.0,1,2,19,2,9,126.8,1,0,0,1,0,0,18,0,0,5,12,2,11.5,0,0,5,12,3,11.8,2,10.8,1.4,1.74,Enrolled,Female,No,No,Up to Date,Yes,0.3,1,0.4,0.6,7.01,0,0.83,0.3
EDU-002110,1,44,1,9085,1,39,150.0,1,3,3,2,2,150.0,1,0,0,1,0,0,22,0,2,6,7,6,14.428571428571429,0,1,6,9,5,13.0,0,13.9,-0.3,0.79,Graduate,Female,No,No,Up to Date,Yes,-1.43,-1,1.0,0.8333,11.31,0,1.0,1.43
EDU-002111,1,44,3,9085,1,39,150.0,1,1,19,4,1,150.0,1,0,0,1,0,0,19,0,0,5,10,1,13.0,1,0,5,8,3,15.333333333333334,0,12.7,3.7,-1.7,Enrolled,Female,No,No,Up to Date,Yes,2.33,2,0.2,0.6,8.64,0,0.83,2.33
EDU-002112,1,17,1,9003,1,1,131.0,1,19,1,9,2,134.5,1,0,0,1,0,1,19,0,0,6,7,6,15.0,0,0,6,8,6,14.333333333333334,0,12.4,0.5,1.79,Graduate,Female,Yes,No,Up to Date,Yes,-0.67,0,1.0,1.0,14.6,0,1.0,0.67
EDU-002113,1,1,2,9556,1,1,136.0,1,19,19,9,9,129.5,1,0,0,1,0,0,18,0,0,7,9,7,15.155555555555557,0,0,8,8,8,16.8,0,12.7,3.7,-1.7,Graduate,Female,No,No,Up to Date,Yes,1.64,1,1.0,1.0,16.14,0,1.17,1.64
EDU-002114,1,1,1,9238,1,1,117.0,1,38,38,175,183,113.2,1,0,1,1,0,0,20,0,0,6,8,6,10.666666666666666,0,0,6,7,6,11.857142857142858,0,11.1,0.6,2.02,Graduate,Female,No,Yes,Up to Date,Yes,1.19,0,1.0,1.0,11.38,0,1.0,1.19
EDU-002115,1,17,1,9853,1,1,158.0,1,38,37,5,5,140.2,1,0,0,1,0,0,18,0,0,6,9,5,11.0,0,0,6,9,4,11.25,0,10.8,1.4,1.74,Dropout,Female,No,No,Up to Date,Yes,0.25,-1,0.8333,0.6667,7.43,0,1.0,0.25
EDU-002116,1,17,2,9670,1,1,129.0,1,1,19,5,5,119.2,1,0,0,1,0,0,21,0,0,6,0,0,0.0,0,0,6,0,0,0.0,0,8.9,1.4,3.51,Dropout,Female,No,No,Up to Date,Yes,0.0,0,0.0,0.0,0.0,0,1.0,0.0
EDU-002117,1,1,1,9238,1,1,140.0,1,1,19,4,4,140.7,0,0,0,1,0,0,19,0,0,6,7,6,12.285714285714286,0,0,6,7,6,12.0,0,12.4,0.5,1.79,Graduate,Female,No,No,Up to Date,No,-0.29,0,1.0,1.0,12.11,0,1.0,0.29
EDU-002118,1,1,5,9500,1,1,141.0,1,38,38,9,9,142.3,1,0,0,1,0,0,18,0,0,8,8,8,12.82875,0,0,8,8,8,12.82875,0,9.4,-0.8,-3.12,Dropout,Female,No,No,Up to Date,Yes,0.0,0,1.0,1.0,12.83,0,1.33,0.0
EDU-002119,1,1,4,9773,1,1,132.0,11,12,12,90,4,129.9,1,0,0,1,0,0,18,1,0,6,6,6,12.666666666666666,0,0,6,8,5,14.4,0,7.6,2.6,0.32,Graduate,Female,No,No,Up to Date,Yes,1.73,-1,1.0,0.8333,11.42,0,1.0,1.73
EDU-002120,1,17,1,171,1,1,133.0,1,1,1,6,7,134.8,1,0,0,1,0,0,18,0,0,0,0,0,0.0,0,0,0,0,0,0.0,0,12.4,0.5,1.79,Enrolled,Female,No,No,Up to Date,Yes,0.0,0,0.0,0.0,0.0,0,0.0,0.0
EDU-002121,1,17,1,9085,1,1,109.0,1,19,19,4,9,104.1,1,0,1,0,0,1,21,0,0,6,16,2,13.0,0,0,6,8,0,0.0,0,15.5,2.8,-4.06,Dropout,Female,Yes,Yes,In Arrears,Yes,-13.0,-2,0.3333,0.0,0.0,1,1.0,13.0
EDU-002122,1,1,1,9147,1,1,135.0,1,1,38,5,5,122.4,0,0,1,1,0,0,19,0,0,5,10,5,10.875,0,0,5,8,4,12.4,0,13.9,-0.3,0.79,Graduate,Female,No,Yes,Up to Date,No,1.53,-1,1.0,0.8,9.43,0,0.83,1.53
EDU-002123,1,1,1,9147,1,1,122.0,1,37,37,9,7,120.6,1,0,0,1,0,1,19,0,0,5,5,5,12.8,0,0,5,8,5,11.6,0,9.4,-0.8,-3.12,Graduate,Female,Yes,No,Up to Date,Yes,-1.2,0,1.0,1.0,12.08,0,0.83,1.2
EDU-002124,1,17,3,9238,1,1,118.0,1,1,19,4,10,112.4,1,0,0,1,0,0,19,0,0,6,10,5,11.285714285714286,0,0,6,7,0,0.0,0,16.2,0.3,-0.92,Dropout,Female,No,No,Up to Date,Yes,-11.29,-5,0.8333,0.0,0.0,0,1.0,11.29
EDU-002125,1,1,1,171,1,1,174.0,1,5,3,3,3,157.9,0,0,0,1,0,0,18,0,0,0,0,0,0.0,0,0,0,0,0,0.0,0,13.9,-0.3,0.79,Graduate,Female,No,No,Up to Date,No,0.0,0,0.0,0.0,0.0,0,0.0,0.0
EDU-002126,1,43,1,9254,1,1,142.0,1,38,38,9,9,125.9,0,0,0,1,0,1,19,0,0,6,0,0,0.0,0,0,6,11,1,10.0,0,10.8,1.4,1.74,Dropout,Female,Yes,No,Up to Date,No,10.0,1,0.0,0.1667,1.0,0,1.0,10.0
EDU-002127,1,17,2,9500,1,1,131.0,1,38,1,5,7,118.4,1,0,0,1,0,1,20,0,0,7,9,6,13.766666666666666,0,0,8,9,8,13.744444444444444,0,16.2,0.3,-0.92,Dropout,Female,Yes,No,Up to Date,Yes,-0.02,2,0.8571,1.0,13.75,0,1.17,0.02
EDU-002128,1,1,3,9500,1,1,139.0,1,18,18,1,1,130.8,1,0,0,0,0,0,18,0,0,8,9,6,12.758333333333333,1,0,8,9,6,12.758333333333333,1,9.4,-0.8,-3.12,Dropout,Female,No,No,In Arrears,Yes,0.0,0,0.75,0.75,9.57,0,1.33,0.0
EDU-002129,1,1,1,171,1,1,170.0,1,19,19,8,8,176.7,1,0,0,1,0,1,19,0,0,0,0,0,0.0,0,0,0,0,0,0.0,0,11.1,0.6,2.02,Dropout,Female,Yes,No,Up to Date,Yes,0.0,0,0.0,0.0,0.0,0,0.0,0.0
EDU-002130,1,1,1,9070,1,1,182.0,1,19,1,5,7,156.8,1,0,0,1,0,0,18,0,0,6,6,6,12.666666666666666,0,0,6,8,6,13.25,0,10.8,1.4,1.74,Graduate,Female,No,No,Up to Date,Yes,0.58,0,1.0,1.0,13.02,0,1.0,0.58
EDU-002131,1,1,1,9085,1,1,125.0,1,19,37,3,7,126.8,0,0,0,1,0,0,18,0,0,6,13,6,12.0,0,0,6,16,4,12.75,0,11.1,0.6,2.02,Enrolled,Female,No,No,Up to Date,No,0.75,-2,1.0,0.6667,8.3,0,1.0,0.75
EDU-002132,1,1,1,9238,1,1,142.0,1,1,37,5,7,128.0,0,0,0,1,0,1,19,0,0,6,8,6,12.25,0,0,6,8,6,12.0,0,16.2,0.3,-0.92,Graduate,Female,Yes,No,Up to Date,No,-0.25,0,1.0,1.0,12.1,0,1.0,0.25
EDU-002133,1,1,2,9147,1,1,119.0,1,19,37,4,5,113.8,1,0,0,1,0,0,20,0,0,5,8,3,11.333333333333334,0,0,5,8,5,12.2,0,7.6,2.6,0.32,Graduate,Female,No,No,Up to Date,Yes,0.87,2,0.6,1.0,11.85,0,0.83,0.87
EDU-002134,1,17,5,9500,1,1,128.0,1,1,1,4,5,120.8,1,0,0,1,0,1,19,0,0,7,9,7,13.507142857142856,0,0,8,12,8,13.05,0,16.2,0.3,-0.92,Graduate,Female,Yes,No,Up to Date,Yes,-0.46,1,1.0,1.0,13.23,0,1.17,0.46
EDU-002135,1,1,3,9500,1,1,150.0,1,19,38,1,1,130.8,1,0,0,1,0,0,18,0,0,8,8,7,13.614285714285714,0,0,8,8,7,13.614285714285714,0,12.7,3.7,-1.7,Graduate,Female,No,No,Up to Date,Yes,0.0,0,0.875,0.875,11.91,0,1.33,0.0
EDU-002136,1,39,1,9254,1,1,133.1,1,19,1,4,1,101.0,0,0,1,1,0,0,25,0,0,6,6,0,0.0,0,0,6,6,0,0.0,0,15.5,2.8,-4.06,Dropout,Female,No,Yes,Up to Date,No,0.0,0,0.0,0.0,0.0,0,1.0,0.0
EDU-002137,1,17,5,9070,1,1,131.0,1,37,37,9,9,126.1,1,0,0,0,0,0,18,0,0,6,9,4,11.5,1,0,6,6,6,12.166666666666666,0,7.6,2.6,0.32,Graduate,Female,No,No,In Arrears,Yes,0.67,2,0.6667,1.0,11.9,0,1.0,0.67
EDU-002138,1,1,5,9773,1,1,118.0,1,38,19,9,9,113.8,1,0,0,1,0,0,19,0,0,6,7,6,12.333333333333334,0,0,6,7,6,12.5,0,8.9,1.4,3.51,Graduate,Female,No,No,Up to Date,Yes,0.17,0,1.0,1.0,12.43,0,1.0,0.17
EDU-002139,1,17,2,9556,1,1,122.0,1,19,38,4,8,118.3,1,0,0,1,0,1,19,0,0,7,7,7,11.971428571428572,0,0,8,8,8,14.4375,0,15.5,2.8,-4.06,Graduate,Female,Yes,No,Up to Date,Yes,2.47,1,1.0,1.0,13.45,0,1.17,2.47
EDU-002140,1,1,1,9147,1,1,116.0,1,19,19,5,8,127.9,0,0,1,0,0,1,20,0,0,5,12,2,13.0,1,0,5,13,2,11.5,0,9.4,-0.8,-3.12,Dropout,Female,Yes,Yes,In Arrears,No,-1.5,0,0.4,0.4,4.84,1,0.83,1.5
EDU-002141,1,17,5,9500,1,1,137.0,1,1,1,5,4,131.1,1,0,0,1,0,0,18,0,0,7,9,7,12.385714285714286,0,0,8,9,7,12.728571428571428,0,13.9,-0.3,0.79,Enrolled,Female,No,No,Up to Date,Yes,0.34,0,1.0,0.875,11.02,0,1.17,0.34
EDU-002142,1,17,4,9085,1,1,128.0,1,38,37,4,9,117.9,1,0,0,1,0,0,20,0,0,5,12,2,13.5,0,0,5,12,5,11.285714285714286,1,10.8,1.4,1.74,Graduate,Female,No,No,Up to Date,Yes,-2.21,3,0.4,1.0,12.17,0,0.83,2.21
EDU-002143,1,17,1,9238,1,1,123.0,1,1,1,9,9,115.7,1,0,0,1,0,0,21,0,0,6,8,6,12.166666666666666,0,0,6,7,6,13.285714285714286,0,11.1,0.6,2.02,Graduate,Female,No,No,Up to Date,Yes,1.12,0,1.0,1.0,12.84,0,1.0,1.12
EDU-002144,1,1,2,171,1,1,133.1,1,3,1,2,3,141.0,1,0,0,1,0,0,19,0,0,0,0,0,0.0,0,0,0,0,0,0.0,0,12.7,3.7,-1.7,Graduate,Female,No,No,Up to Date,Yes,0.0,0,0.0,0.0,0.0,0,0.0,0.0
EDU-002145,2,39,1,8014,0,12,110.0,1,37,37,7,9,120.0,0,0,0,1,0,0,42,0,0,6,6,6,11.666666666666666,0,0,6,6,6,13.666666666666666,0,10.8,1.4,1.74,Graduate,Female,No,No,Up to Date,No,2.0,0,1.0,1.0,12.87,0,1.0,2.0
EDU-002146,1,17,1,9130,1,1,143.0,1,3,3,2,2,131.8,1,0,1,0,0,0,18,0,0,6,9,5,12.4,0,0,6,12,5,14.166666666666666,0,8.9,1.4,3.51,Enrolled,Female,No,Yes,In Arrears,Yes,1.77,0,0.8333,0.8333,11.22,1,1.0,1.77
EDU-002147,1,1,1,9070,1,1,150.0,1,37,37,9,6,131.1,0,0,0,1,0,1,19,0,0,6,7,5,13.4,0,0,6,6,6,12.833333333333334,0,15.5,2.8,-4.06,Graduate,Female,Yes,No,Up to Date,No,-0.57,1,0.8333,1.0,13.06,0,1.0,0.57
EDU-002148,1,1,6,9254,1,1,129.0,1,38,19,9,5,117.8,1,0,0,1,0,0,18,0,0,6,11,6,12.0,0,0,6,11,4,12.5,0,8.9,1.4,3.51,Graduate,Female,No,No,Up to Date,Yes,0.5,-2,1.0,0.6667,8.2,0,1.0,0.5
EDU-002149,1,10,1,9085,1,1,140.0,1,19,19,4,5,140.0,1,0,0,1,0,0,21,0,0,5,6,5,14.2,0,0,5,5,5,14.8,0,10.8,1.4,1.74,Graduate,Female,No,No,Up to Date,Yes,0.6,0,1.0,1.0,14.56,0,0.83,0.6
EDU-002150,1,1,1,9238,1,1,133.1,1,38,37,5,5,108.0,0,0,0,1,0,1,20,0,0,6,8,6,12.125,0,0,6,7,6,14.428571428571429,0,16.2,0.3,-0.92,Graduate,Female,Yes,No,Up to Date,No,2.3,0,1.0,1.0,13.51,0,1.0,2.3
EDU-002151,1,1,1,9853,1,1,132.0,1,1,19,3,3,122.9,1,0,0,1,0,0,20,0,0,7,7,7,13.857142857142858,0,0,7,7,7,13.285714285714286,0,11.1,0.6,2.02,Graduate,Female,No,No,Up to Date,Yes,-0.57,0,1.0,1.0,13.51,0,1.17,0.57
EDU-002152,1,44,1,9085,1,39,130.0,1,3,1,2,9,130.0,1,0,0,1,0,0,21,0,1,6,13,3,11.75,0,1,6,13,5,12.333333333333334,0,12.4,0.5,1.79,Enrolled,Female,No,No,Up to Date,Yes,0.58,2,0.5,0.8333,10.08,0,1.0,0.58
EDU-002153,1,1,4,9500,1,1,137.0,1,38,37,7,7,126.0,1,0,0,1,0,0,19,0,0,7,9,7,14.283333333333337,0,0,8,9,8,13.125555555555556,0,15.5,2.8,-4.06,Graduate,Female,No,No,Up to Date,Yes,-1.16,1,1.0,1.0,13.59,0,1.17,1.16
EDU-002154,1,42,1,9238,1,1,133.1,1,1,19,4,9,134.0,0,0,0,1,0,0,21,0,10,13,21,11,13.272727272727272,0,6,11,13,9,13.0,0,7.6,2.6,0.32,Graduate,Female,No,No,Up to Date,No,-0.27,-2,0.8462,0.8182,10.73,0,2.17,0.27
EDU-002155,1,1,1,9070,1,1,143.0,1,38,19,151,193,134.3,1,1,0,1,0,0,19,0,0,6,6,6,14.666666666666666,0,0,6,7,6,15.142857142857142,0,8.9,1.4,3.51,Graduate,Female,No,No,Up to Date,Yes,0.48,0,1.0,1.0,14.95,0,1.0,0.48
EDU-002156,1,1,1,9500,1,1,148.0,1,19,19,9,9,138.7,0,0,0,1,0,1,19,0,0,7,10,7,15.114999999999998,0,0,8,10,8,15.092,0,15.5,2.8,-4.06,Graduate,Female,Yes,No,Up to Date,No,-0.02,1,1.0,1.0,15.1,0,1.17,0.02
EDU-002157,1,17,2,171,1,1,137.0,1,1,1,4,1,143.3,1,0,0,1,0,0,18,0,0,0,0,0,0.0,0,0,0,0,0,0.0,0,9.4,-0.8,-3.12,Enrolled,Female,No,No,Up to Date,Yes,0.0,0,0.0,0.0,0.0,0,0.0,0.0
EDU-002158,1,44,1,9085,1,39,160.0,1,37,19,9,10,160.0,1,0,0,1,0,0,22,0,1,6,13,6,15.0,0,1,6,7,6,13.142857142857142,0,16.2,0.3,-0.92,Graduate,Female,No,No,Up to Date,Yes,-1.86,0,1.0,1.0,13.89,0,1.0,1.86
EDU-002159,1,1,2,9853,1,1,112.0,1,3,1,3,5,111.0,0,0,0,1,0,0,21,0,0,6,8,5,13.2,0,0,6,9,5,14.333333333333334,0,9.4,-0.8,-3.12,Graduate,Female,No,No,Up to Date,No,1.13,0,0.8333,0.8333,11.57,0,1.0,1.13
EDU-002160,1,17,4,9254,1,1,133.0,1,37,37,5,8,128.5,1,0,0,1,0,1,18,0,0,6,14,2,11.0,0,0,6,14,3,10.333333333333334,0,7.6,2.6,0.32,Dropout,Female,Yes,No,Up to Date,Yes,-0.67,1,0.3333,0.5,5.3,0,1.0,0.67
EDU-002161,1,1,4,9500,1,1,142.0,1,1,3,1,2,133.0,0,0,0,1,0,1,20,0,0,8,8,7,14.565714285714288,0,0,8,8,7,14.565714285714288,0,10.8,1.4,1.74,Graduate,Female,Yes,No,Up to Date,No,0.0,0,0.875,0.875,12.74,0,1.33,0.0
EDU-002162,1,17,2,9670,1,1,123.0,1,34,37,0,0,114.6,1,0,1,0,0,0,18,0,0,5,8,3,12.0,0,0,5,6,4,10.75,0,7.6,2.6,0.32,Dropout,Female,No,Yes,In Arrears,Yes,-1.25,1,0.6,0.8,9.0,1,0.83,1.25
EDU-002163,1,17,1,9238,1,1,103.0,1,19,37,7,9,104.1,0,0,0,1,0,0,20,0,0,6,6,0,0.0,0,0,5,5,0,0.0,0,8.9,1.4,3.51,Dropout,Female,No,No,Up to Date,No,0.0,0,0.0,0.0,0.0,0,1.0,0.0
EDU-002164,1,17,4,9500,1,1,140.0,1,1,1,3,3,127.6,1,0,0,1,0,0,23,0,0,7,7,6,13.796666666666669,0,0,8,11,7,13.775,0,12.4,0.5,1.79,Graduate,Female,No,No,Up to Date,Yes,-0.02,1,0.8571,0.875,12.06,0,1.17,0.02
EDU-002165,1,1,2,9773,1,1,159.0,1,1,1,3,3,151.0,1,0,0,1,0,0,18,0,0,6,6,6,14.833333333333334,0,0,6,6,6,15.333333333333334,0,12.7,3.7,-1.7,Graduate,Female,No,No,Up to Date,Yes,0.5,0,1.0,1.0,15.13,0,1.0,0.5
EDU-002166,1,44,1,9238,1,39,140.0,1,1,1,9,3,135.7,1,0,0,1,0,0,20,0,3,6,6,6,12.833333333333334,0,2,6,6,6,13.833333333333334,0,12.4,0.5,1.79,Graduate,Female,No,No,Up to Date,Yes,1.0,0,1.0,1.0,13.43,0,1.0,1.0
EDU-002167,1,17,1,9500,1,1,148.0,1,38,37,5,9,137.8,1,0,0,1,0,1,18,0,0,8,8,7,14.962857142857144,0,0,8,8,7,14.962857142857144,0,10.8,1.4,1.74,Graduate,Female,Yes,No,Up to Date,Yes,0.0,0,0.875,0.875,13.09,0,1.33,0.0
EDU-002168,1,1,6,9147,1,1,112.0,1,38,38,9,9,117.3,1,0,0,1,0,0,20,0,0,5,8,4,12.0,0,0,5,8,5,11.2,0,11.1,0.6,2.02,Graduate,Female,No,No,Up to Date,Yes,-0.8,1,0.8,1.0,11.52,0,0.83,0.8
EDU-002169,1,18,2,9500,1,1,131.0,1,1,3,3,2,121.2,1,0,0,1,0,0,18,0,0,7,8,7,12.4,0,0,8,9,8,12.8,0,16.2,0.3,-0.92,Graduate,Female,No,No,Up to Date,Yes,0.4,1,1.0,1.0,12.64,0,1.17,0.4
EDU-002170,1,17,1,9670,1,1,145.0,1,3,3,2,1,129.3,1,0,0,1,0,0,20,0,0,6,7,6,15.571428571428571,0,0,6,6,6,17.166666666666668,0,16.2,0.3,-0.92,Graduate,Female,No,No,Up to Date,Yes,1.6,0,1.0,1.0,16.53,0,1.0,1.6
EDU-002171,1,1,5,9500,1,1,133.1,1,1,1,5,8,123.0,1,0,0,1,0,0,19,0,0,8,8,7,13.714285714285714,0,0,8,8,7,13.714285714285714,0,12.7,3.7,-1.7,Graduate,Female,No,No,Up to Date,Yes,0.0,0,0.875,0.875,12.0,0,1.33,0.0
EDU-002172,1,44,1,9085,1,39,140.0,1,1,19,4,4,140.0,0,0,0,1,0,0,21,0,2,6,9,6,13.142857142857142,0,0,6,9,6,12.166666666666666,0,13.9,-0.3,0.79,Graduate,Female,No,No,Up to Date,No,-0.98,0,1.0,1.0,12.56,0,1.0,0.98
EDU-002173,2,7,1,9070,1,43,140.0,1,37,1,9,7,140.0,0,0,0,1,0,0,33,0,0,6,7,6,15.0,0,0,6,8,3,11.0,0,11.1,0.6,2.02,Graduate,Female,No,No,Up to Date,No,-4.0,-3,1.0,0.5,6.3,0,1.0,4.0
EDU-002174,1,1,1,9085,1,1,150.0,1,12,2,4,2,144.6,0,0,1,0,0,0,24,0,0,5,6,1,13.0,0,0,5,5,0,0.0,0,7.6,2.6,0.32,Dropout,Female,No,Yes,In Arrears,No,-13.0,-1,0.2,0.0,0.0,1,0.83,13.0
EDU-002175,1,43,1,9238,1,1,120.0,1,1,38,4,3,118.3,0,0,0,1,0,1,20,0,8,11,12,11,12.0,0,6,11,14,11,12.75,0,13.9,-0.3,0.79,Graduate,Female,Yes,No,Up to Date,No,0.75,0,1.0,1.0,12.45,0,1.83,0.75
EDU-002176,1,1,1,171,1,1,156.0,1,19,38,9,1,153.6,1,0,0,1,0,0,18,0,0,0,0,0,0.0,0,0,0,0,0,0.0,0,9.4,-0.8,-3.12,Graduate,Female,No,No,Up to Date,Yes,0.0,0,0.0,0.0,0.0,0,0.0,0.0
EDU-002177,1,1,4,9070,1,1,167.0,1,1,1,7,3,158.3,1,0,0,1,0,0,18,0,0,6,6,6,15.166666666666666,0,0,6,6,6,14.166666666666666,0,15.5,2.8,-4.06,Graduate,Female,No,No,Up to Date,Yes,-1.0,0,1.0,1.0,14.57,0,1.0,1.0
EDU-002178,1,43,1,8014,0,6,133.1,1,34,34,0,0,100.0,0,0,1,1,0,0,29,0,1,6,9,4,12.0,0,1,6,13,2,10.5,0,7.6,2.6,0.32,Dropout,Female,No,Yes,Up to Date,No,-1.5,-2,0.6667,0.3333,3.7,0,1.0,1.5
EDU-002179,1,17,1,9500,1,1,147.0,1,1,1,5,5,134.9,0,1,0,1,0,0,18,0,0,7,7,7,13.642857142857142,0,0,8,11,8,14.772727272727272,0,16.2,0.3,-0.92,Graduate,Female,No,No,Up to Date,No,1.13,1,1.0,1.0,14.32,0,1.17,1.13
EDU-002180,1,1,3,9773,1,1,129.0,1,38,37,5,5,142.0,1,0,0,1,0,0,19,0,0,6,8,6,12.666666666666666,0,0,6,7,6,12.714285714285714,0,9.4,-0.8,-3.12,Graduate,Female,No,No,Up to Date,Yes,0.05,0,1.0,1.0,12.7,0,1.0,0.05
EDU-002181,1,17,1,171,1,1,136.0,1,38,38,7,7,127.3,1,0,0,1,0,0,19,0,0,0,0,0,0.0,0,0,0,0,0,0.0,0,15.5,2.8,-4.06,Dropout,Female,No,No,Up to Date,Yes,0.0,0,0.0,0.0,0.0,0,0.0,0.0
EDU-002182,1,17,1,9238,1,1,128.0,1,19,19,5,4,116.5,0,0,0,1,0,1,18,0,0,6,8,5,10.8,0,0,6,9,6,10.5,0,12.4,0.5,1.79,Graduate,Female,Yes,No,Up to Date,No,-0.3,1,0.8333,1.0,10.62,0,1.0,0.3
EDU-002183,1,43,1,9500,1,1,140.0,1,19,19,7,7,138.6,0,0,0,1,0,1,19,0,0,7,9,6,14.25,0,0,8,11,8,13.063636363636364,0,16.2,0.3,-0.92,Graduate,Female,Yes,No,Up to Date,No,-1.19,2,0.8571,1.0,13.54,0,1.17,1.19
EDU-002184,1,42,1,9853,1,1,141.0,1,37,19,9,3,133.0,0,0,0,1,0,0,20,0,6,14,22,12,12.153846153846152,0,5,12,18,10,12.9,0,10.8,1.4,1.74,Dropout,Female,No,No,Up to Date,No,0.75,-2,0.8571,0.8333,10.5,0,2.33,0.75
EDU-002185,1,17,2,9238,1,1,133.0,1,2,1,3,4,136.2,1,0,0,1,0,0,19,0,0,6,14,1,11.5,0,0,6,12,2,10.5,0,7.6,2.6,0.32,Enrolled,Female,No,No,Up to Date,Yes,-1.0,1,0.1667,0.3333,3.63,0,1.0,1.0
EDU-002186,1,17,1,9254,1,1,125.0,1,19,19,7,5,118.0,1,0,0,1,0,1,19,0,0,6,10,4,12.25,0,0,6,9,3,12.333333333333334,0,9.4,-0.8,-3.12,Graduate,Female,Yes,No,Up to Date,Yes,0.08,-1,0.6667,0.5,6.15,0,1.0,0.08
EDU-002187,1,1,1,9070,1,1,124.0,1,19,37,4,4,126.8,0,0,0,1,0,1,18,0,1,6,8,6,12.0,1,0,6,12,5,11.142857142857142,0,13.9,-0.3,0.79,Enrolled,Female,Yes,No,Up to Date,No,-0.86,-1,1.0,0.8333,9.57,0,1.0,0.86
EDU-002188,1,1,6,9500,1,1,140.0,1,19,38,5,7,128.5,1,0,0,1,0,1,18,0,0,8,8,8,13.40375,0,0,8,8,8,13.40375,0,9.4,-0.8,-3.12,Graduate,Female,Yes,No,Up to Date,Yes,0.0,0,1.0,1.0,13.4,0,1.33,0.0
EDU-002189,1,17,1,9254,1,1,140.0,1,3,1,2,3,129.9,0,0,0,1,0,1,19,0,0,6,15,6,11.333333333333334,0,0,6,9,3,12.666666666666666,0,9.4,-0.8,-3.12,Graduate,Female,Yes,No,Up to Date,No,1.33,-3,1.0,0.5,6.07,0,1.0,1.33
EDU-002190,1,17,4,9773,1,1,137.0,1,1,1,5,5,125.8,0,0,1,1,1,0,20,0,0,6,7,5,12.2,0,0,6,6,6,12.333333333333334,0,12.7,3.7,-1.7,Dropout,Male,No,Yes,Up to Date,No,0.13,1,0.8333,1.0,12.28,0,1.0,0.13
EDU-002191,1,17,1,171,1,1,144.0,1,37,37,9,6,129.3,1,0,0,1,1,1,18,0,0,0,0,0,0.0,0,0,0,0,0,0.0,0,7.6,2.6,0.32,Enrolled,Male,Yes,No,Up to Date,Yes,0.0,0,0.0,0.0,0.0,0,0.0,0.0
EDU-002192,1,1,6,9500,1,1,138.0,1,4,19,2,3,124.7,1,0,0,1,1,0,18,0,0,7,0,0,0.0,0,0,8,0,0,0.0,0,16.2,0.3,-0.92,Dropout,Male,No,No,Up to Date,Yes,0.0,0,0.0,0.0,0.0,0,1.17,0.0
EDU-002193,1,39,1,9003,1,1,130.0,1,3,1,2,4,154.9,0,0,1,0,1,0,35,0,0,6,8,5,16.166666666666668,0,0,6,10,4,16.0,0,8.9,1.4,3.51,Dropout,Male,No,Yes,In Arrears,No,-0.17,-1,0.8333,0.6667,10.71,1,1.0,0.17
EDU-002194,1,17,1,9119,1,1,142.0,1,19,38,9,7,127.3,0,0,0,1,1,0,18,0,0,5,10,3,11.0,0,0,5,6,3,11.0,1,16.2,0.3,-0.92,Enrolled,Male,No,No,Up to Date,No,0.0,0,0.6,0.6,6.6,0,0.83,0.0
EDU-002195,1,1,1,171,1,1,136.0,1,37,19,5,8,129.0,1,0,0,1,1,1,19,0,0,0,0,0,0.0,0,0,0,0,0,0.0,0,13.9,-0.3,0.79,Graduate,Male,Yes,No,Up to Date,Yes,0.0,0,0.0,0.0,0.0,0,0.0,0.0
EDU-002196,1,1,2,9773,1,1,133.1,1,38,19,4,7,98.0,1,0,0,1,1,1,19,0,0,6,8,4,12.0,0,0,6,8,6,12.285714285714286,0,15.5,2.8,-4.06,Enrolled,Male,Yes,No,Up to Date,Yes,0.29,2,0.6667,1.0,12.17,0,1.0,0.29
EDU-002197,1,17,2,9147,1,1,130.0,1,1,38,5,7,122.0,1,0,0,1,1,0,20,0,0,5,8,2,10.5,0,0,5,11,4,12.25,0,10.8,1.4,1.74,Enrolled,Male,No,No,Up to Date,Yes,1.75,2,0.4,0.8,9.24,0,0.83,1.75
EDU-002198,1,43,1,9070,1,1,117.0,1,1,1,4,7,112.5,1,0,0,1,1,0,19,0,3,6,7,3,11.666666666666666,0,1,6,13,4,10.333333333333334,0,13.9,-0.3,0.79,Enrolled,Male,No,No,Up to Date,Yes,-1.33,1,0.5,0.6667,7.24,0,1.0,1.33
EDU-002199,1,1,3,9147,1,1,136.0,1,38,38,9,9,127.3,1,0,0,1,1,0,19,0,0,5,8,3,11.0,0,0,5,7,2,10.0,0,12.7,3.7,-1.7,Dropout,Male,No,No,Up to Date,Yes,-1.0,-1,0.6,0.4,4.16,0,0.83,1.0
EDU-002200,1,39,2,9556,1,1,133.1,1,1,1,9,10,100.5,0,0,0,1,1,0,24,0,0,7,18,0,0.0,0,0,7,13,0,0.0,1,11.1,0.6,2.02,Dropout,Male,No,No,Up to Date,No,0.0,0,0.0,0.0,0.0,0,1.17,0.0
EDU-002201,1,39,1,8014,0,1,140.0,1,37,37,9,7,122.0,1,0,1,0,1,0,29,0,0,6,11,4,12.5,0,0,6,7,0,0.0,0,12.4,0.5,1.79,Dropout,Male,No,Yes,In Arrears,Yes,-12.5,-4,0.6667,0.0,0.0,1,1.0,12.5
EDU-002202,1,39,1,9500,1,1,150.0,1,38,3,9,1,140.0,0,0,0,1,1,0,24,0,0,7,11,7,11.294444444444444,0,0,8,22,2,12.6,0,15.5,2.8,-4.06,Graduate,Male,No,No,Up to Date,No,1.31,-5,1.0,0.25,3.02,0,1.17,1.31
EDU-002203,1,17,2,9254,1,1,121.0,1,19,38,6,6,116.1,1,0,0,1,1,0,19,0,0,6,8,5,11.2,0,0,6,11,4,12.5,0,15.5,2.8,-4.06,Graduate,Male,No,No,Up to Date,Yes,1.3,-1,0.8333,0.6667,7.99,0,1.0,1.3
EDU-002204,2,7,1,171,1,3,120.0,1,19,19,9,9,130.0,1,0,0,1,1,0,37,0,0,0,0,0,0.0,0,0,0,0,0,0.0,0,7.6,2.6,0.32,Dropout,Male,No,No,Up to Date,Yes,0.0,0,0.0,0.0,0.0,0,0.0,0.0
EDU-002205,1,5,2,9070,1,1,143.0,1,1,1,4,10,146.2,1,0,0,1,1,0,18,0,0,6,7,5,13.2,0,0,6,6,5,11.8,0,16.2,0.3,-0.92,Graduate,Male,No,No,Up to Date,Yes,-1.4,0,0.8333,0.8333,10.3,0,1.0,1.4
EDU-002206,1,44,1,9119,1,39,180.0,1,1,1,9,8,180.0,0,0,0,1,1,1,20,0,3,7,12,6,14.142857142857142,0,1,6,10,6,14.125,0,12.4,0.5,1.79,Enrolled,Male,Yes,No,Up to Date,No,-0.02,0,0.8571,1.0,14.13,0,1.17,0.02
EDU-002207,1,1,5,9147,1,1,132.0,1,39,39,3,3,127.8,1,0,0,0,1,0,18,0,0,5,0,0,0.0,0,0,5,0,0,0.0,0,11.1,0.6,2.02,Dropout,Male,No,No,In Arrears,Yes,0.0,0,0.0,0.0,0.0,0,0.83,0.0
EDU-002208,1,43,1,9147,1,1,130.0,1,37,19,9,8,130.8,0,0,0,1,1,0,22,0,0,5,5,0,0.0,0,0,5,9,3,13.333333333333334,2,16.2,0.3,-0.92,Enrolled,Male,No,No,Up to Date,No,13.33,3,0.0,0.6,4.8,0,0.83,13.33
EDU-002209,1,17,2,9147,1,1,133.1,1,38,38,4,7,109.0,1,0,0,1,1,1,22,0,0,5,7,3,12.333333333333334,0,0,5,9,3,10.571428571428571,0,10.8,1.4,1.74,Enrolled,Male,Yes,No,Up to Date,Yes,-1.76,0,0.6,0.6,6.77,0,0.83,1.76
EDU-002210,1,1,5,9773,1,1,131.0,1,1,38,9,5,132.4,1,0,1,0,1,0,18,0,0,6,6,0,0.0,0,0,6,0,0,0.0,0,11.1,0.6,2.02,Dropout,Male,No,Yes,In Arrears,Yes,0.0,0,0.0,0.0,0.0,1,1.0,0.0
EDU-002211,1,1,3,9500,1,1,149.0,1,1,1,4,4,129.3,1,0,0,1,1,0,18,0,0,8,8,7,13.1,0,0,8,8,7,13.1,0,12.7,3.7,-1.7,Graduate,Male,No,No,Up to Date,Yes,0.0,0,0.875,0.875,11.46,0,1.33,0.0
EDU-002212,1,1,1,9070,1,1,124.0,1,37,37,9,9,125.4,1,0,0,1,1,0,19,0,0,6,6,6,13.5,0,0,6,6,6,13.166666666666666,0,9.4,-0.8,-3.12,Graduate,Male,No,No,Up to Date,Yes,-0.33,0,1.0,1.0,13.3,0,1.0,0.33
EDU-002213,1,1,1,9119,1,1,126.0,1,38,19,5,5,130.2,0,0,0,1,1,0,19,0,0,5,7,5,10.2,0,0,5,8,3,12.0,0,10.8,1.4,1.74,Enrolled,Male,No,No,Up to Date,No,1.8,-2,1.0,0.6,6.77,0,0.83,1.8
EDU-002214,1,1,1,9238,1,1,140.0,1,19,38,9,9,132.0,0,0,0,1,1,0,19,0,0,6,10,5,11.571428571428571,0,0,6,10,3,13.0,0,16.2,0.3,-0.92,Dropout,Male,No,No,Up to Date,No,1.43,-2,0.8333,0.5,6.21,0,1.0,1.43
EDU-002215,1,44,1,9003,1,39,170.0,1,19,19,9,7,170.0,1,0,1,1,1,0,21,0,0,6,7,6,15.285714285714286,0,0,6,6,6,15.166666666666666,0,12.4,0.5,1.79,Graduate,Male,No,Yes,Up to Date,Yes,-0.12,0,1.0,1.0,15.21,0,1.0,0.12
EDU-002216,1,1,2,9773,1,1,133.0,1,3,1,2,4,130.2,0,0,0,1,1,0,19,0,0,6,9,5,12.6,0,6,10,16,8,11.0,1,8.9,1.4,3.51,Enrolled,Male,No,No,Up to Date,No,-1.6,3,0.8333,0.8,9.31,0,1.0,1.6
EDU-002217,1,18,2,9556,1,1,126.0,1,3,3,2,2,115.5,0,0,0,1,1,0,18,0,0,7,11,6,13.433333333333332,0,0,7,10,4,13.6,0,8.9,1.4,3.51,Graduate,Male,No,No,Up to Date,No,0.17,-2,0.8571,0.5714,7.73,0,1.17,0.17
EDU-002218,1,16,2,9147,1,1,129.0,1,19,19,4,9,127.6,1,0,0,1,1,0,19,0,0,5,8,5,11.6,0,0,5,9,3,11.0,0,10.8,1.4,1.74,Dropout,Male,No,No,Up to Date,Yes,-0.6,-2,1.0,0.6,6.74,0,0.83,0.6
EDU-002219,1,7,1,9773,1,43,140.0,1,19,1,4,8,140.0,0,0,0,1,1,0,25,0,0,6,6,6,14.666666666666666,0,0,6,6,6,13.5,0,11.1,0.6,2.02,Graduate,Male,No,No,Up to Date,No,-1.17,0,1.0,1.0,13.97,0,1.0,1.17
EDU-002220,1,1,1,9070,1,1,130.0,1,37,1,9,8,120.2,1,0,0,1,1,0,22,0,0,6,9,6,14.666666666666666,0,0,6,12,6,14.666666666666666,0,12.7,3.7,-1.7,Graduate,Male,No,No,Up to Date,Yes,0.0,0,1.0,1.0,14.67,0,1.0,0.0
EDU-002221,1,39,1,9500,1,1,130.0,1,1,1,4,9,150.0,0,0,0,1,1,0,24,0,0,8,8,7,12.742857142857144,0,0,8,8,7,12.742857142857144,0,12.7,3.7,-1.7,Graduate,Male,No,No,Up to Date,No,0.0,0,0.875,0.875,11.15,0,1.33,0.0
EDU-002222,1,1,2,9500,1,1,99.0,1,1,3,5,10,100.0,1,0,0,1,1,0,19,0,0,7,9,7,11.975,0,0,8,9,7,13.12857142857143,0,13.9,-0.3,0.79,Graduate,Male,No,No,Up to Date,Yes,1.15,0,1.0,0.875,11.08,0,1.17,1.15
EDU-002223,1,43,1,9119,1,1,146.0,1,3,1,2,3,100.0,0,0,0,1,1,0,18,0,0,5,9,4,12.25,0,0,5,11,3,11.666666666666666,0,13.9,-0.3,0.79,Enrolled,Male,No,No,Up to Date,No,-0.58,-1,0.8,0.6,7.14,0,0.83,0.58
EDU-002224,1,17,1,171,1,1,129.0,1,38,37,4,6,128.0,0,0,0,0,1,0,20,0,0,0,0,0,0.0,0,0,0,0,0,0.0,0,9.4,-0.8,-3.12,Dropout,Male,No,No,In Arrears,No,0.0,0,0.0,0.0,0.0,0,0.0,0.0
EDU-002225,1,1,2,9500,1,1,132.0,1,19,19,9,7,128.0,1,0,0,1,1,1,19,0,0,8,8,7,14.935714285714283,0,0,8,8,7,14.935714285714283,0,10.8,1.4,1.74,Graduate,Male,Yes,No,Up to Date,Yes,0.0,0,0.875,0.875,13.07,0,1.33,0.0
EDU-002226,1,43,3,9254,1,1,110.0,1,37,37,9,9,107.2,1,0,0,1,1,0,19,0,1,6,16,2,10.5,0,0,6,15,4,10.0,0,7.6,2.6,0.32,Dropout,Male,No,No,Up to Date,Yes,-0.5,2,0.3333,0.6667,6.8,0,1.0,0.5
EDU-002227,1,1,1,9670,1,1,116.0,1,3,3,3,3,110.1,1,0,0,1,1,0,19,0,0,6,9,5,13.333333333333334,0,0,6,6,5,13.0,0,12.4,0.5,1.79,Graduate,Male,No,No,Up to Date,Yes,-0.33,0,0.8333,0.8333,10.94,0,1.0,0.33
EDU-002228,1,43,1,9003,1,1,119.0,1,37,37,9,6,119.0,0,0,1,1,1,0,23,0,0,6,6,0,0.0,0,0,6,8,0,0.0,0,15.5,2.8,-4.06,Dropout,Male,No,Yes,Up to Date,No,0.0,0,0.0,0.0,0.0,0,1.0,0.0
EDU-002229,2,39,1,9773,1,1,120.0,1,37,38,9,3,155.5,0,0,0,1,1,0,47,0,0,6,12,5,13.8,0,0,6,13,4,14.0,0,12.7,3.7,-1.7,Dropout,Male,No,No,Up to Date,No,0.2,-1,0.8333,0.6667,9.28,0,1.0,0.2
EDU-002230,1,1,1,9070,1,1,117.0,1,1,1,3,9,118.4,0,0,0,1,1,0,19,0,0,6,6,6,11.833333333333334,0,0,6,8,4,10.75,2,16.2,0.3,-0.92,Graduate,Male,No,No,Up to Date,No,-1.08,-2,1.0,0.6667,7.46,0,1.0,1.08
EDU-002231,1,1,4,171,1,1,137.0,1,1,38,4,8,141.2,1,0,0,1,1,0,19,0,0,0,0,0,0.0,0,0,0,0,0,0.0,0,11.1,0.6,2.02,Graduate,Male,No,No,Up to Date,Yes,0.0,0,0.0,0.0,0.0,0,0.0,0.0
EDU-002232,1,1,1,171,1,1,124.0,1,3,3,2,2,119.1,1,0,0,1,1,0,18,0,0,0,0,0,0.0,0,0,0,0,0,0.0,0,16.2,0.3,-0.92,Dropout,Male,No,No,Up to Date,Yes,0.0,0,0.0,0.0,0.0,0,0.0,0.0
EDU-002233,1,43,1,9147,1,1,151.0,1,1,3,1,1,111.0,0,0,0,1,1,0,28,0,0,5,9,2,10.0,0,0,5,9,0,0.0,0,15.5,2.8,-4.06,Dropout,Male,No,No,Up to Date,No,-10.0,-2,0.4,0.0,0.0,0,0.83,10.0
EDU-002234,1,43,1,9254,1,6,138.6,1,34,34,0,0,138.6,1,0,0,1,1,0,20,0,0,6,10,4,11.5,0,0,6,11,3,11.666666666666666,0,7.6,2.6,0.32,Dropout,Male,No,No,Up to Date,Yes,0.17,-1,0.6667,0.5,5.8,0,1.0,0.17
EDU-002235,1,17,2,9254,1,1,118.0,1,19,19,5,7,121.2,0,0,0,1,1,1,18,0,0,6,12,3,10.666666666666666,0,0,6,9,4,12.0,0,15.5,2.8,-4.06,Enrolled,Male,Yes,No,Up to Date,No,1.33,1,0.5,0.6667,7.64,0,1.0,1.33
EDU-002236,1,1,1,171,1,1,136.0,1,19,19,4,8,150.4,1,0,0,1,1,1,21,0,0,0,0,0,0.0,0,0,0,0,0,0.0,0,12.4,0.5,1.79,Graduate,Male,Yes,No,Up to Date,Yes,0.0,0,0.0,0.0,0.0,0,0.0,0.0
EDU-002237,1,1,1,9254,1,1,123.0,1,38,19,9,4,117.8,0,0,0,1,1,0,19,0,0,6,10,4,12.75,0,0,6,12,2,13.0,0,10.8,1.4,1.74,Enrolled,Male,No,No,Up to Date,No,0.25,-2,0.6667,0.3333,4.3,0,1.0,0.25
EDU-002238,1,39,1,9254,1,19,133.1,1,38,37,4,5,102.5,0,0,1,0,1,0,24,0,0,6,7,0,0.0,0,0,6,7,0,0.0,0,16.2,0.3,-0.92,Dropout,Male,No,Yes,In Arrears,No,0.0,0,0.0,0.0,0.0,1,1.0,0.0
EDU-002239,1,39,1,9130,1,1,130.0,1,19,1,191,144,110.0,0,0,0,1,1,0,24,0,0,6,11,6,11.333333333333334,0,0,6,12,3,11.333333333333334,0,16.2,0.3,-0.92,Enrolled,Male,No,No,Up to Date,No,0.0,-3,1.0,0.5,5.67,0,1.0,0.0
EDU-002240,1,39,1,9085,1,12,133.1,1,38,19,9,8,138.3,1,0,1,0,1,0,25,0,0,6,6,0,0.0,0,0,6,6,0,0.0,0,8.9,1.4,3.51,Enrolled,Male,No,Yes,In Arrears,Yes,0.0,0,0.0,0.0,0.0,1,1.0,0.0
EDU-002241,1,39,1,9254,1,1,150.0,1,3,1,3,4,122.3,0,0,0,1,1,0,28,0,0,6,10,6,13.0,0,0,6,8,5,12.2,0,13.9,-0.3,0.79,Graduate,Male,No,No,Up to Date,No,-0.8,-1,1.0,0.8333,10.43,0,1.0,0.8
EDU-002242,2,39,1,9991,0,1,130.0,1,37,37,9,9,127.8,0,0,0,1,1,0,37,0,0,5,7,4,10.75,0,0,5,7,3,11.333333333333334,0,7.6,2.6,0.32,Enrolled,Male,No,No,Up to Date,No,0.58,-1,0.8,0.6,6.66,0,0.83,0.58
EDU-002243,1,43,1,9119,1,1,128.0,1,1,38,4,7,100.0,0,0,0,1,1,0,19,0,0,5,8,5,12.0,0,0,5,12,2,10.5,0,13.9,-0.3,0.79,Enrolled,Male,No,No,Up to Date,No,-1.5,-3,1.0,0.4,4.44,0,0.83,1.5
EDU-002244,1,17,4,9500,1,1,133.0,1,38,37,5,7,126.4,1,0,0,1,1,1,18,0,0,7,7,7,13.462857142857144,0,0,8,8,8,13.90625,0,11.1,0.6,2.02,Graduate,Male,Yes,No,Up to Date,Yes,0.44,1,1.0,1.0,13.73,0,1.17,0.44
EDU-002245,1,39,1,9254,1,19,133.1,1,37,37,90,90,100.0,0,0,0,1,1,0,48,0,0,6,13,3,10.0,0,0,6,15,1,10.0,0,7.6,2.6,0.32,Dropout,Male,No,No,Up to Date,No,0.0,-2,0.5,0.1667,1.67,0,1.0,0.0
EDU-002246,1,17,4,9238,1,1,129.0,1,37,37,9,8,117.1,1,0,0,1,1,0,21,0,0,6,6,6,12.333333333333334,0,0,6,7,6,13.666666666666666,0,8.9,1.4,3.51,Graduate,Male,No,No,Up to Date,Yes,1.33,0,1.0,1.0,13.13,0,1.0,1.33
EDU-002247,1,17,1,9500,1,1,128.0,1,1,1,4,5,124.7,0,0,0,1,1,1,19,0,0,7,11,6,12.528571428571428,0,0,7,10,6,12.416666666666666,0,15.5,2.8,-4.06,Enrolled,Male,Yes,No,Up to Date,No,-0.11,0,0.8571,0.8571,10.68,0,1.17,0.11
EDU-002248,1,43,2,9500,1,1,136.0,1,19,1,9,10,124.1,0,0,0,1,1,1,21,0,0,8,8,0,0.0,8,0,8,8,0,0.0,8,9.4,-0.8,-3.12,Enrolled,Male,Yes,No,Up to Date,No,0.0,0,0.0,0.0,0.0,0,1.33,0.0
EDU-002249,1,44,1,9119,1,1,130.0,1,37,12,9,8,129.4,1,0,1,0,1,0,23,0,0,5,6,0,0.0,0,0,5,7,0,0.0,0,13.9,-0.3,0.79,Dropout,Male,No,Yes,In Arrears,Yes,0.0,0,0.0,0.0,0.0,1,0.83,0.0
EDU-002250,1,1,1,9130,1,1,141.0,1,1,1,4,10,138.9,1,0,0,1,1,0,18,0,0,5,5,5,13.6,0,0,5,6,4,13.25,1,10.8,1.4,1.74,Graduate,Male,No,No,Up to Date,Yes,-0.35,-1,1.0,0.8,10.71,0,0.83,0.35
EDU-002251,1,44,1,9238,1,39,140.0,1,1,1,4,3,138.6,0,0,0,1,1,0,22,0,3,6,7,6,12.333333333333334,0,2,6,6,2,14.0,0,13.9,-0.3,0.79,Dropout,Male,No,No,Up to Date,No,1.67,-4,1.0,0.3333,4.44,0,1.0,1.67
EDU-002252,1,16,1,171,1,1,122.0,1,19,37,9,7,133.9,1,0,0,1,1,0,25,0,9,13,16,10,11.454545454545457,0,5,11,13,7,12.25,0,12.4,0.5,1.79,Dropout,Male,No,No,Up to Date,Yes,0.8,-3,0.7692,0.6364,7.59,0,2.17,0.8
EDU-002253,1,7,1,9085,1,40,140.0,1,5,3,2,2,140.0,0,0,1,1,1,0,27,0,8,13,13,8,13.5,2,5,11,12,5,14.4,0,11.1,0.6,2.02,Dropout,Male,No,Yes,Up to Date,No,0.9,-3,0.6154,0.4545,6.38,0,2.17,0.9
EDU-002254,1,39,1,9119,1,12,133.1,1,34,34,0,0,95.1,0,0,0,0,1,0,49,0,0,5,5,0,0.0,0,0,5,6,0,0.0,0,10.8,1.4,1.74,Dropout,Male,No,No,In Arrears,No,0.0,0,0.0,0.0,0.0,0,0.83,0.0
EDU-002255,1,39,1,9991,0,1,120.0,1,19,37,5,5,128.2,0,0,0,0,1,0,31,0,0,5,5,2,11.0,0,0,5,0,0,0.0,0,12.7,3.7,-1.7,Dropout,Male,No,No,In Arrears,No,-11.0,-2,0.4,0.0,0.0,0,0.83,11.0
EDU-002256,1,39,1,9254,1,1,133.1,1,37,37,9,6,121.5,0,0,0,1,1,0,54,0,0,6,9,6,13.714285714285714,0,0,6,13,5,14.333333333333334,0,16.2,0.3,-0.92,Dropout,Male,No,No,Up to Date,No,0.62,-1,1.0,0.8333,11.74,0,1.0,0.62
EDU-002257,1,7,1,33,1,40,120.0,1,38,37,5,6,120.0,1,0,1,0,1,0,25,0,18,21,26,21,12.363636363636363,0,12,16,21,12,12.25,1,11.1,0.6,2.02,Dropout,Male,No,Yes,In Arrears,Yes,-0.11,-9,1.0,0.75,9.22,1,3.5,0.11
EDU-002258,1,44,1,9003,1,39,130.0,1,5,3,2,2,130.0,0,0,0,1,1,0,20,0,1,7,13,3,10.666666666666666,0,0,6,14,2,11.5,0,15.5,2.8,-4.06,Enrolled,Male,No,No,Up to Date,No,0.83,-1,0.4286,0.3333,3.72,0,1.17,0.83
EDU-002259,1,7,1,9070,1,3,120.0,1,4,4,2,2,120.0,0,0,0,1,1,0,28,0,0,6,9,2,12.0,0,0,6,10,3,12.666666666666666,0,12.7,3.7,-1.7,Dropout,Male,No,No,Up to Date,No,0.67,1,0.3333,0.5,6.2,0,1.0,0.67
EDU-002260,2,39,1,8014,0,19,133.1,1,37,37,9,6,107.0,0,0,0,1,1,0,41,0,1,7,7,7,12.857142857142858,0,0,6,6,6,13.166666666666666,0,12.7,3.7,-1.7,Graduate,Male,No,No,Up to Date,No,0.31,-1,1.0,1.0,13.04,0,1.17,0.31
EDU-002261,1,1,2,9670,1,1,122.0,1,1,19,4,4,116.1,0,0,0,1,1,1,19,0,0,6,10,6,13.125,0,0,6,9,6,12.714285714285714,0,11.1,0.6,2.02,Enrolled,Male,Yes,No,Up to Date,No,-0.41,0,1.0,1.0,12.88,0,1.0,0.41
EDU-002262,1,43,1,9147,1,1,123.0,1,1,1,4,4,114.4,0,0,0,1,1,0,22,0,0,5,6,0,0.0,0,0,5,8,2,11.5,0,15.5,2.8,-4.06,Dropout,Male,No,No,Up to Date,No,11.5,2,0.0,0.4,2.76,0,0.83,11.5
EDU-002263,1,1,1,9254,1,1,178.0,1,2,1,2,3,157.7,0,0,0,1,1,0,34,0,0,6,13,2,13.5,0,0,6,6,0,0.0,0,15.5,2.8,-4.06,Dropout,Male,No,No,Up to Date,No,-13.5,-2,0.3333,0.0,0.0,0,1.0,13.5
EDU-002264,1,39,1,9003,1,1,130.0,1,38,38,9,9,150.0,0,0,1,0,1,0,28,0,5,11,14,11,15.090909090909092,0,5,10,11,10,15.0,0,11.1,0.6,2.02,Dropout,Male,No,Yes,In Arrears,No,-0.09,-1,1.0,1.0,15.04,1,1.83,0.09
EDU-002265,1,1,1,9853,1,1,110.0,1,37,37,9,4,114.3,1,0,0,1,1,0,42,0,0,6,9,5,12.4,0,0,6,10,5,11.8,0,7.6,2.6,0.32,Enrolled,Male,No,No,Up to Date,Yes,-0.6,0,0.8333,0.8333,10.03,0,1.0,0.6
EDU-002266,1,18,1,9085,1,1,106.0,1,1,19,3,5,104.6,0,0,0,0,1,0,21,0,0,6,10,5,14.0,0,0,6,11,4,14.8,0,11.1,0.6,2.02,Enrolled,Male,No,No,In Arrears,No,0.8,-1,0.8333,0.6667,9.65,0,1.0,0.8
EDU-002267,1,7,1,9003,1,3,140.0,1,39,39,9,4,140.0,0,0,0,1,1,0,50,0,2,6,8,2,13.5,0,1,6,9,1,13.0,0,15.5,2.8,-4.06,Dropout,Male,No,No,Up to Date,No,-0.5,-1,0.3333,0.1667,2.2,0,1.0,0.5
EDU-002268,1,1,4,9147,1,1,108.0,1,3,1,3,4,109.1,1,0,0,1,1,0,19,0,0,5,5,0,0.0,0,0,5,5,0,0.0,0,12.4,0.5,1.79,Dropout,Male,No,No,Up to Date,Yes,0.0,0,0.0,0.0,0.0,0,0.83,0.0
EDU-002269,1,43,1,9500,1,1,120.0,1,3,4,2,4,120.6,0,0,0,1,1,0,18,0,0,7,12,4,12.65,0,0,7,10,3,10.666666666666666,0,16.2,0.3,-0.92,Dropout,Male,No,No,Up to Date,No,-1.98,-1,0.5714,0.4286,4.91,0,1.17,1.98
EDU-002270,2,39,1,9991,0,1,100.0,1,37,37,1,1,161.9,0,0,0,1,1,0,59,0,0,5,7,0,0.0,0,0,5,7,0,0.0,0,16.2,0.3,-0.92,Dropout,Male,No,No,Up to Date,No,0.0,0,0.0,0.0,0.0,0,0.83,0.0
EDU-002271,2,7,1,9991,0,3,140.0,1,34,34,99,99,140.0,1,0,0,0,1,0,33,0,0,5,5,0,0.0,0,0,5,5,0,0.0,0,7.6,2.6,0.32,Dropout,Male,No,No,In Arrears,Yes,0.0,0,0.0,0.0,0.0,0,0.83,0.0
EDU-002272,1,17,2,9070,1,1,133.1,1,37,38,9,10,178.0,1,0,0,1,1,1,23,0,0,6,8,6,13.333333333333334,0,0,6,7,5,12.8,0,9.4,-0.8,-3.12,Graduate,Male,Yes,No,Up to Date,Yes,-0.53,-1,1.0,0.8333,10.84,0,1.0,0.53
EDU-002273,2,39,1,9991,0,19,133.1,1,37,1,5,5,138.3,0,0,0,1,1,0,44,0,0,5,9,3,11.333333333333334,0,0,5,8,5,11.142857142857142,0,13.9,-0.3,0.79,Dropout,Male,No,No,Up to Date,No,-0.19,2,0.6,1.0,11.22,0,0.83,0.19
EDU-002274,2,1,4,8014,0,1,140.0,1,34,34,0,0,128.0,1,0,0,1,1,0,37,0,0,6,0,0,0.0,0,0,6,0,0,0.0,0,9.4,-0.8,-3.12,Dropout,Male,No,No,Up to Date,Yes,0.0,0,0.0,0.0,0.0,0,1.0,0.0
EDU-002275,2,39,1,171,1,19,100.0,1,37,37,9,9,139.0,0,0,0,1,1,0,36,0,0,0,0,0,0.0,0,0,0,0,0,0.0,0,10.8,1.4,1.74,Dropout,Male,No,No,Up to Date,No,0.0,0,0.0,0.0,0.0,0,0.0,0.0
EDU-002276,1,1,2,9991,0,1,123.0,1,1,3,4,2,113.2,0,0,0,0,1,0,22,0,0,5,7,3,11.666666666666666,0,0,5,8,2,10.5,2,7.6,2.6,0.32,Dropout,Male,No,No,In Arrears,No,-1.17,-1,0.6,0.4,4.39,0,0.83,1.17
EDU-002277,2,39,1,8014,0,19,133.1,1,37,37,6,6,139.0,0,0,0,1,1,0,49,0,0,6,8,6,12.166666666666666,0,0,6,8,6,14.428571428571429,0,12.4,0.5,1.79,Graduate,Male,No,No,Up to Date,No,2.26,0,1.0,1.0,13.52,0,1.0,2.26
EDU-002278,1,51,1,9773,1,1,135.0,1,1,42,5,3,110.0,1,0,0,1,1,0,23,0,0,6,7,6,13.333333333333334,0,0,6,6,4,12.75,0,11.1,0.6,2.02,Graduate,Male,No,No,Up to Date,Yes,-0.58,-2,1.0,0.6667,8.66,0,1.0,0.58
EDU-002279,1,1,1,9070,1,1,132.0,1,1,1,4,9,136.6,1,0,0,1,1,0,19,0,0,6,7,5,11.4,0,0,6,10,3,11.0,3,7.6,2.6,0.32,Enrolled,Male,No,No,Up to Date,Yes,-0.4,-2,0.8333,0.5,5.58,0,1.0,0.4
EDU-002280,2,43,1,8014,0,1,120.0,1,37,37,5,5,161.1,0,0,0,1,1,0,47,0,0,6,9,6,12.142857142857142,0,0,6,6,0,0.0,0,16.2,0.3,-0.92,Dropout,Male,No,No,Up to Date,No,-12.14,-6,1.0,0.0,0.0,0,1.0,12.14
EDU-002281,1,43,1,9003,1,1,130.0,1,1,2,4,2,130.0,0,0,0,1,1,0,28,0,9,18,36,17,13.058823529411764,1,6,12,15,12,12.307692307692308,0,15.5,2.8,-4.06,Graduate,Male,No,No,Up to Date,No,-0.75,-5,0.9444,1.0,12.61,0,3.0,0.75
EDU-002282,1,44,1,9003,1,39,140.0,1,1,38,9,6,140.0,0,0,0,1,1,0,21,0,0,6,13,4,11.75,0,0,6,15,4,10.5,0,15.5,2.8,-4.06,Enrolled,Male,No,No,Up to Date,No,-1.25,0,0.6667,0.6667,7.33,0,1.0,1.25
EDU-002283,1,1,1,9254,1,1,133.1,1,38,1,9,9,121.0,0,0,1,0,1,0,21,0,0,6,9,5,11.833333333333334,0,0,6,8,5,10.0,0,8.9,1.4,3.51,Dropout,Male,No,Yes,In Arrears,No,-1.83,0,0.8333,0.8333,8.94,1,1.0,1.83
EDU-002284,1,43,1,9238,1,39,120.0,1,2,1,1,2,118.6,0,0,0,1,1,0,21,0,9,11,14,10,12.4,0,6,10,13,10,11.8,0,13.9,-0.3,0.79,Graduate,Male,No,No,Up to Date,No,-0.6,0,0.9091,1.0,12.04,0,1.83,0.6
EDU-002285,1,1,1,9070,1,1,140.0,1,19,38,4,4,138.3,0,0,0,1,1,0,20,0,1,6,8,6,13.428571428571429,1,0,6,12,4,11.5,0,13.9,-0.3,0.79,Enrolled,Male,No,No,Up to Date,No,-1.93,-2,1.0,0.6667,8.18,0,1.0,1.93
EDU-002286,2,42,1,9147,1,1,133.1,1,37,37,9,9,115.8,0,0,0,0,1,0,49,0,0,5,5,0,0.0,0,0,5,9,0,0.0,0,10.8,1.4,1.74,Dropout,Male,No,No,In Arrears,No,0.0,0,0.0,0.0,0.0,0,0.83,0.0
EDU-002287,1,39,1,9991,0,1,120.0,1,19,37,6,8,160.0,0,0,0,1,1,0,40,0,0,5,5,5,11.0,0,0,5,5,5,13.4,0,15.5,2.8,-4.06,Graduate,Male,No,No,Up to Date,No,2.4,0,1.0,1.0,12.44,0,0.83,2.4
EDU-002288,1,17,1,9254,1,1,125.0,1,1,1,3,3,114.5,0,0,0,1,1,1,22,0,0,6,8,6,13.625,0,0,6,8,6,14.428571428571429,0,11.1,0.6,2.02,Graduate,Male,Yes,No,Up to Date,No,0.8,0,1.0,1.0,14.11,0,1.0,0.8
EDU-002289,1,42,1,9119,1,1,136.0,1,1,37,5,5,117.5,0,0,0,1,1,0,19,0,2,5,6,4,11.8,0,0,5,7,2,11.5,0,15.5,2.8,-4.06,Enrolled,Male,No,No,Up to Date,No,-0.3,-2,0.8,0.4,4.65,0,0.83,0.3
EDU-002290,1,39,1,9991,0,1,133.1,1,3,38,2,7,121.7,0,0,0,1,1,0,31,0,0,5,5,0,0.0,0,0,5,7,0,0.0,0,13.9,-0.3,0.79,Dropout,Male,No,No,Up to Date,No,0.0,0,0.0,0.0,0.0,0,0.83,0.0
EDU-002291,1,42,1,9119,1,1,120.0,1,5,5,2,2,115.0,0,0,0,1,1,0,30,0,1,6,9,2,15.0,0,1,6,7,2,13.5,0,15.5,2.8,-4.06,Dropout,Male,No,No,Up to Date,No,-1.5,0,0.3333,0.3333,4.7,0,1.0,1.5
EDU-002292,1,1,1,9238,1,1,127.0,1,37,37,5,10,125.3,0,0,0,1,1,0,19,0,0,6,9,5,10.8,0,0,6,11,5,11.0,0,7.6,2.6,0.32,Graduate,Male,No,No,Up to Date,No,0.2,0,0.8333,0.8333,9.1,0,1.0,0.2
EDU-002293,1,18,1,9147,1,1,131.0,1,34,34,90,90,131.0,0,0,0,1,1,0,22,0,0,5,11,3,13.666666666666666,0,0,5,10,3,11.333333333333334,0,9.4,-0.8,-3.12,Dropout,Male,No,No,Up to Date,No,-2.33,0,0.6,0.6,7.36,0,0.83,2.33
EDU-002294,1,1,1,9773,1,1,127.0,1,19,37,9,9,126.3,0,0,0,1,1,0,19,0,0,6,8,6,12.833333333333334,0,0,6,8,6,13.333333333333334,0,15.5,2.8,-4.06,Graduate,Male,No,No,Up to Date,No,0.5,0,1.0,1.0,13.13,0,1.0,0.5
EDU-002295,1,17,1,171,1,1,132.0,1,1,37,4,9,127.1,0,0,0,0,1,0,21,0,0,0,0,0,0.0,0,0,0,0,0,0.0,0,7.6,2.6,0.32,Dropout,Male,No,No,In Arrears,No,0.0,0,0.0,0.0,0.0,0,0.0,0.0
EDU-002296,1,17,3,9670,1,1,137.0,1,1,38,4,7,138.4,0,0,0,1,1,0,19,0,0,6,8,6,15.125,0,0,6,7,6,13.428571428571429,0,11.1,0.6,2.02,Graduate,Male,No,No,Up to Date,No,-1.7,0,1.0,1.0,14.11,0,1.0,1.7
EDU-002297,1,43,2,9147,1,1,126.0,1,1,19,3,3,100.0,1,0,0,1,1,0,22,0,0,5,11,0,0.0,0,0,5,7,1,10.0,1,16.2,0.3,-0.92,Dropout,Male,No,No,Up to Date,Yes,10.0,1,0.0,0.2,1.2,0,0.83,10.0
EDU-002298,1,1,1,9238,1,1,136.0,1,4,5,2,2,126.2,0,0,0,1,1,0,22,0,0,6,10,5,11.4,0,0,6,8,5,11.0,0,10.8,1.4,1.74,Graduate,Male,No,No,Up to Date,No,-0.4,0,0.8333,0.8333,9.3,0,1.0,0.4
EDU-002299,1,1,1,9238,1,1,124.0,1,1,1,4,4,118.8,0,0,0,1,1,0,19,0,0,6,12,4,12.25,0,0,6,9,6,11.0,0,9.4,-0.8,-3.12,Graduate,Male,No,No,Up to Date,No,-1.25,2,0.6667,1.0,11.5,0,1.0,1.25
EDU-002300,1,39,1,9254,1,39,137.0,1,1,1,5,10,124.5,0,0,0,0,1,0,26,0,0,6,0,0,0.0,0,0,6,0,0,0.0,0,16.2,0.3,-0.92,Dropout,Male,No,No,In Arrears,No,0.0,0,0.0,0.0,0.0,0,1.0,0.0
EDU-002301,1,44,1,9119,1,39,140.0,1,5,41,3,2,140.0,0,0,0,1,1,0,23,0,3,7,12,3,14.0,0,1,6,12,1,14.0,0,12.4,0.5,1.79,Enrolled,Male,No,No,Up to Date,No,0.0,-2,0.4286,0.1667,2.33,0,1.17,0.0
EDU-002302,1,17,1,9070,1,1,131.0,1,19,19,7,7,125.1,0,0,0,1,1,0,18,0,0,6,7,6,12.333333333333334,0,0,6,10,5,10.8,4,16.2,0.3,-0.92,Enrolled,Male,No,No,Up to Date,No,-1.53,-1,1.0,0.8333,9.51,0,1.0,1.53
EDU-002303,1,1,1,9147,1,1,130.0,1,37,37,9,9,118.8,0,0,1,1,1,1,22,0,0,5,8,5,10.666666666666666,0,0,5,11,2,11.0,0,15.5,2.8,-4.06,Enrolled,Male,Yes,Yes,Up to Date,No,0.33,-3,1.0,0.4,4.35,0,0.83,0.33
EDU-002304,1,18,5,9119,1,1,136.0,1,3,2,2,3,125.2,1,0,0,1,1,0,19,0,0,5,9,5,11.833333333333334,0,0,5,9,5,14.714285714285714,0,12.4,0.5,1.79,Enrolled,Male,No,No,Up to Date,Yes,2.88,0,1.0,1.0,13.56,0,0.83,2.88
EDU-002305,1,17,1,9147,1,1,133.1,1,1,19,4,8,95.0,0,0,0,1,1,0,20,0,0,5,14,0,0.0,0,0,5,5,0,0.0,0,11.1,0.6,2.02,Dropout,Male,No,No,Up to Date,No,0.0,0,0.0,0.0,0.0,0,0.83,0.0
EDU-002306,1,1,3,9070,1,1,110.0,1,37,37,9,9,107.6,1,0,0,1,1,1,22,0,0,6,6,6,11.666666666666666,0,0,6,6,6,12.166666666666666,0,7.6,2.6,0.32,Enrolled,Male,Yes,No,Up to Date,Yes,0.5,0,1.0,1.0,11.97,0,1.0,0.5
EDU-002307,1,7,1,9130,1,3,140.0,1,2,38,2,3,140.0,1,0,0,0,1,0,18,0,2,5,7,2,13.0,0,0,5,5,0,0.0,0,12.7,3.7,-1.7,Dropout,Male,No,No,In Arrears,Yes,-13.0,-2,0.4,0.0,0.0,0,0.83,13.0
EDU-002308,4,43,2,9991,0,38,133.1,1,3,1,2,9,125.4,0,0,0,1,1,0,39,0,0,2,5,0,0.0,0,0,4,4,0,0.0,0,10.8,1.4,1.74,Dropout,Male,No,No,Up to Date,No,0.0,0,0.0,0.0,0.0,0,0.33,0.0
EDU-002309,1,1,1,9500,1,1,141.0,1,19,1,90,90,128.0,0,0,0,1,1,0,18,0,0,8,8,0,0.0,3,0,8,8,0,0.0,3,10.8,1.4,1.74,Dropout,Male,No,No,Up to Date,No,0.0,0,0.0,0.0,0.0,0,1.33,0.0
EDU-002310,1,17,3,9119,1,1,130.0,1,1,38,3,3,129.3,0,0,0,1,1,1,18,0,0,5,5,5,13.0,0,0,5,5,5,14.2,0,8.9,1.4,3.51,Graduate,Male,Yes,No,Up to Date,No,1.2,0,1.0,1.0,13.72,0,0.83,1.2
EDU-002311,1,1,1,9238,1,1,160.0,1,19,38,9,9,152.0,0,0,0,1,1,1,19,0,0,6,7,6,13.857142857142858,0,0,6,6,6,14.0,0,13.9,-0.3,0.79,Graduate,Male,Yes,No,Up to Date,No,0.14,0,1.0,1.0,13.94,0,1.0,0.14
EDU-002312,1,1,1,9500,1,1,140.0,1,1,19,9,9,128.8,0,0,0,1,1,0,18,0,0,7,7,6,13.391666666666666,0,0,8,8,8,12.4875,0,12.4,0.5,1.79,Graduate,Male,No,No,Up to Date,No,-0.9,2,0.8571,1.0,12.85,0,1.17,0.9
EDU-002313,1,1,1,9147,1,1,150.0,1,34,19,0,4,152.8,1,0,0,1,1,1,18,0,0,5,7,4,12.75,0,0,5,5,0,0.0,0,7.6,2.6,0.32,Dropout,Male,Yes,No,Up to Date,Yes,-12.75,-4,0.8,0.0,0.0,0,0.83,12.75
EDU-002314,1,44,1,9130,1,39,150.0,1,37,37,6,6,150.0,1,0,0,1,1,0,22,0,0,5,7,4,14.5,0,0,5,5,5,14.6,0,10.8,1.4,1.74,Graduate,Male,No,No,Up to Date,Yes,0.1,1,0.8,1.0,14.56,0,0.83,0.1
EDU-002315,1,1,1,9238,1,1,133.1,1,1,1,3,4,112.0,0,0,0,1,1,0,19,0,0,6,7,6,12.166666666666666,0,0,6,6,6,12.166666666666666,0,12.4,0.5,1.79,Graduate,Male,No,No,Up to Date,No,0.0,0,1.0,1.0,12.17,0,1.0,0.0
EDU-002316,1,1,1,9130,1,1,152.0,1,19,37,9,8,135.6,1,0,0,1,1,0,18,0,0,5,5,5,15.4,0,0,5,5,5,15.6,0,12.7,3.7,-1.7,Dropout,Male,No,No,Up to Date,Yes,0.2,0,1.0,1.0,15.52,0,0.83,0.2
EDU-002317,1,39,1,9119,1,19,133.1,1,1,1,4,3,134.4,0,0,1,0,1,0,31,0,0,5,9,2,13.333333333333334,0,0,5,9,2,16.0,4,16.2,0.3,-0.92,Dropout,Male,No,Yes,In Arrears,No,2.67,0,0.4,0.4,5.97,1,0.83,2.67
EDU-002318,1,39,1,9991,0,1,130.0,1,3,1,3,3,120.5,0,0,0,1,1,0,28,0,0,5,5,0,0.0,0,0,5,5,0,0.0,0,12.7,3.7,-1.7,Dropout,Male,No,No,Up to Date,No,0.0,0,0.0,0.0,0.0,0,0.83,0.0
EDU-002319,1,1,1,9070,1,1,148.0,1,1,1,4,8,141.4,0,0,0,1,1,0,19,0,0,6,0,0,0.0,0,0,6,0,0,0.0,0,15.5,2.8,-4.06,Dropout,Male,No,No,Up to Date,No,0.0,0,0.0,0.0,0.0,0,1.0,0.0
EDU-002320,1,17,1,9254,1,1,148.0,1,1,1,4,8,145.2,0,0,0,1,1,0,20,0,0,6,7,6,13.714285714285714,0,0,6,8,6,14.714285714285714,0,16.2,0.3,-0.92,Graduate,Male,No,No,Up to Date,No,1.0,0,1.0,1.0,14.31,0,1.0,1.0
EDU-002321,4,39,1,9238,1,1,130.0,1,19,3,9,2,140.0,0,0,0,1,1,0,50,0,0,6,7,4,12.25,0,0,6,7,0,0.0,0,8.9,1.4,3.51,Dropout,Male,No,No,Up to Date,No,-12.25,-4,0.6667,0.0,0.0,0,1.0,12.25
EDU-002322,1,43,1,9070,1,1,160.0,1,1,2,4,2,100.0,0,0,0,1,1,0,38,0,1,6,9,5,16.0,1,0,6,11,4,16.5,0,13.9,-0.3,0.79,Enrolled,Male,No,No,Up to Date,No,0.5,-1,0.8333,0.6667,10.87,0,1.0,0.5
EDU-002323,2,39,1,9991,0,1,130.0,1,37,37,9,9,140.0,1,0,0,1,1,0,31,0,0,5,8,1,11.0,0,0,5,5,1,13.0,0,9.4,-0.8,-3.12,Dropout,Male,No,No,Up to Date,Yes,2.0,0,0.2,0.2,2.44,0,0.83,2.0
EDU-002324,1,39,1,9500,1,1,110.0,1,1,37,9,9,126.0,1,0,0,1,1,0,27,0,0,7,7,7,14.085714285714284,0,0,7,7,7,14.085714285714284,0,7.6,2.6,0.32,Enrolled,Male,No,No,Up to Date,Yes,0.0,0,1.0,1.0,14.09,0,1.17,0.0
EDU-002325,1,18,1,9238,1,1,122.0,1,1,3,9,2,112.6,1,0,0,1,1,0,21,0,0,6,9,6,10.166666666666666,0,0,6,10,6,10.5,0,12.7,3.7,-1.7,Graduate,Male,No,No,Up to Date,Yes,0.33,0,1.0,1.0,10.37,0,1.0,0.33
EDU-002326,2,39,1,9119,1,1,110.0,1,37,37,9,9,106.8,0,0,0,1,1,0,34,0,0,5,8,1,10.0,0,0,5,9,0,0.0,0,8.9,1.4,3.51,Dropout,Male,No,No,Up to Date,No,-10.0,-1,0.2,0.0,0.0,0,0.83,10.0
EDU-002327,1,51,1,9119,1,1,129.0,1,2,37,2,9,121.6,1,0,0,1,1,0,19,0,0,5,10,0,0.0,0,0,5,7,1,10.0,0,7.6,2.6,0.32,Enrolled,Male,No,No,Up to Date,Yes,10.0,1,0.0,0.2,1.2,0,0.83,10.0
EDU-002328,2,39,1,9991,0,1,110.0,1,37,37,1,4,120.0,1,0,0,0,1,0,40,0,0,5,10,2,10.5,0,0,5,5,3,10.666666666666666,0,9.4,-0.8,-3.12,Dropout,Male,No,No,In Arrears,Yes,0.17,1,0.4,0.6,6.36,0,0.83,0.17
EDU-002329,1,1,1,171,1,1,170.0,1,38,19,9,2,160.6,1,0,0,1,1,1,18,0,0,0,0,0,0.0,0,0,0,0,0,0.0,0,12.7,3.7,-1.7,Graduate,Male,Yes,No,Up to Date,Yes,0.0,0,0.0,0.0,0.0,0,0.0,0.0
EDU-002330,2,39,1,9070,1,12,110.0,1,37,38,5,10,130.0,0,0,1,0,1,1,46,0,0,6,6,0,0.0,0,0,6,6,0,0.0,0,15.5,2.8,-4.06,Dropout,Male,Yes,Yes,In Arrears,No,0.0,0,0.0,0.0,0.0,1,1.0,0.0
EDU-002331,1,43,5,8014,0,1,110.0,1,34,34,0,0,110.0,0,0,0,1,1,0,37,0,0,6,12,0,0.0,0,0,5,10,0,0.0,0,7.6,2.6,0.32,Dropout,Male,No,No,Up to Date,No,0.0,0,0.0,0.0,0.0,0,1.0,0.0
EDU-002332,1,39,1,9003,1,1,133.1,1,19,37,9,7,110.0,1,0,0,1,1,0,31,0,0,6,8,0,0.0,0,0,6,10,0,0.0,0,16.2,0.3,-0.92,Dropout,Male,No,No,Up to Date,Yes,0.0,0,0.0,0.0,0.0,0,1.0,0.0
EDU-002333,1,39,1,9003,1,1,133.1,1,1,19,4,10,145.8,0,0,0,1,1,0,34,0,0,6,15,5,13.333333333333334,0,0,6,15,5,12.4,0,12.4,0.5,1.79,Graduate,Male,No,No,Up to Date,No,-0.93,0,0.8333,0.8333,10.64,0,1.0,0.93
EDU-002334,1,1,6,171,1,1,126.0,1,10,10,4,4,130.2,1,0,0,1,1,1,18,0,0,0,0,0,0.0,0,0,0,0,0,0.0,0,9.4,-0.8,-3.12,Dropout,Male,Yes,No,Up to Date,Yes,0.0,0,0.0,0.0,0.0,0,0.0,0.0
EDU-002335,1,1,1,9670,1,1,137.0,1,38,37,9,9,122.3,0,0,0,1,1,1,18,0,0,6,7,6,13.571428571428571,0,0,6,6,6,14.333333333333334,0,12.4,0.5,1.79,Graduate,Male,Yes,No,Up to Date,No,0.76,0,1.0,1.0,14.03,0,1.0,0.76
EDU-002336,1,17,4,9070,1,1,117.0,1,1,1,3,3,125.4,1,0,0,1,1,1,19,0,0,6,6,6,12.833333333333334,0,0,6,7,6,11.166666666666666,0,11.1,0.6,2.02,Graduate,Male,Yes,No,Up to Date,Yes,-1.67,0,1.0,1.0,11.83,0,1.0,1.67
EDU-002337,1,43,1,9991,0,1,100.0,1,37,19,9,4,130.0,0,0,0,1,1,0,40,0,1,5,6,4,10.25,0,3,8,18,5,11.2,5,15.5,2.8,-4.06,Dropout,Male,No,No,Up to Date,No,0.95,1,0.8,0.625,6.76,0,0.83,0.95
EDU-002338,1,39,1,9130,1,1,120.0,1,1,38,9,9,150.0,0,0,0,1,1,0,25,0,0,6,6,0,0.0,0,0,6,6,0,0.0,0,12.4,0.5,1.79,Dropout,Male,No,No,Up to Date,No,0.0,0,0.0,0.0,0.0,0,1.0,0.0
EDU-002339,1,17,5,9119,1,1,126.0,1,38,38,5,9,116.9,1,0,1,1,1,0,20,0,0,5,5,4,14.5,0,0,6,8,3,13.333333333333334,0,11.1,0.6,2.02,Dropout,Male,No,Yes,Up to Date,Yes,-1.17,-1,0.8,0.5,6.9,0,0.83,1.17
EDU-002340,1,17,1,9119,1,1,122.0,1,19,19,9,9,114.7,0,0,0,1,1,0,20,0,0,5,6,5,15.8,0,0,5,8,5,13.714285714285714,0,11.1,0.6,2.02,Enrolled,Male,No,No,Up to Date,No,-2.09,0,1.0,1.0,14.55,0,0.83,2.09
EDU-002341,1,39,1,9003,1,1,111.0,1,37,37,9,10,95.8,1,0,0,0,1,0,43,0,0,6,0,0,0.0,0,0,6,0,0,0.0,0,15.5,2.8,-4.06,Dropout,Male,No,No,In Arrears,Yes,0.0,0,0.0,0.0,0.0,0,1.0,0.0
EDU-002342,1,17,4,9119,1,1,139.0,1,37,19,9,4,133.1,1,0,0,1,1,0,18,0,0,5,8,4,12.5,0,0,5,7,3,14.666666666666666,1,7.6,2.6,0.32,Enrolled,Male,No,No,Up to Date,Yes,2.17,-1,0.8,0.6,8.28,0,0.83,2.17
EDU-002343,1,43,1,9003,1,1,150.0,1,2,4,4,1,150.0,0,0,0,1,1,0,35,0,16,18,22,18,11.666666666666666,0,12,13,13,12,11.5,1,15.5,2.8,-4.06,Graduate,Male,No,No,Up to Date,No,-0.17,-6,1.0,0.9231,10.68,0,3.0,0.17
EDU-002344,1,17,2,9991,0,1,116.0,1,37,19,9,4,118.5,0,0,0,1,1,0,23,0,0,5,6,4,13.0,0,0,5,5,5,13.0,0,7.6,2.6,0.32,Graduate,Male,No,No,Up to Date,No,0.0,1,0.8,1.0,13.0,0,0.83,0.0
EDU-002345,1,17,1,9500,1,1,130.0,1,3,3,2,2,131.1,0,0,0,1,1,0,19,0,0,7,8,7,12.12142857142857,0,0,9,12,8,11.50625,0,12.4,0.5,1.79,Graduate,Male,No,No,Up to Date,No,-0.62,1,1.0,0.8889,10.45,0,1.17,0.62
EDU-002346,1,53,1,9085,1,42,150.0,1,1,19,3,8,150.3,1,0,0,1,1,1,21,0,7,11,15,9,14.22222222222222,0,4,9,15,7,13.75,0,8.9,1.4,3.51,Graduate,Male,Yes,No,Up to Date,Yes,-0.47,-2,0.8182,0.7778,10.84,0,1.83,0.47
EDU-002347,1,43,1,9670,1,1,132.0,1,3,19,4,8,120.5,0,0,0,1,1,0,19,0,0,6,17,4,12.5,0,0,6,8,4,13.25,0,13.9,-0.3,0.79,Enrolled,Male,No,No,Up to Date,No,0.75,0,0.6667,0.6667,8.63,0,1.0,0.75
EDU-002348,1,18,1,9119,1,1,108.0,1,1,1,4,3,105.6,1,0,0,1,1,0,20,0,0,5,7,5,12.166666666666666,0,0,5,7,5,15.285714285714286,0,12.4,0.5,1.79,Graduate,Male,No,No,Up to Date,Yes,3.12,0,1.0,1.0,14.04,0,0.83,3.12
EDU-002349,1,39,1,9670,1,1,133.1,1,19,19,3,3,125.3,0,1,0,1,1,1,30,0,0,6,0,0,0.0,0,0,6,0,0,0.0,0,12.4,0.5,1.79,Dropout,Male,Yes,No,Up to Date,No,0.0,0,0.0,0.0,0.0,0,1.0,0.0
EDU-002350,4,39,1,9254,1,1,120.0,1,37,19,9,9,131.0,1,0,0,1,1,0,44,0,0,6,6,6,12.666666666666666,0,0,6,6,6,11.5,0,12.4,0.5,1.79,Graduate,Male,No,No,Up to Date,Yes,-1.17,0,1.0,1.0,11.97,0,1.0,1.17
EDU-002351,1,18,1,9500,1,1,146.0,1,19,3,4,9,127.0,0,0,0,1,1,0,19,0,0,8,8,7,13.614285714285714,0,0,8,8,7,13.614285714285714,0,12.7,3.7,-1.7,Graduate,Male,No,No,Up to Date,No,0.0,0,0.875,0.875,11.91,0,1.33,0.0
EDU-002352,1,44,1,9130,1,39,150.0,1,2,1,3,6,150.0,1,0,0,1,1,0,22,0,11,18,32,12,12.857142857142858,1,8,12,15,10,14.3,0,16.2,0.3,-0.92,Graduate,Male,No,No,Up to Date,Yes,1.44,-2,0.6667,0.8333,11.44,0,3.0,1.44
EDU-002353,1,1,1,9130,1,1,160.0,1,3,3,1,2,149.2,0,0,0,1,1,0,18,0,0,5,7,4,14.0,0,0,5,5,5,14.2,0,7.6,2.6,0.32,Graduate,Male,No,No,Up to Date,No,0.2,1,0.8,1.0,14.12,0,0.83,0.2
EDU-002354,1,17,1,9670,1,1,125.0,1,37,37,9,9,121.5,1,0,0,1,1,1,21,0,0,6,8,4,14.75,0,0,6,6,5,11.8,0,12.7,3.7,-1.7,Graduate,Male,Yes,No,Up to Date,Yes,-2.95,1,0.6667,0.8333,10.82,0,1.0,2.95
EDU-002355,1,1,2,9085,1,1,125.0,1,37,19,90,90,137.3,0,0,0,1,1,0,18,0,0,6,0,0,0.0,0,0,6,0,0,0.0,0,7.6,2.6,0.32,Dropout,Male,No,No,Up to Date,No,0.0,0,0.0,0.0,0.0,0,1.0,0.0
EDU-002356,1,17,4,9670,1,1,122.0,1,3,1,2,3,119.6,1,0,0,1,1,0,18,0,0,6,8,6,13.625,0,0,6,7,6,14.285714285714286,0,11.1,0.6,2.02,Graduate,Male,No,No,Up to Date,Yes,0.66,0,1.0,1.0,14.02,0,1.0,0.66
EDU-002357,1,1,1,171,1,1,138.0,1,1,1,4,3,141.5,0,0,0,1,1,0,19,0,0,0,0,0,0.0,0,0,0,0,0,0.0,0,7.6,2.6,0.32,Graduate,Male,No,No,Up to Date,No,0.0,0,0.0,0.0,0.0,0,0.0,0.0
EDU-002358,1,44,1,9003,1,39,150.0,1,1,38,6,6,150.0,1,0,0,1,1,0,21,0,0,6,12,4,11.8,0,0,6,11,4,11.875,0,16.2,0.3,-0.92,Dropout,Male,No,No,Up to Date,Yes,0.07,0,0.6667,0.6667,7.9,0,1.0,0.07
EDU-002359,1,39,1,9003,1,1,140.0,1,3,3,2,2,110.0,0,0,0,1,1,0,31,0,0,6,8,6,15.125,0,0,6,10,6,14.6,0,16.2,0.3,-0.92,Graduate,Male,No,No,Up to Date,No,-0.53,0,1.0,1.0,14.81,0,1.0,0.53
EDU-002360,1,17,5,9254,1,1,113.0,1,1,1,2,3,110.2,1,0,0,1,1,0,21,0,0,6,10,4,11.5,0,0,6,10,2,10.5,0,9.4,-0.8,-3.12,Dropout,Male,No,No,Up to Date,Yes,-1.0,-2,0.6667,0.3333,3.63,0,1.0,1.0
EDU-002361,1,39,1,9119,1,1,139.0,1,19,19,9,7,110.3,0,0,1,1,1,0,24,0,0,5,12,1,10.0,0,0,5,11,1,11.0,0,8.9,1.4,3.51,Enrolled,Male,No,Yes,Up to Date,No,1.0,0,0.2,0.2,2.12,0,0.83,1.0
EDU-002362,1,42,1,9773,1,1,133.1,1,19,6,4,3,120.0,0,0,0,1,1,0,27,0,0,4,8,0,0.0,0,0,5,10,0,0.0,0,9.4,-0.8,-3.12,Dropout,Male,No,No,Up to Date,No,0.0,0,0.0,0.0,0.0,0,0.67,0.0
EDU-002363,1,1,5,9147,1,1,118.0,1,19,19,9,9,114.2,1,0,0,1,1,0,20,0,0,5,9,3,10.333333333333334,0,0,5,6,5,12.8,0,12.4,0.5,1.79,Graduate,Male,No,No,Up to Date,Yes,2.47,2,0.6,1.0,11.81,0,0.83,2.47
EDU-002364,1,44,1,9119,1,39,140.0,1,1,19,4,5,140.0,1,0,0,1,1,0,22,0,0,5,9,0,0.0,0,0,5,6,2,11.666666666666666,0,10.8,1.4,1.74,Enrolled,Male,No,No,Up to Date,Yes,11.67,2,0.0,0.4,2.8,0,0.83,11.67
EDU-002365,1,1,1,9003,1,1,144.0,1,19,19,9,9,132.8,0,0,0,1,1,1,19,0,0,6,9,4,12.0,2,0,6,10,4,12.5,0,15.5,2.8,-4.06,Enrolled,Male,Yes,No,Up to Date,No,0.5,0,0.6667,0.6667,8.2,0,1.0,0.5
EDU-002366,1,18,1,9773,1,1,125.0,1,1,1,4,7,121.5,1,0,0,1,1,0,19,0,0,6,6,6,13.833333333333334,0,0,6,6,6,14.5,0,8.9,1.4,3.51,Graduate,Male,No,No,Up to Date,Yes,0.67,0,1.0,1.0,14.23,0,1.0,0.67
EDU-002367,1,1,1,171,1,1,131.0,1,1,1,7,4,127.2,1,0,1,1,1,0,23,0,13,17,19,13,12.153846153846152,0,10,17,28,11,11.909090909090908,1,11.1,0.6,2.02,Enrolled,Male,No,Yes,Up to Date,Yes,-0.24,-2,0.7647,0.6471,7.77,0,2.83,0.24
EDU-002368,1,17,1,9130,1,1,131.0,1,12,12,2,8,128.2,1,0,0,1,1,0,18,0,0,6,7,6,14.0,0,0,6,8,6,13.666666666666666,0,12.4,0.5,1.79,Graduate,Male,No,No,Up to Date,Yes,-0.33,0,1.0,1.0,13.8,0,1.0,0.33
EDU-002369,1,1,1,9773,1,1,140.0,1,3,2,4,6,133.4,1,0,0,0,1,0,29,0,0,6,8,6,16.5,0,0,6,6,5,13.8,0,11.1,0.6,2.02,Enrolled,Male,No,No,In Arrears,Yes,-2.7,-1,1.0,0.8333,12.4,0,1.0,2.7
EDU-002370,1,39,1,9130,1,1,133.1,1,1,19,4,5,120.0,1,0,0,1,1,0,29,0,0,5,11,1,18.0,2,0,5,10,3,13.333333333333334,2,10.8,1.4,1.74,Dropout,Male,No,No,Up to Date,Yes,-4.67,2,0.2,0.6,9.12,0,0.83,4.67
EDU-002371,1,44,1,9003,1,1,140.0,1,1,1,4,5,140.0,0,0,0,1,1,0,20,0,0,6,11,6,11.285714285714286,0,0,6,12,5,11.77777777777778,0,16.2,0.3,-0.92,Enrolled,Male,No,No,Up to Date,No,0.49,-1,1.0,0.8333,9.65,0,1.0,0.49
EDU-002372,1,1,5,171,1,1,139.0,1,19,3,9,2,136.9,1,0,0,1,1,1,19,0,0,0,0,0,0.0,0,0,0,0,0,0.0,0,9.4,-0.8,-3.12,Graduate,Male,Yes,No,Up to Date,Yes,0.0,0,0.0,0.0,0.0,0,0.0,0.0
EDU-002373,1,17,3,171,1,1,125.0,1,3,39,2,5,117.0,1,1,0,1,1,0,22,0,0,0,0,0,0.0,0,0,0,0,0,0.0,0,10.8,1.4,1.74,Enrolled,Male,No,No,Up to Date,Yes,0.0,0,0.0,0.0,0.0,0,0.0,0.0
EDU-002374,1,1,2,9670,1,1,117.0,1,3,1,3,5,110.7,1,0,0,1,1,0,20,0,0,6,10,5,14.0,0,0,6,10,6,12.0,0,11.1,0.6,2.02,Enrolled,Male,No,No,Up to Date,Yes,-2.0,1,0.8333,1.0,12.8,0,1.0,2.0
EDU-002375,1,39,1,9130,1,1,150.0,1,19,19,9,5,160.0,1,0,0,1,1,0,24,0,0,5,13,4,13.75,1,0,5,9,3,12.0,0,9.4,-0.8,-3.12,Enrolled,Male,No,No,Up to Date,Yes,-1.75,-1,0.8,0.6,7.62,0,0.83,1.75
EDU-002376,1,1,1,9670,1,1,95.0,1,37,37,5,8,95.0,0,0,0,0,1,0,21,0,0,6,9,4,13.25,0,0,6,6,5,11.0,0,12.7,3.7,-1.7,Dropout,Male,No,No,In Arrears,No,-2.25,1,0.6667,0.8333,9.92,0,1.0,2.25
EDU-002377,1,39,1,9147,1,1,150.0,1,37,1,7,3,148.8,0,0,0,1,1,1,25,0,0,5,7,4,14.25,0,0,5,7,4,14.75,0,12.7,3.7,-1.7,Graduate,Male,Yes,No,Up to Date,No,0.5,0,0.8,0.8,11.64,0,0.83,0.5
EDU-002378,1,39,1,9147,1,1,120.0,1,37,37,9,9,110.0,0,0,0,0,1,0,32,0,0,5,9,0,0.0,1,0,5,5,0,0.0,0,9.4,-0.8,-3.12,Dropout,Male,No,No,In Arrears,No,0.0,0,0.0,0.0,0.0,0,0.83,0.0
EDU-002379,1,43,1,9991,0,1,136.0,1,3,4,2,2,133.9,0,0,0,0,1,0,26,0,8,12,12,8,11.25,0,3,8,8,3,11.333333333333334,0,7.6,2.6,0.32,Dropout,Male,No,No,In Arrears,No,0.08,-5,0.6667,0.375,4.24,0,2.0,0.08
EDU-002380,1,1,1,9130,1,1,133.0,1,2,37,9,7,125.7,1,0,0,1,1,1,18,0,0,6,7,6,13.5,0,0,6,8,6,12.5,0,12.4,0.5,1.79,Graduate,Male,Yes,No,Up to Date,Yes,-1.0,0,1.0,1.0,12.9,0,1.0,1.0
EDU-002381,1,17,1,9254,1,1,125.0,1,1,19,4,7,116.6,0,0,0,1,1,1,19,0,0,6,8,5,12.666666666666666,0,0,6,10,6,12.857142857142858,0,16.2,0.3,-0.92,Graduate,Male,Yes,No,Up to Date,No,0.19,1,0.8333,1.0,12.78,0,1.0,0.19
EDU-002382,1,1,3,9070,1,1,127.0,1,19,38,5,7,141.0,1,0,0,1,1,1,19,0,0,6,6,6,15.166666666666666,0,0,6,6,6,12.333333333333334,0,12.4,0.5,1.79,Graduate,Male,Yes,No,Up to Date,Yes,-2.83,0,1.0,1.0,13.47,0,1.0,2.83
EDU-002383,1,7,1,9119,1,40,130.0,1,1,1,4,4,130.0,0,0,0,1,1,0,27,0,4,6,6,6,13.166666666666666,0,2,5,7,5,15.142857142857142,0,11.1,0.6,2.02,Dropout,Male,No,No,Up to Date,No,1.98,-1,1.0,1.0,14.35,0,1.0,1.98
EDU-002384,1,53,1,9003,1,1,130.0,1,19,1,9,9,130.0,0,0,1,1,1,0,21,0,7,12,20,10,11.8,0,5,12,15,9,11.444444444444445,0,8.9,1.4,3.51,Enrolled,Male,No,Yes,Up to Date,No,-0.36,-1,0.8333,0.75,8.69,0,2.0,0.36
EDU-002385,1,17,1,9119,1,1,127.0,1,19,1,4,5,115.8,0,0,0,1,1,0,20,0,0,5,10,4,11.5,0,0,5,11,0,0.0,0,13.9,-0.3,0.79,Enrolled,Male,No,No,Up to Date,No,-11.5,-4,0.8,0.0,0.0,0,0.83,11.5
EDU-002386,1,44,1,9070,1,39,140.0,1,19,38,4,0,140.0,1,0,0,1,1,0,21,0,0,6,6,6,14.5,0,0,6,8,6,11.333333333333334,0,12.4,0.5,1.79,Graduate,Male,No,No,Up to Date,Yes,-3.17,0,1.0,1.0,12.6,0,1.0,3.17
EDU-002387,1,1,5,9773,1,1,125.0,1,37,3,5,2,126.1,1,0,0,1,1,0,22,0,0,6,10,5,13.4,0,0,6,12,3,10.666666666666666,0,9.4,-0.8,-3.12,Enrolled,Male,No,No,Up to Date,Yes,-2.73,-2,0.8333,0.5,5.88,0,1.0,2.73
EDU-002388,1,1,1,171,1,1,135.0,1,1,38,5,7,137.5,1,0,1,0,1,0,19,0,0,0,0,0,0.0,0,0,0,0,0,0.0,0,12.7,3.7,-1.7,Graduate,Male,No,Yes,In Arrears,Yes,0.0,0,0.0,0.0,0.0,1,0.0,0.0
EDU-002389,1,17,4,9147,1,1,132.0,1,38,19,5,5,120.8,1,0,0,1,1,1,18,0,0,5,8,4,10.8,0,0,5,10,2,12.5,0,11.1,0.6,2.02,Dropout,Male,Yes,No,Up to Date,Yes,1.7,-2,0.8,0.4,4.73,0,0.83,1.7
EDU-002390,1,39,2,9238,1,1,110.0,1,19,1,5,5,136.5,0,0,0,1,1,0,28,0,0,5,6,0,0.0,0,0,5,5,0,0.0,0,13.9,-0.3,0.79,Dropout,Male,No,No,Up to Date,No,0.0,0,0.0,0.0,0.0,0,0.83,0.0
EDU-002391,2,39,1,9003,1,1,130.0,1,1,37,9,1,122.0,0,0,1,0,1,0,25,0,3,10,23,6,11.428571428571429,0,2,7,15,4,12.0,1,15.5,2.8,-4.06,Dropout,Male,No,Yes,In Arrears,No,0.57,-2,0.6,0.5714,6.73,1,1.67,0.57
EDU-002392,1,43,1,9003,1,1,130.0,1,37,1,5,4,130.0,0,0,0,1,1,0,25,0,8,14,24,8,12.5,2,6,13,23,10,11.6,0,15.5,2.8,-4.06,Dropout,Male,No,No,Up to Date,No,-0.9,2,0.5714,0.7692,9.2,0,2.33,0.9
EDU-002393,1,1,1,9147,1,1,135.0,1,38,19,9,5,126.3,0,0,0,1,1,0,18,0,0,5,11,2,13.5,0,0,5,11,3,12.333333333333334,0,8.9,1.4,3.51,Enrolled,Male,No,No,Up to Date,No,-1.17,1,0.4,0.6,7.68,0,0.83,1.17
EDU-002394,1,1,1,9254,1,1,133.1,1,4,19,4,5,98.0,0,0,0,1,1,0,26,0,0,6,6,0,0.0,0,0,6,12,0,0.0,0,10.8,1.4,1.74,Dropout,Male,No,No,Up to Date,No,0.0,0,0.0,0.0,0.0,0,1.0,0.0
EDU-002395,1,17,3,9147,1,1,135.0,1,37,37,6,5,121.0,1,0,0,1,1,1,18,0,0,5,8,5,12.75,0,0,5,7,5,11.5,0,13.9,-0.3,0.79,Graduate,Male,Yes,No,Up to Date,Yes,-1.25,0,1.0,1.0,12.0,0,0.83,1.25
EDU-002396,1,43,1,9773,1,1,128.0,1,19,38,9,7,124.2,1,0,0,1,1,0,22,0,0,6,17,3,11.333333333333334,3,0,6,14,3,12.333333333333334,0,15.5,2.8,-4.06,Enrolled,Male,No,No,Up to Date,Yes,1.0,0,0.5,0.5,5.97,0,1.0,1.0
EDU-002397,1,39,1,9003,1,1,140.0,1,1,3,4,5,130.0,0,0,0,1,1,0,25,0,0,6,8,0,0.0,0,0,6,10,0,0.0,0,16.2,0.3,-0.92,Dropout,Male,No,No,Up to Date,No,0.0,0,0.0,0.0,0.0,0,1.0,0.0
EDU-002398,1,1,2,9773,1,1,135.0,1,3,1,4,4,136.1,1,0,0,1,1,0,19,0,0,6,9,5,11.4,0,0,6,13,5,12.4,0,8.9,1.4,3.51,Enrolled,Male,No,No,Up to Date,Yes,1.0,0,0.8333,0.8333,10.0,0,1.0,1.0
EDU-002399,1,17,2,9773,1,1,131.0,1,3,19,2,3,132.8,1,0,0,1,1,0,19,0,0,6,7,6,14.428571428571429,0,0,6,7,6,14.571428571428571,0,13.9,-0.3,0.79,Graduate,Male,No,No,Up to Date,Yes,0.14,0,1.0,1.0,14.51,0,1.0,0.14
EDU-002400,1,17,1,9500,1,1,131.0,1,1,1,5,5,126.3,0,0,0,1,1,0,19,0,0,7,9,7,12.492857142857144,0,0,8,10,8,11.7125,0,16.2,0.3,-0.92,Graduate,Male,No,No,Up to Date,No,-0.78,1,1.0,1.0,12.02,0,1.17,0.78
EDU-002401,4,39,1,8014,0,19,100.0,1,1,37,9,1,111.5,0,0,0,1,1,0,45,0,2,8,10,4,11.5,0,2,8,13,4,11.0,0,10.8,1.4,1.74,Dropout,Male,No,No,Up to Date,No,-0.5,0,0.5,0.5,5.6,0,1.33,0.5
EDU-002402,2,39,1,9991,0,1,140.0,1,37,37,9,9,118.2,0,0,0,1,1,0,52,0,0,5,7,5,11.2,0,0,5,6,5,12.8,1,7.6,2.6,0.32,Graduate,Male,No,No,Up to Date,No,1.6,0,1.0,1.0,12.16,0,0.83,1.6
EDU-002403,1,1,1,9147,1,1,124.0,1,19,19,9,3,115.6,1,0,0,0,1,0,20,0,0,5,9,3,12.0,1,0,5,7,3,11.0,0,9.4,-0.8,-3.12,Dropout,Male,No,No,In Arrears,Yes,-1.0,0,0.6,0.6,6.84,0,0.83,1.0
EDU-002404,1,1,1,9500,1,1,130.0,1,38,37,5,10,117.8,1,0,0,1,1,0,19,0,0,8,8,7,15.885714285714286,0,0,8,8,7,15.885714285714286,0,10.8,1.4,1.74,Graduate,Male,No,No,Up to Date,Yes,0.0,0,0.875,0.875,13.9,0,1.33,0.0
EDU-002405,1,1,1,9500,1,1,142.0,1,1,38,9,9,127.0,0,0,1,0,1,0,21,0,0,7,12,4,12.94,0,0,7,12,4,11.58,0,12.4,0.5,1.79,Dropout,Male,No,Yes,In Arrears,No,-1.36,0,0.5714,0.5714,6.93,1,1.17,1.36
EDU-002406,2,39,1,8014,0,1,150.0,1,37,37,9,9,140.0,0,0,0,0,1,0,35,0,0,6,6,6,14.0,0,0,6,6,6,14.166666666666666,0,9.4,-0.8,-3.12,Graduate,Male,No,No,In Arrears,No,0.17,0,1.0,1.0,14.1,0,1.0,0.17
EDU-002407,2,39,1,171,1,12,110.0,1,37,37,7,7,106.0,1,0,0,1,1,0,36,0,0,0,0,0,0.0,0,0,0,0,0,0.0,0,7.6,2.6,0.32,Graduate,Male,No,No,Up to Date,Yes,0.0,0,0.0,0.0,0.0,0,0.0,0.0
EDU-002408,4,39,1,9500,1,19,110.0,1,37,38,5,5,151.0,0,0,1,0,1,0,47,0,0,7,7,0,0.0,7,0,8,8,0,0.0,8,15.5,2.8,-4.06,Dropout,Male,No,Yes,In Arrears,No,0.0,0,0.0,0.0,0.0,1,1.17,0.0
EDU-002409,1,18,1,9991,0,1,112.0,1,43,40,2,2,106.4,0,0,0,1,1,0,22,0,0,5,0,0,0.0,0,0,5,0,0,0.0,0,8.9,1.4,3.51,Dropout,Male,No,No,Up to Date,No,0.0,0,0.0,0.0,0.0,0,0.83,0.0
EDU-002410,2,39,1,9991,0,1,100.0,1,37,37,9,9,125.3,1,0,0,1,1,0,41,0,0,5,8,4,11.25,0,0,5,8,3,11.0,1,7.6,2.6,0.32,Dropout,Male,No,No,Up to Date,Yes,-0.25,-1,0.8,0.6,6.66,0,0.83,0.25
EDU-002411,1,7,1,9119,1,3,130.0,1,34,34,90,90,130.0,0,0,0,1,1,0,26,0,0,5,5,0,0.0,0,0,5,6,0,0.0,0,10.8,1.4,1.74,Dropout,Male,No,No,Up to Date,No,0.0,0,0.0,0.0,0.0,0,0.83,0.0
EDU-002412,2,39,1,8014,0,1,133.1,1,34,34,90,90,116.0,0,0,0,0,0,0,51,0,0,6,13,4,11.25,0,0,6,12,0,0.0,1,10.8,1.4,1.74,Dropout,Female,No,No,In Arrears,No,-11.25,-4,0.6667,0.0,0.0,0,1.0,11.25
EDU-002413,2,39,2,9991,0,1,150.0,1,37,37,9,9,120.0,0,0,0,1,0,0,43,0,0,5,11,3,10.666666666666666,0,1,5,10,4,12.5,0,9.4,-0.8,-3.12,Enrolled,Female,No,No,Up to Date,No,1.83,1,0.6,0.8,9.41,0,0.83,1.83
EDU-002414,2,39,2,8014,0,1,100.0,1,34,34,0,0,100.0,1,0,0,1,0,0,41,0,0,6,9,5,11.8,0,1,6,10,3,10.666666666666666,1,7.6,2.6,0.32,Graduate,Female,No,No,Up to Date,Yes,-1.13,-2,0.8333,0.5,5.56,0,1.0,1.13
EDU-002415,1,43,2,9147,1,1,130.0,1,34,37,9,9,118.5,1,0,0,1,1,0,23,0,5,10,19,8,11.625,1,4,10,16,10,11.181818181818182,3,7.6,2.6,0.32,Graduate,Male,No,No,Up to Date,Yes,-0.44,2,0.8,1.0,11.36,0,1.67,0.44
EDU-002416,1,43,2,9238,1,1,129.0,1,34,30,0,5,118.9,1,0,0,1,1,0,22,0,0,6,11,0,0.0,0,0,5,10,0,0.0,0,9.4,-0.8,-3.12,Dropout,Male,No,No,Up to Date,Yes,0.0,0,0.0,0.0,0.0,0,1.0,0.0
EDU-002417,1,17,2,9070,1,1,127.0,1,37,37,9,9,119.3,1,1,0,1,1,1,25,0,0,6,8,4,10.25,0,0,6,6,4,11.25,0,12.7,3.7,-1.7,Dropout,Male,Yes,No,Up to Date,Yes,1.0,0,0.6667,0.6667,7.23,0,1.0,1.0
EDU-002418,1,43,1,9991,0,1,140.0,1,37,37,9,9,135.8,1,0,0,1,1,0,25,0,14,15,16,15,10.8,0,13,14,14,14,11.357142857142858,0,9.4,-0.8,-3.12,Graduate,Male,No,No,Up to Date,Yes,0.56,-1,1.0,1.0,11.13,0,2.5,0.56
EDU-002419,1,53,1,171,1,42,130.0,1,1,19,9,9,130.0,1,0,0,0,1,1,22,0,5,12,15,11,12.545454545454543,0,4,11,16,11,12.666666666666666,0,8.9,1.4,3.51,Graduate,Male,Yes,No,In Arrears,Yes,0.12,0,0.9167,1.0,12.62,0,2.0,0.12
EDU-002420,1,39,1,9003,1,1,133.1,6,1,1,192,144,129.8,0,0,0,1,1,0,24,1,0,7,7,7,13.571428571428571,0,0,6,9,5,13.4,0,8.9,1.4,3.51,Enrolled,Male,No,No,Up to Date,No,-0.17,-2,1.0,0.8333,11.22,0,1.17,0.17
EDU-002421,1,39,1,9085,1,2,140.0,1,38,38,9,10,150.0,0,0,0,1,1,0,47,0,0,6,0,0,0.0,0,0,6,0,0,0.0,0,16.2,0.3,-0.92,Dropout,Male,No,No,Up to Date,No,0.0,0,0.0,0.0,0.0,0,1.0,0.0
EDU-002422,2,39,1,9991,0,19,133.1,1,37,37,5,5,111.9,1,0,0,1,1,0,41,0,0,5,5,0,0.0,0,0,5,5,0,0.0,0,7.6,2.6,0.32,Dropout,Male,No,No,Up to Date,Yes,0.0,0,0.0,0.0,0.0,0,0.83,0.0
EDU-002423,1,39,1,9003,1,1,120.0,1,37,37,9,9,150.1,1,0,0,1,1,0,43,0,0,6,9,6,14.77777777777778,0,0,6,11,5,12.2,0,13.9,-0.3,0.79,Graduate,Male,No,No,Up to Date,Yes,-2.58,-1,1.0,0.8333,11.03,0,1.0,2.58
EDU-002424,1,39,1,9003,1,1,133.1,1,1,37,9,8,130.0,0,0,0,1,1,0,29,0,0,3,4,0,0.0,0,0,4,8,0,0.0,0,16.2,0.3,-0.92,Dropout,Male,No,No,Up to Date,No,0.0,0,0.0,0.0,0.0,0,0.5,0.0
EDU-002425,1,39,2,9119,1,1,120.0,1,37,37,5,5,128.0,0,0,0,1,1,0,30,0,0,2,2,0,0.0,0,0,2,2,0,0.0,0,7.6,2.6,0.32,Dropout,Male,No,No,Up to Date,No,0.0,0,0.0,0.0,0.0,0,0.33,0.0
EDU-002426,1,39,2,9147,1,38,133.1,1,19,38,9,9,102.5,0,0,0,0,1,0,26,0,0,4,4,0,0.0,0,0,5,0,0,0.0,0,12.7,3.7,-1.7,Dropout,Male,No,No,In Arrears,No,0.0,0,0.0,0.0,0.0,0,0.67,0.0
EDU-002427,1,39,2,9991,0,1,133.1,1,19,38,9,9,102.5,0,0,0,0,1,0,27,0,0,5,10,0,0.0,0,0,5,5,0,0.0,0,15.5,2.8,-4.06,Dropout,Male,No,No,In Arrears,No,0.0,0,0.0,0.0,0.0,0,0.83,0.0
EDU-002428,2,39,2,9670,1,1,100.0,1,37,37,9,9,110.0,0,0,0,1,1,1,36,0,0,5,5,5,11.4,0,0,5,7,5,11.6,0,9.4,-0.8,-3.12,Graduate,Male,Yes,No,Up to Date,No,0.2,0,1.0,1.0,11.52,0,0.83,0.2
EDU-002429,1,39,1,9003,1,19,133.1,1,1,19,4,10,114.0,0,0,0,1,1,0,29,0,3,9,13,6,11.666666666666666,0,2,7,10,6,10.857142857142858,0,15.5,2.8,-4.06,Dropout,Male,No,No,Up to Date,No,-0.81,0,0.6667,0.8571,9.58,0,1.5,0.81
EDU-002430,1,42,1,9119,1,1,120.0,1,34,34,0,0,128.2,1,0,0,1,1,0,35,0,6,10,12,7,11.285714285714286,0,2,8,8,5,13.0,0,9.4,-0.8,-3.12,Dropout,Male,No,No,Up to Date,Yes,1.71,-2,0.7,0.625,7.7,0,1.67,1.71
EDU-002431,1,1,1,9773,1,1,128.0,1,38,38,6,3,116.5,0,0,0,1,1,1,18,0,0,6,12,4,11.5,0,0,6,10,5,12.6,0,10.8,1.4,1.74,Graduate,Male,Yes,No,Up to Date,No,1.1,1,0.6667,0.8333,10.13,0,1.0,1.1
EDU-002432,1,1,1,9991,0,1,172.0,1,38,37,9,9,149.3,0,0,0,1,1,1,24,0,0,5,5,5,16.0,0,0,5,5,5,16.0,0,8.9,1.4,3.51,Graduate,Male,Yes,No,Up to Date,No,0.0,0,1.0,1.0,16.0,0,0.83,0.0
EDU-002433,1,1,3,9773,1,1,146.0,1,38,38,9,7,134.1,1,0,0,1,1,1,18,0,0,6,6,6,12.5,0,0,6,7,6,12.666666666666666,0,10.8,1.4,1.74,Dropout,Male,Yes,No,Up to Date,Yes,0.17,0,1.0,1.0,12.6,0,1.0,0.17
EDU-002434,1,17,4,9119,1,1,135.0,1,38,37,5,7,126.6,1,0,0,1,1,0,18,0,0,5,7,4,12.0,0,0,5,10,3,13.0,3,7.6,2.6,0.32,Enrolled,Male,No,No,Up to Date,Yes,1.0,-1,0.8,0.6,7.56,0,0.83,1.0
EDU-002435,2,43,1,9085,1,1,160.0,1,37,37,9,7,120.0,0,0,0,1,1,0,21,0,0,5,11,0,0.0,2,0,5,11,3,11.666666666666666,1,9.4,-0.8,-3.12,Enrolled,Male,No,No,Up to Date,No,11.67,3,0.0,0.6,4.2,0,0.83,11.67
EDU-002436,1,42,1,9119,1,1,150.0,1,38,37,5,8,133.5,1,0,0,1,1,0,21,0,0,5,10,5,13.0,0,0,5,10,5,12.6,0,9.4,-0.8,-3.12,Graduate,Male,No,No,Up to Date,Yes,-0.4,0,1.0,1.0,12.76,0,0.83,0.4
EDU-002437,1,39,1,9003,1,1,130.0,1,1,3,2,6,110.0,0,0,0,1,1,0,32,0,8,18,27,13,13.714285714285714,1,7,12,18,12,12.083333333333334,0,15.5,2.8,-4.06,Graduate,Male,No,No,Up to Date,No,-1.63,-1,0.7222,1.0,12.74,0,3.0,1.63
EDU-002438,1,1,4,9119,1,1,111.0,1,37,37,9,5,107.5,1,0,0,1,1,1,22,0,0,5,9,3,12.333333333333334,0,0,6,14,3,12.5,0,11.1,0.6,2.02,Dropout,Male,Yes,No,Up to Date,Yes,0.17,0,0.6,0.5,6.22,0,0.83,0.17
EDU-002439,1,7,1,9003,1,3,130.0,1,1,38,9,7,130.0,1,0,0,0,1,0,32,0,11,17,31,11,12.727272727272728,4,10,12,24,10,12.7,1,15.5,2.8,-4.06,Dropout,Male,No,No,In Arrears,Yes,-0.03,-1,0.6471,0.8333,10.59,0,2.83,0.03
EDU-002440,1,43,1,9670,1,6,170.0,1,34,34,0,0,111.6,0,0,0,1,1,0,35,0,1,5,5,1,14.0,0,0,5,5,0,0.0,0,9.4,-0.8,-3.12,Dropout,Male,No,No,Up to Date,No,-14.0,-1,0.2,0.0,0.0,0,0.83,14.0
EDU-002441,1,18,3,9147,1,1,133.1,1,1,38,4,7,101.0,1,0,0,0,1,0,23,0,0,5,0,0,0.0,0,0,5,0,0,0.0,0,8.9,1.4,3.51,Dropout,Male,No,No,In Arrears,Yes,0.0,0,0.0,0.0,0.0,0,0.83,0.0
EDU-002442,1,39,1,8014,0,1,100.0,1,37,37,6,6,108.3,0,0,0,1,1,0,39,0,0,6,8,5,11.4,0,1,6,12,3,11.0,1,7.6,2.6,0.32,Enrolled,Male,No,No,Up to Date,No,-0.4,-2,0.8333,0.5,5.58,0,1.0,0.4
EDU-002443,2,43,1,9670,1,1,120.0,1,34,34,0,0,128.2,0,0,0,1,1,0,35,0,0,5,5,0,0.0,0,0,5,5,1,10.0,0,9.4,-0.8,-3.12,Dropout,Male,No,No,Up to Date,No,10.0,1,0.0,0.2,1.2,0,0.83,10.0
EDU-002444,2,39,1,9003,1,3,110.0,1,3,19,4,6,150.0,0,0,0,1,1,0,32,0,0,6,8,6,18.875,0,6,12,14,12,17.692307692307693,0,16.2,0.3,-0.92,Graduate,Male,No,No,Up to Date,No,-1.18,6,1.0,1.0,18.17,0,1.0,1.18
EDU-002445,1,1,1,9853,1,1,133.1,1,34,34,0,0,142.8,0,0,0,1,1,0,20,0,0,6,12,0,0.0,0,0,6,12,0,0.0,0,7.6,2.6,0.32,Dropout,Male,No,No,Up to Date,No,0.0,0,0.0,0.0,0.0,0,1.0,0.0
EDU-002446,1,39,1,9500,1,1,120.0,1,37,37,9,9,100.0,0,0,0,1,1,0,34,0,0,7,15,6,11.333333333333334,0,0,7,16,4,12.6,0,16.2,0.3,-0.92,Enrolled,Male,No,No,Up to Date,No,1.27,-2,0.8571,0.5714,6.91,0,1.17,1.27
EDU-002447,1,7,1,9991,0,40,150.0,1,37,37,6,6,150.0,1,0,0,1,1,0,44,0,3,7,9,7,13.5,0,0,5,6,5,16.2,0,8.9,1.4,3.51,Dropout,Male,No,No,Up to Date,Yes,2.7,-2,1.0,1.0,15.12,0,1.17,2.7
EDU-002448,2,39,1,9254,1,19,133.1,1,37,19,9,10,156.5,0,0,0,1,1,0,53,0,7,11,12,2,15.0,7,4,9,10,3,10.0,4,16.2,0.3,-0.92,Graduate,Male,No,No,Up to Date,No,-5.0,1,0.1818,0.3333,4.0,0,1.83,5.0
EDU-002449,1,39,1,9119,1,19,120.0,1,37,37,9,4,98.6,0,0,1,0,1,0,28,0,0,5,10,0,0.0,0,0,5,7,0,0.0,0,12.4,0.5,1.79,Dropout,Male,No,Yes,In Arrears,No,0.0,0,0.0,0.0,0.0,1,0.83,0.0
EDU-002450,1,7,1,9991,0,3,130.0,1,37,37,9,9,130.0,0,0,0,1,1,0,31,0,9,9,9,9,14.22222222222222,0,5,5,5,5,12.8,0,12.7,3.7,-1.7,Dropout,Male,No,No,Up to Date,No,-1.42,-4,1.0,1.0,13.37,0,1.5,1.42
EDU-002451,1,1,1,171,1,1,130.0,1,1,38,5,9,118.1,0,0,1,0,1,0,18,0,0,0,0,0,0.0,0,0,0,0,0,0.0,0,9.4,-0.8,-3.12,Enrolled,Male,No,Yes,In Arrears,No,0.0,0,0.0,0.0,0.0,1,0.0,0.0
EDU-002452,1,39,1,9003,1,1,100.0,1,1,3,9,10,120.0,0,0,1,0,1,0,44,0,2,7,14,4,12.0,2,0,6,16,0,0.0,1,15.5,2.8,-4.06,Dropout,Male,No,Yes,In Arrears,No,-12.0,-4,0.5714,0.0,0.0,1,1.17,12.0
EDU-002453,1,1,1,9085,1,1,142.0,1,1,1,9,9,127.7,1,0,0,1,1,0,19,0,0,5,9,5,12.6,1,0,5,8,4,12.0,0,12.7,3.7,-1.7,Graduate,Male,No,No,Up to Date,Yes,-0.6,-1,1.0,0.8,9.79,0,0.83,0.6
EDU-002454,1,15,1,171,1,1,130.0,26,1,1,2,9,130.0,0,0,0,1,1,0,21,1,6,12,12,12,15.083333333333334,0,4,11,15,11,13.083333333333334,0,8.9,1.4,3.51,Enrolled,Male,No,No,Up to Date,No,-2.0,-1,1.0,1.0,13.88,0,2.0,2.0
EDU-002455,1,18,1,9119,1,1,148.0,1,3,19,3,5,147.7,0,0,0,1,1,1,18,0,0,5,5,0,0.0,0,0,5,5,0,0.0,0,9.4,-0.8,-3.12,Dropout,Male,Yes,No,Up to Date,No,0.0,0,0.0,0.0,0.0,0,0.83,0.0
EDU-002456,1,44,1,9003,1,39,170.0,1,19,19,5,5,170.0,1,0,0,1,1,0,20,0,0,6,8,6,14.5,0,0,6,10,6,15.3,0,16.2,0.3,-0.92,Graduate,Male,No,No,Up to Date,Yes,0.8,0,1.0,1.0,14.98,0,1.0,0.8
EDU-002457,1,39,1,9070,1,1,110.0,1,37,37,7,7,110.2,0,0,0,1,1,0,55,0,0,6,6,6,14.5,0,0,6,6,6,13.5,0,11.1,0.6,2.02,Graduate,Male,No,No,Up to Date,No,-1.0,0,1.0,1.0,13.9,0,1.0,1.0
EDU-002458,1,1,1,9147,1,1,166.0,1,19,37,4,8,146.4,0,0,0,1,1,0,27,0,0,5,12,3,10.0,0,0,5,12,1,13.0,0,7.6,2.6,0.32,Enrolled,Male,No,No,Up to Date,No,3.0,-2,0.6,0.2,2.36,0,0.83,3.0
EDU-002459,1,17,2,9119,1,1,135.0,1,12,19,5,5,121.0,0,0,0,1,1,0,19,0,0,5,0,0,0.0,0,0,5,0,0,0.0,0,12.4,0.5,1.79,Dropout,Male,No,No,Up to Date,No,0.0,0,0.0,0.0,0.0,0,0.83,0.0
EDU-002460,1,1,1,9147,1,1,133.0,1,19,37,9,9,129.9,0,0,0,1,1,0,18,0,0,5,5,5,11.6,0,0,5,5,5,13.2,0,12.4,0.5,1.79,Graduate,Male,No,No,Up to Date,No,1.6,0,1.0,1.0,12.56,0,0.83,1.6
EDU-002461,2,39,1,9773,1,1,133.1,1,37,37,7,4,132.0,0,0,0,1,1,0,43,0,0,6,10,4,11.75,0,0,6,7,0,0.0,0,15.5,2.8,-4.06,Dropout,Male,No,No,Up to Date,No,-11.75,-4,0.6667,0.0,0.0,0,1.0,11.75
EDU-002462,1,18,3,9254,1,1,121.0,1,19,19,9,6,125.9,1,0,0,1,1,0,18,0,0,6,0,0,0.0,0,0,6,0,0,0.0,0,13.9,-0.3,0.79,Dropout,Male,No,No,Up to Date,Yes,0.0,0,0.0,0.0,0.0,0,1.0,0.0
EDU-002463,1,1,1,171,1,1,159.0,1,3,3,2,2,165.7,1,0,0,1,1,0,18,0,0,0,0,0,0.0,0,0,0,0,0,0.0,0,9.4,-0.8,-3.12,Dropout,Male,No,No,Up to Date,Yes,0.0,0,0.0,0.0,0.0,0,0.0,0.0
EDU-002464,1,17,5,9254,1,1,130.0,1,37,38,9,9,122.7,1,0,1,1,1,1,20,0,0,6,7,0,0.0,0,0,6,6,0,0.0,0,8.9,1.4,3.51,Dropout,Male,Yes,Yes,Up to Date,Yes,0.0,0,0.0,0.0,0.0,0,1.0,0.0
EDU-002465,2,39,1,9991,0,1,121.0,1,37,19,9,9,141.4,0,0,1,0,1,0,29,0,0,5,7,4,11.25,0,0,5,8,4,11.8,0,10.8,1.4,1.74,Dropout,Male,No,Yes,In Arrears,No,0.55,0,0.8,0.8,9.26,1,0.83,0.55
EDU-002466,1,39,1,9130,1,19,133.1,1,37,37,9,10,156.4,1,0,1,1,1,0,44,0,0,6,9,5,11.571428571428571,0,0,6,11,0,0.0,0,13.9,-0.3,0.79,Dropout,Male,No,Yes,Up to Date,Yes,-11.57,-5,0.8333,0.0,0.0,0,1.0,11.57
EDU-002467,1,1,1,9119,1,1,146.0,1,37,37,9,9,148.5,1,0,0,1,1,0,18,0,0,5,7,4,10.0,0,0,5,8,1,16.0,0,10.8,1.4,1.74,Enrolled,Male,No,No,Up to Date,Yes,6.0,-3,0.8,0.2,2.72,0,0.83,6.0
EDU-002468,1,44,1,9003,1,39,140.0,1,37,37,9,1,140.0,0,0,0,1,1,1,20,0,0,6,11,5,13.833333333333334,0,0,6,13,6,12.3,0,15.5,2.8,-4.06,Enrolled,Male,Yes,No,Up to Date,No,-1.53,1,0.8333,1.0,12.91,0,1.0,1.53
EDU-002469,1,43,1,9070,1,1,125.0,1,38,37,8,7,131.7,1,0,0,1,1,0,20,0,3,6,6,4,12.75,0,3,9,12,3,12.666666666666666,0,12.4,0.5,1.79,Dropout,Male,No,No,Up to Date,Yes,-0.08,-1,0.6667,0.3333,4.23,0,1.0,0.08
EDU-002470,2,39,2,9147,1,1,120.0,1,37,37,9,9,104.7,1,0,0,1,1,0,36,0,0,4,4,0,0.0,0,0,5,9,0,0.0,0,10.8,1.4,1.74,Dropout,Male,No,No,Up to Date,Yes,0.0,0,0.0,0.0,0.0,0,0.67,0.0
EDU-002471,1,44,1,9130,1,39,150.0,1,5,1,2,5,150.0,1,0,0,1,1,0,19,0,1,6,13,5,11.6,0,1,6,12,2,11.0,0,13.9,-0.3,0.79,Enrolled,Male,No,No,Up to Date,Yes,-0.6,-3,0.8333,0.3333,3.75,0,1.0,0.6
EDU-002472,2,39,1,9085,1,19,110.0,1,37,37,90,90,110.0,0,0,0,0,1,0,29,0,0,5,5,0,0.0,0,0,5,5,0,0.0,0,12.7,3.7,-1.7,Dropout,Male,No,No,In Arrears,No,0.0,0,0.0,0.0,0.0,0,0.83,0.0
EDU-002473,1,1,1,9670,1,1,120.0,1,1,1,9,9,129.1,1,0,0,1,1,0,18,0,0,6,6,4,11.25,0,0,6,10,3,10.333333333333334,0,10.8,1.4,1.74,Dropout,Male,No,No,Up to Date,Yes,-0.92,-1,0.6667,0.5,5.35,0,1.0,0.92
EDU-002474,1,39,1,9003,1,1,133.1,1,1,1,1,6,120.0,0,0,0,0,1,0,24,0,0,6,0,0,0.0,0,0,6,0,0,0.0,0,13.9,-0.3,0.79,Dropout,Male,No,No,In Arrears,No,0.0,0,0.0,0.0,0.0,0,1.0,0.0
EDU-002475,1,1,1,9773,1,1,133.1,1,3,19,2,5,127.0,0,0,0,1,1,0,20,0,0,6,6,6,14.333333333333334,0,0,6,7,6,15.0,0,15.5,2.8,-4.06,Graduate,Male,No,No,Up to Date,No,0.67,0,1.0,1.0,14.73,0,1.0,0.67
EDU-002476,2,39,1,8014,0,19,133.1,1,19,37,9,9,151.5,0,0,1,0,1,0,45,0,0,6,7,0,0.0,0,0,5,5,0,0.0,0,16.2,0.3,-0.92,Dropout,Male,No,Yes,In Arrears,No,0.0,0,0.0,0.0,0.0,1,1.0,0.0
EDU-002477,1,43,2,9500,1,1,130.0,1,38,37,4,4,126.8,1,0,0,1,1,1,28,0,18,23,23,20,13.5,3,18,23,23,20,13.5,3,7.6,2.6,0.32,Graduate,Male,Yes,No,Up to Date,Yes,0.0,0,0.8696,0.8696,11.74,0,3.83,0.0
EDU-002478,1,1,1,9254,1,1,160.0,1,19,38,9,9,140.8,1,0,0,1,1,0,23,0,0,6,8,6,12.666666666666666,0,0,6,10,5,12.2,0,7.6,2.6,0.32,Enrolled,Male,No,No,Up to Date,Yes,-0.47,-1,1.0,0.8333,10.32,0,1.0,0.47
EDU-002479,1,1,1,9500,1,1,128.0,1,1,19,4,7,125.6,1,0,0,1,1,0,18,0,0,7,7,7,12.444285714285714,0,0,8,11,7,11.347142857142858,0,12.4,0.5,1.79,Graduate,Male,No,No,Up to Date,Yes,-1.1,0,1.0,0.875,10.31,0,1.17,1.1
EDU-002480,1,1,2,9147,1,1,140.0,1,19,19,9,4,127.8,1,0,0,1,1,0,23,0,0,5,7,3,10.666666666666666,1,0,5,7,3,11.333333333333334,0,9.4,-0.8,-3.12,Dropout,Male,No,No,Up to Date,Yes,0.67,0,0.6,0.6,6.64,0,0.83,0.67
EDU-002481,1,43,1,171,1,1,120.0,1,3,3,2,2,120.0,1,0,0,1,1,0,22,0,0,0,0,0,0.0,0,0,0,0,0,0.0,0,7.6,2.6,0.32,Enrolled,Male,No,No,Up to Date,Yes,0.0,0,0.0,0.0,0.0,0,0.0,0.0
EDU-002482,1,1,1,9070,1,1,140.0,1,19,19,5,5,131.3,0,0,0,1,1,1,22,0,1,6,6,6,12.666666666666666,0,1,6,6,5,12.4,0,12.4,0.5,1.79,Graduate,Male,Yes,No,Up to Date,No,-0.27,-1,1.0,0.8333,10.42,0,1.0,0.27
EDU-002483,1,39,1,9991,0,12,120.0,1,37,38,5,5,155.7,0,0,0,1,1,0,33,0,0,5,5,5,13.2,0,0,5,6,5,14.833333333333334,0,10.8,1.4,1.74,Graduate,Male,No,No,Up to Date,No,1.63,0,1.0,1.0,14.18,0,0.83,1.63
EDU-002484,1,53,1,9003,1,42,130.0,1,1,38,9,6,128.5,0,0,0,1,1,0,21,0,7,12,20,10,12.7,0,5,12,14,11,12.181818181818182,0,8.9,1.4,3.51,Graduate,Male,No,No,Up to Date,No,-0.52,1,0.8333,0.9167,11.36,0,2.0,0.52
EDU-002485,2,39,1,9147,1,1,100.0,1,37,37,9,5,170.0,0,0,0,1,1,0,45,0,0,5,6,5,14.833333333333334,0,0,5,5,5,14.8,0,15.5,2.8,-4.06,Graduate,Male,No,No,Up to Date,No,-0.03,0,1.0,1.0,14.81,0,0.83,0.03
EDU-002486,2,39,1,9003,1,1,133.1,1,37,37,9,9,100.0,0,0,0,0,1,0,44,0,4,10,10,4,11.5,0,1,7,8,1,12.0,0,15.5,2.8,-4.06,Dropout,Male,No,No,In Arrears,No,0.5,-3,0.4,0.1429,1.69,0,1.67,0.5
EDU-002487,4,39,1,9670,1,1,110.0,1,19,19,90,99,107.2,0,0,0,1,1,0,42,0,0,6,0,0,0.0,0,0,6,0,0,0.0,0,12.7,3.7,-1.7,Dropout,Male,No,No,Up to Date,No,0.0,0,0.0,0.0,0.0,0,1.0,0.0
EDU-002488,1,18,1,9147,1,1,147.0,1,19,1,9,7,139.3,1,0,0,1,1,0,20,0,0,5,0,0,0.0,0,0,5,0,0,0.0,0,12.4,0.5,1.79,Dropout,Male,No,No,Up to Date,Yes,0.0,0,0.0,0.0,0.0,0,0.83,0.0
EDU-002489,1,17,6,9147,1,1,133.0,1,19,38,5,6,123.2,1,0,0,1,1,0,20,0,0,5,7,3,12.666666666666666,1,0,5,12,2,12.5,0,9.4,-0.8,-3.12,Enrolled,Male,No,No,Up to Date,Yes,-0.17,-1,0.6,0.4,5.03,0,0.83,0.17
EDU-002490,1,1,2,9254,1,1,137.0,1,1,38,2,8,122.3,1,0,0,1,1,1,20,0,0,6,7,6,14.714285714285714,0,0,6,6,6,12.5,0,8.9,1.4,3.51,Graduate,Male,Yes,No,Up to Date,Yes,-2.21,0,1.0,1.0,13.39,0,1.0,2.21
EDU-002491,1,17,2,9773,1,1,124.0,1,1,1,4,4,127.9,1,0,0,1,1,0,20,0,0,6,11,3,13.666666666666666,0,0,6,13,4,10.25,0,9.4,-0.8,-3.12,Enrolled,Male,No,No,Up to Date,Yes,-3.42,1,0.5,0.6667,7.74,0,1.0,3.42
EDU-002492,1,1,2,9147,1,1,128.0,1,1,1,9,6,120.3,0,0,0,1,1,0,19,0,0,5,9,5,10.8,0,0,5,13,2,13.5,0,8.9,1.4,3.51,Enrolled,Male,No,No,Up to Date,No,2.7,-3,1.0,0.4,4.97,0,0.83,2.7
EDU-002493,1,51,1,8014,0,1,120.0,1,1,1,4,4,128.5,0,0,1,0,1,0,26,0,2,8,13,4,10.5,0,5,10,16,7,10.428571428571429,0,12.4,0.5,1.79,Dropout,Male,No,Yes,In Arrears,No,-0.07,3,0.5,0.7,7.32,1,1.33,0.07
EDU-002494,2,39,1,9003,1,1,133.1,1,37,37,8,7,150.0,0,0,0,1,1,0,31,0,0,6,10,6,15.0,0,0,6,11,5,12.5,0,13.9,-0.3,0.79,Graduate,Male,No,No,Up to Date,No,-2.5,-1,1.0,0.8333,11.25,0,1.0,2.5
EDU-002495,1,1,1,9773,1,1,142.0,1,1,19,9,9,136.1,0,0,1,1,1,1,19,0,0,6,6,6,12.666666666666666,0,0,6,6,6,14.0,0,16.2,0.3,-0.92,Graduate,Male,Yes,Yes,Up to Date,No,1.33,0,1.0,1.0,13.47,0,1.0,1.33
EDU-002496,1,39,1,9773,1,19,100.0,1,37,37,0,0,128.0,1,0,0,1,1,0,28,0,0,6,7,6,13.166666666666666,0,0,6,6,6,13.666666666666666,0,7.6,2.6,0.32,Graduate,Male,No,No,Up to Date,Yes,0.5,0,1.0,1.0,13.47,0,1.0,0.5
EDU-002497,1,1,1,171,1,1,149.0,1,19,37,9,9,158.1,1,0,0,1,1,1,20,0,0,0,0,0,0.0,0,0,0,0,0,0.0,0,10.8,1.4,1.74,Graduate,Male,Yes,No,Up to Date,Yes,0.0,0,0.0,0.0,0.0,0,0.0,0.0
EDU-002498,2,1,2,8014,0,1,110.0,1,37,1,9,10,108.7,1,0,0,1,0,0,43,0,0,6,6,6,13.0,0,0,6,6,6,12.5,0,9.4,-0.8,-3.12,Graduate,Female,No,No,Up to Date,Yes,-0.5,0,1.0,1.0,12.7,0,1.0,0.5
EDU-002499,1,39,1,171,1,19,133.1,101,1,19,2,7,110.0,0,0,0,1,1,1,25,1,0,0,0,0,0.0,0,0,0,0,0,0.0,0,15.5,2.8,-4.06,Dropout,Male,Yes,No,Up to Date,No,0.0,0,0.0,0.0,0.0,0,0.0,0.0
EDU-002500,1,39,1,9238,1,19,133.1,1,37,37,9,9,120.0,0,1,1,1,0,0,40,0,0,6,13,2,10.0,0,0,6,10,1,15.0,0,16.2,0.3,-0.92,Dropout,Female,No,Yes,Up to Date,No,5.0,-1,0.3333,0.1667,2.17,0,1.0,5.0
EDU-002501,1,44,1,9085,1,39,150.0,6,5,4,1,1,150.0,0,0,0,1,0,0,20,1,2,6,7,6,13.333333333333334,0,1,6,16,5,13.375,0,12.4,0.5,1.79,Graduate,Female,No,No,Up to Date,No,0.04,-1,1.0,0.8333,11.13,0,1.0,0.04
EDU-002502,2,39,1,8014,0,12,133.1,1,37,37,9,1,113.0,0,0,0,1,0,0,46,0,0,6,13,3,12.333333333333334,0,0,6,6,6,13.333333333333334,0,11.1,0.6,2.02,Graduate,Female,No,No,Up to Date,No,1.0,3,0.5,1.0,12.93,0,1.0,1.0
EDU-002503,1,51,1,33,1,1,121.0,1,19,37,5,7,118.6,0,0,0,1,0,0,26,0,14,21,23,20,13.181818181818182,0,10,14,18,14,11.642857142857142,0,8.9,1.4,3.51,Graduate,Female,No,No,Up to Date,No,-1.54,-6,0.9524,1.0,12.26,0,3.5,1.54
EDU-002504,2,39,1,9500,1,1,133.1,1,3,1,5,5,148.8,0,0,0,1,0,1,34,0,0,7,7,6,12.513333333333334,0,0,8,9,7,13.071428571428571,0,12.4,0.5,1.79,Graduate,Female,Yes,No,Up to Date,No,0.56,1,0.8571,0.875,11.24,0,1.17,0.56
EDU-002505,1,18,3,9853,1,1,122.0,1,38,37,9,5,120.3,1,0,0,1,0,0,19,0,0,6,0,0,0.0,0,0,6,0,0,0.0,0,10.8,1.4,1.74,Dropout,Female,No,No,Up to Date,Yes,0.0,0,0.0,0.0,0.0,0,1.0,0.0
EDU-002506,1,1,6,9500,1,1,143.0,1,19,19,9,9,127.0,1,0,0,1,0,1,18,0,0,8,8,7,13.585714285714284,0,0,8,8,7,13.585714285714284,0,12.7,3.7,-1.7,Graduate,Female,Yes,No,Up to Date,Yes,0.0,0,0.875,0.875,11.89,0,1.33,0.0
EDU-002507,1,1,1,9556,1,1,123.0,1,19,19,4,9,113.8,1,0,0,1,0,0,18,0,0,7,9,7,11.155555555555557,0,0,8,10,8,11.425,0,12.7,3.7,-1.7,Graduate,Female,No,No,Up to Date,Yes,0.27,1,1.0,1.0,11.32,0,1.17,0.27
EDU-002508,1,39,1,8014,0,1,120.0,1,38,37,9,7,108.0,0,0,0,1,1,1,37,0,1,7,9,6,11.857142857142858,0,1,6,7,5,12.0,0,13.9,-0.3,0.79,Graduate,Male,Yes,No,Up to Date,No,0.14,-1,0.8571,0.8333,9.95,0,1.17,0.14
EDU-002509,1,17,1,171,1,1,114.0,1,19,38,9,7,129.1,0,0,0,1,1,1,23,0,0,0,0,0,0.0,0,0,0,0,0,0.0,0,9.4,-0.8,-3.12,Graduate,Male,Yes,No,Up to Date,No,0.0,0,0.0,0.0,0.0,0,0.0,0.0
EDU-002510,1,43,1,9070,1,1,114.0,1,19,38,9,7,135.9,0,0,0,1,1,0,26,0,9,14,14,14,14.0,0,7,13,13,13,13.615384615384617,0,15.5,2.8,-4.06,Graduate,Male,No,No,Up to Date,No,-0.38,-1,1.0,1.0,13.77,0,2.33,0.38
EDU-002511,1,10,2,9773,1,1,154.4,22,19,38,3,5,154.4,1,0,0,0,0,0,18,1,0,6,8,5,12.0,0,0,6,0,0,0.0,0,10.8,1.4,1.74,Dropout,Female,No,No,In Arrears,Yes,-12.0,-5,0.8333,0.0,0.0,0,1.0,12.0
EDU-002512,1,15,1,9500,1,1,190.0,108,3,2,122,4,190.0,1,0,0,1,0,0,18,1,0,7,15,4,11.575,0,0,7,10,5,12.419999999999998,0,12.4,0.5,1.79,Enrolled,Female,No,No,Up to Date,Yes,0.84,1,0.5714,0.7143,8.63,0,1.17,0.84
EDU-002513,1,17,4,9500,1,1,136.0,1,3,3,2,2,132.5,1,0,0,1,0,0,19,0,0,7,8,7,13.198571428571428,0,0,8,8,8,13.0625,0,11.1,0.6,2.02,Graduate,Female,No,No,Up to Date,Yes,-0.14,1,1.0,1.0,13.12,0,1.17,0.14
EDU-002514,1,10,2,9085,1,1,163.3,22,19,1,4,9,163.3,0,0,0,1,0,0,18,1,0,6,10,6,13.5,0,0,6,12,6,12.0,0,12.4,0.5,1.79,Graduate,Female,No,No,Up to Date,No,-1.5,0,1.0,1.0,12.6,0,1.0,1.5
EDU-002515,1,1,1,9670,1,1,126.0,1,1,3,4,3,122.5,1,0,0,1,0,0,19,0,0,6,6,6,13.333333333333334,0,0,6,8,5,12.8,0,8.9,1.4,3.51,Dropout,Female,No,No,Up to Date,Yes,-0.53,-1,1.0,0.8333,10.84,0,1.0,0.53
EDU-002516,1,17,4,9119,1,1,122.0,62,1,1,191,171,121.0,1,0,0,1,1,0,20,1,0,5,10,4,14.25,0,0,5,14,1,10.0,0,8.9,1.4,3.51,Enrolled,Male,No,No,Up to Date,Yes,-4.25,-3,0.8,0.2,2.34,0,0.83,4.25
EDU-002517,1,17,1,9070,1,1,137.0,1,1,1,1,5,131.8,0,0,0,1,0,1,22,0,0,6,7,6,12.166666666666666,0,0,6,9,4,12.0,0,9.4,-0.8,-3.12,Graduate,Female,Yes,No,Up to Date,No,-0.17,-2,1.0,0.6667,8.04,0,1.0,0.17
EDU-002518,1,1,3,9500,1,1,139.0,1,19,1,9,5,135.0,1,0,0,1,0,1,18,0,0,8,8,7,12.214285714285714,0,0,8,8,7,12.214285714285714,0,12.7,3.7,-1.7,Graduate,Female,Yes,No,Up to Date,Yes,0.0,0,0.875,0.875,10.69,0,1.33,0.0
EDU-002519,1,17,1,9254,1,1,142.0,1,19,39,5,4,141.7,0,0,0,1,0,1,18,0,0,6,8,6,12.666666666666666,0,0,6,6,6,13.0,0,13.9,-0.3,0.79,Graduate,Female,Yes,No,Up to Date,No,0.33,0,1.0,1.0,12.87,0,1.0,0.33
EDU-002520,1,1,3,9773,1,1,133.1,1,38,38,5,5,131.3,1,0,0,1,0,1,18,0,0,6,7,6,12.285714285714286,0,0,6,6,6,13.5,0,8.9,1.4,3.51,Graduate,Female,Yes,No,Up to Date,Yes,1.21,0,1.0,1.0,13.01,0,1.0,1.21
EDU-002521,1,1,6,9254,1,1,126.0,1,38,37,5,7,123.9,1,0,0,1,0,1,18,0,0,6,7,6,13.0,0,0,6,6,6,13.0,0,12.4,0.5,1.79,Graduate,Female,Yes,No,Up to Date,Yes,0.0,0,1.0,1.0,13.0,0,1.0,0.0
EDU-002522,1,1,2,9254,1,1,131.0,1,4,3,7,4,126.1,1,0,0,1,0,0,18,0,0,6,8,6,12.142857142857142,0,0,6,6,6,11.166666666666666,0,8.9,1.4,3.51,Graduate,Female,No,No,Up to Date,Yes,-0.98,0,1.0,1.0,11.56,0,1.0,0.98
EDU-002523,1,17,6,9500,1,1,131.0,1,1,19,7,7,126.5,1,0,0,1,0,1,19,0,0,7,8,7,13.875714285714285,0,0,8,9,7,13.085714285714284,0,11.1,0.6,2.02,Graduate,Female,Yes,No,Up to Date,Yes,-0.79,0,1.0,0.875,11.73,0,1.17,0.79
EDU-002524,1,17,1,9853,1,1,108.0,1,19,1,5,5,107.3,0,0,0,1,0,0,20,0,0,6,0,0,0.0,0,0,6,0,0,0.0,0,15.5,2.8,-4.06,Dropout,Female,No,No,Up to Date,No,0.0,0,0.0,0.0,0.0,0,1.0,0.0
EDU-002525,1,17,4,9238,1,1,133.1,1,1,19,9,5,95.0,1,0,0,1,0,1,19,0,0,6,12,6,11.666666666666666,0,0,6,7,0,0.0,0,15.5,2.8,-4.06,Dropout,Female,Yes,No,Up to Date,Yes,-11.67,-6,1.0,0.0,0.0,0,1.0,11.67
EDU-002526,1,1,2,9085,1,1,122.0,1,3,1,4,7,116.1,1,0,0,1,0,0,18,0,0,6,13,6,13.153846153846152,0,0,6,12,3,11.0,0,15.5,2.8,-4.06,Graduate,Female,No,No,Up to Date,Yes,-2.15,-3,1.0,0.5,5.93,0,1.0,2.15
EDU-002527,1,1,4,9070,1,1,143.0,1,1,1,9,7,134.6,1,0,0,1,0,1,18,0,0,6,6,6,14.5,0,0,6,6,6,12.833333333333334,0,12.4,0.5,1.79,Dropout,Female,Yes,No,Up to Date,Yes,-1.67,0,1.0,1.0,13.5,0,1.0,1.67
EDU-002528,1,17,6,9500,1,1,135.0,1,19,19,7,7,128.0,1,0,0,1,0,1,18,0,0,7,7,7,14.44142857142857,0,0,8,8,8,13.65625,0,11.1,0.6,2.02,Graduate,Female,Yes,No,Up to Date,Yes,-0.79,1,1.0,1.0,13.97,0,1.17,0.79
EDU-002529,1,17,2,9773,1,1,148.0,1,3,38,2,6,144.2,1,0,0,1,0,0,18,0,0,6,6,6,15.166666666666666,0,0,6,7,6,14.285714285714286,0,12.4,0.5,1.79,Graduate,Female,No,No,Up to Date,Yes,-0.88,0,1.0,1.0,14.64,0,1.0,0.88
EDU-002530,1,17,1,9147,1,1,134.0,1,19,38,4,8,129.5,0,0,0,1,0,1,18,0,0,5,5,5,11.6,0,0,5,12,4,12.625,0,10.8,1.4,1.74,Graduate,Female,Yes,No,Up to Date,No,1.03,-1,1.0,0.8,9.77,0,0.83,1.03
EDU-002531,1,17,1,9773,1,1,122.0,1,1,1,4,7,116.8,1,0,1,1,0,0,18,0,0,6,6,6,11.666666666666666,0,0,6,6,6,12.333333333333334,0,16.2,0.3,-0.92,Graduate,Female,No,Yes,Up to Date,Yes,0.67,0,1.0,1.0,12.07,0,1.0,0.67
EDU-002532,1,44,1,9003,1,39,160.0,1,37,38,9,6,160.0,0,0,0,1,0,1,20,0,0,6,8,6,12.625,0,0,6,10,6,13.2,0,16.2,0.3,-0.92,Graduate,Female,Yes,No,Up to Date,No,0.57,0,1.0,1.0,12.97,0,1.0,0.57
EDU-002533,1,16,2,9238,1,1,126.0,1,38,37,3,5,127.1,1,0,0,1,0,1,19,0,0,6,14,3,12.666666666666666,0,0,6,7,6,11.0,0,9.4,-0.8,-3.12,Graduate,Female,Yes,No,Up to Date,Yes,-1.67,3,0.5,1.0,11.67,0,1.0,1.67
EDU-002534,1,17,1,9130,1,1,138.0,1,2,19,2,6,126.3,1,0,0,1,0,1,18,0,0,6,7,6,12.833333333333334,1,0,6,8,6,13.0,0,8.9,1.4,3.51,Enrolled,Female,Yes,No,Up to Date,Yes,0.17,0,1.0,1.0,12.93,0,1.0,0.17
EDU-002535,1,1,1,9238,1,1,115.0,1,38,38,8,7,112.9,1,0,0,1,0,1,19,0,0,6,7,6,11.857142857142858,0,0,6,8,6,13.142857142857142,0,12.4,0.5,1.79,Graduate,Female,Yes,No,Up to Date,Yes,1.29,0,1.0,1.0,12.63,0,1.0,1.29
EDU-002536,1,17,2,9853,1,1,141.0,1,3,1,1,5,130.2,1,0,0,1,0,0,19,0,0,6,8,5,11.4,1,0,6,7,4,10.75,0,12.7,3.7,-1.7,Enrolled,Female,No,No,Up to Date,Yes,-0.65,-1,0.8333,0.6667,7.34,0,1.0,0.65
EDU-002537,1,43,1,9130,1,1,100.0,41,3,4,3,2,100.0,0,0,0,1,0,0,19,1,0,5,10,5,14.857142857142858,2,0,5,7,5,15.142857142857142,0,9.4,-0.8,-3.12,Enrolled,Female,No,No,Up to Date,No,0.29,0,1.0,1.0,15.03,0,0.83,0.29
EDU-002538,1,1,1,9670,1,1,130.0,1,19,19,7,7,121.6,0,0,0,1,0,0,19,0,0,6,7,6,14.714285714285714,0,0,6,6,6,15.833333333333334,0,12.4,0.5,1.79,Graduate,Female,No,No,Up to Date,No,1.12,0,1.0,1.0,15.39,0,1.0,1.12
EDU-002539,1,15,1,9670,1,1,130.0,26,42,1,2,7,130.0,0,1,1,1,0,0,20,1,0,6,6,6,13.5,0,0,6,9,5,13.0,0,8.9,1.4,3.51,Graduate,Female,No,Yes,Up to Date,No,-0.5,-1,1.0,0.8333,11.0,0,1.0,0.5
EDU-002540,1,18,1,9130,1,1,135.0,1,38,19,9,5,121.7,1,0,0,1,0,1,18,0,0,5,7,4,11.5,0,0,5,5,5,12.4,0,10.8,1.4,1.74,Graduate,Female,Yes,No,Up to Date,Yes,0.9,1,0.8,1.0,12.04,0,0.83,0.9
EDU-002541,1,7,1,9147,1,3,120.0,1,1,39,4,7,120.0,0,0,0,1,0,0,33,0,2,5,9,2,14.0,0,0,5,5,0,0.0,0,12.4,0.5,1.79,Dropout,Female,No,No,Up to Date,No,-14.0,-2,0.4,0.0,0.0,0,0.83,14.0
EDU-002542,1,1,1,9853,1,1,148.0,1,19,19,4,5,143.5,0,0,0,1,0,1,19,0,0,7,8,6,12.833333333333334,0,0,6,6,0,0.0,0,13.9,-0.3,0.79,Dropout,Female,Yes,No,Up to Date,No,-12.83,-6,0.8571,0.0,0.0,0,1.17,12.83
EDU-002543,1,17,2,9556,1,1,136.0,1,1,1,9,9,128.3,0,0,0,1,0,1,18,0,0,7,7,7,13.428571428571429,0,0,8,8,8,14.75,0,15.5,2.8,-4.06,Graduate,Female,Yes,No,Up to Date,No,1.32,1,1.0,1.0,14.22,0,1.17,1.32
EDU-002544,1,17,1,9070,1,1,108.0,1,19,1,4,3,111.9,0,0,0,1,0,0,19,0,0,6,0,0,0.0,0,0,6,0,0,0.0,0,8.9,1.4,3.51,Dropout,Female,No,No,Up to Date,No,0.0,0,0.0,0.0,0.0,0,1.0,0.0
EDU-002545,1,44,1,9003,1,39,140.0,1,38,38,6,3,140.0,0,0,0,1,0,0,19,0,0,6,18,3,11.666666666666666,0,0,6,14,4,11.5,0,15.5,2.8,-4.06,Enrolled,Female,No,No,Up to Date,No,-0.17,1,0.5,0.6667,7.71,0,1.0,0.17
EDU-002546,1,1,3,9773,1,1,153.0,1,3,1,2,8,137.6,1,0,0,1,0,0,18,0,0,6,6,6,16.0,0,0,6,7,6,14.333333333333334,0,12.4,0.5,1.79,Graduate,Female,No,No,Up to Date,Yes,-1.67,0,1.0,1.0,15.0,0,1.0,1.67
EDU-002547,1,1,1,9238,1,1,135.0,1,19,19,9,5,135.0,1,0,0,1,0,0,20,0,0,6,6,6,13.833333333333334,0,0,6,6,6,11.833333333333334,0,10.8,1.4,1.74,Graduate,Female,No,No,Up to Date,Yes,-2.0,0,1.0,1.0,12.63,0,1.0,2.0
EDU-002548,1,1,5,9500,1,1,146.0,1,19,37,7,7,133.8,1,0,0,1,0,0,19,0,0,8,9,8,13.2325,1,0,8,9,8,13.2325,1,9.4,-0.8,-3.12,Graduate,Female,No,No,Up to Date,Yes,0.0,0,1.0,1.0,13.23,0,1.33,0.0
EDU-002549,1,1,2,9773,1,1,130.0,1,19,19,9,9,126.9,1,0,0,1,1,1,18,0,0,6,6,6,14.0,0,0,6,6,6,14.166666666666666,0,9.4,-0.8,-3.12,Graduate,Male,Yes,No,Up to Date,Yes,0.17,0,1.0,1.0,14.1,0,1.0,0.17
EDU-002550,1,17,2,9254,1,1,113.0,1,1,2,5,3,106.7,1,0,1,1,1,1,19,0,0,6,14,2,10.0,0,0,6,6,0,0.0,0,13.9,-0.3,0.79,Dropout,Male,Yes,Yes,Up to Date,Yes,-10.0,-2,0.3333,0.0,0.0,0,1.0,10.0
EDU-002551,1,43,1,8014,0,1,145.7,22,37,37,9,9,145.7,1,0,0,1,0,0,25,1,8,16,16,15,13.333333333333334,0,11,13,13,11,12.272727272727272,0,13.9,-0.3,0.79,Graduate,Female,No,No,Up to Date,Yes,-1.06,-4,0.9375,0.8462,10.74,0,2.67,1.06
EDU-002552,1,17,3,9070,1,1,145.0,1,3,3,4,4,153.1,1,0,0,1,0,1,20,0,0,6,6,6,12.5,0,0,6,6,6,14.333333333333334,0,12.7,3.7,-1.7,Enrolled,Female,Yes,No,Up to Date,Yes,1.83,0,1.0,1.0,13.6,0,1.0,1.83
EDU-002553,1,1,1,8014,0,1,126.0,1,38,37,5,5,118.7,0,0,0,1,0,0,19,0,0,6,6,6,12.5,0,0,6,6,6,11.5,0,12.7,3.7,-1.7,Graduate,Female,No,No,Up to Date,No,-1.0,0,1.0,1.0,11.9,0,1.0,1.0
EDU-002554,1,17,1,9991,0,1,160.0,1,34,34,0,0,161.8,1,0,1,1,1,0,33,0,0,5,8,2,10.5,0,0,5,5,0,0.0,0,7.6,2.6,0.32,Dropout,Male,No,Yes,Up to Date,Yes,-10.5,-2,0.4,0.0,0.0,0,0.83,10.5
EDU-002555,1,18,4,9119,1,1,134.0,1,19,38,194,175,124.9,1,0,1,1,1,0,18,0,0,5,11,3,10.666666666666666,0,0,5,9,3,11.333333333333334,0,8.9,1.4,3.51,Enrolled,Male,No,Yes,Up to Date,Yes,0.67,0,0.6,0.6,6.64,0,0.83,0.67
EDU-002556,1,1,1,9119,1,1,163.0,1,19,37,5,8,150.8,1,0,0,1,1,0,18,0,0,5,9,4,10.5,0,0,5,11,2,10.5,3,7.6,2.6,0.32,Enrolled,Male,No,No,Up to Date,Yes,0.0,-2,0.8,0.4,4.2,0,0.83,0.0
EDU-002557,1,15,1,9147,1,1,130.0,26,1,1,2,3,130.0,0,0,0,1,0,0,19,1,0,5,10,4,12.0,0,0,5,6,5,11.4,0,11.1,0.6,2.02,Graduate,Female,No,No,Up to Date,No,-0.6,1,0.8,1.0,11.64,0,0.83,0.6
EDU-002558,1,1,2,171,1,1,165.0,1,3,3,2,2,163.6,1,0,0,1,0,0,18,0,0,0,0,0,0.0,0,0,0,0,0,0.0,0,12.4,0.5,1.79,Enrolled,Female,No,No,Up to Date,Yes,0.0,0,0.0,0.0,0.0,0,0.0,0.0
EDU-002559,1,43,1,9147,1,1,142.0,1,38,19,141,171,115.0,0,0,0,1,0,0,19,0,0,5,11,5,11.5,0,0,5,9,2,10.666666666666666,0,13.9,-0.3,0.79,Enrolled,Female,No,No,Up to Date,No,-0.83,-3,1.0,0.4,4.4,0,0.83,0.83
EDU-002560,1,1,1,9773,1,1,156.0,1,19,1,5,10,136.8,1,0,0,1,0,0,18,0,0,6,6,6,14.0,0,0,6,6,6,13.5,0,11.1,0.6,2.02,Dropout,Female,No,No,Up to Date,Yes,-0.5,0,1.0,1.0,13.7,0,1.0,0.5
EDU-002561,1,17,5,9853,1,1,141.0,1,3,19,2,7,130.9,1,0,0,1,0,0,18,0,0,6,7,6,13.5,0,0,6,8,5,12.6,0,7.6,2.6,0.32,Graduate,Female,No,No,Up to Date,Yes,-0.9,-1,1.0,0.8333,10.8,0,1.0,0.9
EDU-002562,1,1,3,9500,1,1,143.0,1,19,37,7,7,127.0,1,0,0,1,0,0,18,0,0,8,8,8,13.07375,0,0,8,8,8,13.07375,0,9.4,-0.8,-3.12,Graduate,Female,No,No,Up to Date,Yes,0.0,0,1.0,1.0,13.07,0,1.33,0.0
EDU-002563,2,39,1,9500,1,19,133.1,1,38,38,2,10,120.0,0,0,0,1,0,0,37,0,0,7,9,2,10.75,0,0,7,9,0,0.0,0,16.2,0.3,-0.92,Dropout,Female,No,No,Up to Date,No,-10.75,-2,0.2857,0.0,0.0,0,1.17,10.75
EDU-002564,1,1,1,9238,1,1,133.0,1,38,1,2,4,126.0,0,0,0,1,0,0,20,0,0,6,11,1,12.0,0,0,5,10,0,0.0,0,9.4,-0.8,-3.12,Enrolled,Female,No,No,Up to Date,No,-12.0,-1,0.1667,0.0,0.0,0,1.0,12.0
EDU-002565,1,1,1,9254,1,1,172.0,41,37,37,5,5,153.8,1,0,0,1,0,1,20,1,0,6,6,6,14.0,0,0,6,6,6,13.333333333333334,0,10.8,1.4,1.74,Graduate,Female,Yes,No,Up to Date,Yes,-0.67,0,1.0,1.0,13.6,0,1.0,0.67
EDU-002566,1,15,1,9238,1,1,140.0,26,19,19,9,6,140.0,0,0,0,1,1,0,21,1,0,6,7,6,12.333333333333334,0,0,6,7,6,13.428571428571429,0,11.1,0.6,2.02,Graduate,Male,No,No,Up to Date,No,1.1,0,1.0,1.0,12.99,0,1.0,1.1
EDU-002567,1,17,1,9500,1,1,142.0,1,38,1,5,4,136.6,0,0,0,1,0,1,18,0,0,7,7,7,13.464285714285714,0,0,8,9,8,14.788888888888888,0,12.4,0.5,1.79,Graduate,Female,Yes,No,Up to Date,No,1.32,1,1.0,1.0,14.26,0,1.17,1.32
EDU-002568,1,39,1,8014,0,1,140.0,1,19,1,9,8,105.0,0,0,0,1,0,0,26,0,0,6,14,3,10.666666666666666,1,0,6,9,5,11.2,0,15.5,2.8,-4.06,Enrolled,Female,No,No,Up to Date,No,0.53,2,0.5,0.8333,9.16,0,1.0,0.53
EDU-002569,1,39,1,9147,1,12,133.1,1,37,37,9,7,139.4,0,0,1,1,0,0,41,0,0,5,6,5,11.6,0,0,5,8,5,12.2,0,7.6,2.6,0.32,Enrolled,Female,No,Yes,Up to Date,No,0.6,0,1.0,1.0,11.96,0,0.83,0.6
EDU-002570,1,1,2,9773,1,1,148.0,1,19,1,3,9,140.0,1,0,0,1,0,1,18,0,0,6,6,6,13.666666666666666,0,0,6,6,6,14.666666666666666,0,16.2,0.3,-0.92,Graduate,Female,Yes,No,Up to Date,Yes,1.0,0,1.0,1.0,14.27,0,1.0,1.0
EDU-002571,1,1,4,9500,1,1,137.0,1,19,37,9,7,130.8,0,0,1,1,0,0,18,0,0,8,9,8,14.4025,1,0,8,9,8,14.4025,1,9.4,-0.8,-3.12,Graduate,Female,No,Yes,Up to Date,No,0.0,0,1.0,1.0,14.4,0,1.33,0.0
EDU-002572,1,1,1,9500,1,1,143.0,1,38,38,9,9,138.8,1,0,0,1,0,0,31,0,0,7,9,7,15.46875,0,0,8,8,8,16.3875,0,11.1,0.6,2.02,Graduate,Female,No,No,Up to Date,Yes,0.92,1,1.0,1.0,16.02,0,1.17,0.92
EDU-002573,1,1,1,9238,1,1,133.1,1,1,1,4,10,110.0,0,0,1,1,0,0,23,0,0,6,8,6,12.625,0,0,6,6,6,14.166666666666666,0,12.7,3.7,-1.7,Graduate,Female,No,Yes,Up to Date,No,1.54,0,1.0,1.0,13.55,0,1.0,1.54
EDU-002574,1,1,4,9500,1,1,138.0,1,37,19,9,9,127.8,1,0,0,1,0,0,19,0,0,7,7,6,14.983333333333334,0,0,7,7,6,14.983333333333334,0,7.6,2.6,0.32,Graduate,Female,No,No,Up to Date,Yes,0.0,0,0.8571,0.8571,12.84,0,1.17,0.0
EDU-002575,1,16,3,9773,1,1,138.0,1,37,38,4,9,134.2,1,0,0,1,0,1,20,0,0,6,6,6,15.0,0,0,6,6,6,13.0,0,11.1,0.6,2.02,Graduate,Female,Yes,No,Up to Date,Yes,-2.0,0,1.0,1.0,13.8,0,1.0,2.0
EDU-002576,2,39,1,8014,0,1,150.0,1,37,37,7,5,143.0,0,0,0,1,0,0,40,0,5,9,9,9,15.88888888888889,0,3,7,7,7,14.142857142857142,0,12.7,3.7,-1.7,Graduate,Female,No,No,Up to Date,No,-1.75,-2,1.0,1.0,14.84,0,1.5,1.75
EDU-002577,1,44,1,9085,1,39,120.0,1,37,37,9,9,120.0,1,0,1,1,0,0,32,0,0,6,14,4,11.5,0,0,6,14,3,11.0,0,16.2,0.3,-0.92,Dropout,Female,No,Yes,Up to Date,Yes,-0.5,-1,0.6667,0.5,5.6,0,1.0,0.5
EDU-002578,1,1,4,9254,1,1,110.0,1,37,37,9,7,113.2,1,0,0,1,0,0,24,0,0,6,14,2,10.5,0,0,6,11,1,10.0,0,10.8,1.4,1.74,Dropout,Female,No,No,Up to Date,Yes,-0.5,-1,0.3333,0.1667,1.7,0,1.0,0.5
EDU-002579,1,17,4,9500,1,1,146.0,1,19,37,5,8,135.8,1,0,0,1,0,0,18,0,0,7,7,6,13.983333333333334,0,0,7,7,6,13.983333333333334,0,7.6,2.6,0.32,Graduate,Female,No,No,Up to Date,Yes,0.0,0,0.8571,0.8571,11.99,0,1.17,0.0
EDU-002580,1,1,1,9238,1,1,148.0,1,37,37,9,9,143.5,0,0,0,1,0,0,18,0,0,6,6,6,13.0,0,0,6,6,6,12.833333333333334,0,10.8,1.4,1.74,Graduate,Female,No,No,Up to Date,No,-0.17,0,1.0,1.0,12.9,0,1.0,0.17
EDU-002581,1,1,1,9238,1,1,145.0,1,19,37,4,7,148.9,1,0,0,1,0,1,18,0,0,6,6,6,13.666666666666666,0,0,6,6,6,13.0,0,10.8,1.4,1.74,Graduate,Female,Yes,No,Up to Date,Yes,-0.67,0,1.0,1.0,13.27,0,1.0,0.67
EDU-002582,1,39,1,9003,1,1,133.1,1,38,38,4,7,115.6,1,0,0,0,0,0,27,0,0,6,8,0,0.0,0,0,6,8,0,0.0,0,15.5,2.8,-4.06,Dropout,Female,No,No,In Arrears,Yes,0.0,0,0.0,0.0,0.0,0,1.0,0.0
EDU-002583,1,1,1,9147,1,1,160.0,1,38,37,9,5,159.3,0,0,0,1,0,0,18,0,0,5,5,5,14.4,0,0,5,5,5,15.4,0,7.6,2.6,0.32,Graduate,Female,No,No,Up to Date,No,1.0,0,1.0,1.0,15.0,0,0.83,1.0
EDU-002584,1,39,1,9991,0,1,150.0,1,19,37,9,8,138.5,0,0,0,1,0,0,26,0,0,5,10,4,12.0,0,0,5,9,4,11.25,0,12.7,3.7,-1.7,Enrolled,Female,No,No,Up to Date,No,-0.75,0,0.8,0.8,9.24,0,0.83,0.75
EDU-002585,1,1,1,9853,1,1,130.0,1,19,12,9,4,133.2,1,0,0,1,0,0,19,0,0,6,6,6,14.166666666666666,0,0,6,7,6,13.666666666666666,0,7.6,2.6,0.32,Graduate,Female,No,No,Up to Date,Yes,-0.5,0,1.0,1.0,13.87,0,1.0,0.5
EDU-002586,1,17,2,8014,0,1,120.0,1,37,34,0,0,117.6,1,0,0,1,0,0,19,0,0,6,8,5,12.2,0,0,6,7,6,12.0,0,7.6,2.6,0.32,Graduate,Female,No,No,Up to Date,Yes,-0.2,1,0.8333,1.0,12.08,0,1.0,0.2
EDU-002587,1,18,2,9147,1,1,115.0,1,1,37,5,5,108.7,1,0,0,1,0,0,21,0,0,5,8,3,12.0,1,0,5,9,3,12.666666666666666,0,9.4,-0.8,-3.12,Enrolled,Female,No,No,Up to Date,Yes,0.67,0,0.6,0.6,7.44,0,0.83,0.67
EDU-002588,1,1,4,9147,1,1,133.1,1,1,19,4,6,106.0,1,0,0,1,0,0,24,0,0,5,11,2,10.5,0,0,5,14,1,11.0,0,12.7,3.7,-1.7,Enrolled,Female,No,No,Up to Date,Yes,0.5,-1,0.4,0.2,2.16,0,0.83,0.5
EDU-002589,1,17,1,9853,1,1,120.0,1,37,37,9,10,122.6,0,0,0,1,0,0,20,0,0,6,8,3,12.333333333333334,0,0,6,11,2,10.5,0,12.7,3.7,-1.7,Dropout,Female,No,No,Up to Date,No,-1.83,-1,0.5,0.3333,3.74,0,1.0,1.83
EDU-002590,1,1,4,9853,1,1,134.0,1,19,1,5,9,127.4,1,0,0,1,0,0,18,0,0,6,7,5,12.2,0,0,6,7,5,12.2,0,10.8,1.4,1.74,Enrolled,Female,No,No,Up to Date,Yes,0.0,0,0.8333,0.8333,10.17,0,1.0,0.0
EDU-002591,1,39,1,9003,1,1,133.1,1,19,19,9,9,100.0,0,0,0,1,0,0,30,0,0,6,6,0,0.0,0,0,6,6,0,0.0,0,11.1,0.6,2.02,Dropout,Female,No,No,Up to Date,No,0.0,0,0.0,0.0,0.0,0,1.0,0.0
EDU-002592,1,1,1,9853,1,1,133.1,1,19,37,9,9,95.0,1,0,1,0,0,0,22,0,0,7,10,6,11.5,0,0,7,8,6,13.166666666666666,0,11.1,0.6,2.02,Enrolled,Female,No,Yes,In Arrears,Yes,1.67,0,0.8571,0.8571,10.71,1,1.17,1.67
EDU-002593,1,7,1,9147,1,3,130.0,1,37,19,9,8,130.0,0,0,0,1,0,0,21,0,4,9,9,9,10.88888888888889,0,3,10,18,10,11.615384615384617,0,10.8,1.4,1.74,Graduate,Female,No,No,Up to Date,No,0.73,1,1.0,1.0,11.32,0,1.5,0.73
EDU-002594,1,39,1,9556,1,1,120.0,1,19,19,4,5,122.8,0,0,0,1,0,0,26,0,0,7,12,6,12.166666666666666,0,0,8,8,8,11.675,0,13.9,-0.3,0.79,Dropout,Female,No,No,Up to Date,No,-0.49,2,0.8571,1.0,11.87,0,1.17,0.49
EDU-002595,1,17,1,9147,1,1,115.0,1,19,19,7,7,115.0,1,0,0,1,0,0,23,0,0,5,7,2,10.0,1,0,5,9,1,12.0,0,9.4,-0.8,-3.12,Enrolled,Female,No,No,Up to Date,Yes,2.0,-1,0.4,0.2,2.24,0,0.83,2.0
EDU-002596,1,17,1,9070,1,1,135.0,1,19,37,5,9,145.9,0,0,0,1,0,1,18,0,0,6,6,6,12.666666666666666,0,0,6,6,6,12.166666666666666,0,16.2,0.3,-0.92,Graduate,Female,Yes,No,Up to Date,No,-0.5,0,1.0,1.0,12.37,0,1.0,0.5
EDU-002597,1,1,1,9070,1,1,133.1,1,1,37,5,9,143.0,1,0,1,1,0,0,21,0,0,6,9,5,11.4,0,0,6,8,5,12.2,0,12.7,3.7,-1.7,Dropout,Female,No,Yes,Up to Date,Yes,0.8,0,0.8333,0.8333,9.9,0,1.0,0.8
EDU-002598,1,43,1,171,1,1,145.0,1,19,38,9,9,100.0,0,0,0,1,0,1,18,0,0,0,0,0,0.0,0,0,0,0,0,0.0,0,13.9,-0.3,0.79,Dropout,Female,Yes,No,Up to Date,No,0.0,0,0.0,0.0,0.0,0,0.0,0.0
EDU-002599,1,17,3,9085,1,1,130.0,1,19,37,5,5,121.3,1,0,0,1,0,0,21,0,0,5,14,2,13.0,2,0,5,8,4,12.0,1,9.4,-0.8,-3.12,Enrolled,Female,No,No,Up to Date,Yes,-1.0,2,0.4,0.8,9.92,0,0.83,1.0
EDU-002600,1,17,3,9853,1,1,118.0,1,38,38,7,7,121.2,1,0,0,1,0,0,18,0,0,6,8,5,13.4,0,0,6,7,5,12.0,0,7.6,2.6,0.32,Enrolled,Female,No,No,Up to Date,Yes,-1.4,0,0.8333,0.8333,10.47,0,1.0,1.4
EDU-002601,1,17,3,9853,1,1,138.0,1,37,37,5,9,125.1,1,1,0,1,0,1,19,0,0,6,6,6,13.5,0,0,6,8,5,12.8,0,12.7,3.7,-1.7,Dropout,Female,Yes,No,Up to Date,Yes,-0.7,-1,1.0,0.8333,10.9,0,1.0,0.7
EDU-002602,1,17,1,9254,1,1,122.0,1,1,1,4,9,112.9,1,0,0,1,0,0,22,0,0,6,14,4,12.25,0,0,6,11,3,11.333333333333334,0,7.6,2.6,0.32,Enrolled,Female,No,No,Up to Date,Yes,-0.92,-1,0.6667,0.5,5.85,0,1.0,0.92
EDU-002603,1,1,3,9238,1,1,126.0,1,38,19,5,8,120.8,1,0,0,1,0,0,19,0,0,6,7,6,12.285714285714286,0,0,6,7,6,12.833333333333334,0,12.4,0.5,1.79,Graduate,Female,No,No,Up to Date,Yes,0.55,0,1.0,1.0,12.61,0,1.0,0.55
EDU-002604,1,1,5,9085,1,1,121.0,1,38,37,9,8,114.0,1,0,0,0,0,0,19,0,0,5,12,0,0.0,4,0,5,8,0,0.0,1,9.4,-0.8,-3.12,Dropout,Female,No,No,In Arrears,Yes,0.0,0,0.0,0.0,0.0,0,0.83,0.0
EDU-002605,1,17,1,9238,1,1,152.0,1,37,37,7,5,132.1,1,0,0,1,0,0,19,0,0,6,10,2,10.5,0,0,6,11,1,13.0,0,9.4,-0.8,-3.12,Dropout,Female,No,No,Up to Date,Yes,2.5,-1,0.3333,0.1667,2.0,0,1.0,2.5
EDU-002606,2,44,1,9085,1,39,160.0,1,37,37,192,192,160.0,0,0,0,1,0,0,27,0,0,5,12,3,14.0,2,0,5,8,5,12.0,1,9.4,-0.8,-3.12,Graduate,Female,No,No,Up to Date,No,-2.0,2,0.6,1.0,12.8,0,0.83,2.0
EDU-002607,1,10,1,9085,1,1,134.0,1,37,37,5,5,134.0,1,0,0,1,0,0,22,0,2,5,7,5,14.2,0,0,5,10,5,12.2,0,12.7,3.7,-1.7,Graduate,Female,No,No,Up to Date,Yes,-2.0,0,1.0,1.0,13.0,0,0.83,2.0
EDU-002608,1,1,1,9773,1,1,128.0,1,37,1,9,7,124.2,1,0,0,1,0,0,18,0,0,6,8,5,13.0,0,0,6,7,6,13.142857142857142,0,15.5,2.8,-4.06,Dropout,Female,No,No,Up to Date,Yes,0.14,1,0.8333,1.0,13.09,0,1.0,0.14
EDU-002609,1,17,4,9254,1,1,125.0,1,38,38,5,5,115.6,1,0,0,1,0,0,20,0,0,6,6,6,11.0,0,0,6,8,4,12.75,0,9.4,-0.8,-3.12,Graduate,Female,No,No,Up to Date,Yes,1.75,-2,1.0,0.6667,8.03,0,1.0,1.75
EDU-002610,2,43,1,9991,0,1,130.0,1,37,37,9,9,128.2,0,0,0,1,0,0,34,0,3,8,9,3,11.0,0,2,7,7,2,10.0,0,9.4,-0.8,-3.12,Dropout,Female,No,No,Up to Date,No,-1.0,-1,0.375,0.2857,2.97,0,1.33,1.0
EDU-002611,1,17,2,9500,1,1,138.0,1,1,38,5,8,132.8,1,0,0,1,0,0,18,0,0,7,9,6,12.385714285714286,0,0,8,9,8,13.755555555555556,0,13.9,-0.3,0.79,Graduate,Female,No,No,Up to Date,Yes,1.37,2,0.8571,1.0,13.21,0,1.17,1.37
EDU-002612,1,17,2,9773,1,1,121.0,1,1,1,5,5,123.1,1,0,0,1,1,0,20,0,0,6,12,4,14.75,0,0,6,7,4,12.25,0,9.4,-0.8,-3.12,Graduate,Male,No,No,Up to Date,Yes,-2.5,0,0.6667,0.6667,8.83,0,1.0,2.5
EDU-002613,1,1,1,9130,1,1,134.0,41,1,19,5,5,125.6,1,0,0,1,0,0,20,1,0,5,6,5,16.166666666666668,0,0,5,6,5,15.833333333333334,0,12.7,3.7,-1.7,Graduate,Female,No,No,Up to Date,Yes,-0.33,0,1.0,1.0,15.97,0,0.83,0.33
EDU-002614,1,39,1,9991,0,1,130.0,1,1,38,4,9,115.0,0,0,0,1,1,0,25,0,0,5,7,0,0.0,0,0,5,8,0,0.0,0,16.2,0.3,-0.92,Dropout,Male,No,No,Up to Date,No,0.0,0,0.0,0.0,0.0,0,0.83,0.0
EDU-002615,1,1,4,9119,1,1,126.0,1,3,19,2,9,123.6,1,0,0,1,1,0,18,0,0,5,6,5,12.4,0,0,5,9,3,13.0,0,8.9,1.4,3.51,Dropout,Male,No,No,Up to Date,Yes,0.6,-2,1.0,0.6,7.66,0,0.83,0.6
EDU-002616,1,1,1,9130,1,1,148.0,1,1,1,9,9,141.7,0,0,0,0,1,0,18,0,0,6,8,5,11.6,0,0,6,11,4,13.0,0,8.9,1.4,3.51,Dropout,Male,No,No,In Arrears,No,1.4,-1,0.8333,0.6667,8.29,0,1.0,1.4
EDU-002617,1,17,1,9853,1,1,160.0,1,19,38,5,7,139.0,1,0,0,1,0,1,18,0,0,6,8,5,12.2,0,0,6,13,0,0.0,0,9.4,-0.8,-3.12,Dropout,Female,Yes,No,Up to Date,Yes,-12.2,-5,0.8333,0.0,0.0,0,1.0,12.2
EDU-002618,1,17,1,9254,1,1,118.0,1,1,19,5,4,118.0,0,0,0,1,0,1,19,0,0,6,7,5,11.0,0,0,6,7,5,12.8,0,12.4,0.5,1.79,Graduate,Female,Yes,No,Up to Date,No,1.8,0,0.8333,0.8333,10.07,0,1.0,1.8
EDU-002619,1,17,2,9853,1,1,150.0,1,38,19,5,5,142.0,1,0,0,1,0,1,19,0,0,6,8,6,12.333333333333334,0,0,6,7,5,12.4,0,10.8,1.4,1.74,Dropout,Female,Yes,No,Up to Date,Yes,0.07,-1,1.0,0.8333,10.31,0,1.0,0.07
EDU-002620,1,44,1,9238,1,1,140.0,1,1,1,5,5,143.4,0,0,0,1,0,1,21,0,3,6,6,6,14.833333333333334,0,2,6,7,6,12.571428571428571,0,13.9,-0.3,0.79,Graduate,Female,Yes,No,Up to Date,No,-2.26,0,1.0,1.0,13.48,0,1.0,2.26
EDU-002621,1,42,1,9070,1,1,100.0,1,3,2,2,2,115.9,0,0,0,1,0,0,29,0,9,10,15,9,11.555555555555555,0,7,11,17,10,11.9,0,9.4,-0.8,-3.12,Enrolled,Female,No,No,Up to Date,No,0.34,1,0.9,0.9091,10.69,0,1.67,0.34
EDU-002622,1,1,1,9070,1,1,110.0,1,1,37,9,9,105.1,1,0,0,1,0,1,20,0,0,6,6,6,12.0,0,0,6,6,6,11.833333333333334,0,12.4,0.5,1.79,Graduate,Female,Yes,No,Up to Date,Yes,-0.17,0,1.0,1.0,11.9,0,1.0,0.17
EDU-002623,1,51,1,8014,0,42,140.0,1,19,37,134,193,138.0,1,0,1,1,0,1,21,0,13,13,13,11,12.727272727272728,0,9,11,11,10,12.6,0,8.9,1.4,3.51,Graduate,Female,Yes,Yes,Up to Date,Yes,-0.13,-1,0.8462,0.9091,11.5,0,2.17,0.13
EDU-002624,1,43,1,9991,0,1,133.1,41,37,37,9,8,114.7,0,0,0,1,0,0,34,1,2,2,2,2,10.5,0,1,1,1,1,11.0,0,10.8,1.4,1.74,Dropout,Female,No,No,Up to Date,No,0.5,-1,1.0,1.0,10.8,0,0.33,0.5
EDU-002625,1,1,4,9773,1,1,140.0,22,1,37,3,9,130.5,1,0,0,1,0,0,20,1,0,6,6,6,12.333333333333334,0,0,6,6,6,12.0,0,12.7,3.7,-1.7,Graduate,Female,No,No,Up to Date,Yes,-0.33,0,1.0,1.0,12.13,0,1.0,0.33
EDU-002626,1,39,1,9991,0,1,110.0,1,37,37,9,9,134.3,0,0,0,1,1,0,24,0,0,5,10,0,0.0,0,0,5,7,1,12.0,0,10.8,1.4,1.74,Dropout,Male,No,No,Up to Date,No,12.0,1,0.0,0.2,1.44,0,0.83,12.0
EDU-002627,1,1,1,9500,1,1,148.0,1,1,1,4,3,137.5,0,0,0,1,1,0,18,0,0,7,7,7,14.842857142857143,0,0,8,9,8,14.38888888888889,0,16.2,0.3,-0.92,Graduate,Male,No,No,Up to Date,No,-0.45,1,1.0,1.0,14.57,0,1.17,0.45
EDU-002628,1,1,1,9500,1,1,137.0,1,1,19,4,4,125.3,0,0,0,1,1,0,19,0,0,7,7,7,12.2,0,0,7,7,7,12.2,0,7.6,2.6,0.32,Enrolled,Male,No,No,Up to Date,No,0.0,0,1.0,1.0,12.2,0,1.17,0.0
EDU-002629,1,1,1,9147,1,1,120.0,1,1,19,7,7,111.3,0,0,0,1,1,1,18,0,0,5,10,4,10.8,0,0,5,10,4,11.75,0,15.5,2.8,-4.06,Enrolled,Male,Yes,No,Up to Date,No,0.95,0,0.8,0.8,9.1,0,0.83,0.95
EDU-002630,1,39,9,9991,0,1,120.0,1,38,38,9,5,144.8,0,0,0,1,1,0,28,0,0,5,7,4,12.75,0,0,5,7,5,14.333333333333334,0,10.8,1.4,1.74,Enrolled,Male,No,No,Up to Date,No,1.58,1,0.8,1.0,13.7,0,0.83,1.58
EDU-002631,1,39,1,9991,0,1,130.0,1,1,1,9,7,152.1,0,0,0,1,1,0,28,0,0,5,13,2,11.0,0,0,5,12,1,12.0,0,11.1,0.6,2.02,Dropout,Male,No,No,Up to Date,No,1.0,-1,0.4,0.2,2.32,0,0.83,1.0
EDU-002632,1,17,1,9254,1,1,132.0,1,38,38,0,5,126.1,0,0,0,1,1,0,20,0,0,6,9,4,10.75,0,0,6,12,0,0.0,0,7.6,2.6,0.32,Dropout,Male,No,No,Up to Date,No,-10.75,-4,0.6667,0.0,0.0,0,1.0,10.75
EDU-002633,1,43,1,9500,1,1,130.0,1,1,1,7,4,136.0,1,0,0,1,1,0,22,0,0,8,9,8,12.55375,1,0,8,9,8,12.55375,1,9.4,-0.8,-3.12,Graduate,Male,No,No,Up to Date,Yes,0.0,0,1.0,1.0,12.55,0,1.33,0.0
EDU-002634,1,1,4,9500,1,1,128.0,1,19,1,4,4,124.3,1,0,0,1,1,0,19,0,0,8,8,7,12.665714285714284,0,0,8,8,7,12.665714285714284,0,10.8,1.4,1.74,Graduate,Male,No,No,Up to Date,Yes,0.0,0,0.875,0.875,11.08,0,1.33,0.0
EDU-002635,1,1,1,9670,1,1,132.0,1,1,19,7,5,129.9,1,0,0,1,1,0,20,0,0,6,10,6,12.714285714285714,0,0,6,8,4,13.0,0,12.4,0.5,1.79,Enrolled,Male,No,No,Up to Date,Yes,0.29,-2,1.0,0.6667,8.59,0,1.0,0.29
EDU-002636,1,39,2,9556,1,1,133.1,1,3,1,2,4,136.1,0,0,0,1,1,0,26,0,0,7,7,2,11.75,0,0,5,10,0,0.0,0,12.4,0.5,1.79,Dropout,Male,No,No,Up to Date,No,-11.75,-2,0.2857,0.0,0.0,0,1.17,11.75
EDU-002637,1,1,2,9254,1,1,120.0,1,37,37,9,9,115.1,1,0,0,0,1,0,21,0,0,6,11,3,11.0,0,0,6,14,0,0.0,0,9.4,-0.8,-3.12,Dropout,Male,No,No,In Arrears,Yes,-11.0,-3,0.5,0.0,0.0,0,1.0,11.0
EDU-002638,1,16,2,171,1,1,145.0,1,3,3,2,2,143.6,1,0,0,1,1,0,18,0,0,0,0,0,0.0,0,0,0,0,0,0.0,0,12.4,0.5,1.79,Graduate,Male,No,No,Up to Date,Yes,0.0,0,0.0,0.0,0.0,0,0.0,0.0
EDU-002639,1,17,1,9147,1,1,127.0,1,37,38,9,7,115.8,1,0,0,1,1,0,18,0,0,5,5,5,13.4,0,0,5,6,5,12.2,0,11.1,0.6,2.02,Graduate,Male,No,No,Up to Date,Yes,-1.2,0,1.0,1.0,12.68,0,0.83,1.2
EDU-002640,1,1,2,171,1,1,135.0,1,19,19,4,7,149.0,1,0,0,1,1,0,22,0,14,17,21,17,12.578947368421051,0,15,17,20,17,12.117647058823527,0,11.1,0.6,2.02,Graduate,Male,No,No,Up to Date,Yes,-0.46,0,1.0,1.0,12.3,0,2.83,0.46
EDU-002641,2,39,1,9119,1,19,133.1,1,37,37,9,9,100.0,0,0,0,1,1,0,36,0,0,5,0,0,0.0,0,0,5,0,0,0.0,0,16.2,0.3,-0.92,Dropout,Male,No,No,Up to Date,No,0.0,0,0.0,0.0,0.0,0,0.83,0.0
EDU-002642,1,1,1,9773,1,1,125.0,1,38,38,9,9,133.4,1,0,0,1,1,1,20,0,0,6,8,6,12.0,0,0,6,8,6,11.5,0,13.9,-0.3,0.79,Graduate,Male,Yes,No,Up to Date,Yes,-0.5,0,1.0,1.0,11.7,0,1.0,0.5
EDU-002643,1,17,5,9670,1,1,127.0,1,3,4,2,2,122.8,0,0,0,1,1,0,20,0,0,6,6,3,12.333333333333334,0,0,6,9,0,0.0,0,10.8,1.4,1.74,Dropout,Male,No,No,Up to Date,No,-12.33,-3,0.5,0.0,0.0,0,1.0,12.33
EDU-002644,1,39,1,9991,0,1,133.1,1,37,1,5,4,151.2,0,0,0,1,1,0,25,0,0,5,11,4,11.5,0,0,5,11,3,13.5,0,12.4,0.5,1.79,Dropout,Male,No,No,Up to Date,No,2.0,-1,0.8,0.6,7.62,0,0.83,2.0
EDU-002645,1,39,1,9003,1,1,150.0,1,37,19,6,4,137.0,0,0,0,1,1,0,35,0,1,6,7,5,12.8,0,1,6,11,5,13.833333333333334,0,15.5,2.8,-4.06,Graduate,Male,No,No,Up to Date,No,1.03,0,0.8333,0.8333,11.18,0,1.0,1.03
EDU-002646,1,1,1,171,1,1,133.1,1,1,37,7,7,118.0,0,0,0,1,1,0,22,0,0,0,0,0,0.0,0,0,0,0,0,0.0,0,11.1,0.6,2.02,Dropout,Male,No,No,Up to Date,No,0.0,0,0.0,0.0,0.0,0,0.0,0.0
EDU-002647,1,43,1,9070,1,1,150.0,1,3,39,3,7,126.4,0,0,0,1,1,0,26,0,5,7,8,7,13.285714285714286,0,3,8,11,7,12.142857142857142,0,12.4,0.5,1.79,Enrolled,Male,No,No,Up to Date,No,-1.14,0,1.0,0.875,11.02,0,1.17,1.14
EDU-002648,1,44,1,9003,1,39,130.0,1,38,38,9,5,130.0,0,0,1,0,1,0,20,0,0,6,16,4,11.8,0,0,6,15,2,12.0,0,16.2,0.3,-0.92,Dropout,Male,No,Yes,In Arrears,No,0.2,-2,0.6667,0.3333,3.97,1,1.0,0.2
EDU-002649,1,43,1,8014,0,12,133.1,1,37,1,9,10,112.5,0,0,0,1,1,0,50,0,6,13,13,6,11.333333333333334,0,2,11,11,2,13.5,0,16.2,0.3,-0.92,Dropout,Male,No,No,Up to Date,No,2.17,-4,0.4615,0.1818,2.3,0,2.17,2.17
EDU-002650,1,1,1,9500,1,1,125.0,1,19,38,9,8,118.3,0,0,0,1,1,0,20,0,0,8,12,5,12.002,1,0,8,12,5,12.002,1,10.8,1.4,1.74,Dropout,Male,No,No,Up to Date,No,0.0,0,0.625,0.625,7.5,0,1.33,0.0
EDU-002651,1,1,1,9500,1,1,127.0,1,3,1,2,8,121.4,0,0,0,1,1,0,20,0,0,7,10,5,13.976666666666668,0,0,8,9,8,13.22222222222222,0,12.4,0.5,1.79,Enrolled,Male,No,No,Up to Date,No,-0.75,3,0.7143,1.0,13.52,0,1.17,0.75
EDU-002652,1,7,1,9003,1,3,140.0,1,3,19,2,10,140.0,0,0,0,0,1,0,35,0,0,6,10,5,15.2,0,1,6,9,1,11.0,0,15.5,2.8,-4.06,Dropout,Male,No,No,In Arrears,No,-4.2,-4,0.8333,0.1667,2.11,0,1.0,4.2
EDU-002653,1,1,1,9670,1,1,110.0,1,3,19,4,5,109.0,0,0,0,1,1,1,19,0,0,6,7,6,13.142857142857142,0,0,6,8,6,14.166666666666666,0,15.5,2.8,-4.06,Graduate,Male,Yes,No,Up to Date,No,1.02,0,1.0,1.0,13.76,0,1.0,1.02
EDU-002654,2,39,2,9147,1,1,133.1,1,37,37,5,7,110.0,0,0,0,1,1,0,43,0,0,5,14,0,0.0,1,0,5,5,0,0.0,0,9.4,-0.8,-3.12,Dropout,Male,No,No,Up to Date,No,0.0,0,0.0,0.0,0.0,0,0.83,0.0
EDU-002655,1,17,5,9500,1,1,124.0,1,3,38,2,1,119.8,0,0,0,1,1,0,19,0,0,8,11,7,13.867142857142856,0,0,8,11,7,13.867142857142856,0,10.8,1.4,1.74,Graduate,Male,No,No,Up to Date,No,0.0,0,0.875,0.875,12.13,0,1.33,0.0
EDU-002656,1,39,1,9500,1,1,114.0,1,37,37,9,9,130.0,0,0,0,1,1,0,25,0,0,8,11,6,12.675,0,0,8,11,6,12.675,0,12.7,3.7,-1.7,Graduate,Male,No,No,Up to Date,No,0.0,0,0.75,0.75,9.51,0,1.33,0.0
EDU-002657,1,16,1,171,1,1,155.0,1,1,3,5,10,167.3,1,0,0,1,1,0,19,0,0,0,0,0,0.0,0,0,0,0,0,0.0,0,13.9,-0.3,0.79,Graduate,Male,No,No,Up to Date,Yes,0.0,0,0.0,0.0,0.0,0,0.0,0.0
EDU-002658,1,17,2,9853,1,1,114.0,1,1,19,9,9,111.9,1,0,0,1,1,1,20,0,0,6,6,6,12.0,0,0,6,7,6,12.5,0,7.6,2.6,0.32,Enrolled,Male,Yes,No,Up to Date,Yes,0.5,0,1.0,1.0,12.3,0,1.0,0.5
EDU-002659,1,1,1,171,1,1,133.1,1,38,37,5,5,136.0,1,0,0,1,1,0,22,0,0,0,0,0,0.0,0,0,0,0,0,0.0,0,12.7,3.7,-1.7,Dropout,Male,No,No,Up to Date,Yes,0.0,0,0.0,0.0,0.0,0,0.0,0.0
EDU-002660,1,1,1,9254,1,1,125.0,1,37,37,3,3,124.0,0,0,0,1,1,1,19,0,0,6,7,6,11.0,0,0,6,6,5,12.2,0,11.1,0.6,2.02,Dropout,Male,Yes,No,Up to Date,No,1.2,-1,1.0,0.8333,9.77,0,1.0,1.2
EDU-002661,2,39,1,9991,0,1,120.0,1,19,37,3,9,132.9,0,0,0,1,1,0,32,0,0,5,11,4,10.75,0,0,5,11,4,11.333333333333334,0,13.9,-0.3,0.79,Dropout,Male,No,No,Up to Date,No,0.58,0,0.8,0.8,8.88,0,0.83,0.58
EDU-002662,2,39,1,9773,1,38,100.0,1,37,37,9,7,154.0,1,0,0,1,1,0,57,0,0,6,7,5,14.2,0,0,6,6,6,14.166666666666666,0,9.4,-0.8,-3.12,Graduate,Male,No,No,Up to Date,Yes,-0.03,1,0.8333,1.0,14.18,0,1.0,0.03
EDU-002663,1,1,1,9500,1,1,133.1,1,1,19,3,5,115.0,0,0,0,0,1,0,20,0,0,7,11,4,12.6,0,0,7,7,4,11.575,0,16.2,0.3,-0.92,Dropout,Male,No,No,In Arrears,No,-1.03,0,0.5714,0.5714,6.85,0,1.17,1.03
EDU-002664,1,39,1,9991,0,1,120.0,1,1,1,5,5,96.0,1,0,0,0,1,0,38,0,0,5,5,0,0.0,0,0,5,5,0,0.0,0,8.9,1.4,3.51,Dropout,Male,No,No,In Arrears,Yes,0.0,0,0.0,0.0,0.0,0,0.83,0.0
EDU-002665,2,39,1,9991,0,1,120.0,1,37,3,9,3,168.2,0,0,0,1,1,0,45,0,0,5,6,5,14.0,0,0,5,6,5,14.166666666666666,0,12.4,0.5,1.79,Graduate,Male,No,No,Up to Date,No,0.17,0,1.0,1.0,14.1,0,0.83,0.17
EDU-002666,2,39,1,9773,1,1,110.0,1,37,37,9,10,140.0,0,0,1,0,1,0,43,0,0,6,16,2,10.0,0,0,6,12,4,12.25,0,10.8,1.4,1.74,Dropout,Male,No,Yes,In Arrears,No,2.25,2,0.3333,0.6667,7.57,1,1.0,2.25
EDU-002667,1,17,4,9070,1,1,144.0,1,38,1,9,9,137.4,1,0,0,1,1,0,19,0,0,6,6,6,13.833333333333334,0,0,6,8,6,13.125,0,10.8,1.4,1.74,Graduate,Male,No,No,Up to Date,Yes,-0.71,0,1.0,1.0,13.41,0,1.0,0.71
EDU-002668,2,39,1,9991,0,19,133.1,1,19,19,4,4,150.0,0,0,0,0,1,0,49,0,0,5,8,2,11.0,0,0,5,5,1,11.0,0,15.5,2.8,-4.06,Dropout,Male,No,No,In Arrears,No,0.0,-1,0.4,0.2,2.2,0,0.83,0.0
EDU-002669,2,39,1,9500,1,19,133.1,1,37,38,9,7,100.5,1,0,0,1,1,0,43,0,0,8,8,7,11.635714285714286,0,0,8,8,7,11.635714285714286,0,10.8,1.4,1.74,Enrolled,Male,No,No,Up to Date,Yes,0.0,0,0.875,0.875,10.18,0,1.33,0.0
EDU-002670,1,39,1,8014,0,1,133.1,1,37,38,9,9,148.5,0,0,0,1,1,0,34,0,0,6,6,4,12.25,0,0,5,5,0,0.0,0,11.1,0.6,2.02,Dropout,Male,No,No,Up to Date,No,-12.25,-4,0.6667,0.0,0.0,0,1.0,12.25
EDU-002671,1,17,5,9119,1,1,138.0,1,19,19,5,5,123.3,1,0,1,1,1,0,18,0,0,5,9,4,12.5,0,0,5,11,5,11.285714285714286,0,12.4,0.5,1.79,Enrolled,Male,No,Yes,Up to Date,Yes,-1.21,1,0.8,1.0,11.77,0,0.83,1.21
EDU-002672,2,39,1,9991,0,1,120.0,1,38,38,1,4,138.7,0,0,0,1,1,0,43,0,0,5,5,5,13.8,0,0,5,6,5,13.666666666666666,0,10.8,1.4,1.74,Graduate,Male,No,No,Up to Date,No,-0.13,0,1.0,1.0,13.72,0,0.83,0.13
EDU-002673,1,1,2,9254,1,1,120.0,1,19,1,9,8,117.2,0,0,0,1,1,0,21,0,0,6,8,3,12.0,0,0,6,9,1,11.0,0,15.5,2.8,-4.06,Dropout,Male,No,No,Up to Date,No,-1.0,-2,0.5,0.1667,1.9,0,1.0,1.0
EDU-002674,2,39,1,9991,0,1,160.0,1,34,34,99,99,114.3,0,0,0,1,1,0,40,0,0,5,9,3,11.0,0,0,5,8,4,12.5,1,7.6,2.6,0.32,Enrolled,Male,No,No,Up to Date,No,1.5,1,0.6,0.8,9.52,0,0.83,1.5
EDU-002675,1,17,1,9670,1,1,134.0,1,19,37,5,5,125.3,1,0,0,1,1,1,19,0,0,6,7,4,13.75,0,0,6,10,6,11.555555555555555,0,10.8,1.4,1.74,Graduate,Male,Yes,No,Up to Date,Yes,-2.19,2,0.6667,1.0,12.43,0,1.0,2.19
EDU-002676,1,1,1,9254,1,1,133.1,1,37,37,1,1,97.0,0,0,0,1,1,0,27,0,0,6,6,6,10.666666666666666,0,0,6,8,4,11.25,0,10.8,1.4,1.74,Enrolled,Male,No,No,Up to Date,No,0.58,-2,1.0,0.6667,7.34,0,1.0,0.58
EDU-002677,2,42,1,9556,1,1,110.0,1,37,37,9,6,140.0,0,0,0,1,1,0,43,0,0,7,7,0,0.0,0,0,8,13,2,13.15,0,16.2,0.3,-0.92,Dropout,Male,No,No,Up to Date,No,13.15,2,0.0,0.25,1.97,0,1.17,13.15
EDU-002678,1,43,1,9991,0,1,130.0,1,37,37,9,9,124.0,0,0,0,1,1,0,31,0,1,5,6,5,13.833333333333334,0,0,5,7,5,15.4,0,9.4,-0.8,-3.12,Graduate,Male,No,No,Up to Date,No,1.57,0,1.0,1.0,14.77,0,0.83,1.57
EDU-002679,1,44,1,9003,1,39,140.0,1,38,1,134,134,140.0,1,0,1,1,1,0,26,0,0,6,6,0,0.0,0,0,6,7,0,0.0,0,8.9,1.4,3.51,Enrolled,Male,No,Yes,Up to Date,Yes,0.0,0,0.0,0.0,0.0,0,1.0,0.0
EDU-002680,1,39,1,9991,0,1,150.0,1,37,38,175,103,127.0,0,0,0,1,1,0,34,0,0,5,5,5,15.8,0,0,5,5,5,16.8,0,8.9,1.4,3.51,Graduate,Male,No,No,Up to Date,No,1.0,0,1.0,1.0,16.4,0,0.83,1.0
EDU-002681,4,43,1,9500,1,19,100.0,1,34,34,0,0,110.0,0,0,0,1,1,0,30,0,11,14,26,12,12.52608695652174,1,11,14,26,12,12.52608695652174,1,7.6,2.6,0.32,Graduate,Male,No,No,Up to Date,No,0.0,0,0.8571,0.8571,10.74,0,2.33,0.0
EDU-002682,2,39,1,9500,1,19,133.1,1,38,38,7,8,170.0,0,0,0,1,1,0,36,0,0,7,9,6,12.783333333333331,0,0,8,11,0,0.0,0,16.2,0.3,-0.92,Dropout,Male,No,No,Up to Date,No,-12.78,-6,0.8571,0.0,0.0,0,1.17,12.78
EDU-002683,1,7,1,9991,0,3,120.0,1,37,37,6,7,120.0,0,0,1,0,1,0,46,0,0,5,5,0,0.0,0,0,5,5,1,10.0,0,11.1,0.6,2.02,Dropout,Male,No,Yes,In Arrears,No,10.0,1,0.0,0.2,1.2,1,0.83,10.0
EDU-002684,1,17,1,9085,1,1,133.1,1,1,19,5,9,130.0,0,0,0,1,1,0,22,0,0,5,8,3,13.0,0,0,5,8,3,10.666666666666666,0,7.6,2.6,0.32,Graduate,Male,No,No,Up to Date,No,-2.33,0,0.6,0.6,6.96,0,0.83,2.33
EDU-002685,1,7,1,9003,1,3,130.0,1,1,19,5,9,130.0,0,0,0,1,1,0,27,0,0,6,8,0,0.0,0,0,6,10,0,0.0,0,16.2,0.3,-0.92,Dropout,Male,No,No,Up to Date,No,0.0,0,0.0,0.0,0.0,0,1.0,0.0
EDU-002686,1,1,2,9119,1,1,126.0,1,1,38,141,192,122.5,1,0,0,1,1,0,20,0,0,5,7,5,10.8,0,0,5,9,3,12.0,0,8.9,1.4,3.51,Enrolled,Male,No,No,Up to Date,Yes,1.2,-2,1.0,0.6,6.91,0,0.83,1.2
EDU-002687,1,51,1,9147,1,1,130.0,1,19,38,9,8,115.7,0,0,0,1,1,0,20,0,0,5,7,5,11.0,0,0,5,7,3,10.0,0,8.9,1.4,3.51,Enrolled,Male,No,No,Up to Date,No,-1.0,-2,1.0,0.6,6.24,0,0.83,1.0
EDU-002688,1,42,1,9119,1,1,140.0,1,19,19,90,90,120.0,0,0,1,0,1,0,31,0,0,4,4,0,0.0,0,0,5,5,0,0.0,0,12.7,3.7,-1.7,Dropout,Male,No,Yes,In Arrears,No,0.0,0,0.0,0.0,0.0,1,0.67,0.0
EDU-002689,1,1,1,9119,1,1,140.0,1,37,19,9,9,166.0,1,0,1,1,1,0,20,0,0,5,7,0,0.0,0,0,5,5,0,0.0,0,9.4,-0.8,-3.12,Enrolled,Male,No,Yes,Up to Date,Yes,0.0,0,0.0,0.0,0.0,0,0.83,0.0
EDU-002690,1,17,1,9773,1,1,145.0,1,1,38,90,8,132.8,1,0,0,0,1,0,21,0,0,6,10,2,12.0,0,0,6,0,0,0.0,0,10.8,1.4,1.74,Dropout,Male,No,No,In Arrears,Yes,-12.0,-2,0.3333,0.0,0.0,0,1.0,12.0
EDU-002691,1,17,1,9147,1,1,133.1,1,19,19,9,7,100.0,0,0,0,1,1,0,21,0,0,5,7,4,10.75,0,0,5,10,2,11.0,3,16.2,0.3,-0.92,Dropout,Male,No,No,Up to Date,No,0.25,-2,0.8,0.4,4.36,0,0.83,0.25
EDU-002692,1,1,1,9147,1,1,127.0,1,1,4,9,10,121.8,0,0,0,1,1,0,19,0,0,5,8,5,11.6,0,0,5,10,4,13.5,3,16.2,0.3,-0.92,Graduate,Male,No,No,Up to Date,No,1.9,-1,1.0,0.8,10.19,0,0.83,1.9
EDU-002693,1,17,4,9147,1,1,114.0,1,19,19,4,4,109.5,1,0,0,1,1,1,20,0,0,5,6,5,11.8,0,0,5,8,4,11.6,0,8.9,1.4,3.51,Graduate,Male,Yes,No,Up to Date,Yes,-0.2,-1,1.0,0.8,9.34,0,0.83,0.2
EDU-002694,1,1,1,9003,1,1,140.0,1,38,1,9,4,138.3,0,0,0,1,1,0,18,0,0,6,7,6,16.0,0,0,6,6,6,15.166666666666666,0,12.4,0.5,1.79,Graduate,Male,No,No,Up to Date,No,-0.83,0,1.0,1.0,15.5,0,1.0,0.83
EDU-002695,1,1,2,9773,1,1,140.0,1,1,1,4,3,131.6,0,0,0,1,1,1,18,0,0,6,6,6,12.666666666666666,0,0,6,6,6,11.5,0,16.2,0.3,-0.92,Graduate,Male,Yes,No,Up to Date,No,-1.17,0,1.0,1.0,11.97,0,1.0,1.17
EDU-002696,1,39,1,9500,1,1,120.0,1,1,2,144,123,125.3,0,0,1,1,1,0,30,0,0,7,12,4,14.4,0,0,7,9,6,13.5,0,12.4,0.5,1.79,Enrolled,Male,No,Yes,Up to Date,No,-0.9,2,0.5714,0.8571,11.88,0,1.17,0.9
EDU-002697,1,39,1,9254,1,19,133.1,1,19,19,3,1,101.5,0,0,1,0,1,0,34,0,0,6,6,0,0.0,0,0,6,6,0,0.0,0,15.5,2.8,-4.06,Dropout,Male,No,Yes,In Arrears,No,0.0,0,0.0,0.0,0.0,1,1.0,0.0
EDU-002698,1,17,1,9670,1,1,115.0,1,19,19,191,171,109.1,0,0,1,0,1,0,21,0,0,6,11,4,12.25,0,0,6,9,4,13.4,0,11.1,0.6,2.02,Enrolled,Male,No,Yes,In Arrears,No,1.15,0,0.6667,0.6667,8.63,1,1.0,1.15
EDU-002699,1,44,1,9070,1,39,123.9,1,37,1,9,7,123.9,0,0,0,1,1,0,20,0,2,7,9,5,12.6,0,5,9,10,8,12.75,1,16.2,0.3,-0.92,Dropout,Male,No,No,Up to Date,No,0.15,3,0.7143,0.8889,11.28,0,1.17,0.15
EDU-002700,1,1,1,9500,1,1,157.0,1,37,37,9,9,143.0,0,0,0,1,1,0,18,0,0,8,8,7,13.4,0,0,8,8,7,13.4,0,12.7,3.7,-1.7,Graduate,Male,No,No,Up to Date,No,0.0,0,0.875,0.875,11.72,0,1.33,0.0
EDU-002701,1,1,1,171,1,1,127.0,1,1,1,4,3,126.3,1,0,1,1,1,0,21,0,0,0,0,0,0.0,0,0,0,0,0,0.0,0,16.2,0.3,-0.92,Dropout,Male,No,Yes,Up to Date,Yes,0.0,0,0.0,0.0,0.0,0,0.0,0.0
EDU-002702,2,42,1,9003,1,1,120.0,1,3,1,2,2,113.3,0,0,0,1,1,0,26,0,0,6,9,1,10.0,0,0,6,6,0,0.0,0,12.4,0.5,1.79,Dropout,Male,No,No,Up to Date,No,-10.0,-1,0.1667,0.0,0.0,0,1.0,10.0
EDU-002703,1,17,1,9119,1,1,130.0,1,38,19,7,3,119.9,1,0,1,1,1,0,20,0,0,5,5,0,0.0,0,0,5,5,0,0.0,5,9.4,-0.8,-3.12,Dropout,Male,No,Yes,Up to Date,Yes,0.0,0,0.0,0.0,0.0,0,0.83,0.0
EDU-002704,1,44,1,9003,1,39,140.0,1,1,38,1,9,140.0,0,0,0,1,1,0,25,0,0,6,16,3,11.25,0,0,6,14,4,11.2,0,15.5,2.8,-4.06,Dropout,Male,No,No,Up to Date,No,-0.05,1,0.5,0.6667,7.48,0,1.0,0.05
EDU-002705,1,17,1,9670,1,1,109.0,1,1,1,4,4,108.0,0,0,0,1,1,0,19,0,0,5,10,0,0.0,0,0,5,5,0,0.0,0,7.6,2.6,0.32,Enrolled,Male,No,No,Up to Date,No,0.0,0,0.0,0.0,0.0,0,0.83,0.0
EDU-002706,1,39,2,9147,1,1,143.0,1,19,5,4,1,100.0,1,0,0,1,1,0,24,0,0,5,8,3,10.666666666666666,1,0,5,5,1,14.0,0,9.4,-0.8,-3.12,Dropout,Male,No,No,Up to Date,Yes,3.33,-2,0.6,0.2,2.53,0,0.83,3.33
EDU-002707,1,1,1,9130,1,1,125.0,1,3,3,2,2,132.4,0,0,0,1,1,0,20,0,0,5,7,4,11.75,0,0,5,5,5,13.4,0,7.6,2.6,0.32,Graduate,Male,No,No,Up to Date,No,1.65,1,0.8,1.0,12.74,0,0.83,1.65
EDU-002708,1,1,1,9147,1,1,136.0,1,1,3,9,5,137.1,0,0,0,1,1,0,20,0,0,5,5,0,0.0,0,0,5,5,0,0.0,0,12.7,3.7,-1.7,Dropout,Male,No,No,Up to Date,No,0.0,0,0.0,0.0,0.0,0,0.83,0.0
EDU-002709,1,5,3,9070,1,1,157.0,1,3,1,9,6,138.1,1,0,0,1,0,0,18,0,0,6,6,6,12.666666666666666,0,0,6,8,6,14.125,0,10.8,1.4,1.74,Graduate,Female,No,No,Up to Date,Yes,1.46,0,1.0,1.0,13.54,0,1.0,1.46
EDU-002710,4,39,1,9556,1,1,160.0,1,19,3,9,2,130.0,0,0,0,1,0,0,25,0,0,7,14,7,11.95,0,0,8,15,7,12.042857142857144,0,12.7,3.7,-1.7,Enrolled,Female,No,No,Up to Date,No,0.09,0,1.0,0.875,10.5,0,1.17,0.09
EDU-002711,1,17,1,9254,1,1,116.0,1,38,37,9,6,109.7,1,0,0,1,0,0,22,0,0,6,7,5,14.0,0,0,6,6,6,15.666666666666666,0,11.1,0.6,2.02,Graduate,Female,No,No,Up to Date,Yes,1.67,1,0.8333,1.0,15.0,0,1.0,1.67
EDU-002712,1,43,1,8014,0,1,113.0,1,37,37,0,6,128.2,0,0,0,0,0,0,41,0,0,6,6,0,0.0,6,0,6,12,0,0.0,0,9.4,-0.8,-3.12,Dropout,Female,No,No,In Arrears,No,0.0,0,0.0,0.0,0.0,0,1.0,0.0
EDU-002713,1,1,2,9147,1,1,130.0,1,37,38,7,9,117.8,0,0,1,1,0,1,19,0,0,5,11,2,11.5,0,0,5,10,0,0.0,0,12.7,3.7,-1.7,Dropout,Female,Yes,Yes,Up to Date,No,-11.5,-2,0.4,0.0,0.0,0,0.83,11.5
EDU-002714,1,43,1,9130,1,1,150.0,1,3,3,3,4,150.0,1,0,0,1,0,0,21,0,0,6,10,6,12.0,0,0,6,12,5,12.8,0,13.9,-0.3,0.79,Graduate,Female,No,No,Up to Date,Yes,0.8,-1,1.0,0.8333,10.4,0,1.0,0.8
EDU-002715,1,39,1,9085,1,1,110.0,1,1,1,5,5,160.0,1,0,1,1,0,0,30,0,0,6,7,6,16.428571428571427,0,0,6,7,6,16.666666666666668,0,13.9,-0.3,0.79,Dropout,Female,No,Yes,Up to Date,Yes,0.24,0,1.0,1.0,16.57,0,1.0,0.24
EDU-002716,1,1,5,9500,1,1,101.0,1,38,38,9,9,104.5,1,0,0,1,0,1,21,0,0,7,9,5,13.336000000000002,0,0,8,9,7,13.207142857142856,0,11.1,0.6,2.02,Graduate,Female,Yes,No,Up to Date,Yes,-0.13,2,0.7143,0.875,11.6,0,1.17,0.13
EDU-002717,2,39,2,9556,1,1,110.0,1,19,38,9,9,112.8,0,0,0,1,0,1,26,0,0,7,7,0,0.0,0,0,8,8,0,0.0,6,10.8,1.4,1.74,Enrolled,Female,Yes,No,Up to Date,No,0.0,0,0.0,0.0,0.0,0,1.17,0.0
EDU-002718,1,15,1,9670,1,1,133.1,41,1,1,9,4,100.0,0,0,0,1,0,0,21,1,2,7,9,7,14.666666666666666,0,1,6,8,6,14.0,0,11.1,0.6,2.02,Graduate,Female,No,No,Up to Date,No,-0.67,-1,1.0,1.0,14.27,0,1.17,0.67
EDU-002719,1,1,1,9500,1,1,138.0,1,1,1,3,4,132.5,1,0,0,1,0,0,18,0,0,8,8,7,14.115714285714288,0,0,8,8,7,14.115714285714288,0,10.8,1.4,1.74,Graduate,Female,No,No,Up to Date,Yes,0.0,0,0.875,0.875,12.35,0,1.33,0.0
EDU-002720,1,1,4,9085,1,1,138.0,1,3,1,1,4,123.3,1,0,0,1,0,1,19,0,0,6,7,6,14.857142857142858,0,0,6,10,6,13.11111111111111,0,12.4,0.5,1.79,Graduate,Female,Yes,No,Up to Date,Yes,-1.75,0,1.0,1.0,13.81,0,1.0,1.75
EDU-002721,1,1,2,9085,1,1,141.0,1,1,38,9,8,128.9,1,0,0,1,0,1,18,0,0,6,7,6,13.833333333333334,0,0,6,10,6,13.714285714285714,0,8.9,1.4,3.51,Graduate,Female,Yes,No,Up to Date,Yes,-0.12,0,1.0,1.0,13.76,0,1.0,0.12
EDU-002722,1,17,2,9147,1,1,129.0,1,2,3,2,2,128.3,1,0,0,1,0,0,19,0,0,5,10,3,11.0,0,0,5,9,4,11.75,0,12.7,3.7,-1.7,Enrolled,Female,No,No,Up to Date,Yes,0.75,1,0.6,0.8,9.16,0,0.83,0.75
EDU-002723,1,43,1,9085,1,1,127.0,1,3,3,2,5,100.0,0,0,0,1,0,0,21,0,0,6,11,4,11.75,0,0,6,12,3,13.666666666666666,0,13.9,-0.3,0.79,Enrolled,Female,No,No,Up to Date,No,1.92,-1,0.6667,0.5,6.45,0,1.0,1.92
EDU-002724,1,17,2,9147,1,1,133.0,1,19,1,9,3,120.1,1,0,0,1,0,1,18,0,0,5,15,2,10.0,0,0,5,14,2,12.0,0,13.9,-0.3,0.79,Dropout,Female,Yes,No,Up to Date,Yes,2.0,0,0.4,0.4,4.48,0,0.83,2.0
EDU-002725,1,39,1,9500,1,1,100.0,1,37,37,7,7,160.0,1,0,0,1,0,1,24,0,0,8,15,6,12.415,0,0,8,15,6,12.415,0,10.8,1.4,1.74,Graduate,Female,Yes,No,Up to Date,Yes,0.0,0,0.75,0.75,9.31,0,1.33,0.0
EDU-002726,1,1,1,9130,1,1,138.0,1,4,5,2,2,123.0,1,0,0,1,0,0,21,0,0,5,12,1,11.0,0,0,5,9,2,10.5,0,12.7,3.7,-1.7,Enrolled,Female,No,No,Up to Date,Yes,-0.5,1,0.2,0.4,4.28,0,0.83,0.5
EDU-002727,1,44,1,9085,1,39,150.0,1,19,19,9,9,150.0,1,0,0,1,0,0,23,0,1,6,14,5,14.428571428571429,0,1,6,7,6,13.428571428571429,0,16.2,0.3,-0.92,Graduate,Female,No,No,Up to Date,Yes,-1.0,1,0.8333,1.0,13.83,0,1.0,1.0
EDU-002728,1,17,2,9500,1,1,129.0,1,38,19,5,7,124.0,1,0,0,1,0,1,18,0,0,8,8,7,14.312857142857142,0,0,8,8,7,14.312857142857142,0,10.8,1.4,1.74,Graduate,Female,Yes,No,Up to Date,Yes,0.0,0,0.875,0.875,12.52,0,1.33,0.0
EDU-002729,1,39,1,9085,1,1,130.0,1,4,1,2,9,120.0,0,0,0,0,0,0,26,0,0,6,8,6,15.428571428571429,0,0,6,7,5,14.5,0,11.1,0.6,2.02,Enrolled,Female,No,No,In Arrears,No,-0.93,-1,1.0,0.8333,12.39,0,1.0,0.93
EDU-002730,1,1,1,9130,1,1,133.0,1,38,38,5,8,120.4,1,0,0,1,0,0,20,0,0,5,9,4,12.0,1,0,5,6,5,13.4,0,9.4,-0.8,-3.12,Graduate,Female,No,No,Up to Date,Yes,1.4,1,0.8,1.0,12.84,0,0.83,1.4
EDU-002731,1,1,1,9238,1,1,133.0,1,4,1,5,5,131.6,0,0,0,1,0,0,18,0,0,6,7,6,13.833333333333334,0,0,6,7,6,13.714285714285714,0,11.1,0.6,2.02,Graduate,Female,No,No,Up to Date,No,-0.12,0,1.0,1.0,13.76,0,1.0,0.12
EDU-002732,1,1,1,9238,1,1,107.0,1,2,12,3,10,104.2,1,0,0,1,0,0,20,0,0,6,6,6,12.166666666666666,0,0,6,7,6,12.142857142857142,0,11.1,0.6,2.02,Graduate,Female,No,No,Up to Date,Yes,-0.02,0,1.0,1.0,12.15,0,1.0,0.02
EDU-002733,1,1,1,9500,1,1,131.0,1,19,19,4,4,122.0,1,0,0,1,0,0,20,0,0,8,8,7,14.014285714285714,0,0,8,8,7,14.014285714285714,0,12.7,3.7,-1.7,Enrolled,Female,No,No,Up to Date,Yes,0.0,0,0.875,0.875,12.26,0,1.33,0.0
EDU-002734,1,17,2,9238,1,1,118.0,1,1,19,4,10,110.7,1,1,0,1,0,0,18,0,0,6,15,2,10.333333333333334,3,0,6,13,3,13.333333333333334,0,12.7,3.7,-1.7,Enrolled,Female,No,No,Up to Date,Yes,3.0,1,0.3333,0.5,6.07,0,1.0,3.0
EDU-002735,1,1,4,9773,1,1,136.0,1,1,12,9,10,121.7,1,0,0,1,0,1,22,0,0,6,7,5,13.2,0,0,6,7,5,13.6,0,12.4,0.5,1.79,Graduate,Female,Yes,No,Up to Date,Yes,0.4,0,0.8333,0.8333,11.2,0,1.0,0.4
EDU-002736,1,1,1,9500,1,1,125.0,1,37,37,9,9,126.0,1,0,1,1,0,0,20,0,0,7,7,6,15.4,0,0,7,7,6,15.4,0,7.6,2.6,0.32,Graduate,Female,No,Yes,Up to Date,Yes,0.0,0,0.8571,0.8571,13.2,0,1.17,0.0
EDU-002737,1,17,4,9500,1,1,137.0,1,1,37,9,9,128.4,1,0,0,1,0,1,19,0,0,7,7,7,13.385714285714286,0,0,8,8,8,15.925,0,13.9,-0.3,0.79,Graduate,Female,Yes,No,Up to Date,Yes,2.54,1,1.0,1.0,14.91,0,1.17,2.54
EDU-002738,1,1,1,9130,1,1,144.0,1,3,1,2,4,134.9,1,0,1,1,0,0,18,0,0,6,13,6,10.857142857142858,0,0,6,10,4,11.0,0,15.5,2.8,-4.06,Dropout,Female,No,Yes,Up to Date,Yes,0.14,-2,1.0,0.6667,7.3,0,1.0,0.14
EDU-002739,1,17,2,9147,1,1,146.0,1,38,37,6,6,143.9,0,0,0,1,0,0,18,0,0,5,11,5,11.333333333333334,0,0,5,8,5,12.0,0,13.9,-0.3,0.79,Graduate,Female,No,No,Up to Date,No,0.67,0,1.0,1.0,11.73,0,0.83,0.67
EDU-002740,1,1,4,9085,1,1,145.0,1,37,1,9,9,145.0,1,0,0,1,0,1,19,0,0,5,7,4,14.5,0,0,5,5,5,13.6,0,10.8,1.4,1.74,Graduate,Female,Yes,No,Up to Date,Yes,-0.9,1,0.8,1.0,13.96,0,0.83,0.9
EDU-002741,1,1,2,9070,1,1,126.0,1,19,38,9,9,132.0,1,0,0,1,0,1,19,0,0,6,6,6,14.166666666666666,0,0,6,8,6,12.375,0,10.8,1.4,1.74,Graduate,Female,Yes,No,Up to Date,Yes,-1.79,0,1.0,1.0,13.09,0,1.0,1.79
EDU-002742,1,17,1,8014,0,1,141.0,1,34,34,0,0,136.1,0,0,0,1,0,0,24,0,0,6,7,6,12.833333333333334,0,0,6,8,6,12.0,0,7.6,2.6,0.32,Graduate,Female,No,No,Up to Date,No,-0.83,0,1.0,1.0,12.33,0,1.0,0.83
EDU-002743,1,1,1,9238,1,1,141.0,1,37,37,4,4,138.9,0,0,0,1,0,0,21,0,0,6,7,6,13.333333333333334,0,0,6,6,6,14.5,0,10.8,1.4,1.74,Graduate,Female,No,No,Up to Date,No,1.17,0,1.0,1.0,14.03,0,1.0,1.17
EDU-002744,1,1,1,9238,1,1,133.1,1,1,1,3,3,102.0,1,0,0,1,0,1,20,0,0,6,7,6,13.666666666666666,0,0,6,7,6,14.571428571428571,0,11.1,0.6,2.02,Graduate,Female,Yes,No,Up to Date,Yes,0.9,0,1.0,1.0,14.21,0,1.0,0.9
EDU-002745,1,39,1,9254,1,1,133.1,1,19,19,4,7,123.0,0,0,1,0,0,1,28,0,0,6,6,6,10.833333333333334,0,0,6,7,5,11.0,0,13.9,-0.3,0.79,Dropout,Female,Yes,Yes,In Arrears,No,0.17,-1,1.0,0.8333,9.11,1,1.0,0.17
EDU-002746,1,1,2,9853,1,1,127.0,1,37,19,9,8,137.5,1,0,0,1,0,0,21,0,0,6,7,6,13.428571428571429,0,0,6,8,6,13.142857142857142,0,7.6,2.6,0.32,Graduate,Female,No,No,Up to Date,Yes,-0.29,0,1.0,1.0,13.26,0,1.0,0.29
EDU-002747,1,1,1,9500,1,1,106.0,1,37,38,191,163,102.2,1,0,1,1,1,0,20,0,0,7,7,7,12.401428571428571,0,0,8,10,6,11.808333333333332,0,11.1,0.6,2.02,Enrolled,Male,No,Yes,Up to Date,Yes,-0.59,-1,1.0,0.75,9.03,0,1.17,0.59
EDU-002748,1,42,1,9003,1,1,130.0,1,3,2,2,6,105.3,0,0,0,0,1,0,36,0,0,6,8,0,0.0,0,0,6,10,0,0.0,0,16.2,0.3,-0.92,Dropout,Male,No,No,In Arrears,No,0.0,0,0.0,0.0,0.0,0,1.0,0.0
EDU-002749,2,39,1,9991,0,1,110.0,1,37,37,9,9,130.0,0,0,0,0,1,0,42,0,0,4,4,0,0.0,0,0,5,0,0,0.0,0,12.7,3.7,-1.7,Dropout,Male,No,No,In Arrears,No,0.0,0,0.0,0.0,0.0,0,0.67,0.0
EDU-002750,2,39,1,9991,0,1,150.0,1,37,37,9,7,122.5,0,0,0,1,1,0,47,0,0,5,9,4,11.5,0,0,5,6,5,11.6,1,7.6,2.6,0.32,Dropout,Male,No,No,Up to Date,No,0.1,1,0.8,1.0,11.56,0,0.83,0.1
EDU-002751,1,39,1,9119,1,1,160.0,1,1,38,4,7,112.0,0,0,0,0,1,0,25,0,0,5,8,0,0.0,0,0,5,5,0,0.0,0,9.4,-0.8,-3.12,Dropout,Male,No,No,In Arrears,No,0.0,0,0.0,0.0,0.0,0,0.83,0.0
EDU-002752,1,39,1,9670,1,12,170.0,1,1,37,3,5,110.0,0,0,0,1,1,1,25,0,0,6,8,6,14.142857142857142,0,0,6,6,6,13.5,0,15.5,2.8,-4.06,Graduate,Male,Yes,No,Up to Date,No,-0.64,0,1.0,1.0,13.76,0,1.0,0.64
EDU-002753,2,39,1,8014,0,19,133.1,1,19,37,6,8,149.5,0,0,0,1,1,0,48,0,0,6,6,0,0.0,0,0,5,6,0,0.0,0,12.4,0.5,1.79,Dropout,Male,No,No,Up to Date,No,0.0,0,0.0,0.0,0.0,0,1.0,0.0
EDU-002754,1,43,1,9991,0,1,120.0,1,38,38,9,7,141.0,0,0,0,1,1,1,32,0,5,10,12,10,13.8,0,5,10,10,10,12.8,0,10.8,1.4,1.74,Graduate,Male,Yes,No,Up to Date,No,-1.0,0,1.0,1.0,13.2,0,1.67,1.0
EDU-002755,1,7,1,9991,0,40,130.0,1,38,38,9,7,130.0,0,0,0,1,1,0,38,0,10,10,10,10,13.6,0,5,10,10,5,13.6,0,8.9,1.4,3.51,Dropout,Male,No,No,Up to Date,No,0.0,-5,1.0,0.5,6.8,0,1.67,0.0
EDU-002756,1,7,1,9238,1,40,130.0,1,37,37,5,5,130.0,0,0,0,1,1,0,37,0,11,16,23,15,11.733333333333333,0,6,11,17,9,11.88888888888889,0,15.5,2.8,-4.06,Graduate,Male,No,No,Up to Date,No,0.16,-6,0.9375,0.8182,9.68,0,2.67,0.16
EDU-002757,1,39,2,9147,1,1,120.0,1,37,37,9,9,104.0,0,0,0,0,1,0,26,0,0,5,8,1,10.0,0,0,5,9,1,10.0,0,10.8,1.4,1.74,Dropout,Male,No,No,In Arrears,No,0.0,0,0.2,0.2,2.0,0,0.83,0.0
EDU-002758,1,44,1,9085,1,39,110.0,1,3,5,2,2,110.0,0,0,0,1,1,0,23,0,0,6,19,0,0.0,0,0,6,6,0,0.0,0,13.9,-0.3,0.79,Dropout,Male,No,No,Up to Date,No,0.0,0,0.0,0.0,0.0,0,1.0,0.0
EDU-002759,1,44,1,9003,1,39,120.0,1,38,19,3,5,120.0,0,0,0,1,1,0,23,0,0,6,6,0,0.0,0,0,6,8,0,0.0,0,15.5,2.8,-4.06,Enrolled,Male,No,No,Up to Date,No,0.0,0,0.0,0.0,0.0,0,1.0,0.0
EDU-002760,1,44,1,9003,1,39,130.0,1,2,3,9,6,130.0,0,0,0,1,1,0,20,0,0,6,12,4,10.8,0,0,6,13,4,12.0,0,12.4,0.5,1.79,Enrolled,Male,No,No,Up to Date,No,1.2,0,0.6667,0.6667,7.68,0,1.0,1.2
EDU-002761,1,39,1,9500,1,4,150.0,1,3,38,3,7,127.0,1,0,0,1,1,0,26,0,2,7,8,6,13.046666666666669,0,2,8,10,7,13.30625,0,11.1,0.6,2.02,Dropout,Male,No,No,Up to Date,Yes,0.26,1,0.8571,0.875,11.55,0,1.17,0.26
EDU-002762,1,43,1,8014,0,1,120.0,1,37,37,9,5,100.0,0,0,0,1,0,0,45,0,5,9,13,8,11.0,0,3,7,10,6,10.833333333333334,0,12.7,3.7,-1.7,Enrolled,Female,No,No,Up to Date,No,-0.17,-2,0.8889,0.8571,9.34,0,1.5,0.17
EDU-002763,1,39,1,8014,0,19,100.0,1,37,37,5,5,111.0,1,0,0,1,0,1,26,0,0,6,10,3,12.333333333333334,0,0,6,14,3,11.666666666666666,0,7.6,2.6,0.32,Enrolled,Female,Yes,No,Up to Date,Yes,-0.67,0,0.5,0.5,5.97,0,1.0,0.67
EDU-002764,1,43,1,8014,0,3,133.1,1,9,9,90,90,130.0,0,0,0,1,0,0,26,0,8,11,16,10,11.8,0,3,7,7,7,13.285714285714286,0,7.6,2.6,0.32,Graduate,Female,No,No,Up to Date,No,1.49,-3,0.9091,1.0,12.69,0,1.83,1.49
EDU-002765,1,39,1,9991,0,1,130.0,1,37,37,9,9,130.1,0,0,0,1,0,0,25,0,0,5,8,3,11.0,0,0,5,8,3,11.25,0,10.8,1.4,1.74,Enrolled,Female,No,No,Up to Date,No,0.25,0,0.6,0.6,6.69,0,0.83,0.25
EDU-002766,1,16,4,9500,1,1,145.0,1,1,1,4,4,127.5,1,0,0,1,0,0,18,0,0,8,8,8,13.11,0,0,8,8,8,13.11,0,9.4,-0.8,-3.12,Graduate,Female,No,No,Up to Date,Yes,0.0,0,1.0,1.0,13.11,0,1.33,0.0
EDU-002767,1,7,1,9500,1,3,130.0,1,37,37,7,7,130.0,1,0,0,1,0,0,27,0,0,8,8,7,14.414285714285716,0,0,8,8,7,14.414285714285716,0,12.7,3.7,-1.7,Graduate,Female,No,No,Up to Date,Yes,0.0,0,0.875,0.875,12.61,0,1.33,0.0
EDU-002768,6,17,3,8014,0,1,115.0,1,19,1,5,90,115.0,0,0,0,0,0,0,24,0,0,5,5,0,0.0,0,0,5,10,0,0.0,0,10.8,1.4,1.74,Dropout,Female,No,No,In Arrears,No,0.0,0,0.0,0.0,0.0,0,0.83,0.0
EDU-002769,1,17,1,9147,1,1,124.0,1,38,19,6,10,126.8,1,0,0,1,0,0,20,0,0,5,8,5,12.333333333333334,0,0,5,7,5,12.2,0,15.5,2.8,-4.06,Graduate,Female,No,No,Up to Date,Yes,-0.13,0,1.0,1.0,12.25,0,0.83,0.13
EDU-002770,1,1,1,9500,1,1,124.0,1,1,19,9,8,116.7,1,0,0,1,0,1,18,0,0,7,9,0,0.0,0,0,7,8,1,10.0,0,15.5,2.8,-4.06,Dropout,Female,Yes,No,Up to Date,Yes,10.0,1,0.0,0.1429,0.86,0,1.17,10.0
EDU-002771,1,17,6,9556,1,1,134.0,1,19,38,7,7,128.5,1,0,0,1,0,1,18,0,0,7,9,7,14.1,0,0,8,8,8,13.3125,0,12.7,3.7,-1.7,Graduate,Female,Yes,No,Up to Date,Yes,-0.79,1,1.0,1.0,13.63,0,1.17,0.79
EDU-002772,1,1,4,9500,1,1,137.0,1,37,37,9,9,127.5,1,0,0,1,0,0,18,0,0,8,8,8,13.045,0,0,8,8,8,13.045,0,9.4,-0.8,-3.12,Graduate,Female,No,No,Up to Date,Yes,0.0,0,1.0,1.0,13.04,0,1.33,0.0
EDU-002773,1,1,1,9500,1,1,124.0,1,19,37,3,8,117.5,1,0,0,1,1,0,19,0,0,8,10,5,12.858,3,0,8,10,5,12.858,3,9.4,-0.8,-3.12,Enrolled,Male,No,No,Up to Date,Yes,0.0,0,0.625,0.625,8.04,0,1.33,0.0
EDU-002774,1,42,3,9500,1,1,136.0,1,1,1,4,4,148.8,1,0,0,1,0,1,19,0,0,8,8,8,14.2525,0,0,8,8,8,14.2525,0,9.4,-0.8,-3.12,Graduate,Female,Yes,No,Up to Date,Yes,0.0,0,1.0,1.0,14.25,0,1.33,0.0
EDU-002775,1,1,4,9500,1,1,126.0,1,12,1,5,10,120.2,0,0,0,1,0,1,19,0,0,7,9,5,14.06,0,0,7,9,7,11.242857142857142,0,12.4,0.5,1.79,Enrolled,Female,Yes,No,Up to Date,No,-2.82,2,0.7143,1.0,12.37,0,1.17,2.82
EDU-002776,1,1,4,9500,1,1,142.0,1,38,37,9,5,127.3,1,0,0,1,0,0,18,0,0,8,8,7,15.075714285714286,0,0,8,8,7,15.075714285714286,0,10.8,1.4,1.74,Graduate,Female,No,No,Up to Date,Yes,0.0,0,0.875,0.875,13.19,0,1.33,0.0
EDU-002777,1,17,2,171,1,1,141.0,1,19,37,9,9,136.1,1,0,0,1,0,1,18,0,0,0,0,0,0.0,0,0,0,0,0,0.0,0,12.7,3.7,-1.7,Enrolled,Female,Yes,No,Up to Date,Yes,0.0,0,0.0,0.0,0.0,0,0.0,0.0
EDU-002778,1,43,2,9670,1,1,129.0,1,3,3,5,5,122.4,1,0,0,1,0,0,19,0,0,5,5,4,13.75,0,0,6,9,5,12.6,0,12.7,3.7,-1.7,Enrolled,Female,No,No,Up to Date,Yes,-1.15,1,0.8,0.8333,10.88,0,0.83,1.15
EDU-002779,1,7,0,9003,1,3,130.0,1,1,37,4,9,130.0,1,0,0,1,0,0,23,0,10,17,28,17,13.15,2,8,12,22,12,13.214285714285714,0,15.5,2.8,-4.06,Graduate,Female,No,No,Up to Date,Yes,0.06,-5,1.0,1.0,13.19,0,2.83,0.06
EDU-002780,1,1,2,9238,1,1,136.0,1,19,19,4,7,121.7,1,0,0,1,0,1,21,0,0,6,9,5,12.333333333333334,0,0,6,7,5,11.8,0,13.9,-0.3,0.79,Graduate,Female,Yes,No,Up to Date,Yes,-0.53,0,0.8333,0.8333,10.01,0,1.0,0.53
EDU-002781,1,1,3,9500,1,1,137.0,1,38,38,5,7,122.7,1,0,0,1,0,1,18,0,0,7,8,7,13.778571428571428,0,0,8,10,8,13.122222222222222,0,16.2,0.3,-0.92,Graduate,Female,Yes,No,Up to Date,Yes,-0.66,1,1.0,1.0,13.38,0,1.17,0.66
EDU-002782,1,1,1,9853,1,1,125.0,1,34,37,9,9,129.2,1,0,1,0,0,0,20,0,0,6,12,3,10.333333333333334,0,0,6,14,1,11.0,0,10.8,1.4,1.74,Dropout,Female,No,Yes,In Arrears,Yes,0.67,-2,0.5,0.1667,1.79,1,1.0,0.67
EDU-002783,1,43,1,9773,1,1,119.0,1,19,37,5,5,105.0,1,0,0,1,0,0,23,0,0,6,11,3,11.333333333333334,0,0,6,7,2,11.0,0,16.2,0.3,-0.92,Enrolled,Female,No,No,Up to Date,Yes,-0.33,-1,0.5,0.3333,3.71,0,1.0,0.33
EDU-002784,1,1,1,9238,1,1,132.0,1,37,37,9,7,129.9,1,0,0,1,0,0,20,0,0,6,7,5,13.2,0,0,6,6,6,12.666666666666666,0,10.8,1.4,1.74,Enrolled,Female,No,No,Up to Date,Yes,-0.53,1,0.8333,1.0,12.88,0,1.0,0.53
EDU-002785,1,1,1,9070,1,1,152.0,1,37,37,5,7,136.3,0,0,0,1,0,1,18,0,1,6,8,6,13.571428571428571,1,0,6,11,6,12.375,0,13.9,-0.3,0.79,Graduate,Female,Yes,No,Up to Date,No,-1.2,0,1.0,1.0,12.85,0,1.0,1.2
EDU-002786,1,1,1,8014,0,1,125.0,1,37,37,9,7,114.9,0,0,0,1,0,0,29,0,8,11,14,11,12.75,0,3,7,7,7,13.428571428571429,0,9.4,-0.8,-3.12,Graduate,Female,No,No,Up to Date,No,0.68,-4,1.0,1.0,13.16,0,1.83,0.68
EDU-002787,1,39,1,9773,1,9,133.1,1,38,1,5,4,102.0,1,0,0,1,1,0,28,0,0,6,11,3,13.0,0,0,6,15,1,12.0,0,7.6,2.6,0.32,Dropout,Male,No,No,Up to Date,Yes,-1.0,-2,0.5,0.1667,2.07,0,1.0,1.0
EDU-002788,1,1,3,9670,1,1,120.0,1,37,37,7,7,111.3,1,0,0,1,1,0,19,0,0,5,7,3,11.333333333333334,0,0,5,7,4,11.0,0,9.4,-0.8,-3.12,Enrolled,Male,No,No,Up to Date,Yes,-0.33,1,0.6,0.8,8.91,0,0.83,0.33
EDU-002789,1,39,1,9670,1,1,148.0,1,19,19,7,7,130.9,0,0,1,0,1,0,24,0,0,6,12,0,0.0,0,0,6,9,0,0.0,0,10.8,1.4,1.74,Dropout,Male,No,Yes,In Arrears,No,0.0,0,0.0,0.0,0.0,1,1.0,0.0
EDU-002790,1,39,1,171,1,1,133.1,1,37,37,9,7,100.0,0,0,1,1,1,1,33,0,0,0,0,0,0.0,0,0,0,0,0,0.0,0,15.5,2.8,-4.06,Dropout,Male,Yes,Yes,Up to Date,No,0.0,0,0.0,0.0,0.0,0,0.0,0.0
EDU-002791,1,17,1,9147,1,1,115.0,1,19,37,5,7,112.9,1,0,0,0,1,0,19,0,0,5,7,2,12.5,0,0,5,13,1,11.0,0,9.4,-0.8,-3.12,Dropout,Male,No,No,In Arrears,Yes,-1.5,-1,0.4,0.2,2.32,0,0.83,1.5
EDU-002792,1,1,1,9085,1,1,120.0,1,38,19,9,3,112.7,0,0,0,1,1,0,19,0,0,6,7,6,14.857142857142858,0,0,6,8,6,14.142857142857142,0,11.1,0.6,2.02,Graduate,Male,No,No,Up to Date,No,-0.71,0,1.0,1.0,14.43,0,1.0,0.71
EDU-002793,4,39,1,8014,0,1,133.1,1,37,37,7,7,143.0,0,0,0,1,1,0,37,0,3,9,13,8,12.0,0,2,7,8,7,11.571428571428571,0,12.7,3.7,-1.7,Graduate,Male,No,No,Up to Date,No,-0.43,-1,0.8889,1.0,11.74,0,1.5,0.43
EDU-002794,1,1,1,171,1,1,168.0,1,38,37,9,8,155.1,1,0,1,0,1,1,18,0,0,0,0,0,0.0,0,0,0,0,0,0.0,0,12.7,3.7,-1.7,Graduate,Male,Yes,Yes,In Arrears,Yes,0.0,0,0.0,0.0,0.0,1,0.0,0.0
EDU-002795,4,39,1,9991,0,1,130.0,1,37,37,9,9,127.6,0,0,0,1,1,0,29,0,0,5,5,0,0.0,0,0,5,5,0,0.0,0,7.6,2.6,0.32,Enrolled,Male,No,No,Up to Date,No,0.0,0,0.0,0.0,0.0,0,0.83,0.0
EDU-002796,2,39,1,9500,1,38,133.1,1,37,37,9,3,146.6,0,0,0,1,1,0,37,0,0,7,8,7,12.828571428571427,0,0,8,8,8,12.6875,0,13.9,-0.3,0.79,Graduate,Male,No,No,Up to Date,No,-0.14,1,1.0,1.0,12.74,0,1.17,0.14
EDU-002797,1,39,1,9500,1,1,137.0,1,37,37,9,9,141.0,0,0,0,1,1,0,36,0,0,7,0,0,0.0,0,0,8,0,0,0.0,0,12.4,0.5,1.79,Dropout,Male,No,No,Up to Date,No,0.0,0,0.0,0.0,0.0,0,1.17,0.0
EDU-002798,1,1,2,9670,1,1,123.0,1,1,38,7,7,120.6,1,0,0,1,1,0,19,0,0,6,6,6,13.333333333333334,0,0,6,8,5,14.0,0,8.9,1.4,3.51,Graduate,Male,No,No,Up to Date,Yes,0.67,-1,1.0,0.8333,11.44,0,1.0,0.67
EDU-002799,1,42,1,9500,1,1,150.0,1,19,1,9,3,110.0,1,0,0,1,1,1,33,0,6,14,20,14,13.072857142857144,6,6,14,20,14,13.072857142857144,6,9.4,-0.8,-3.12,Graduate,Male,Yes,No,Up to Date,Yes,0.0,0,1.0,1.0,13.07,0,2.33,0.0
EDU-002800,1,42,1,9119,1,1,120.0,1,1,1,5,7,108.6,0,0,0,0,1,0,34,0,2,7,13,5,12.0,0,2,7,7,3,11.0,0,15.5,2.8,-4.06,Dropout,Male,No,No,In Arrears,No,-1.0,-2,0.7143,0.4286,4.89,0,1.17,1.0
EDU-002801,1,1,1,9254,1,1,145.0,1,3,19,3,8,134.9,1,0,0,1,0,0,18,0,0,6,6,6,15.5,0,0,6,6,6,16.0,0,12.4,0.5,1.79,Graduate,Female,No,No,Up to Date,Yes,0.5,0,1.0,1.0,15.8,0,1.0,0.5
EDU-002802,1,44,1,9130,1,39,120.0,1,3,1,2,4,120.0,1,0,0,1,0,0,20,0,0,6,6,0,0.0,0,0,6,6,0,0.0,0,12.4,0.5,1.79,Dropout,Female,No,No,Up to Date,Yes,0.0,0,0.0,0.0,0.0,0,1.0,0.0
EDU-002803,1,1,1,9773,1,1,142.0,1,19,37,4,7,141.3,0,0,0,1,0,1,19,0,0,6,7,6,14.714285714285714,0,0,6,6,6,15.166666666666666,0,13.9,-0.3,0.79,Graduate,Female,Yes,No,Up to Date,No,0.45,0,1.0,1.0,14.99,0,1.0,0.45
EDU-002804,1,1,3,9085,1,1,147.0,1,19,19,9,1,135.6,1,0,0,1,0,0,20,0,0,6,7,6,16.714285714285715,0,0,6,6,6,15.333333333333334,0,13.9,-0.3,0.79,Graduate,Female,No,No,Up to Date,Yes,-1.38,0,1.0,1.0,15.89,0,1.0,1.38
EDU-002805,1,1,1,9238,1,1,125.0,1,19,19,9,9,121.5,1,0,0,1,0,1,19,0,0,6,9,6,10.857142857142858,0,0,6,7,6,11.666666666666666,0,12.4,0.5,1.79,Graduate,Female,Yes,No,Up to Date,Yes,0.81,0,1.0,1.0,11.34,0,1.0,0.81
EDU-002806,1,1,4,9500,1,1,126.0,1,19,19,9,9,125.0,1,0,0,1,0,0,19,0,0,7,8,6,11.658333333333331,0,0,8,11,6,12.416666666666666,0,12.4,0.5,1.79,Graduate,Female,No,No,Up to Date,Yes,0.76,0,0.8571,0.75,9.09,0,1.17,0.76
EDU-002807,1,18,2,9773,1,1,132.0,24,37,19,9,7,119.1,1,0,0,1,0,1,22,1,0,6,8,5,11.6,0,0,6,7,6,12.0,0,9.4,-0.8,-3.12,Graduate,Female,Yes,No,Up to Date,Yes,0.4,1,0.8333,1.0,11.84,0,1.0,0.4
EDU-002808,1,1,1,9670,1,1,122.0,1,12,12,5,7,126.6,1,0,0,1,0,0,18,0,0,6,8,6,14.625,0,0,6,9,6,14.142857142857142,0,11.1,0.6,2.02,Enrolled,Female,No,No,Up to Date,Yes,-0.48,0,1.0,1.0,14.34,0,1.0,0.48
EDU-002809,1,1,1,9773,1,1,123.0,1,1,38,9,9,116.7,0,0,0,1,0,1,18,0,0,6,6,6,12.166666666666666,0,0,6,8,6,12.666666666666666,0,12.4,0.5,1.79,Graduate,Female,Yes,No,Up to Date,No,0.5,0,1.0,1.0,12.47,0,1.0,0.5
EDU-002810,1,1,3,9500,1,1,126.0,1,1,19,131,181,120.1,1,0,0,1,0,0,19,0,0,7,12,4,13.375,0,0,7,8,6,12.116666666666667,0,12.4,0.5,1.79,Enrolled,Female,No,No,Up to Date,Yes,-1.26,2,0.5714,0.8571,10.82,0,1.17,1.26
EDU-002811,1,1,1,9853,1,1,128.0,1,38,37,9,9,124.9,0,0,0,1,0,1,19,0,0,6,6,6,12.5,0,0,6,6,6,12.833333333333334,0,12.7,3.7,-1.7,Graduate,Female,Yes,No,Up to Date,No,0.33,0,1.0,1.0,12.7,0,1.0,0.33
EDU-002812,1,39,1,9500,1,1,100.0,1,19,1,1,90,114.0,1,0,1,0,0,0,31,0,0,7,8,5,12.56,0,0,7,8,5,12.56,0,7.6,2.6,0.32,Dropout,Female,No,Yes,In Arrears,Yes,0.0,0,0.7143,0.7143,8.97,1,1.17,0.0
EDU-002813,1,17,5,9500,1,1,140.0,1,1,1,4,3,131.1,1,0,0,1,0,0,18,0,0,7,7,7,13.19,0,0,8,8,8,14.23125,0,11.1,0.6,2.02,Graduate,Female,No,No,Up to Date,Yes,1.04,1,1.0,1.0,13.81,0,1.17,1.04
EDU-002814,1,1,1,9238,1,1,145.0,1,1,19,9,9,129.3,0,0,1,1,0,1,19,0,0,6,11,3,11.0,0,0,6,9,4,11.25,0,10.8,1.4,1.74,Graduate,Female,Yes,Yes,Up to Date,No,0.25,1,0.5,0.6667,7.43,0,1.0,0.25
EDU-002815,1,1,1,171,1,1,143.0,1,3,38,2,10,129.7,1,0,0,1,0,0,18,0,0,0,0,0,0.0,0,0,0,0,0,0.0,0,13.9,-0.3,0.79,Graduate,Female,No,No,Up to Date,Yes,0.0,0,0.0,0.0,0.0,0,0.0,0.0
EDU-002816,1,17,1,9238,1,1,132.0,1,37,38,9,5,120.8,0,0,0,1,0,1,19,0,0,6,11,5,11.6,0,0,6,10,6,11.714285714285714,0,15.5,2.8,-4.06,Graduate,Female,Yes,No,Up to Date,No,0.11,1,0.8333,1.0,11.67,0,1.0,0.11
EDU-002817,1,1,1,9500,1,1,130.0,1,19,19,9,6,135.0,0,0,0,1,0,0,19,0,0,7,7,6,14.266666666666666,0,0,7,7,6,14.266666666666666,0,7.6,2.6,0.32,Graduate,Female,No,No,Up to Date,No,0.0,0,0.8571,0.8571,12.23,0,1.17,0.0
EDU-002818,1,1,1,9147,1,1,129.0,1,37,37,9,7,117.8,0,0,0,1,0,1,19,0,0,5,6,4,11.0,0,0,5,9,4,13.857142857142858,0,10.8,1.4,1.74,Enrolled,Female,Yes,No,Up to Date,No,2.86,0,0.8,0.8,10.17,0,0.83,2.86
EDU-002819,2,7,1,8014,0,3,124.4,1,37,34,0,0,130.0,0,0,0,1,0,0,30,0,8,10,11,9,12.666666666666666,0,3,7,7,7,12.428571428571429,1,7.6,2.6,0.32,Graduate,Female,No,No,Up to Date,No,-0.24,-2,0.9,1.0,12.52,0,1.67,0.24
EDU-002820,1,43,1,9773,1,1,127.0,1,19,1,5,5,117.6,1,0,0,1,0,0,18,0,0,6,6,0,0.0,0,0,6,10,3,11.0,0,16.2,0.3,-0.92,Enrolled,Female,No,No,Up to Date,Yes,11.0,3,0.0,0.5,3.3,0,1.0,11.0
EDU-002821,1,18,6,9500,1,1,144.0,1,1,1,3,6,130.8,1,0,0,1,0,0,18,0,0,8,11,7,12.771428571428572,0,0,8,11,7,12.771428571428572,0,12.7,3.7,-1.7,Graduate,Female,No,No,Up to Date,Yes,0.0,0,0.875,0.875,11.18,0,1.33,0.0
EDU-002822,1,18,5,9085,1,1,121.0,1,5,3,2,3,111.9,1,0,0,1,0,0,21,0,0,5,12,0,0.0,3,0,5,5,0,0.0,0,12.7,3.7,-1.7,Dropout,Female,No,No,Up to Date,Yes,0.0,0,0.0,0.0,0.0,0,0.83,0.0
EDU-002823,1,44,1,9238,1,1,150.0,1,1,38,4,9,145.9,0,0,0,1,0,1,19,0,3,6,6,6,15.5,0,2,6,7,6,13.571428571428571,0,13.9,-0.3,0.79,Graduate,Female,Yes,No,Up to Date,No,-1.93,0,1.0,1.0,14.34,0,1.0,1.93
EDU-002824,1,17,1,9670,1,1,115.0,1,1,1,4,4,109.1,1,0,0,1,0,1,19,0,0,6,7,6,13.285714285714286,0,0,6,9,5,14.6,0,12.4,0.5,1.79,Enrolled,Female,Yes,No,Up to Date,Yes,1.31,-1,1.0,0.8333,11.73,0,1.0,1.31
EDU-002825,1,1,5,9500,1,1,125.0,1,3,19,4,8,120.3,1,0,0,1,0,0,19,0,0,7,11,5,11.716666666666669,0,0,7,8,5,13.7,0,13.9,-0.3,0.79,Enrolled,Female,No,No,Up to Date,Yes,1.98,0,0.7143,0.7143,9.22,0,1.17,1.98
EDU-002826,1,17,1,9130,1,1,117.0,1,19,19,4,4,113.5,1,0,0,1,0,0,19,0,0,6,8,6,11.333333333333334,0,0,6,12,4,13.75,0,8.9,1.4,3.51,Dropout,Female,No,No,Up to Date,Yes,2.42,-2,1.0,0.6667,8.52,0,1.0,2.42
EDU-002827,1,1,2,9670,1,1,121.0,1,1,19,4,7,135.4,1,0,0,1,0,1,19,0,0,6,6,6,13.333333333333334,0,0,6,10,5,13.4,0,8.9,1.4,3.51,Graduate,Female,Yes,No,Up to Date,Yes,0.07,-1,1.0,0.8333,11.14,0,1.0,0.07
EDU-002828,2,39,1,9991,0,1,140.0,1,37,37,9,6,130.2,0,0,0,1,0,1,39,0,0,5,13,4,12.333333333333334,0,0,5,14,2,10.0,4,16.2,0.3,-0.92,Graduate,Female,Yes,No,Up to Date,No,-2.33,-2,0.8,0.4,4.37,0,0.83,2.33
EDU-002829,1,1,2,9070,1,1,129.0,1,3,4,2,2,136.4,1,0,0,1,0,0,18,0,0,6,6,6,12.333333333333334,0,0,6,6,6,12.833333333333334,0,7.6,2.6,0.32,Enrolled,Female,No,No,Up to Date,Yes,0.5,0,1.0,1.0,12.63,0,1.0,0.5
EDU-002830,1,17,1,171,1,1,130.0,1,3,1,9,9,126.9,1,0,0,1,0,0,20,0,0,0,0,0,0.0,0,0,0,0,0,0.0,0,12.7,3.7,-1.7,Dropout,Female,No,No,Up to Date,Yes,0.0,0,0.0,0.0,0.0,0,0.0,0.0
EDU-002831,1,17,5,9147,1,1,131.0,1,19,38,3,10,119.8,1,0,0,1,0,0,19,0,0,5,8,5,12.6,0,0,5,9,4,11.6,0,8.9,1.4,3.51,Graduate,Female,No,No,Up to Date,Yes,-1.0,-1,1.0,0.8,9.6,0,0.83,1.0
EDU-002832,1,17,3,9147,1,1,137.0,1,1,1,4,7,124.4,1,0,0,1,0,0,18,0,0,5,5,5,12.6,0,0,5,5,4,11.0,0,11.1,0.6,2.02,Enrolled,Female,No,No,Up to Date,Yes,-1.6,-1,1.0,0.8,9.31,0,0.83,1.6
EDU-002833,2,39,1,9003,1,1,150.0,1,3,3,2,2,120.0,0,0,1,0,0,0,34,0,1,6,10,6,14.333333333333334,0,0,6,9,6,12.833333333333334,0,11.1,0.6,2.02,Enrolled,Female,No,Yes,In Arrears,No,-1.5,0,1.0,1.0,13.43,1,1.0,1.5
EDU-002834,1,1,2,9670,1,1,117.0,1,37,37,9,9,111.8,0,0,0,1,0,0,22,0,0,5,8,3,12.0,0,0,5,9,2,11.0,1,7.6,2.6,0.32,Enrolled,Female,No,No,Up to Date,No,-1.0,-1,0.6,0.4,4.56,0,0.83,1.0
EDU-002835,1,39,1,9085,1,1,133.1,1,19,19,7,7,130.0,1,0,0,1,0,0,24,0,0,6,7,6,14.857142857142858,0,0,6,10,5,13.6,0,13.9,-0.3,0.79,Graduate,Female,No,No,Up to Date,Yes,-1.26,-1,1.0,0.8333,11.75,0,1.0,1.26
EDU-002836,2,43,1,9147,1,1,130.0,1,19,37,7,10,138.0,0,0,0,1,0,0,34,0,12,15,17,12,11.916666666666666,0,11,13,13,11,13.181818181818182,0,7.6,2.6,0.32,Graduate,Female,No,No,Up to Date,No,1.27,-1,0.8,0.8462,10.73,0,2.5,1.27
EDU-002837,2,39,1,9991,0,1,110.0,1,34,34,0,0,114.6,1,0,0,1,0,0,46,0,0,5,5,0,0.0,0,0,5,5,0,0.0,0,7.6,2.6,0.32,Dropout,Female,No,No,Up to Date,Yes,0.0,0,0.0,0.0,0.0,0,0.83,0.0
EDU-002838,2,39,2,9147,1,1,140.0,1,37,37,9,8,108.0,0,0,0,1,0,0,50,0,0,5,12,3,13.333333333333334,1,0,5,8,5,12.2,0,9.4,-0.8,-3.12,Enrolled,Female,No,No,Up to Date,No,-1.13,2,0.6,1.0,12.65,0,0.83,1.13
EDU-002839,1,39,1,9991,0,1,140.0,1,37,37,9,5,140.0,0,0,0,0,0,0,37,0,0,5,5,0,0.0,0,0,5,5,0,0.0,0,15.5,2.8,-4.06,Dropout,Female,No,No,In Arrears,No,0.0,0,0.0,0.0,0.0,0,0.83,0.0
EDU-002840,1,1,2,9085,1,1,148.0,1,38,19,4,9,134.7,1,0,0,1,0,0,18,0,0,6,6,6,17.0,0,0,6,6,6,15.5,0,8.9,1.4,3.51,Graduate,Female,No,No,Up to Date,Yes,-1.5,0,1.0,1.0,16.1,0,1.0,1.5
EDU-002841,1,39,1,9085,1,1,130.0,1,37,37,6,6,110.0,0,0,0,1,0,1,25,0,0,6,13,3,11.666666666666666,0,0,6,14,2,11.333333333333334,0,11.1,0.6,2.02,Enrolled,Female,Yes,No,Up to Date,No,-0.33,-1,0.5,0.3333,3.82,0,1.0,0.33
EDU-002842,2,39,1,9003,1,1,140.0,1,37,37,9,6,104.8,0,0,0,1,0,0,46,0,14,19,24,19,12.210526315789474,0,11,13,13,13,11.384615384615383,0,15.5,2.8,-4.06,Graduate,Female,No,No,Up to Date,No,-0.83,-6,1.0,1.0,11.71,0,3.17,0.83
EDU-002843,2,39,1,9070,1,1,160.0,1,3,1,2,5,126.5,0,0,0,1,0,1,30,0,1,6,8,6,13.0,1,0,6,9,5,12.857142857142858,0,13.9,-0.3,0.79,Graduate,Female,Yes,No,Up to Date,No,-0.14,-1,1.0,0.8333,10.76,0,1.0,0.14
EDU-002844,4,1,1,9991,0,1,130.0,1,37,37,9,9,118.1,0,0,1,0,0,0,37,0,0,5,0,0,0.0,0,0,5,0,0,0.0,0,12.7,3.7,-1.7,Dropout,Female,No,Yes,In Arrears,No,0.0,0,0.0,0.0,0.0,1,0.83,0.0
EDU-002845,2,39,1,9991,0,1,120.0,1,37,37,9,9,119.9,0,0,0,1,0,0,50,0,0,5,9,2,10.5,0,0,5,7,3,11.0,0,12.7,3.7,-1.7,Enrolled,Female,No,No,Up to Date,No,0.5,1,0.4,0.6,6.48,0,0.83,0.5
EDU-002846,1,44,1,9003,1,39,160.0,1,38,38,9,6,160.0,1,0,0,1,0,0,20,0,0,6,7,6,13.571428571428571,0,0,6,9,6,12.714285714285714,0,12.4,0.5,1.79,Graduate,Female,No,No,Up to Date,Yes,-0.86,0,1.0,1.0,13.06,0,1.0,0.86
EDU-002847,2,39,2,9556,1,12,133.1,1,34,34,99,99,100.5,0,0,0,1,0,0,39,0,0,3,7,1,14.0,0,0,2,4,0,0.0,0,11.1,0.6,2.02,Dropout,Female,No,No,Up to Date,No,-14.0,-1,0.3333,0.0,0.0,0,0.5,14.0
EDU-002848,2,39,1,9773,1,19,133.1,1,37,37,9,6,110.0,0,0,0,0,0,0,53,0,0,5,5,0,0.0,0,0,4,5,0,0.0,0,15.5,2.8,-4.06,Dropout,Female,No,No,In Arrears,No,0.0,0,0.0,0.0,0.0,0,0.83,0.0
EDU-002849,2,42,1,9147,1,1,100.0,1,37,37,9,9,100.0,1,0,0,1,0,0,54,0,13,15,20,13,12.461538461538462,1,10,13,13,10,11.1,1,15.5,2.8,-4.06,Dropout,Female,No,No,Up to Date,Yes,-1.36,-3,0.8667,0.7692,8.96,0,2.5,1.36
EDU-002850,1,44,1,9085,1,39,140.0,1,3,3,4,2,140.0,1,0,0,1,0,0,19,0,0,6,8,4,14.4,0,0,6,6,5,13.0,0,13.9,-0.3,0.79,Graduate,Female,No,No,Up to Date,Yes,-1.4,1,0.6667,0.8333,11.3,0,1.0,1.4
EDU-002851,1,18,2,9773,1,1,109.0,1,1,1,4,4,109.0,1,0,0,0,0,0,20,0,0,6,6,0,0.0,0,0,6,0,0,0.0,0,8.9,1.4,3.51,Dropout,Female,No,No,In Arrears,Yes,0.0,0,0.0,0.0,0.0,0,1.0,0.0
EDU-002852,1,1,3,9773,1,1,130.0,1,1,37,4,5,120.9,1,0,1,1,0,0,18,0,0,6,6,6,14.333333333333334,0,0,6,6,6,14.166666666666666,0,8.9,1.4,3.51,Graduate,Female,No,Yes,Up to Date,Yes,-0.17,0,1.0,1.0,14.23,0,1.0,0.17
EDU-002853,1,53,1,9003,1,42,130.0,1,1,1,144,144,125.8,0,0,1,1,0,0,21,0,7,13,21,11,11.909090909090908,0,5,11,14,11,10.727272727272728,0,8.9,1.4,3.51,Graduate,Female,No,Yes,Up to Date,No,-1.18,0,0.8462,1.0,11.2,0,2.17,1.18
EDU-002854,1,18,3,9070,1,1,164.0,1,1,1,5,3,161.2,1,0,0,1,0,0,18,0,1,6,8,6,13.714285714285714,1,0,6,8,6,14.375,0,13.9,-0.3,0.79,Graduate,Female,No,No,Up to Date,Yes,0.66,0,1.0,1.0,14.11,0,1.0,0.66
EDU-002855,1,1,1,9500,1,1,125.0,1,19,19,9,10,122.0,1,0,1,1,0,0,19,0,0,7,0,0,0.0,0,0,8,0,0,0.0,0,11.1,0.6,2.02,Dropout,Female,No,Yes,Up to Date,Yes,0.0,0,0.0,0.0,0.0,0,1.17,0.0
EDU-002856,1,17,1,9500,1,1,137.0,1,1,1,9,9,127.9,1,0,0,1,0,1,18,0,0,7,10,5,13.46,0,0,7,8,7,12.2375,0,11.1,0.6,2.02,Dropout,Female,Yes,No,Up to Date,Yes,-1.22,2,0.7143,1.0,12.73,0,1.17,1.22
EDU-002857,1,1,1,9773,1,1,133.0,1,1,3,3,3,135.8,1,0,0,1,0,0,19,0,0,6,6,6,15.0,0,0,6,6,6,13.333333333333334,0,11.1,0.6,2.02,Graduate,Female,No,No,Up to Date,Yes,-1.67,0,1.0,1.0,14.0,0,1.0,1.67
EDU-002858,1,1,1,171,1,1,163.0,1,1,1,4,3,149.7,1,0,0,1,0,1,18,0,0,0,0,0,0.0,0,0,0,0,0,0.0,0,13.9,-0.3,0.79,Dropout,Female,Yes,No,Up to Date,Yes,0.0,0,0.0,0.0,0.0,0,0.0,0.0
EDU-002859,1,1,2,9670,1,1,160.0,1,2,1,4,4,137.3,1,0,0,1,0,0,19,0,0,6,7,5,13.4,0,0,6,6,5,12.8,0,12.7,3.7,-1.7,Graduate,Female,No,No,Up to Date,Yes,-0.6,0,0.8333,0.8333,10.87,0,1.0,0.6
EDU-002860,4,43,1,8014,0,12,133.1,1,34,34,0,0,106.0,1,0,0,1,0,0,48,0,0,6,9,5,13.0,0,0,6,10,4,12.5,0,7.6,2.6,0.32,Enrolled,Female,No,No,Up to Date,Yes,-0.5,-1,0.8333,0.6667,8.47,0,1.0,0.5
EDU-002861,4,43,1,9238,1,1,120.0,1,37,37,9,9,110.0,0,0,1,1,0,0,34,0,0,6,13,4,11.25,0,0,6,8,4,13.75,0,13.9,-0.3,0.79,Graduate,Female,No,Yes,Up to Date,No,2.5,0,0.6667,0.6667,8.5,0,1.0,2.5
EDU-002862,1,1,1,9085,1,1,140.0,1,3,3,2,2,146.4,0,0,0,1,0,0,18,0,0,5,5,5,12.6,0,0,5,7,5,11.6,0,7.6,2.6,0.32,Graduate,Female,No,No,Up to Date,No,-1.0,0,1.0,1.0,12.0,0,0.83,1.0
EDU-002863,2,39,1,8014,0,1,140.0,1,37,37,9,9,121.0,0,0,0,1,0,0,50,0,0,6,8,6,12.666666666666666,0,0,6,6,6,11.833333333333334,0,10.8,1.4,1.74,Graduate,Female,No,No,Up to Date,No,-0.83,0,1.0,1.0,12.17,0,1.0,0.83
EDU-002864,1,43,1,9853,1,1,140.0,1,37,37,6,6,125.2,0,0,1,1,0,0,41,0,20,21,23,21,12.333333333333334,0,19,19,19,19,12.105263157894736,0,12.4,0.5,1.79,Graduate,Female,No,Yes,Up to Date,No,-0.23,-2,1.0,1.0,12.2,0,3.5,0.23
EDU-002865,1,17,2,9773,1,1,115.0,1,1,1,5,5,119.6,1,0,0,1,0,1,22,0,0,6,11,5,12.0,0,0,6,11,5,11.0,0,7.6,2.6,0.32,Dropout,Female,Yes,No,Up to Date,Yes,-1.0,0,0.8333,0.8333,9.5,0,1.0,1.0
EDU-002866,4,39,1,9147,1,1,140.0,1,37,37,9,9,142.8,0,0,0,1,0,0,43,0,0,5,5,5,16.4,0,0,5,5,5,16.6,0,7.6,2.6,0.32,Graduate,Female,No,No,Up to Date,No,0.2,0,1.0,1.0,16.52,0,0.83,0.2
EDU-002867,2,39,1,8014,0,19,133.1,1,3,19,90,90,123.5,0,0,0,1,0,0,50,0,0,1,1,0,0.0,1,0,6,0,0,0.0,0,10.8,1.4,1.74,Dropout,Female,No,No,Up to Date,No,0.0,0,0.0,0.0,0.0,0,0.17,0.0
EDU-002868,1,39,1,9003,1,19,133.1,1,37,37,9,9,100.0,0,0,0,1,0,0,60,0,0,6,10,6,12.75,0,0,6,6,4,14.75,0,13.9,-0.3,0.79,Graduate,Female,No,No,Up to Date,No,2.0,-2,1.0,0.6667,9.3,0,1.0,2.0
EDU-002869,2,39,1,9147,1,1,110.0,1,37,37,9,10,140.0,0,0,0,1,0,0,41,0,0,5,14,4,14.5,1,0,5,12,5,13.0,0,9.4,-0.8,-3.12,Enrolled,Female,No,No,Up to Date,No,-1.5,1,0.8,1.0,13.6,0,0.83,1.5
EDU-002870,2,39,1,9991,0,19,133.1,1,37,37,9,9,150.3,0,0,0,1,0,0,47,0,0,5,5,5,14.8,0,0,5,5,5,14.4,0,7.6,2.6,0.32,Graduate,Female,No,No,Up to Date,No,-0.4,0,1.0,1.0,14.56,0,0.83,0.4
EDU-002871,1,1,1,171,1,3,116.0,1,3,3,2,2,128.2,0,0,0,1,0,0,22,0,12,17,22,17,10.36842105263158,0,14,17,18,17,11.5,0,11.1,0.6,2.02,Graduate,Female,No,No,Up to Date,No,1.13,0,1.0,1.0,11.05,0,2.83,1.13
EDU-002872,2,39,1,9500,1,1,110.0,1,37,37,9,6,114.3,0,0,0,1,0,0,41,0,0,7,0,0,0.0,0,0,8,0,0,0.0,0,10.8,1.4,1.74,Dropout,Female,No,No,Up to Date,No,0.0,0,0.0,0.0,0.0,0,1.17,0.0
EDU-002873,2,43,1,9991,0,1,140.0,1,38,37,5,6,117.3,0,0,0,1,0,0,28,0,6,10,15,6,10.666666666666666,0,5,10,17,9,11.333333333333334,1,7.6,2.6,0.32,Enrolled,Female,No,No,Up to Date,No,0.67,3,0.6,0.9,9.96,0,1.67,0.67
EDU-002874,5,42,1,9254,1,2,120.0,1,37,37,4,9,120.0,0,0,0,1,0,0,32,0,9,15,21,13,12.692307692307692,0,12,15,22,13,12.384615384615383,0,10.8,1.4,1.74,Graduate,Female,No,No,Up to Date,No,-0.31,0,0.8667,0.8667,10.84,0,2.5,0.31
EDU-002875,2,39,1,9991,0,12,133.1,1,37,34,90,90,110.7,1,0,0,1,0,0,50,0,0,5,0,0,0.0,0,0,5,0,0,0.0,0,7.6,2.6,0.32,Dropout,Female,No,No,Up to Date,Yes,0.0,0,0.0,0.0,0.0,0,0.83,0.0
EDU-002876,1,51,1,9147,1,1,160.0,1,1,37,9,10,118.0,0,0,0,1,0,0,53,0,14,15,15,15,11.8,0,12,13,13,12,11.666666666666666,1,8.9,1.4,3.51,Enrolled,Female,No,No,Up to Date,No,-0.13,-3,1.0,0.9231,10.82,0,2.5,0.13
EDU-002877,1,39,1,9556,1,1,133.1,6,3,3,4,4,169.2,0,0,1,0,0,0,54,1,0,7,7,0,0.0,0,0,5,10,0,0.0,0,12.4,0.5,1.79,Dropout,Female,No,Yes,In Arrears,No,0.0,0,0.0,0.0,0.0,1,1.17,0.0
EDU-002878,1,39,1,8014,0,1,120.0,1,37,37,9,7,106.8,0,0,0,1,0,0,49,0,0,6,9,5,12.333333333333334,0,0,6,12,4,11.5,0,13.9,-0.3,0.79,Enrolled,Female,No,No,Up to Date,No,-0.83,-1,0.8333,0.6667,7.89,0,1.0,0.83
EDU-002879,2,42,1,9853,1,1,133.1,1,37,37,4,7,100.0,0,0,0,1,0,0,34,0,6,12,18,11,13.0,0,4,13,22,8,11.875,0,12.7,3.7,-1.7,Dropout,Female,No,No,Up to Date,No,-1.12,-3,0.9167,0.6154,7.58,0,2.0,1.12
EDU-002880,4,39,1,8014,0,1,133.1,1,38,37,5,7,144.5,0,0,0,1,0,0,45,0,0,6,13,4,12.5,0,0,6,8,3,11.666666666666666,0,16.2,0.3,-0.92,Dropout,Female,No,No,Up to Date,No,-0.83,-1,0.6667,0.5,6.0,0,1.0,0.83
EDU-002881,4,39,1,8014,0,19,133.1,1,37,37,9,7,134.5,0,0,0,1,0,1,47,0,0,6,8,5,12.2,0,0,6,10,4,11.25,0,12.4,0.5,1.79,Graduate,Female,Yes,No,Up to Date,No,-0.95,-1,0.8333,0.6667,7.75,0,1.0,0.95
EDU-002882,1,43,1,9238,1,1,122.0,1,19,19,5,5,114.3,1,0,0,1,0,0,22,0,5,10,15,8,11.0,0,2,7,16,5,11.2,0,9.4,-0.8,-3.12,Enrolled,Female,No,No,Up to Date,Yes,0.2,-3,0.8,0.7143,7.94,0,1.67,0.2
EDU-002883,2,39,1,9991,0,1,133.1,1,37,37,9,9,113.4,0,0,0,1,0,0,33,0,0,5,14,1,10.0,0,0,5,13,2,12.0,0,12.4,0.5,1.79,Dropout,Female,No,No,Up to Date,No,2.0,1,0.2,0.4,4.48,0,0.83,2.0
EDU-002884,2,39,1,8014,0,1,140.0,1,37,37,9,9,128.0,0,0,0,1,0,1,43,0,0,6,7,6,12.333333333333334,0,0,6,8,6,11.5,0,8.9,1.4,3.51,Graduate,Female,Yes,No,Up to Date,No,-0.83,0,1.0,1.0,11.83,0,1.0,0.83
EDU-002885,1,7,1,9003,1,3,120.0,1,37,37,6,6,120.0,0,0,0,1,0,0,54,0,9,13,13,13,14.307692307692308,0,5,12,15,12,15.23076923076923,0,15.5,2.8,-4.06,Graduate,Female,No,No,Up to Date,No,0.92,-1,1.0,1.0,14.86,0,2.17,0.92
EDU-002886,1,39,1,8014,0,2,130.0,1,37,37,5,7,147.5,0,0,0,1,0,0,39,0,7,11,13,11,14.454545454545457,0,6,8,8,8,13.5,0,12.7,3.7,-1.7,Graduate,Female,No,No,Up to Date,No,-0.95,-3,1.0,1.0,13.88,0,1.83,0.95
EDU-002887,2,39,1,9991,0,1,120.0,1,37,37,9,9,120.7,0,0,0,1,0,0,39,0,0,5,6,5,11.0,0,0,5,5,5,13.2,0,7.6,2.6,0.32,Graduate,Female,No,No,Up to Date,No,2.2,0,1.0,1.0,12.32,0,0.83,2.2
EDU-002888,1,1,1,9853,1,1,153.0,1,19,37,9,9,153.7,0,0,0,1,0,1,18,0,0,6,8,6,13.142857142857142,0,0,6,6,6,12.833333333333334,0,15.5,2.8,-4.06,Graduate,Female,Yes,No,Up to Date,No,-0.31,0,1.0,1.0,12.96,0,1.0,0.31
EDU-002889,1,17,1,9238,1,1,131.0,1,37,37,9,7,121.9,0,0,0,1,0,1,19,0,0,6,8,6,13.75,0,0,6,7,6,11.857142857142858,0,16.2,0.3,-0.92,Graduate,Female,Yes,No,Up to Date,No,-1.89,0,1.0,1.0,12.61,0,1.0,1.89
EDU-002890,1,17,4,9670,1,1,126.0,1,38,19,9,6,119.4,1,0,0,1,0,1,18,0,0,6,6,6,14.0,0,0,6,9,5,13.8,0,8.9,1.4,3.51,Graduate,Female,Yes,No,Up to Date,Yes,-0.2,-1,1.0,0.8333,11.57,0,1.0,0.2
EDU-002891,2,39,1,8014,0,12,110.0,1,34,34,0,0,157.8,0,0,0,1,0,0,44,0,5,8,13,8,13.75,0,2,6,9,6,12.5,0,7.6,2.6,0.32,Graduate,Female,No,No,Up to Date,No,-1.25,-2,1.0,1.0,13.0,0,1.33,1.25
EDU-002892,1,39,1,9991,0,1,150.0,1,3,1,3,9,154.0,0,0,0,1,0,0,27,0,0,5,5,0,0.0,0,0,5,6,0,0.0,0,12.4,0.5,1.79,Dropout,Female,No,No,Up to Date,No,0.0,0,0.0,0.0,0.0,0,0.83,0.0
EDU-002893,1,1,2,9670,1,1,131.0,1,1,19,4,7,135.9,1,0,0,1,0,1,18,0,0,6,6,6,13.166666666666666,0,0,6,8,6,12.428571428571429,0,8.9,1.4,3.51,Graduate,Female,Yes,No,Up to Date,Yes,-0.74,0,1.0,1.0,12.72,0,1.0,0.74
EDU-002894,2,43,1,8014,0,1,130.0,1,34,34,0,0,130.0,0,0,0,1,0,0,45,0,10,12,12,9,12.444444444444445,3,4,7,8,6,12.0,0,9.4,-0.8,-3.12,Dropout,Female,No,No,Up to Date,No,-0.44,-3,0.75,0.8571,10.44,0,2.0,0.44
EDU-002895,1,17,4,9853,1,1,122.0,1,38,37,9,9,118.9,1,0,0,1,0,0,20,0,0,6,7,6,12.666666666666666,0,0,6,7,5,13.0,0,7.6,2.6,0.32,Graduate,Female,No,No,Up to Date,Yes,0.33,-1,1.0,0.8333,10.72,0,1.0,0.33
EDU-002896,2,1,1,8014,0,1,151.0,1,37,37,9,9,152.4,0,0,0,1,0,0,40,0,0,6,7,6,11.333333333333334,0,0,6,7,6,10.5,0,10.8,1.4,1.74,Graduate,Female,No,No,Up to Date,No,-0.83,0,1.0,1.0,10.83,0,1.0,0.83
EDU-002897,1,39,1,9991,0,1,120.0,1,37,37,6,6,147.8,0,0,0,1,0,0,40,0,0,5,9,4,11.25,0,0,5,6,5,12.0,0,13.9,-0.3,0.79,Enrolled,Female,No,No,Up to Date,No,0.75,1,0.8,1.0,11.7,0,0.83,0.75
EDU-002898,1,43,1,9500,1,1,136.0,1,3,3,2,2,100.0,0,0,0,1,0,0,18,0,0,7,8,7,13.6125,0,0,8,8,8,14.575,0,13.9,-0.3,0.79,Graduate,Female,No,No,Up to Date,No,0.96,1,1.0,1.0,14.19,0,1.17,0.96
EDU-002899,1,18,6,9500,1,1,140.0,1,3,19,3,8,129.0,1,0,0,1,0,0,21,0,0,8,8,7,12.414285714285716,0,0,8,8,7,12.414285714285716,0,12.7,3.7,-1.7,Graduate,Female,No,No,Up to Date,Yes,0.0,0,0.875,0.875,10.86,0,1.33,0.0
EDU-002900,1,17,2,171,1,1,131.0,1,2,1,3,3,148.9,1,0,0,1,0,0,20,0,0,0,0,0,0.0,0,0,0,0,0,0.0,0,9.4,-0.8,-3.12,Graduate,Female,No,No,Up to Date,Yes,0.0,0,0.0,0.0,0.0,0,0.0,0.0
EDU-002901,2,43,1,9991,0,2,120.0,1,37,37,9,8,120.0,0,0,0,1,0,0,36,0,8,12,21,11,11.5,0,7,12,22,12,11.4375,0,9.4,-0.8,-3.12,Enrolled,Female,No,No,Up to Date,No,-0.06,1,0.9167,1.0,11.46,0,2.0,0.06
EDU-002902,2,7,1,8014,0,3,170.0,1,19,19,4,4,170.0,0,0,0,1,0,0,27,0,0,5,5,0,0.0,0,0,6,0,0,0.0,0,9.4,-0.8,-3.12,Dropout,Female,No,No,Up to Date,No,0.0,0,0.0,0.0,0.0,0,0.83,0.0
EDU-002903,2,39,1,9556,1,1,100.0,6,38,38,9,9,130.0,0,0,0,1,0,0,32,1,0,7,10,7,11.0,0,0,8,8,8,13.125,0,12.7,3.7,-1.7,Graduate,Female,No,No,Up to Date,No,2.12,1,1.0,1.0,12.28,0,1.17,2.12
EDU-002904,1,17,1,9238,1,1,116.0,1,1,1,3,3,119.2,1,0,0,1,0,1,18,0,0,6,6,6,14.0,0,0,6,6,6,13.5,0,8.9,1.4,3.51,Graduate,Female,Yes,No,Up to Date,Yes,-0.5,0,1.0,1.0,13.7,0,1.0,0.5
EDU-002905,1,39,1,8014,0,1,133.1,1,37,37,9,7,129.0,0,0,0,1,0,0,37,0,0,6,13,4,12.0,0,0,6,10,3,12.0,0,16.2,0.3,-0.92,Dropout,Female,No,No,Up to Date,No,0.0,-1,0.6667,0.5,6.0,0,1.0,0.0
EDU-002906,1,17,1,9773,1,1,136.0,1,3,1,2,3,132.5,1,0,0,1,0,0,19,0,0,6,7,6,12.5,0,0,6,7,6,12.5,0,10.8,1.4,1.74,Graduate,Female,No,No,Up to Date,Yes,0.0,0,1.0,1.0,12.5,0,1.0,0.0
EDU-002907,4,39,2,8014,0,1,160.0,1,37,38,7,5,115.0,0,0,0,1,0,1,41,0,0,6,8,6,11.333333333333334,0,0,6,9,6,11.333333333333334,0,10.8,1.4,1.74,Graduate,Female,Yes,No,Up to Date,No,0.0,0,1.0,1.0,11.33,0,1.0,0.0
EDU-002908,2,1,4,9500,1,1,140.0,1,1,37,4,9,128.0,0,0,0,1,0,1,18,0,0,7,7,6,14.066666666666668,0,0,7,7,6,14.066666666666668,0,7.6,2.6,0.32,Graduate,Female,Yes,No,Up to Date,No,0.0,0,0.8571,0.8571,12.06,0,1.17,0.0
EDU-002909,1,43,1,9085,1,1,130.0,1,37,37,90,90,125.1,0,0,0,1,0,0,21,0,2,9,14,8,13.555555555555555,0,2,7,10,7,13.571428571428571,0,7.6,2.6,0.32,Graduate,Female,No,No,Up to Date,No,0.02,-1,0.8889,1.0,13.57,0,1.5,0.02
EDU-002910,1,44,1,9003,1,1,140.0,1,1,19,3,9,140.0,1,0,1,0,0,0,23,0,0,6,13,5,11.6,0,0,6,11,4,12.25,0,12.4,0.5,1.79,Dropout,Female,No,Yes,In Arrears,Yes,0.65,-1,0.8333,0.6667,7.99,1,1.0,0.65
EDU-002911,1,17,2,9773,1,1,123.0,1,1,1,3,3,120.9,1,0,0,1,0,0,18,0,0,6,0,0,0.0,0,0,6,0,0,0.0,0,13.9,-0.3,0.79,Dropout,Female,No,No,Up to Date,Yes,0.0,0,0.0,0.0,0.0,0,1.0,0.0
EDU-002912,1,1,6,9500,1,1,143.0,1,19,19,4,4,135.3,1,0,0,1,0,0,18,0,0,8,8,8,13.27625,0,0,8,8,8,13.27625,0,9.4,-0.8,-3.12,Graduate,Female,No,No,Up to Date,Yes,0.0,0,1.0,1.0,13.28,0,1.33,0.0
EDU-002913,1,43,4,9085,1,1,133.1,1,34,34,99,99,125.2,0,0,0,1,0,0,21,0,0,6,0,0,0.0,0,0,6,0,0,0.0,0,7.6,2.6,0.32,Dropout,Female,No,No,Up to Date,No,0.0,0,0.0,0.0,0.0,0,1.0,0.0
EDU-002914,1,1,2,9238,1,1,136.0,1,22,30,0,8,135.7,1,0,0,1,0,0,19,0,0,6,8,6,14.375,0,0,6,8,6,14.75,0,7.6,2.6,0.32,Graduate,Female,No,No,Up to Date,Yes,0.38,0,1.0,1.0,14.6,0,1.0,0.38
EDU-002915,6,39,2,9147,1,1,133.1,1,37,37,9,9,110.0,0,0,0,1,0,0,47,0,0,5,0,0,0.0,0,0,5,0,0,0.0,0,9.4,-0.8,-3.12,Dropout,Female,No,No,Up to Date,No,0.0,0,0.0,0.0,0.0,0,0.83,0.0
EDU-002916,6,39,1,8014,0,1,133.1,1,37,37,9,9,119.0,0,0,0,1,0,1,48,0,0,6,7,6,10.666666666666666,0,0,6,9,5,11.8,0,10.8,1.4,1.74,Enrolled,Female,Yes,No,Up to Date,No,1.13,-1,1.0,0.8333,9.46,0,1.0,1.13
EDU-002917,2,7,1,8014,0,3,110.0,1,37,37,9,9,110.0,0,0,0,1,0,0,39,0,9,13,19,12,13.416666666666666,0,4,10,10,10,14.5,0,16.2,0.3,-0.92,Graduate,Female,No,No,Up to Date,No,1.08,-2,0.9231,1.0,14.07,0,2.17,1.08
EDU-002918,1,1,1,9500,1,1,118.0,1,38,38,7,7,115.2,1,0,0,1,0,0,19,0,0,7,9,6,12.97166666666667,0,0,8,9,7,12.321428571428571,0,11.1,0.6,2.02,Graduate,Female,No,No,Up to Date,Yes,-0.65,1,0.8571,0.875,11.01,0,1.17,0.65
EDU-002919,1,43,1,9991,0,2,110.0,1,37,37,9,9,112.9,0,0,0,1,0,0,38,0,14,15,16,14,10.928571428571429,0,12,14,16,12,11.833333333333334,0,9.4,-0.8,-3.12,Dropout,Female,No,No,Up to Date,No,0.9,-2,0.9333,0.8571,9.83,0,2.5,0.9
EDU-002920,5,39,1,9003,1,19,133.1,1,19,1,9,9,119.4,0,0,1,0,0,0,27,0,0,6,6,0,0.0,0,0,6,7,0,0.0,0,8.9,1.4,3.51,Dropout,Female,No,Yes,In Arrears,No,0.0,0,0.0,0.0,0.0,1,1.0,0.0
EDU-002921,1,1,1,171,1,1,162.0,1,19,19,4,7,152.9,1,0,0,1,0,1,18,0,0,0,0,0,0.0,0,0,0,0,0,0.0,0,12.4,0.5,1.79,Graduate,Female,Yes,No,Up to Date,Yes,0.0,0,0.0,0.0,0.0,0,0.0,0.0
EDU-002922,1,39,1,8014,0,1,155.0,1,19,37,4,5,117.5,0,0,0,1,0,0,34,0,0,6,6,4,13.25,0,0,6,6,0,0.0,0,12.7,3.7,-1.7,Enrolled,Female,No,No,Up to Date,No,-13.25,-4,0.6667,0.0,0.0,0,1.0,13.25
EDU-002923,2,39,1,9238,1,19,133.1,1,37,37,4,4,98.5,0,0,0,1,0,0,48,0,0,6,14,6,11.333333333333334,0,0,6,11,5,12.4,0,15.5,2.8,-4.06,Dropout,Female,No,No,Up to Date,No,1.07,-1,1.0,0.8333,9.98,0,1.0,1.07
EDU-002924,1,39,1,9670,1,1,150.0,1,34,34,0,0,108.0,0,0,0,1,0,0,25,0,0,5,6,1,11.0,0,0,5,5,0,0.0,0,7.6,2.6,0.32,Dropout,Female,No,No,Up to Date,No,-11.0,-1,0.2,0.0,0.0,0,0.83,11.0
EDU-002925,2,39,1,9500,1,1,133.1,1,19,37,6,6,120.0,0,0,0,1,0,1,32,0,0,8,9,7,12.757142857142856,0,0,8,9,7,12.757142857142856,0,12.7,3.7,-1.7,Graduate,Female,Yes,No,Up to Date,No,0.0,0,0.875,0.875,11.16,0,1.33,0.0
EDU-002926,1,1,1,9773,1,1,154.0,1,37,37,9,7,150.2,0,0,0,1,0,1,18,0,0,6,6,6,14.5,0,0,6,6,6,14.666666666666666,0,16.2,0.3,-0.92,Graduate,Female,Yes,No,Up to Date,No,0.17,0,1.0,1.0,14.6,0,1.0,0.17
EDU-002927,1,44,1,8014,0,39,140.0,1,1,3,4,6,139.2,0,0,1,1,0,0,20,0,3,6,6,6,13.833333333333334,0,2,6,7,6,14.571428571428571,0,12.4,0.5,1.79,Graduate,Female,No,Yes,Up to Date,No,0.74,0,1.0,1.0,14.28,0,1.0,0.74
EDU-002928,1,1,1,9147,1,1,158.0,1,19,37,9,7,130.0,1,0,0,1,0,0,20,0,0,5,8,4,11.25,0,0,5,7,5,10.4,0,7.6,2.6,0.32,Graduate,Female,No,No,Up to Date,Yes,-0.85,1,0.8,1.0,10.74,0,0.83,0.85
EDU-002929,1,1,1,171,1,1,122.0,1,37,37,9,3,115.7,1,0,0,1,0,0,20,0,0,0,0,0,0.0,0,0,0,0,0,0.0,0,9.4,-0.8,-3.12,Dropout,Female,No,No,Up to Date,Yes,0.0,0,0.0,0.0,0.0,0,0.0,0.0
EDU-002930,1,1,3,9500,1,1,136.0,1,1,1,4,4,127.0,1,0,0,1,0,0,19,0,0,8,10,1,13.67,7,0,8,10,1,13.67,7,9.4,-0.8,-3.12,Enrolled,Female,No,No,Up to Date,Yes,0.0,0,0.125,0.125,1.71,0,1.33,0.0
EDU-002931,1,39,1,9991,0,9,133.1,1,37,34,90,90,118.1,1,0,0,1,0,0,39,0,0,5,9,0,0.0,0,0,5,5,2,12.5,0,7.6,2.6,0.32,Dropout,Female,No,No,Up to Date,Yes,12.5,2,0.0,0.4,3.0,0,0.83,12.5
EDU-002932,1,1,1,9130,1,1,132.0,1,6,6,0,4,119.1,1,0,1,1,0,0,29,0,0,5,10,1,13.0,4,0,5,14,0,0.0,8,10.8,1.4,1.74,Dropout,Female,No,Yes,Up to Date,Yes,-13.0,-1,0.2,0.0,0.0,0,0.83,13.0
EDU-002933,1,39,1,9991,0,1,130.0,1,37,37,6,6,111.9,0,0,1,1,0,0,36,0,0,5,5,0,0.0,0,0,5,5,0,0.0,0,12.7,3.7,-1.7,Dropout,Female,No,Yes,Up to Date,No,0.0,0,0.0,0.0,0.0,0,0.83,0.0
EDU-002934,1,1,6,9500,1,1,144.0,1,19,19,9,9,130.5,1,0,0,1,0,0,18,0,0,8,12,7,11.971428571428572,0,0,8,12,7,11.971428571428572,0,12.7,3.7,-1.7,Graduate,Female,No,No,Up to Date,Yes,0.0,0,0.875,0.875,10.48,0,1.33,0.0
EDU-002935,2,39,1,8014,0,12,133.1,1,34,34,0,0,135.0,0,0,0,1,0,0,51,0,0,6,12,0,0.0,0,1,6,11,0,0.0,1,7.6,2.6,0.32,Dropout,Female,No,No,Up to Date,No,0.0,0,0.0,0.0,0.0,0,1.0,0.0
EDU-002936,1,43,1,9773,1,1,133.1,22,34,34,90,90,130.0,0,0,1,1,0,0,23,1,0,6,11,1,16.0,0,0,6,8,4,12.25,0,7.6,2.6,0.32,Dropout,Female,No,Yes,Up to Date,No,-3.75,3,0.1667,0.6667,9.17,0,1.0,3.75
EDU-002937,1,44,1,9085,1,1,150.0,1,29,10,6,6,150.0,1,0,0,1,0,0,21,0,0,6,0,0,0.0,0,0,6,0,0,0.0,0,10.8,1.4,1.74,Dropout,Female,No,No,Up to Date,Yes,0.0,0,0.0,0.0,0.0,0,1.0,0.0
EDU-002938,1,43,5,9853,1,1,150.0,1,34,34,0,0,150.2,1,0,0,0,0,0,28,0,0,6,9,4,12.75,1,0,5,5,0,0.0,5,9.4,-0.8,-3.12,Dropout,Female,No,No,In Arrears,Yes,-12.75,-4,0.6667,0.0,0.0,0,1.0,12.75
EDU-002939,2,39,1,9991,0,1,110.0,1,37,37,9,3,127.1,0,0,0,1,0,0,34,0,0,5,9,4,11.0,0,0,5,10,4,10.75,1,7.6,2.6,0.32,Enrolled,Female,No,No,Up to Date,No,-0.25,0,0.8,0.8,8.68,0,0.83,0.25
EDU-002940,1,39,1,8014,0,1,100.0,1,37,37,6,5,107.5,0,0,0,1,0,0,41,0,0,2,2,0,0.0,0,0,6,0,0,0.0,0,12.7,3.7,-1.7,Dropout,Female,No,No,Up to Date,No,0.0,0,0.0,0.0,0.0,0,0.33,0.0
EDU-002941,4,39,1,8014,0,3,100.0,1,37,37,9,9,130.0,0,0,0,1,0,1,43,0,0,6,7,5,12.2,0,0,6,6,6,12.333333333333334,0,9.4,-0.8,-3.12,Graduate,Female,Yes,No,Up to Date,No,0.13,1,0.8333,1.0,12.28,0,1.0,0.13
EDU-002942,2,39,2,9556,1,1,133.1,105,1,3,9,2,152.8,1,0,0,1,0,0,28,1,0,7,9,7,12.428571428571429,0,0,8,8,8,12.3,0,12.4,0.5,1.79,Enrolled,Female,No,No,Up to Date,Yes,-0.13,1,1.0,1.0,12.35,0,1.17,0.13
EDU-002943,1,1,1,171,1,1,145.0,1,40,1,2,4,160.1,0,0,0,1,0,1,19,0,6,12,12,12,14.5,0,4,11,15,11,13.583333333333334,0,8.9,1.4,3.51,Graduate,Female,Yes,No,Up to Date,No,-0.92,-1,1.0,1.0,13.95,0,2.0,0.92
EDU-002944,1,39,1,9003,1,1,130.0,1,19,19,9,1,140.0,0,0,0,1,0,0,26,0,6,12,13,6,13.0,0,4,12,14,11,13.833333333333334,0,15.5,2.8,-4.06,Graduate,Female,No,No,Up to Date,No,0.83,5,0.5,0.9167,12.38,0,2.0,0.83
EDU-002945,1,1,4,9500,1,1,118.0,1,4,3,2,3,110.7,1,0,0,1,0,0,18,0,0,7,7,7,11.714285714285714,0,0,8,8,8,12.75,0,12.4,0.5,1.79,Graduate,Female,No,No,Up to Date,Yes,1.04,1,1.0,1.0,12.34,0,1.17,1.04
EDU-002946,2,39,1,9853,1,1,133.1,1,37,19,9,5,138.3,0,0,0,1,0,0,45,0,0,7,12,4,10.25,0,0,7,10,3,13.0,0,11.1,0.6,2.02,Dropout,Female,No,No,Up to Date,No,2.75,-1,0.5714,0.4286,5.1,0,1.17,2.75
EDU-002947,1,44,1,9853,1,39,150.0,1,3,37,2,7,150.0,0,0,0,1,0,0,19,0,0,6,0,0,0.0,0,0,6,0,0,0.0,0,12.4,0.5,1.79,Dropout,Female,No,No,Up to Date,No,0.0,0,0.0,0.0,0.0,0,1.0,0.0
EDU-002948,1,17,6,9670,1,1,113.0,1,4,1,3,10,112.3,0,0,0,1,0,0,20,0,0,6,9,6,12.375,0,0,6,7,6,13.142857142857142,0,11.1,0.6,2.02,Graduate,Female,No,No,Up to Date,No,0.77,0,1.0,1.0,12.84,0,1.0,0.77
EDU-002949,1,1,6,9853,1,1,136.0,1,1,19,5,5,122.0,0,0,0,1,0,0,18,0,0,6,6,6,12.666666666666666,0,0,6,6,6,12.0,0,7.6,2.6,0.32,Graduate,Female,No,No,Up to Date,No,-0.67,0,1.0,1.0,12.27,0,1.0,0.67
EDU-002950,1,39,1,9085,1,1,140.0,1,3,3,4,2,141.7,1,0,0,1,0,0,27,0,0,6,13,3,10.5,0,0,6,19,1,12.0,0,12.4,0.5,1.79,Dropout,Female,No,No,Up to Date,Yes,1.5,-2,0.5,0.1667,1.9,0,1.0,1.5
EDU-002951,2,1,1,9003,1,1,131.0,1,19,38,5,5,118.4,0,0,0,1,0,0,20,0,0,6,11,6,14.125,0,0,6,10,5,12.6,0,13.9,-0.3,0.79,Graduate,Female,No,No,Up to Date,No,-1.53,-1,1.0,0.8333,11.01,0,1.0,1.53
EDU-002952,1,1,3,9085,1,1,138.0,1,1,1,4,8,128.7,1,0,0,1,0,0,18,0,0,6,7,6,14.666666666666666,0,0,6,12,6,13.833333333333334,0,8.9,1.4,3.51,Graduate,Female,No,No,Up to Date,Yes,-0.83,0,1.0,1.0,14.17,0,1.0,0.83
EDU-002953,2,39,2,9670,1,1,100.0,1,37,37,9,9,100.0,0,0,0,1,0,0,35,0,0,5,8,5,11.4,0,0,5,7,3,12.333333333333334,0,9.4,-0.8,-3.12,Enrolled,Female,No,No,Up to Date,No,0.93,-2,1.0,0.6,7.18,0,0.83,0.93
EDU-002954,1,39,1,171,1,1,140.0,1,37,37,9,9,100.8,0,1,0,1,0,0,26,0,0,0,0,0,0.0,0,0,0,0,0,0.0,0,16.2,0.3,-0.92,Dropout,Female,No,No,Up to Date,No,0.0,0,0.0,0.0,0.0,0,0.0,0.0
EDU-002955,4,39,1,9238,1,1,120.0,1,37,37,9,9,125.5,1,0,0,1,0,1,39,0,0,6,7,6,14.0,0,0,6,7,5,14.8,0,12.7,3.7,-1.7,Graduate,Female,Yes,No,Up to Date,Yes,0.8,-1,1.0,0.8333,12.07,0,1.0,0.8
EDU-002956,1,1,1,171,1,1,139.0,1,37,37,9,9,124.0,1,0,0,1,0,0,18,0,0,0,0,0,0.0,0,0,0,0,0,0.0,0,7.6,2.6,0.32,Graduate,Female,No,No,Up to Date,Yes,0.0,0,0.0,0.0,0.0,0,0.0,0.0
EDU-002957,1,7,1,9500,1,3,130.0,1,37,37,9,5,130.0,0,0,0,1,0,0,36,0,0,7,7,0,0.0,7,0,7,7,0,0.0,7,16.2,0.3,-0.92,Dropout,Female,No,No,Up to Date,No,0.0,0,0.0,0.0,0.0,0,1.17,0.0
EDU-002958,2,39,1,8014,0,3,110.0,1,37,37,9,9,160.5,0,0,0,1,0,0,38,0,8,11,11,11,12.636363636363637,0,5,8,8,8,11.0,0,13.9,-0.3,0.79,Graduate,Female,No,No,Up to Date,No,-1.64,-3,1.0,1.0,11.65,0,1.83,1.64
EDU-002959,2,39,1,9853,1,19,133.1,1,37,19,3,7,100.0,0,0,0,1,0,0,45,0,0,6,11,3,12.333333333333334,0,0,6,13,2,11.0,0,7.6,2.6,0.32,Dropout,Female,No,No,Up to Date,No,-1.33,-1,0.5,0.3333,3.84,0,1.0,1.33
EDU-002960,5,39,1,9254,1,1,133.1,1,2,2,2,2,103.0,0,0,0,1,0,0,62,0,0,6,7,6,15.0,0,0,6,10,6,12.833333333333334,0,10.8,1.4,1.74,Graduate,Female,No,No,Up to Date,No,-2.17,0,1.0,1.0,13.7,0,1.0,2.17
EDU-002961,1,1,1,9670,1,1,133.1,1,1,1,9,1,103.0,1,0,0,1,0,1,20,0,0,6,8,4,11.75,0,0,6,10,6,12.666666666666666,0,10.8,1.4,1.74,Graduate,Female,Yes,No,Up to Date,Yes,0.92,2,0.6667,1.0,12.3,0,1.0,0.92
EDU-002962,1,1,1,9500,1,1,139.0,1,19,37,9,9,131.5,1,0,0,1,0,0,18,0,0,8,8,7,14.13714285714286,0,0,8,8,7,14.13714285714286,0,10.8,1.4,1.74,Graduate,Female,No,No,Up to Date,Yes,0.0,0,0.875,0.875,12.37,0,1.33,0.0
EDU-002963,1,18,3,9070,1,1,134.0,1,1,1,3,4,121.4,0,0,0,1,0,0,18,0,0,6,6,2,12.0,0,0,6,6,1,11.0,0,9.4,-0.8,-3.12,Dropout,Female,No,No,Up to Date,No,-1.0,-1,0.3333,0.1667,1.9,0,1.0,1.0
EDU-002964,2,1,1,9991,0,3,160.0,1,1,3,4,9,137.3,0,0,0,1,0,0,23,0,0,5,5,5,10.8,0,0,5,9,4,11.5,0,9.4,-0.8,-3.12,Graduate,Female,No,No,Up to Date,No,0.7,-1,1.0,0.8,8.98,0,0.83,0.7
EDU-002965,1,1,1,9070,1,1,124.0,1,19,19,9,9,138.4,1,0,1,1,0,1,19,0,1,6,8,6,13.285714285714286,1,0,6,8,6,12.5,0,13.9,-0.3,0.79,Dropout,Female,Yes,Yes,Up to Date,Yes,-0.79,0,1.0,1.0,12.81,0,1.0,0.79
EDU-002966,1,17,1,9147,1,1,137.0,1,1,3,7,3,131.1,1,0,1,1,0,1,19,0,0,5,7,5,13.6,0,0,5,5,5,12.6,0,8.9,1.4,3.51,Graduate,Female,Yes,Yes,Up to Date,Yes,-1.0,0,1.0,1.0,13.0,0,0.83,1.0
EDU-002967,1,42,1,9500,1,1,157.0,1,3,3,3,3,100.0,0,0,0,1,0,0,18,0,0,7,8,7,13.55,0,0,8,8,8,14.1875,0,13.9,-0.3,0.79,Graduate,Female,No,No,Up to Date,No,0.64,1,1.0,1.0,13.93,0,1.17,0.64
EDU-002968,1,17,4,9500,1,1,138.0,1,4,1,2,1,133.0,1,0,0,1,0,0,18,0,0,8,8,0,0.0,5,0,8,8,0,0.0,5,9.4,-0.8,-3.12,Enrolled,Female,No,No,Up to Date,Yes,0.0,0,0.0,0.0,0.0,0,1.33,0.0
EDU-002969,1,39,2,8014,0,1,100.0,1,35,37,90,90,100.0,0,0,0,1,0,0,41,0,0,6,10,4,13.5,0,1,6,7,6,11.166666666666666,0,7.6,2.6,0.32,Graduate,Female,No,No,Up to Date,No,-2.33,2,0.6667,1.0,12.1,0,1.0,2.33
EDU-002970,1,39,1,9670,1,1,130.0,1,19,3,4,2,159.0,0,0,0,1,0,1,51,0,0,6,8,5,11.6,0,0,6,9,5,14.2,0,12.4,0.5,1.79,Graduate,Female,Yes,No,Up to Date,No,2.6,0,0.8333,0.8333,10.97,0,1.0,2.6
EDU-002971,1,43,2,9238,1,1,133.1,1,19,19,4,5,120.6,1,0,0,1,0,0,24,0,6,10,16,10,12.5,0,2,7,9,4,12.6,0,16.2,0.3,-0.92,Graduate,Female,No,No,Up to Date,Yes,0.1,-6,1.0,0.5714,7.18,0,1.67,0.1
EDU-002972,1,39,1,9991,0,3,120.0,1,19,1,9,5,134.0,0,0,0,1,0,0,25,0,0,5,14,1,11.0,0,0,5,11,2,12.666666666666666,4,16.2,0.3,-0.92,Dropout,Female,No,No,Up to Date,No,1.67,1,0.2,0.4,4.8,0,0.83,1.67
EDU-002973,1,5,1,9085,1,1,150.0,1,1,1,4,4,139.4,0,0,0,1,0,0,18,0,0,5,9,3,12.0,1,0,5,6,4,13.0,0,7.6,2.6,0.32,Enrolled,Female,No,No,Up to Date,No,1.0,1,0.6,0.8,10.08,0,0.83,1.0
EDU-002974,1,16,6,9147,1,1,128.0,1,37,37,9,9,116.5,1,0,0,1,0,0,20,0,0,5,8,4,11.6,0,0,5,10,3,12.333333333333334,0,7.6,2.6,0.32,Graduate,Female,No,No,Up to Date,Yes,0.73,-1,0.8,0.6,7.22,0,0.83,0.73
EDU-002975,1,1,1,171,1,1,124.0,1,1,19,123,103,113.9,1,1,0,1,0,0,19,0,0,0,0,0,0.0,0,0,0,0,0,0.0,0,13.9,-0.3,0.79,Dropout,Female,No,No,Up to Date,Yes,0.0,0,0.0,0.0,0.0,0,0.0,0.0
EDU-002976,5,43,1,9991,0,3,130.0,1,3,3,1,1,130.0,0,0,0,1,0,0,41,0,5,10,14,10,14.636363636363637,0,5,10,13,10,14.6,0,16.2,0.3,-0.92,Graduate,Female,No,No,Up to Date,No,-0.04,0,1.0,1.0,14.61,0,1.67,0.04
EDU-002977,1,1,2,9254,1,1,132.0,1,1,19,9,9,129.9,1,0,0,1,0,1,19,0,0,6,8,6,13.0,0,0,6,6,6,12.166666666666666,0,8.9,1.4,3.51,Graduate,Female,Yes,No,Up to Date,Yes,-0.83,0,1.0,1.0,12.5,0,1.0,0.83
EDU-002978,1,42,1,9853,1,12,133.1,1,1,3,3,2,133.7,0,0,0,1,0,0,28,0,14,18,23,14,12.785714285714286,2,16,17,18,16,13.875,0,16.2,0.3,-0.92,Dropout,Female,No,No,Up to Date,No,1.09,2,0.7778,0.9412,12.65,0,3.0,1.09
EDU-002979,1,1,3,9070,1,1,129.0,1,5,3,5,7,124.8,1,0,0,1,0,0,21,0,0,6,6,6,14.5,0,0,6,7,5,12.0,0,12.4,0.5,1.79,Graduate,Female,No,No,Up to Date,Yes,-2.5,-1,1.0,0.8333,10.83,0,1.0,2.5
EDU-002980,1,1,1,9085,1,1,135.0,1,3,2,1,1,133.6,1,0,0,0,0,0,22,0,0,5,12,4,14.6,3,0,5,5,4,12.75,1,9.4,-0.8,-3.12,Dropout,Female,No,No,In Arrears,Yes,-1.85,0,0.8,0.8,10.79,0,0.83,1.85
EDU-002981,1,17,4,9773,1,1,138.0,1,37,19,5,7,133.5,1,0,0,0,0,0,18,0,0,6,7,6,12.5,0,0,6,6,6,12.166666666666666,0,10.8,1.4,1.74,Graduate,Female,No,No,In Arrears,Yes,-0.33,0,1.0,1.0,12.3,0,1.0,0.33
EDU-002982,1,1,1,9070,1,1,135.0,1,19,37,9,9,128.0,1,0,0,1,0,1,19,0,0,6,6,6,14.0,0,0,6,8,6,13.125,0,10.8,1.4,1.74,Graduate,Female,Yes,No,Up to Date,Yes,-0.88,0,1.0,1.0,13.48,0,1.0,0.88
EDU-002983,1,17,6,9500,1,1,131.0,1,3,19,5,5,127.2,1,0,0,1,0,1,19,0,0,7,7,7,13.801428571428572,0,0,8,8,8,14.575,0,11.1,0.6,2.02,Graduate,Female,Yes,No,Up to Date,Yes,0.77,1,1.0,1.0,14.27,0,1.17,0.77
EDU-002984,1,7,1,9853,1,3,150.0,1,19,19,4,5,150.0,0,0,1,0,0,0,25,0,1,6,7,6,14.428571428571429,0,0,6,7,6,13.666666666666666,0,10.8,1.4,1.74,Graduate,Female,No,Yes,In Arrears,No,-0.76,0,1.0,1.0,13.97,1,1.0,0.76
EDU-002985,1,42,4,9500,1,6,133.0,1,1,19,2,9,127.8,1,0,0,1,0,1,18,0,0,7,7,6,14.35,0,0,7,7,6,14.35,0,7.6,2.6,0.32,Graduate,Female,Yes,No,Up to Date,Yes,0.0,0,0.8571,0.8571,12.3,0,1.17,0.0
EDU-002986,1,17,1,9070,1,1,135.0,1,37,19,9,9,125.2,1,0,0,1,0,0,19,0,0,6,6,6,14.333333333333334,0,0,6,6,6,13.5,0,12.7,3.7,-1.7,Graduate,Female,No,No,Up to Date,Yes,-0.83,0,1.0,1.0,13.83,0,1.0,0.83
EDU-002987,1,43,2,9853,1,1,118.0,1,19,1,5,4,110.0,1,0,0,1,0,0,20,0,0,6,10,4,12.25,0,0,6,8,4,11.5,0,10.8,1.4,1.74,Enrolled,Female,No,No,Up to Date,Yes,-0.75,0,0.6667,0.6667,7.87,0,1.0,0.75
EDU-002988,2,39,1,8014,0,19,100.0,1,34,34,0,0,100.0,0,0,0,1,0,0,46,0,0,6,9,6,13.333333333333334,0,0,6,6,6,11.833333333333334,0,7.6,2.6,0.32,Graduate,Female,No,No,Up to Date,No,-1.5,0,1.0,1.0,12.43,0,1.0,1.5
EDU-002989,1,17,1,171,1,1,158.0,1,3,3,3,3,151.4,1,0,0,0,0,0,19,0,6,12,12,12,13.0,0,4,11,14,11,13.25,0,8.9,1.4,3.51,Graduate,Female,No,No,In Arrears,Yes,0.25,-1,1.0,1.0,13.15,0,2.0,0.25
EDU-002990,1,1,2,9254,1,1,137.0,1,38,19,9,7,125.1,1,0,0,1,0,0,18,0,0,6,10,4,11.75,0,0,6,9,5,11.2,0,7.6,2.6,0.32,Enrolled,Female,No,No,Up to Date,Yes,-0.55,1,0.6667,0.8333,9.52,0,1.0,0.55
EDU-002991,1,1,1,9130,1,1,172.0,1,19,19,9,9,163.3,1,0,0,1,0,1,18,0,0,6,8,6,14.5,0,0,6,11,4,13.0,0,13.9,-0.3,0.79,Graduate,Female,Yes,No,Up to Date,Yes,-1.5,-2,1.0,0.6667,9.07,0,1.0,1.5
EDU-002992,1,18,1,9500,1,1,123.0,1,37,37,3,3,118.0,1,0,0,1,0,1,19,0,0,8,8,7,11.82,0,0,8,8,7,11.82,0,10.8,1.4,1.74,Graduate,Female,Yes,No,Up to Date,Yes,0.0,0,0.875,0.875,10.34,0,1.33,0.0
EDU-002993,1,1,2,9773,1,1,144.0,1,3,3,3,2,140.2,1,0,0,1,0,0,20,0,0,6,0,0,0.0,0,0,6,0,0,0.0,0,16.2,0.3,-0.92,Dropout,Female,No,No,Up to Date,Yes,0.0,0,0.0,0.0,0.0,0,1.0,0.0
EDU-002994,2,39,1,8014,0,1,140.0,1,37,37,5,6,128.5,0,0,0,1,0,1,38,0,0,6,6,5,12.4,0,0,6,7,6,12.666666666666666,0,9.4,-0.8,-3.12,Graduate,Female,Yes,No,Up to Date,No,0.27,1,0.8333,1.0,12.56,0,1.0,0.27
EDU-002995,1,17,1,9773,1,1,136.0,1,1,38,9,8,131.5,1,0,0,1,0,0,18,0,0,6,7,6,12.571428571428571,0,0,6,8,6,11.857142857142858,0,13.9,-0.3,0.79,Graduate,Female,No,No,Up to Date,Yes,-0.71,0,1.0,1.0,12.14,0,1.0,0.71
EDU-002996,1,17,5,9500,1,1,137.0,1,1,1,5,5,132.6,1,0,0,1,0,1,18,0,0,7,7,7,13.857142857142858,0,0,8,8,8,14.9,0,13.9,-0.3,0.79,Graduate,Female,Yes,No,Up to Date,Yes,1.04,1,1.0,1.0,14.48,0,1.17,1.04
EDU-002997,1,17,1,9238,1,1,128.0,1,19,1,0,5,122.1,1,0,0,1,0,0,18,0,0,6,9,5,11.833333333333334,0,0,6,7,5,13.8,0,13.9,-0.3,0.79,Graduate,Female,No,No,Up to Date,Yes,1.97,0,0.8333,0.8333,10.84,0,1.0,1.97
EDU-002998,1,17,1,9147,1,1,120.0,1,3,3,2,2,112.0,0,0,0,1,0,0,20,0,0,5,10,4,11.0,0,0,5,7,4,11.5,0,15.5,2.8,-4.06,Enrolled,Female,No,No,Up to Date,No,0.5,0,0.8,0.8,9.04,0,0.83,0.5
EDU-002999,1,1,1,9130,1,1,130.0,1,3,19,4,8,133.0,1,0,0,1,0,0,19,0,0,6,6,6,14.666666666666666,0,0,6,8,6,13.666666666666666,0,12.4,0.5,1.79,Graduate,Female,No,No,Up to Date,Yes,-1.0,0,1.0,1.0,14.07,0,1.0,1.0
EDU-003000,4,39,1,8014,0,1,138.0,1,19,19,90,90,127.0,0,0,0,0,0,0,37,0,0,4,4,0,0.0,0,0,5,10,0,0.0,0,10.8,1.4,1.74,Dropout,Female,No,No,In Arrears,No,0.0,0,0.0,0.0,0.0,0,0.67,0.0
EDU-003001,1,39,1,9500,1,1,148.0,1,3,19,2,5,130.0,0,0,0,1,0,0,24,0,0,8,12,7,12.714285714285714,0,0,8,12,7,12.714285714285714,0,12.7,3.7,-1.7,Enrolled,Female,No,No,Up to Date,No,0.0,0,0.875,0.875,11.12,0,1.33,0.0
EDU-003002,1,1,2,9500,1,1,139.0,1,4,1,2,10,136.4,1,0,0,1,0,0,19,0,0,7,9,7,13.422222222222224,0,0,8,11,7,12.18888888888889,0,15.5,2.8,-4.06,Graduate,Female,No,No,Up to Date,Yes,-1.23,0,1.0,0.875,11.1,0,1.17,1.23
EDU-003003,1,1,3,9773,1,1,136.0,1,3,1,5,3,129.0,1,0,0,1,0,1,19,0,0,6,7,6,14.0,0,0,6,8,5,12.2,0,13.9,-0.3,0.79,Dropout,Female,Yes,No,Up to Date,Yes,-1.8,-1,1.0,0.8333,10.77,0,1.0,1.8
EDU-003004,1,17,3,9556,1,1,126.0,1,19,19,9,4,119.0,1,0,0,1,0,1,19,0,0,7,8,7,12.142857142857142,0,0,8,8,8,13.375,0,16.2,0.3,-0.92,Dropout,Female,Yes,No,Up to Date,Yes,1.23,1,1.0,1.0,12.88,0,1.17,1.23
EDU-003005,1,17,1,9147,1,1,135.0,1,37,38,9,9,128.0,1,0,1,1,0,1,18,0,0,5,5,5,12.8,0,0,5,5,5,13.0,0,11.1,0.6,2.02,Graduate,Female,Yes,Yes,Up to Date,Yes,0.2,0,1.0,1.0,12.92,0,0.83,0.2
EDU-003006,1,1,4,9500,1,1,122.0,1,19,38,7,7,117.1,1,0,0,1,0,1,18,0,0,7,7,7,14.572857142857142,0,0,8,9,8,14.955555555555556,0,12.4,0.5,1.79,Graduate,Female,Yes,No,Up to Date,Yes,0.38,1,1.0,1.0,14.8,0,1.17,0.38
EDU-003007,1,1,4,9147,1,1,137.0,1,1,19,4,5,136.3,0,0,0,1,0,0,18,0,0,5,9,4,11.25,0,0,5,6,4,11.0,0,8.9,1.4,3.51,Graduate,Female,No,No,Up to Date,No,-0.25,0,0.8,0.8,8.88,0,0.83,0.25
EDU-003008,1,17,5,9147,1,1,127.0,1,1,38,4,5,124.6,1,0,0,1,0,1,19,0,0,5,12,2,10.0,0,0,5,11,4,11.75,0,11.1,0.6,2.02,Enrolled,Female,Yes,No,Up to Date,Yes,1.75,2,0.4,0.8,8.84,0,0.83,1.75
EDU-003009,1,1,1,9130,1,1,137.0,1,40,19,2,9,130.7,1,0,0,1,0,0,18,0,0,6,8,5,14.4,0,0,6,11,4,14.6,0,8.9,1.4,3.51,Dropout,Female,No,No,Up to Date,Yes,0.2,-1,0.8333,0.6667,9.68,0,1.0,0.2
EDU-003010,1,1,4,9500,1,1,125.0,1,1,12,3,6,115.2,1,0,0,1,0,0,20,0,0,7,7,7,12.982857142857142,0,0,8,8,8,14.4625,0,12.4,0.5,1.79,Graduate,Female,No,No,Up to Date,Yes,1.48,1,1.0,1.0,13.87,0,1.17,1.48
EDU-003011,1,17,1,9085,1,1,141.0,1,3,2,2,3,130.2,1,0,0,1,0,0,20,0,0,6,14,6,15.75,0,0,6,8,6,13.0,0,15.5,2.8,-4.06,Graduate,Female,No,No,Up to Date,Yes,-2.75,0,1.0,1.0,14.1,0,1.0,2.75
EDU-003012,1,1,1,9085,1,1,132.0,1,2,2,6,6,128.5,0,0,0,1,0,0,18,0,0,6,11,5,12.285714285714286,0,0,6,19,3,14.0,1,12.4,0.5,1.79,Dropout,Female,No,No,Up to Date,No,1.71,-2,0.8333,0.5,6.66,0,1.0,1.71
EDU-003013,1,16,1,9500,1,1,133.1,1,37,37,9,9,95.0,1,0,0,1,0,0,20,0,0,7,7,6,13.755,0,0,8,9,7,13.571428571428571,0,12.4,0.5,1.79,Graduate,Female,No,No,Up to Date,Yes,-0.18,1,0.8571,0.875,11.94,0,1.17,0.18
EDU-003014,1,17,1,9670,1,1,132.0,1,1,1,3,3,119.4,1,0,0,1,0,1,18,0,0,6,7,6,13.833333333333334,0,0,6,11,6,13.5,0,8.9,1.4,3.51,Graduate,Female,Yes,No,Up to Date,Yes,-0.33,0,1.0,1.0,13.63,0,1.0,0.33
EDU-003015,1,1,6,9500,1,1,142.0,1,1,37,7,7,123.5,1,0,0,1,0,0,19,0,0,7,0,0,0.0,0,0,8,0,0,0.0,0,12.7,3.7,-1.7,Dropout,Female,No,No,Up to Date,Yes,0.0,0,0.0,0.0,0.0,0,1.17,0.0
EDU-003016,1,1,4,9500,1,1,136.0,1,38,1,5,6,133.9,1,0,0,1,0,0,18,0,0,7,9,7,14.711111111111112,0,0,8,9,8,14.627777777777778,0,15.5,2.8,-4.06,Graduate,Female,No,No,Up to Date,Yes,-0.08,1,1.0,1.0,14.66,0,1.17,0.08
EDU-003017,1,53,1,9085,1,42,150.0,1,1,19,4,8,145.2,1,0,0,1,0,0,20,0,7,11,13,11,14.615384615384617,0,4,9,11,9,13.7,0,8.9,1.4,3.51,Graduate,Female,No,No,Up to Date,Yes,-0.92,-2,1.0,1.0,14.07,0,1.83,0.92
EDU-003018,1,1,1,9500,1,1,130.0,1,3,3,1,5,118.8,0,0,0,1,0,0,18,0,0,7,7,7,13.677142857142858,0,0,8,9,8,14.533333333333331,0,11.1,0.6,2.02,Graduate,Female,No,No,Up to Date,No,0.86,1,1.0,1.0,14.19,0,1.17,0.86
EDU-003019,1,16,2,9085,1,1,136.0,1,37,37,9,9,123.4,1,0,0,1,0,1,19,0,0,5,8,5,13.166666666666666,2,0,5,5,5,12.8,0,9.4,-0.8,-3.12,Graduate,Female,Yes,No,Up to Date,Yes,-0.37,0,1.0,1.0,12.95,0,0.83,0.37
EDU-003020,1,17,6,9238,1,1,138.0,1,3,3,1,2,123.0,1,0,0,1,0,0,19,0,0,6,11,5,10.8,0,0,6,12,5,11.333333333333334,0,15.5,2.8,-4.06,Graduate,Female,No,No,Up to Date,Yes,0.53,0,0.8333,0.8333,9.27,0,1.0,0.53
EDU-003021,1,17,1,9130,1,1,131.0,1,19,9,5,3,118.4,0,0,0,1,0,0,19,0,0,5,8,3,12.0,0,0,5,7,5,12.833333333333334,0,7.6,2.6,0.32,Graduate,Female,No,No,Up to Date,No,0.83,2,0.6,1.0,12.5,0,0.83,0.83
EDU-003022,1,1,1,9500,1,1,147.0,1,3,1,2,3,131.6,0,0,0,1,0,0,18,0,0,7,8,6,13.958333333333334,0,0,8,8,8,14.71875,0,11.1,0.6,2.02,Graduate,Female,No,No,Up to Date,No,0.76,2,0.8571,1.0,14.41,0,1.17,0.76
EDU-003023,1,17,1,9853,1,1,140.0,1,38,19,4,10,122.3,1,0,0,1,0,0,19,0,0,6,9,4,13.0,0,0,6,9,4,12.25,0,12.7,3.7,-1.7,Dropout,Female,No,No,Up to Date,Yes,-0.75,0,0.6667,0.6667,8.37,0,1.0,0.75
EDU-003024,1,1,2,171,1,1,152.0,1,38,19,9,9,151.7,1,0,0,1,0,1,24,0,0,0,0,0,0.0,0,0,0,0,0,0.0,0,11.1,0.6,2.02,Graduate,Female,Yes,No,Up to Date,Yes,0.0,0,0.0,0.0,0.0,0,0.0,0.0
EDU-003025,1,1,1,171,1,1,169.0,1,19,37,9,7,176.0,1,0,0,1,0,1,18,0,0,0,0,0,0.0,0,0,0,0,0,0.0,0,12.4,0.5,1.79,Graduate,Female,Yes,No,Up to Date,Yes,0.0,0,0.0,0.0,0.0,0,0.0,0.0
EDU-003026,1,1,6,9500,1,1,149.0,1,1,1,4,9,133.0,1,0,0,1,0,1,18,0,0,8,8,7,14.0,0,0,8,8,7,14.0,0,12.7,3.7,-1.7,Graduate,Female,Yes,No,Up to Date,Yes,0.0,0,0.875,0.875,12.25,0,1.33,0.0
EDU-003027,1,1,4,9773,1,1,137.0,1,3,19,2,3,139.8,1,1,0,1,0,0,18,0,0,6,10,6,12.571428571428571,0,0,6,11,6,12.571428571428571,0,10.8,1.4,1.74,Enrolled,Female,No,No,Up to Date,Yes,0.0,0,1.0,1.0,12.57,0,1.0,0.0
EDU-003028,1,1,4,9773,1,1,122.0,1,41,1,4,3,119.6,1,0,0,1,0,0,19,0,0,6,6,4,12.0,0,0,6,11,3,11.333333333333334,0,11.1,0.6,2.02,Dropout,Female,No,No,Up to Date,Yes,-0.67,-1,0.6667,0.5,5.8,0,1.0,0.67
EDU-003029,1,39,1,8014,0,1,130.0,1,37,37,9,6,134.0,0,0,0,1,0,1,35,0,2,8,8,8,13.625,0,1,7,7,7,14.0,0,8.9,1.4,3.51,Graduate,Female,Yes,No,Up to Date,No,0.38,-1,1.0,1.0,13.85,0,1.33,0.38
EDU-003030,1,17,6,9147,1,1,145.0,1,37,37,9,9,132.0,1,0,0,1,0,0,19,0,0,5,7,4,12.5,0,0,5,8,4,10.0,1,7.6,2.6,0.32,Graduate,Female,No,No,Up to Date,Yes,-2.5,0,0.8,0.8,8.8,0,0.83,2.5
EDU-003031,1,7,1,9853,1,3,130.0,1,37,37,9,9,130.0,0,0,0,1,0,0,28,0,14,15,25,14,12.428571428571429,1,8,14,22,11,11.909090909090908,0,7.6,2.6,0.32,Dropout,Female,No,No,Up to Date,No,-0.52,-3,0.9333,0.7857,9.52,0,2.5,0.52
EDU-003032,1,43,1,9500,1,1,157.0,1,38,3,5,2,141.4,0,0,0,1,0,0,21,0,3,7,8,7,13.3875,0,2,8,8,8,15.9,0,13.9,-0.3,0.79,Graduate,Female,No,No,Up to Date,No,2.51,1,1.0,1.0,14.9,0,1.17,2.51
EDU-003033,1,18,2,9500,1,1,135.0,1,19,1,5,5,128.9,1,0,0,1,0,1,19,0,0,7,8,6,12.648333333333332,0,0,8,9,8,12.205555555555556,0,11.1,0.6,2.02,Graduate,Female,Yes,No,Up to Date,Yes,-0.44,2,0.8571,1.0,12.38,0,1.17,0.44
EDU-003034,1,5,2,9238,1,1,123.0,1,40,38,2,9,118.1,1,0,0,1,0,0,19,0,0,6,6,6,14.0,0,0,6,6,6,13.333333333333334,0,8.9,1.4,3.51,Graduate,Female,No,No,Up to Date,Yes,-0.67,0,1.0,1.0,13.6,0,1.0,0.67
EDU-003035,1,1,1,9085,1,1,139.0,1,3,4,2,2,130.6,0,0,0,1,0,0,18,0,0,5,12,5,12.8,2,0,5,10,5,11.857142857142858,1,9.4,-0.8,-3.12,Graduate,Female,No,No,Up to Date,No,-0.94,0,1.0,1.0,12.23,0,0.83,0.94
EDU-003036,1,1,1,9254,1,1,136.0,1,12,1,4,4,122.0,1,0,0,1,0,0,18,0,0,6,8,6,11.333333333333334,0,0,6,11,6,10.833333333333334,0,7.6,2.6,0.32,Graduate,Female,No,No,Up to Date,Yes,-0.5,0,1.0,1.0,11.03,0,1.0,0.5
EDU-003037,1,1,2,9500,1,1,135.0,1,3,3,2,2,123.0,1,0,0,0,0,0,19,0,0,7,0,0,0.0,0,0,8,0,0,0.0,0,12.7,3.7,-1.7,Dropout,Female,No,No,In Arrears,Yes,0.0,0,0.0,0.0,0.0,0,1.17,0.0
EDU-003038,1,1,1,9670,1,1,126.0,1,1,1,9,10,126.7,1,0,0,1,0,1,20,0,0,6,6,6,14.166666666666666,0,0,6,9,6,13.0,0,8.9,1.4,3.51,Graduate,Female,Yes,No,Up to Date,Yes,-1.17,0,1.0,1.0,13.47,0,1.0,1.17
EDU-003039,1,1,1,9773,1,1,122.0,1,38,19,9,9,126.6,1,0,0,1,0,0,18,0,0,6,6,6,12.833333333333334,0,0,6,6,6,13.833333333333334,0,8.9,1.4,3.51,Graduate,Female,No,No,Up to Date,Yes,1.0,0,1.0,1.0,13.43,0,1.0,1.0
EDU-003040,1,1,1,9853,1,1,125.0,1,38,38,9,9,125.4,0,0,1,0,0,0,19,0,0,7,11,4,12.0,0,0,7,9,6,11.833333333333334,0,16.2,0.3,-0.92,Dropout,Female,No,Yes,In Arrears,No,-0.17,2,0.5714,0.8571,10.2,1,1.17,0.17
EDU-003041,1,1,3,9773,1,1,134.0,1,1,19,9,9,136.1,1,0,0,1,0,1,20,0,0,6,6,6,13.0,0,0,6,7,6,13.142857142857142,0,12.4,0.5,1.79,Dropout,Female,Yes,No,Up to Date,Yes,0.14,0,1.0,1.0,13.09,0,1.0,0.14
EDU-003042,1,17,5,9500,1,1,130.0,1,19,1,9,4,128.8,1,0,0,1,0,0,18,0,0,7,8,6,13.39,0,0,8,10,7,12.757142857142856,0,11.1,0.6,2.02,Enrolled,Female,No,No,Up to Date,Yes,-0.63,1,0.8571,0.875,11.38,0,1.17,0.63
EDU-003043,1,17,4,9670,1,1,110.0,1,1,37,7,7,111.1,1,0,0,0,0,0,18,0,0,6,6,6,12.333333333333334,0,0,6,8,5,13.6,0,8.9,1.4,3.51,Graduate,Female,No,No,In Arrears,Yes,1.27,-1,1.0,0.8333,10.91,0,1.0,1.27
EDU-003044,1,1,1,9070,1,1,131.0,1,3,3,3,3,135.9,0,0,0,1,0,1,21,0,1,6,8,6,12.571428571428571,1,0,6,8,6,11.625,0,13.9,-0.3,0.79,Graduate,Female,Yes,No,Up to Date,No,-0.95,0,1.0,1.0,12.0,0,1.0,0.95
EDU-003045,1,5,5,9254,1,1,122.0,1,1,37,9,7,119.6,1,0,0,1,0,1,19,0,0,6,6,6,12.333333333333334,0,0,6,6,6,12.833333333333334,0,12.4,0.5,1.79,Graduate,Female,Yes,No,Up to Date,Yes,0.5,0,1.0,1.0,12.63,0,1.0,0.5
EDU-003046,1,17,2,9853,1,1,123.0,1,1,1,3,9,116.7,1,0,0,1,0,0,19,0,0,6,8,5,13.0,0,0,6,8,4,10.75,0,9.4,-0.8,-3.12,Graduate,Female,No,No,Up to Date,Yes,-2.25,-1,0.8333,0.6667,7.77,0,1.0,2.25
EDU-003047,1,1,1,9085,1,1,146.0,1,1,1,9,7,126.0,0,0,0,1,0,0,19,0,0,5,7,3,12.333333333333334,0,0,5,7,4,10.25,0,7.6,2.6,0.32,Enrolled,Female,No,No,Up to Date,No,-2.08,1,0.6,0.8,8.87,0,0.83,2.08
EDU-003048,1,1,4,9773,1,1,137.0,1,37,37,0,90,134.2,1,0,0,1,0,0,18,0,0,6,6,6,13.166666666666666,0,0,6,8,5,14.2,0,10.8,1.4,1.74,Dropout,Female,No,No,Up to Date,Yes,1.03,-1,1.0,0.8333,11.49,0,1.0,1.03
EDU-003049,1,1,1,9147,1,1,130.0,1,1,19,3,3,123.0,0,0,0,1,0,1,18,0,0,5,7,5,13.333333333333334,0,0,5,6,5,13.6,0,12.7,3.7,-1.7,Graduate,Female,Yes,No,Up to Date,No,0.27,0,1.0,1.0,13.49,0,0.83,0.27
EDU-003050,1,1,2,9085,1,1,127.0,1,38,37,5,7,123.9,1,0,0,1,0,0,18,0,0,5,9,4,13.0,0,0,5,8,5,13.142857142857142,0,10.8,1.4,1.74,Graduate,Female,No,No,Up to Date,Yes,0.14,1,0.8,1.0,13.09,0,0.83,0.14
EDU-003051,2,39,1,9556,1,1,160.0,1,37,37,9,6,120.0,0,0,0,1,0,0,31,0,0,7,21,5,10.9,3,0,8,21,3,11.7,1,12.7,3.7,-1.7,Dropout,Female,No,No,Up to Date,No,0.8,-2,0.7143,0.375,4.27,0,1.17,0.8
EDU-003052,1,42,1,9147,1,1,139.0,1,3,38,2,5,112.3,1,0,0,1,0,0,19,0,0,5,8,2,11.5,0,0,5,10,3,10.857142857142858,0,10.8,1.4,1.74,Enrolled,Female,No,No,Up to Date,Yes,-0.64,1,0.4,0.6,6.67,0,0.83,0.64
EDU-003053,1,16,1,9085,1,1,138.0,1,37,37,9,9,123.0,1,0,0,1,0,1,20,0,0,6,7,6,15.857142857142858,0,0,6,6,6,16.0,0,13.9,-0.3,0.79,Graduate,Female,Yes,No,Up to Date,Yes,0.14,0,1.0,1.0,15.94,0,1.0,0.14
EDU-003054,1,17,1,9085,1,1,137.0,1,38,19,0,90,122.3,0,0,0,1,0,1,19,0,0,5,5,5,12.6,0,0,5,9,3,13.0,0,7.6,2.6,0.32,Dropout,Female,Yes,No,Up to Date,No,0.4,-2,1.0,0.6,7.7,0,0.83,0.4
EDU-003055,1,17,1,9238,1,1,127.0,1,38,38,9,6,122.8,0,0,0,1,0,1,19,0,0,6,8,6,14.0,0,0,6,7,6,14.571428571428571,0,16.2,0.3,-0.92,Graduate,Female,Yes,No,Up to Date,No,0.57,0,1.0,1.0,14.34,0,1.0,0.57
EDU-003056,5,7,1,9130,1,3,160.0,1,19,38,9,6,160.0,0,0,0,0,0,0,27,0,1,5,8,3,14.666666666666666,2,0,5,7,2,13.0,2,10.8,1.4,1.74,Dropout,Female,No,No,In Arrears,No,-1.67,-1,0.6,0.4,5.47,0,0.83,1.67
EDU-003057,1,17,2,9773,1,1,132.0,1,19,19,9,6,120.1,1,0,0,1,0,1,18,0,0,6,6,6,13.666666666666666,0,0,6,6,6,14.0,0,8.9,1.4,3.51,Graduate,Female,Yes,No,Up to Date,Yes,0.33,0,1.0,1.0,13.87,0,1.0,0.33
EDU-003058,1,1,1,8014,0,1,126.0,1,34,34,0,0,142.4,0,0,0,1,0,0,32,0,0,6,0,0,0.0,0,0,6,0,0,0.0,0,7.6,2.6,0.32,Dropout,Female,No,No,Up to Date,No,0.0,0,0.0,0.0,0.0,0,1.0,0.0
EDU-003059,1,1,4,9500,1,1,133.0,1,38,19,8,7,127.3,1,0,0,1,0,0,18,0,0,8,8,7,12.628571428571428,0,0,8,8,7,12.628571428571428,0,12.7,3.7,-1.7,Graduate,Female,No,No,Up to Date,Yes,0.0,0,0.875,0.875,11.05,0,1.33,0.0
EDU-003060,1,1,3,9500,1,1,140.0,1,19,37,9,9,125.5,1,0,0,1,0,1,19,0,0,8,8,7,14.232857142857142,0,0,8,8,7,14.232857142857142,0,10.8,1.4,1.74,Graduate,Female,Yes,No,Up to Date,Yes,0.0,0,0.875,0.875,12.45,0,1.33,0.0
EDU-003061,1,1,2,9773,1,1,130.0,1,19,19,5,6,137.4,0,0,0,1,0,0,19,0,0,6,6,6,15.0,0,0,6,7,6,14.0,0,15.5,2.8,-4.06,Enrolled,Female,No,No,Up to Date,No,-1.0,0,1.0,1.0,14.4,0,1.0,1.0
EDU-003062,1,17,2,9254,1,1,129.0,1,12,37,9,9,122.0,1,0,0,1,0,0,18,0,0,6,15,2,10.0,0,0,6,12,0,0.0,0,10.8,1.4,1.74,Dropout,Female,No,No,Up to Date,Yes,-10.0,-2,0.3333,0.0,0.0,0,1.0,10.0
EDU-003063,1,17,3,9670,1,1,110.0,1,19,1,4,4,107.5,1,0,0,1,0,1,18,0,0,6,11,4,12.25,0,0,6,10,4,11.0,0,12.7,3.7,-1.7,Dropout,Female,Yes,No,Up to Date,Yes,-1.25,0,0.6667,0.6667,7.67,0,1.0,1.25
EDU-003064,1,39,1,9773,1,19,133.1,1,19,19,171,163,104.0,0,0,1,0,0,1,24,0,0,6,6,6,13.5,0,0,6,6,6,13.0,0,11.1,0.6,2.02,Graduate,Female,Yes,Yes,In Arrears,No,-0.5,0,1.0,1.0,13.2,1,1.0,0.5
EDU-003065,1,17,2,9238,1,1,132.0,1,38,1,7,7,133.1,1,0,0,1,0,1,19,0,0,6,8,5,12.2,0,0,6,7,6,11.5,0,9.4,-0.8,-3.12,Graduate,Female,Yes,No,Up to Date,Yes,-0.7,1,0.8333,1.0,11.78,0,1.0,0.7
EDU-003066,1,17,2,9254,1,1,115.0,1,19,19,9,7,113.3,1,0,1,1,0,0,21,0,0,6,0,0,0.0,0,0,6,0,0,0.0,0,11.1,0.6,2.02,Dropout,Female,No,Yes,Up to Date,Yes,0.0,0,0.0,0.0,0.0,0,1.0,0.0
EDU-003067,1,44,1,9070,1,39,130.0,1,1,1,4,10,130.0,1,0,0,1,0,0,19,0,2,7,11,6,12.0,0,5,9,9,8,12.75,0,16.2,0.3,-0.92,Graduate,Female,No,No,Up to Date,Yes,0.75,2,0.8571,0.8889,11.07,0,1.17,0.75
EDU-003068,1,1,3,9500,1,1,140.0,6,2,3,5,2,124.3,1,0,0,1,0,0,19,1,0,7,9,5,12.32,0,0,7,9,5,11.9,0,12.4,0.5,1.79,Enrolled,Female,No,No,Up to Date,Yes,-0.42,0,0.7143,0.7143,8.62,0,1.17,0.42
EDU-003069,1,39,1,9556,1,1,140.0,1,37,37,9,8,105.0,1,0,0,1,0,1,36,0,0,7,11,6,12.35,0,0,7,12,5,12.5,0,8.9,1.4,3.51,Graduate,Female,Yes,No,Up to Date,Yes,0.15,-1,0.8571,0.7143,8.89,0,1.17,0.15
EDU-003070,1,39,1,9085,1,12,133.1,1,37,37,10,9,144.0,0,0,0,1,1,0,51,0,0,6,0,0,0.0,0,0,6,0,0,0.0,0,12.4,0.5,1.79,Dropout,Male,No,No,Up to Date,No,0.0,0,0.0,0.0,0.0,0,1.0,0.0
EDU-003071,1,1,3,9670,1,1,121.0,1,1,19,5,5,111.9,1,0,0,1,1,1,20,0,0,6,7,6,11.333333333333334,0,0,6,10,4,10.571428571428571,0,10.8,1.4,1.74,Enrolled,Male,Yes,No,Up to Date,Yes,-0.76,-2,1.0,0.6667,7.25,0,1.0,0.76
EDU-003072,1,39,1,8014,0,38,133.1,1,1,1,4,4,107.5,0,0,1,0,1,0,29,0,0,6,6,0,0.0,0,0,5,5,0,0.0,0,8.9,1.4,3.51,Dropout,Male,No,Yes,In Arrears,No,0.0,0,0.0,0.0,0.0,1,1.0,0.0
EDU-003073,1,44,1,9238,1,39,130.0,1,1,19,4,5,127.4,0,0,1,0,1,0,27,0,3,6,8,5,11.6,0,2,6,9,5,12.0,0,13.9,-0.3,0.79,Dropout,Male,No,Yes,In Arrears,No,0.4,0,0.8333,0.8333,9.87,1,1.0,0.4
EDU-003074,1,39,1,9119,1,1,130.0,1,19,37,9,4,149.0,1,0,0,1,1,0,33,0,0,5,10,4,12.0,0,0,5,8,3,13.666666666666666,1,7.6,2.6,0.32,Enrolled,Male,No,No,Up to Date,Yes,1.67,-1,0.8,0.6,7.8,0,0.83,1.67
EDU-003075,2,2,1,9147,1,2,120.0,1,37,37,9,9,120.0,0,0,0,0,1,0,57,0,12,15,17,12,11.75,0,9,14,16,9,12.22222222222222,0,9.4,-0.8,-3.12,Dropout,Male,No,No,In Arrears,No,0.47,-3,0.8,0.6429,7.74,0,2.5,0.47
EDU-003076,1,1,1,9670,1,1,132.0,1,4,2,123,112,143.6,1,0,0,1,1,0,20,0,0,6,8,5,12.8,0,0,6,10,5,11.6,0,13.9,-0.3,0.79,Enrolled,Male,No,No,Up to Date,Yes,-1.2,0,0.8333,0.8333,10.07,0,1.0,1.2
EDU-003077,1,39,1,9670,1,1,100.0,1,1,1,4,4,120.0,0,0,0,1,1,0,26,0,0,5,7,3,11.333333333333334,0,0,5,7,3,13.666666666666666,0,9.4,-0.8,-3.12,Dropout,Male,No,No,Up to Date,No,2.33,0,0.6,0.6,7.64,0,0.83,2.33
EDU-003078,1,43,1,9119,1,1,130.0,1,1,1,9,2,128.0,0,0,1,0,1,0,27,0,0,5,5,0,0.0,0,0,5,7,0,0.0,0,13.9,-0.3,0.79,Enrolled,Male,No,Yes,In Arrears,No,0.0,0,0.0,0.0,0.0,1,0.83,0.0
EDU-003079,1,1,1,9670,1,1,129.0,1,1,37,4,9,118.2,0,0,0,1,1,0,19,0,0,5,5,5,10.8,0,0,5,5,4,12.25,0,9.4,-0.8,-3.12,Graduate,Male,No,No,Up to Date,No,1.45,-1,1.0,0.8,9.34,0,0.83,1.45
EDU-003080,1,44,1,9085,1,39,160.0,1,12,38,4,8,160.0,1,0,0,1,1,0,23,0,1,6,10,5,12.5,0,1,6,8,2,13.5,0,12.4,0.5,1.79,Dropout,Male,No,No,Up to Date,Yes,1.0,-3,0.8333,0.3333,4.37,0,1.0,1.0
EDU-003081,1,39,1,9991,0,1,120.0,1,19,38,5,5,152.4,0,0,0,1,1,0,27,0,0,5,5,5,15.2,0,0,5,6,5,14.166666666666666,0,10.8,1.4,1.74,Graduate,Male,No,No,Up to Date,No,-1.03,0,1.0,1.0,14.58,0,0.83,1.03
EDU-003082,1,1,6,9500,1,1,122.0,1,19,37,3,5,116.6,1,0,1,1,1,1,20,0,0,7,7,7,13.314285714285717,0,0,8,8,8,12.575,0,12.4,0.5,1.79,Graduate,Male,Yes,Yes,Up to Date,Yes,-0.74,1,1.0,1.0,12.87,0,1.17,0.74
EDU-003083,1,18,1,9070,1,1,143.0,1,38,38,7,5,141.6,0,0,0,1,0,1,19,0,6,12,12,11,13.090909090909092,0,5,11,12,11,12.083333333333334,0,10.8,1.4,1.74,Graduate,Female,Yes,No,Up to Date,No,-1.01,0,0.9167,1.0,12.49,0,2.0,1.01
EDU-003084,1,1,1,9130,1,1,110.0,1,3,19,2,9,105.5,1,0,1,0,0,0,19,0,0,6,0,0,0.0,0,0,6,0,0,0.0,0,11.1,0.6,2.02,Dropout,Female,No,Yes,In Arrears,Yes,0.0,0,0.0,0.0,0.0,1,1.0,0.0
EDU-003085,1,1,1,9070,1,1,124.0,1,37,19,9,3,116.3,1,0,0,1,0,0,20,0,0,6,8,5,12.2,0,0,6,6,6,11.5,0,16.2,0.3,-0.92,Graduate,Female,No,No,Up to Date,Yes,-0.7,1,0.8333,1.0,11.78,0,1.0,0.7
EDU-003086,2,7,1,9147,1,3,110.0,1,19,1,9,9,110.0,0,0,0,1,0,0,33,0,5,8,10,6,12.833333333333334,0,2,5,8,4,12.0,0,11.1,0.6,2.02,Enrolled,Female,No,No,Up to Date,No,-0.83,-2,0.75,0.8,9.87,0,1.33,0.83
EDU-003087,1,43,1,9991,0,1,130.0,1,37,37,9,9,119.5,1,0,0,1,0,0,22,0,9,15,17,15,11.2,0,9,14,15,14,12.428571428571429,0,7.6,2.6,0.32,Graduate,Female,No,No,Up to Date,Yes,1.23,-1,1.0,1.0,11.94,0,2.5,1.23
EDU-003088,1,1,6,9147,1,1,139.0,1,19,12,4,4,125.0,1,0,0,1,0,0,18,0,0,5,8,3,12.333333333333334,0,0,5,7,4,12.0,0,7.6,2.6,0.32,Graduate,Female,No,No,Up to Date,Yes,-0.33,1,0.6,0.8,9.71,0,0.83,0.33
EDU-003089,5,39,1,9500,1,3,140.0,1,37,38,9,9,160.0,0,0,0,1,0,0,27,0,0,8,8,7,15.94285714285714,0,0,8,8,7,15.94285714285714,0,12.7,3.7,-1.7,Graduate,Female,No,No,Up to Date,No,0.0,0,0.875,0.875,13.95,0,1.33,0.0
EDU-003090,1,39,1,9991,0,1,150.0,1,37,37,9,7,150.0,0,0,0,1,0,0,27,0,0,5,0,0,0.0,0,0,5,0,0,0.0,0,15.5,2.8,-4.06,Dropout,Female,No,No,Up to Date,No,0.0,0,0.0,0.0,0.0,0,0.83,0.0
EDU-003091,1,1,1,9238,1,1,123.0,1,37,37,9,9,115.0,1,0,0,1,0,0,19,0,0,6,10,4,10.25,0,0,6,8,6,10.714285714285714,0,11.1,0.6,2.02,Graduate,Female,No,No,Up to Date,Yes,0.46,2,0.6667,1.0,10.53,0,1.0,0.46
EDU-003092,1,17,1,9853,1,1,128.0,1,38,38,9,7,128.4,1,0,0,1,0,1,20,0,0,6,10,5,13.2,0,0,6,12,5,12.833333333333334,0,9.4,-0.8,-3.12,Enrolled,Female,Yes,No,Up to Date,Yes,-0.37,0,0.8333,0.8333,10.82,0,1.0,0.37
EDU-003093,1,1,1,8014,0,1,100.0,1,38,19,6,10,112.8,0,0,0,1,0,1,23,0,0,6,6,6,14.166666666666666,0,0,6,6,6,12.5,0,12.7,3.7,-1.7,Graduate,Female,Yes,No,Up to Date,No,-1.67,0,1.0,1.0,13.17,0,1.0,1.67
EDU-003094,1,43,1,9500,1,1,148.0,1,29,38,90,3,131.0,1,0,0,1,0,1,22,0,18,23,23,20,14.575,3,18,23,23,20,14.575,3,7.6,2.6,0.32,Graduate,Female,Yes,No,Up to Date,Yes,0.0,0,0.8696,0.8696,12.67,0,3.83,0.0
EDU-003095,1,17,2,9254,1,1,130.0,1,19,19,7,7,121.6,1,0,0,1,0,1,18,0,0,6,9,1,10.0,1,0,6,6,0,0.0,0,12.7,3.7,-1.7,Dropout,Female,Yes,No,Up to Date,Yes,-10.0,-1,0.1667,0.0,0.0,0,1.0,10.0
EDU-003096,1,1,4,9238,1,1,118.0,1,19,38,9,9,110.0,0,0,0,1,0,1,18,0,0,6,7,6,12.285714285714286,0,0,6,8,6,11.428571428571429,0,12.4,0.5,1.79,Graduate,Female,Yes,No,Up to Date,No,-0.86,0,1.0,1.0,11.77,0,1.0,0.86
EDU-003097,1,39,1,8014,0,1,120.0,1,38,38,9,9,148.5,0,0,0,1,0,1,31,0,0,6,6,6,14.0,0,0,6,6,6,12.333333333333334,0,10.8,1.4,1.74,Graduate,Female,Yes,No,Up to Date,No,-1.67,0,1.0,1.0,13.0,0,1.0,1.67
EDU-003098,1,17,4,9773,1,1,119.0,1,38,19,9,9,118.3,0,0,0,1,0,0,19,0,0,6,8,4,11.25,0,0,6,0,0,0.0,0,15.5,2.8,-4.06,Dropout,Female,No,No,Up to Date,No,-11.25,-4,0.6667,0.0,0.0,0,1.0,11.25
EDU-003099,1,1,1,9238,1,1,138.0,1,37,37,9,9,135.9,1,0,0,1,0,0,19,0,0,6,11,5,11.6,0,0,6,11,6,11.666666666666666,0,7.6,2.6,0.32,Enrolled,Female,No,No,Up to Date,Yes,0.07,1,0.8333,1.0,11.64,0,1.0,0.07
EDU-003100,1,17,1,8014,0,1,127.0,1,19,37,4,7,115.8,0,0,0,1,0,0,24,0,0,6,12,1,12.0,0,0,6,12,0,0.0,0,10.8,1.4,1.74,Dropout,Female,No,No,Up to Date,No,-12.0,-1,0.1667,0.0,0.0,0,1.0,12.0
EDU-003101,1,1,1,9500,1,1,134.0,1,38,19,3,10,121.2,0,0,0,1,0,0,19,0,0,7,10,7,13.47,0,0,8,8,8,13.32625,0,15.5,2.8,-4.06,Graduate,Female,No,No,Up to Date,No,-0.14,1,1.0,1.0,13.38,0,1.17,0.14
EDU-003102,1,17,4,9147,1,1,133.0,1,1,1,4,5,136.2,1,0,0,1,0,0,19,0,0,5,6,5,12.4,0,0,5,5,5,12.8,0,7.6,2.6,0.32,Graduate,Female,No,No,Up to Date,Yes,0.4,0,1.0,1.0,12.64,0,0.83,0.4
EDU-003103,1,39,1,9670,1,1,133.1,1,37,37,9,9,100.2,1,0,0,0,0,0,26,0,0,6,9,3,11.75,0,0,6,11,4,11.5,3,16.2,0.3,-0.92,Dropout,Female,No,No,In Arrears,Yes,-0.25,1,0.5,0.6667,7.73,0,1.0,0.25
EDU-003104,1,1,1,171,1,1,180.0,41,37,37,9,9,152.7,1,0,1,0,1,0,27,1,0,0,0,0,0.0,0,0,0,0,0,0.0,0,7.6,2.6,0.32,Dropout,Male,No,Yes,In Arrears,Yes,0.0,0,0.0,0.0,0.0,1,0.0,0.0
EDU-003105,1,17,4,9238,1,1,129.0,1,19,19,4,7,123.1,1,0,0,1,0,0,19,0,0,6,7,6,12.0,0,0,6,7,6,12.428571428571429,0,11.1,0.6,2.02,Graduate,Female,No,No,Up to Date,Yes,0.43,0,1.0,1.0,12.26,0,1.0,0.43
EDU-003106,2,39,1,9085,1,1,120.0,1,19,19,1,4,130.0,0,0,0,1,0,0,29,0,0,5,8,5,15.333333333333334,2,0,5,6,5,15.4,0,9.4,-0.8,-3.12,Dropout,Female,No,No,Up to Date,No,0.07,0,1.0,1.0,15.37,0,0.83,0.07
EDU-003107,1,1,6,9500,1,1,141.0,1,1,38,4,5,125.0,1,0,0,1,0,1,18,0,0,8,8,8,12.32,0,0,8,8,8,12.32,0,9.4,-0.8,-3.12,Graduate,Female,Yes,No,Up to Date,Yes,0.0,0,1.0,1.0,12.32,0,1.33,0.0
EDU-003108,1,1,1,9500,1,1,118.0,1,1,19,9,10,113.1,1,0,0,1,0,0,19,0,0,7,7,7,13.79857142857143,0,0,8,8,8,14.75625,0,11.1,0.6,2.02,Graduate,Female,No,No,Up to Date,Yes,0.96,1,1.0,1.0,14.37,0,1.17,0.96
EDU-003109,1,1,5,9773,1,1,127.0,1,38,1,4,5,121.1,1,0,0,1,0,0,18,0,0,6,6,6,13.166666666666666,0,0,6,6,6,12.5,0,15.5,2.8,-4.06,Enrolled,Female,No,No,Up to Date,Yes,-0.67,0,1.0,1.0,12.77,0,1.0,0.67
EDU-003110,1,1,1,9147,1,1,177.0,1,1,38,3,9,162.3,0,0,0,1,0,1,18,0,0,5,6,5,16.333333333333332,0,0,5,5,5,15.4,0,15.5,2.8,-4.06,Graduate,Female,Yes,No,Up to Date,No,-0.93,0,1.0,1.0,15.77,0,0.83,0.93
EDU-003111,1,42,1,171,1,1,132.0,1,1,1,1,4,132.0,1,0,0,1,0,0,19,0,0,0,0,0,0.0,0,0,0,0,0,0.0,0,12.7,3.7,-1.7,Dropout,Female,No,No,Up to Date,Yes,0.0,0,0.0,0.0,0.0,0,0.0,0.0
EDU-003112,1,17,4,9500,1,1,133.0,1,4,4,4,4,130.7,1,0,0,1,0,0,19,0,0,7,7,7,14.757142857142856,0,0,8,9,8,15.366666666666667,0,12.4,0.5,1.79,Graduate,Female,No,No,Up to Date,Yes,0.61,1,1.0,1.0,15.12,0,1.17,0.61
EDU-003113,1,17,4,9254,1,1,124.0,1,1,1,4,4,122.3,1,0,0,1,0,0,19,0,0,6,7,6,11.666666666666666,0,0,6,6,6,12.333333333333334,0,13.9,-0.3,0.79,Dropout,Female,No,No,Up to Date,Yes,0.67,0,1.0,1.0,12.07,0,1.0,0.67
EDU-003114,1,1,1,9670,1,1,143.0,1,3,38,2,9,144.1,1,0,0,1,0,0,19,0,0,6,7,5,12.6,0,0,6,10,5,12.375,0,10.8,1.4,1.74,Enrolled,Female,No,No,Up to Date,Yes,-0.22,0,0.8333,0.8333,10.39,0,1.0,0.22
EDU-003115,1,1,1,9773,1,1,128.0,1,1,19,9,7,118.2,0,0,0,1,0,0,19,0,0,6,6,6,11.666666666666666,0,0,6,6,6,11.5,0,12.7,3.7,-1.7,Graduate,Female,No,No,Up to Date,No,-0.17,0,1.0,1.0,11.57,0,1.0,0.17
EDU-003116,1,1,1,9238,1,1,138.0,1,19,38,5,8,133.5,0,0,0,1,0,1,19,0,0,6,6,6,15.0,0,0,6,6,6,13.333333333333334,0,8.9,1.4,3.51,Graduate,Female,Yes,No,Up to Date,No,-1.67,0,1.0,1.0,14.0,0,1.0,1.67
EDU-003117,1,1,5,9500,1,1,144.0,1,37,37,7,9,126.8,1,0,1,0,0,0,18,0,0,7,0,0,0.0,0,0,8,0,0,0.0,0,9.4,-0.8,-3.12,Dropout,Female,No,Yes,In Arrears,Yes,0.0,0,0.0,0.0,0.0,1,1.17,0.0
EDU-003118,1,1,4,9773,1,1,122.0,1,19,19,9,7,121.0,1,0,0,1,0,0,20,0,0,6,7,6,13.571428571428571,0,0,6,6,6,13.333333333333334,0,13.9,-0.3,0.79,Graduate,Female,No,No,Up to Date,Yes,-0.24,0,1.0,1.0,13.43,0,1.0,0.24
EDU-003119,1,17,1,9254,1,1,111.0,1,19,19,3,10,117.7,0,0,0,1,0,0,20,0,0,6,8,5,10.8,0,0,6,9,4,11.5,0,9.4,-0.8,-3.12,Graduate,Female,No,No,Up to Date,No,0.7,-1,0.8333,0.6667,7.48,0,1.0,0.7
EDU-003120,1,1,1,9085,1,1,133.1,1,38,37,1,1,115.0,1,0,0,1,0,0,21,0,0,5,8,3,11.333333333333334,1,0,5,8,3,13.333333333333334,0,12.7,3.7,-1.7,Enrolled,Female,No,No,Up to Date,Yes,2.0,0,0.6,0.6,7.52,0,0.83,2.0
EDU-003121,2,1,1,9991,0,2,120.0,1,37,37,6,3,129.2,0,0,0,1,0,0,31,0,4,10,16,5,11.4,0,4,10,10,6,12.833333333333334,0,9.4,-0.8,-3.12,Dropout,Female,No,No,Up to Date,No,1.43,1,0.5,0.6,7.36,0,1.67,1.43
EDU-003122,1,1,1,9556,1,1,135.0,1,37,38,7,9,125.8,0,0,0,1,0,1,20,0,0,7,14,7,10.642857142857142,0,0,8,8,8,11.55,0,12.7,3.7,-1.7,Graduate,Female,Yes,No,Up to Date,No,0.91,1,1.0,1.0,11.19,0,1.17,0.91
EDU-003123,1,17,5,9670,1,1,125.0,1,19,30,7,7,118.4,1,0,0,1,0,1,19,0,0,5,8,3,10.5,0,0,5,6,4,11.75,1,7.6,2.6,0.32,Enrolled,Female,Yes,No,Up to Date,Yes,1.25,1,0.6,0.8,9.0,0,0.83,1.25
EDU-003124,1,1,1,9500,1,1,147.0,1,38,38,9,9,142.0,1,0,0,1,0,0,18,0,0,7,7,6,14.65,0,0,7,7,6,14.65,0,7.6,2.6,0.32,Graduate,Female,No,No,Up to Date,Yes,0.0,0,0.8571,0.8571,12.56,0,1.17,0.0
EDU-003125,1,17,3,9500,1,1,137.0,1,19,37,7,7,126.7,1,0,0,1,0,1,19,0,0,7,7,7,13.714285714285714,0,0,8,11,8,14.863636363636363,0,16.2,0.3,-0.92,Graduate,Female,Yes,No,Up to Date,Yes,1.15,1,1.0,1.0,14.4,0,1.17,1.15
EDU-003126,1,43,1,9238,1,1,117.0,1,34,34,0,0,109.3,0,0,0,1,0,0,30,0,9,16,19,15,12.266666666666667,0,11,13,14,13,12.071428571428571,0,9.4,-0.8,-3.12,Graduate,Female,No,No,Up to Date,No,-0.2,-2,0.9375,1.0,12.15,0,2.67,0.2
EDU-003127,1,17,1,9238,1,1,126.0,1,37,19,9,8,116.9,1,0,0,1,0,0,21,0,0,6,11,6,10.375,0,0,6,12,3,11.666666666666666,0,12.7,3.7,-1.7,Enrolled,Female,No,No,Up to Date,Yes,1.29,-3,1.0,0.5,5.57,0,1.0,1.29
EDU-003128,1,18,1,9147,1,1,128.0,1,19,19,9,5,121.7,1,0,0,1,0,0,19,0,0,5,8,5,11.0,0,0,5,6,5,15.4,0,12.4,0.5,1.79,Graduate,Female,No,No,Up to Date,Yes,4.4,0,1.0,1.0,13.64,0,0.83,4.4
EDU-003129,1,1,6,9147,1,1,115.0,1,1,37,4,9,117.1,1,0,1,1,0,0,22,0,0,5,5,5,13.8,0,0,5,5,5,13.0,0,7.6,2.6,0.32,Graduate,Female,No,Yes,Up to Date,Yes,-0.8,0,1.0,1.0,13.32,0,0.83,0.8
EDU-003130,1,1,1,9773,1,1,121.0,1,1,38,4,9,114.4,0,0,0,1,0,1,18,0,0,6,6,6,12.666666666666666,0,0,6,6,6,12.833333333333334,0,11.1,0.6,2.02,Graduate,Female,Yes,No,Up to Date,No,0.17,0,1.0,1.0,12.77,0,1.0,0.17
EDU-003131,1,17,1,9238,1,1,134.0,1,3,1,3,4,133.0,1,0,0,1,0,0,18,0,0,6,8,6,11.75,0,0,6,10,5,12.0,0,12.7,3.7,-1.7,Graduate,Female,No,No,Up to Date,Yes,0.25,-1,1.0,0.8333,9.92,0,1.0,0.25
EDU-003132,1,1,3,9500,1,1,126.0,1,38,38,9,8,118.8,1,0,0,1,0,1,19,0,0,8,8,7,12.785714285714286,0,0,8,8,7,12.785714285714286,0,12.7,3.7,-1.7,Graduate,Female,Yes,No,Up to Date,Yes,0.0,0,0.875,0.875,11.19,0,1.33,0.0
EDU-003133,1,1,1,9130,1,1,151.0,1,3,1,2,4,151.0,1,0,0,1,0,0,18,0,0,6,11,6,14.444444444444445,0,0,6,6,6,13.333333333333334,0,16.2,0.3,-0.92,Graduate,Female,No,No,Up to Date,Yes,-1.11,0,1.0,1.0,13.78,0,1.0,1.11
EDU-003134,1,1,6,9500,1,1,122.0,1,1,1,4,4,119.6,1,0,0,1,0,0,21,0,0,7,8,6,13.25,0,0,8,8,8,13.8375,0,13.9,-0.3,0.79,Enrolled,Female,No,No,Up to Date,Yes,0.59,2,0.8571,1.0,13.6,0,1.17,0.59
EDU-003135,1,17,1,9500,1,1,141.0,1,2,38,2,10,135.4,1,0,0,1,0,0,18,0,0,7,9,7,12.50625,0,0,8,15,5,13.2,0,13.9,-0.3,0.79,Enrolled,Female,No,No,Up to Date,Yes,0.69,-2,1.0,0.625,8.08,0,1.17,0.69
EDU-003136,1,1,1,171,1,1,138.0,1,1,40,4,3,149.9,1,0,0,1,0,0,20,0,0,0,0,0,0.0,0,0,0,0,0,0.0,0,11.1,0.6,2.02,Graduate,Female,No,No,Up to Date,Yes,0.0,0,0.0,0.0,0.0,0,0.0,0.0
EDU-003137,1,1,1,9085,1,1,133.0,1,38,37,9,7,120.1,1,0,0,1,0,0,18,0,0,5,8,4,12.75,1,0,5,10,4,11.75,0,12.7,3.7,-1.7,Graduate,Female,No,No,Up to Date,Yes,-1.0,0,0.8,0.8,9.72,0,0.83,1.0
EDU-003138,1,39,1,9085,1,3,150.0,1,2,3,4,7,173.3,1,0,0,1,0,0,25,0,1,6,7,6,16.857142857142858,0,1,6,6,6,16.5,0,13.9,-0.3,0.79,Graduate,Female,No,No,Up to Date,Yes,-0.36,0,1.0,1.0,16.64,0,1.0,0.36
EDU-003139,1,1,1,9773,1,1,136.0,1,19,19,4,3,126.2,0,0,0,1,0,0,19,0,0,6,6,6,13.166666666666666,0,0,6,6,6,15.0,0,16.2,0.3,-0.92,Graduate,Female,No,No,Up to Date,No,1.83,0,1.0,1.0,14.27,0,1.0,1.83
EDU-003140,1,1,1,9853,1,1,129.0,1,19,38,2,7,126.9,1,0,0,1,0,1,19,0,0,6,9,5,12.2,0,0,6,10,4,11.5,0,7.6,2.6,0.32,Enrolled,Female,Yes,No,Up to Date,Yes,-0.7,-1,0.8333,0.6667,7.85,0,1.0,0.7
EDU-003141,1,39,1,9085,1,1,128.0,1,19,1,9,10,157.4,1,0,0,1,0,0,26,0,0,6,7,6,16.5,0,0,6,8,6,14.285714285714286,0,8.9,1.4,3.51,Graduate,Female,No,No,Up to Date,Yes,-2.21,0,1.0,1.0,15.17,0,1.0,2.21
EDU-003142,1,17,2,9147,1,1,131.0,1,1,19,4,5,120.2,1,0,0,1,0,0,21,0,0,5,10,4,11.75,0,0,5,6,5,11.6,0,12.4,0.5,1.79,Graduate,Female,No,No,Up to Date,Yes,-0.15,1,0.8,1.0,11.66,0,0.83,0.15
EDU-003143,1,1,1,9147,1,1,130.0,1,38,38,2,9,124.8,0,0,0,1,0,0,19,0,0,5,14,1,11.0,0,0,5,6,0,0.0,0,13.9,-0.3,0.79,Dropout,Female,No,No,Up to Date,No,-11.0,-1,0.2,0.0,0.0,0,0.83,11.0
EDU-003144,1,17,1,9500,1,1,150.0,1,37,37,9,9,130.3,0,0,0,1,0,1,19,0,0,8,8,7,15.114285714285714,0,0,8,8,7,15.114285714285714,0,12.7,3.7,-1.7,Graduate,Female,Yes,No,Up to Date,No,0.0,0,0.875,0.875,13.22,0,1.33,0.0
EDU-003145,1,1,1,9238,1,1,165.0,1,37,38,9,8,152.4,1,0,0,1,0,1,18,0,0,6,8,6,15.5,0,0,6,7,6,14.285714285714286,0,16.2,0.3,-0.92,Graduate,Female,Yes,No,Up to Date,Yes,-1.21,0,1.0,1.0,14.77,0,1.0,1.21
EDU-003146,2,43,1,9991,0,1,133.1,1,37,37,9,7,113.5,0,0,0,1,0,1,32,0,3,10,12,7,11.142857142857142,0,4,10,10,8,12.0,0,10.8,1.4,1.74,Graduate,Female,Yes,No,Up to Date,No,0.86,1,0.7,0.8,9.33,0,1.67,0.86
EDU-003147,1,1,1,9238,1,1,126.0,1,3,1,5,5,125.7,0,0,0,1,0,1,18,0,0,6,6,6,11.333333333333334,0,0,6,8,6,11.333333333333334,0,15.5,2.8,-4.06,Graduate,Female,Yes,No,Up to Date,No,0.0,0,1.0,1.0,11.33,0,1.0,0.0
EDU-003148,1,1,5,9500,1,1,101.0,1,1,1,3,4,102.4,0,0,0,1,0,0,20,0,0,7,9,5,12.04,0,0,7,9,6,11.77142857142857,0,12.4,0.5,1.79,Enrolled,Female,No,No,Up to Date,No,-0.27,1,0.7143,0.8571,10.18,0,1.17,0.27
EDU-003149,1,17,3,9147,1,1,125.0,1,38,19,7,7,125.7,0,0,0,1,0,0,20,0,0,5,7,5,11.166666666666666,0,0,5,9,4,10.75,0,15.5,2.8,-4.06,Enrolled,Female,No,No,Up to Date,No,-0.42,-1,1.0,0.8,8.73,0,0.83,0.42
EDU-003150,4,39,1,9670,1,1,100.0,1,37,37,4,10,120.0,0,0,1,1,0,1,39,0,0,5,6,5,10.6,0,0,5,7,4,10.75,0,9.4,-0.8,-3.12,Graduate,Female,Yes,Yes,Up to Date,No,0.15,-1,1.0,0.8,8.55,0,0.83,0.15
EDU-003151,1,1,1,9130,1,1,117.0,1,1,1,9,9,109.3,1,0,0,1,0,0,20,0,0,5,10,4,12.5,0,0,5,12,2,13.0,0,12.7,3.7,-1.7,Enrolled,Female,No,No,Up to Date,Yes,0.5,-2,0.8,0.4,5.12,0,0.83,0.5
EDU-003152,1,1,1,171,1,1,159.0,1,3,1,4,4,162.2,1,0,1,0,0,0,18,0,0,0,0,0,0.0,0,0,0,0,0,0.0,0,12.4,0.5,1.79,Dropout,Female,No,Yes,In Arrears,Yes,0.0,0,0.0,0.0,0.0,1,0.0,0.0
EDU-003153,1,17,1,9773,1,1,177.0,1,2,1,123,135,155.7,0,0,1,1,0,1,18,0,0,6,6,6,15.666666666666666,0,0,6,6,6,13.833333333333334,0,8.9,1.4,3.51,Graduate,Female,Yes,Yes,Up to Date,No,-1.83,0,1.0,1.0,14.57,0,1.0,1.83
EDU-003154,1,1,1,171,1,1,156.0,1,3,3,2,2,147.7,1,0,0,1,0,0,21,0,6,12,12,12,15.333333333333334,0,4,11,15,11,15.0,0,8.9,1.4,3.51,Graduate,Female,No,No,Up to Date,Yes,-0.33,-1,1.0,1.0,15.13,0,2.0,0.33
EDU-003155,1,1,5,9500,1,1,125.0,1,1,1,3,8,115.6,1,0,0,1,0,0,18,0,0,7,9,6,12.183333333333332,0,0,7,9,6,11.783333333333331,0,16.2,0.3,-0.92,Enrolled,Female,No,No,Up to Date,Yes,-0.4,0,0.8571,0.8571,10.24,0,1.17,0.4
EDU-003156,1,1,2,9147,1,1,130.0,1,37,37,9,9,117.8,0,0,0,1,0,0,18,0,0,5,8,2,10.0,0,0,5,9,3,11.333333333333334,0,7.6,2.6,0.32,Enrolled,Female,No,No,Up to Date,No,1.33,1,0.4,0.6,6.48,0,0.83,1.33
EDU-003157,1,43,1,9003,1,1,125.0,1,1,38,4,7,125.0,1,0,0,1,0,0,21,0,9,14,23,9,12.0,2,6,12,21,8,11.25,0,15.5,2.8,-4.06,Graduate,Female,No,No,Up to Date,Yes,-0.75,-1,0.6429,0.6667,7.7,0,2.33,0.75
EDU-003158,1,1,1,9147,1,1,127.0,1,19,19,5,5,129.8,1,0,0,1,0,0,22,0,0,5,8,3,10.333333333333334,0,0,5,11,2,10.0,0,7.6,2.6,0.32,Dropout,Female,No,No,Up to Date,Yes,-0.33,-1,0.6,0.4,4.05,0,0.83,0.33
EDU-003159,1,17,1,9254,1,1,121.0,1,1,1,4,4,123.1,1,0,0,1,1,0,21,0,0,6,11,6,11.166666666666666,0,0,6,14,3,14.666666666666666,0,7.6,2.6,0.32,Enrolled,Male,No,No,Up to Date,Yes,3.5,-3,1.0,0.5,6.63,0,1.0,3.5
EDU-003160,1,43,1,9070,1,1,135.0,1,19,19,9,9,122.8,1,0,0,1,1,1,20,0,0,6,8,3,11.0,0,0,6,8,2,11.333333333333334,0,10.8,1.4,1.74,Enrolled,Male,Yes,No,Up to Date,Yes,0.33,-1,0.5,0.3333,3.73,0,1.0,0.33
EDU-003161,1,1,2,171,1,1,125.0,1,38,19,9,9,117.3,1,0,0,1,1,1,21,0,0,0,0,0,0.0,0,0,0,0,0,0.0,0,10.8,1.4,1.74,Graduate,Male,Yes,No,Up to Date,Yes,0.0,0,0.0,0.0,0.0,0,0.0,0.0
EDU-003162,1,1,1,9254,1,1,138.0,41,1,1,9,9,126.5,1,0,0,1,0,1,20,1,0,6,7,6,12.857142857142858,0,0,6,8,5,11.8,0,8.9,1.4,3.51,Graduate,Female,Yes,No,Up to Date,Yes,-1.06,-1,1.0,0.8333,10.19,0,1.0,1.06
EDU-003163,1,1,4,9500,1,1,136.0,1,19,38,9,9,123.0,1,0,0,1,0,0,19,0,0,8,8,7,14.328571428571427,0,0,8,8,7,14.328571428571427,0,10.8,1.4,1.74,Graduate,Female,No,No,Up to Date,Yes,0.0,0,0.875,0.875,12.54,0,1.33,0.0
EDU-003164,1,1,1,9238,1,1,142.0,1,1,38,5,7,127.7,0,0,0,1,0,1,20,0,0,6,7,6,15.0,0,0,6,6,6,16.333333333333332,0,13.9,-0.3,0.79,Graduate,Female,Yes,No,Up to Date,No,1.33,0,1.0,1.0,15.8,0,1.0,1.33
EDU-003165,1,1,1,9085,1,1,129.0,1,19,37,9,9,117.5,1,0,0,1,0,0,19,0,0,5,9,5,13.6,1,0,5,5,5,12.4,0,12.7,3.7,-1.7,Graduate,Female,No,No,Up to Date,Yes,-1.2,0,1.0,1.0,12.88,0,0.83,1.2
EDU-003166,1,1,1,9085,1,1,134.0,1,1,1,2,7,128.4,1,0,0,1,0,1,18,0,0,5,12,5,12.857142857142858,2,0,5,8,4,13.25,0,9.4,-0.8,-3.12,Graduate,Female,Yes,No,Up to Date,Yes,0.39,-1,1.0,0.8,10.47,0,0.83,0.39
EDU-003167,1,17,2,9853,1,1,123.0,1,3,1,2,3,124.1,1,0,0,1,0,0,18,0,0,6,7,2,14.5,0,0,6,6,1,10.0,0,15.5,2.8,-4.06,Dropout,Female,No,No,Up to Date,Yes,-4.5,-1,0.3333,0.1667,1.97,0,1.0,4.5
EDU-003168,1,39,1,9991,0,1,150.0,1,19,38,9,8,140.9,0,1,0,1,0,0,24,0,0,5,7,3,10.666666666666666,0,0,5,7,3,10.5,0,10.8,1.4,1.74,Dropout,Female,No,No,Up to Date,No,-0.17,0,0.6,0.6,6.34,0,0.83,0.17
EDU-003169,1,1,1,9254,1,1,129.0,1,1,1,4,2,126.2,0,0,1,0,0,1,21,0,0,6,7,6,13.428571428571429,0,0,6,8,6,11.333333333333334,0,8.9,1.4,3.51,Dropout,Female,Yes,Yes,In Arrears,No,-2.1,0,1.0,1.0,12.17,1,1.0,2.1
EDU-003170,1,1,3,9500,1,1,134.0,1,1,37,8,7,120.5,1,0,0,1,1,1,18,0,0,7,12,7,11.716666666666663,0,0,8,13,4,10.868,0,15.5,2.8,-4.06,Graduate,Male,Yes,No,Up to Date,Yes,-0.85,-3,1.0,0.5,5.6,0,1.17,0.85
EDU-003171,1,17,1,9147,1,1,127.0,1,1,37,4,8,121.1,1,0,0,1,1,1,20,0,0,5,11,4,12.0,0,0,5,5,5,12.8,0,11.1,0.6,2.02,Graduate,Male,Yes,No,Up to Date,Yes,0.8,1,0.8,1.0,12.48,0,0.83,0.8
EDU-003172,1,18,2,9853,1,1,123.0,1,1,3,9,2,123.7,1,0,1,0,0,0,20,0,0,6,11,5,13.2,0,0,6,8,4,10.75,0,10.8,1.4,1.74,Dropout,Female,No,Yes,In Arrears,Yes,-2.45,-1,0.8333,0.6667,7.82,1,1.0,2.45
EDU-003173,1,17,3,9254,1,1,127.0,1,12,38,5,7,116.9,1,0,1,1,0,0,18,0,0,6,7,5,12.2,0,0,6,10,4,12.25,0,12.4,0.5,1.79,Dropout,Female,No,Yes,Up to Date,Yes,0.05,-1,0.8333,0.6667,8.15,0,1.0,0.05
EDU-003174,1,39,1,9556,1,1,133.1,1,38,19,9,6,100.0,1,0,0,1,0,1,25,0,0,7,11,5,12.58,0,0,7,9,6,12.157142857142857,0,8.9,1.4,3.51,Graduate,Female,Yes,No,Up to Date,Yes,-0.42,1,0.7143,0.8571,10.56,0,1.17,0.42
EDU-003175,1,17,5,9238,1,1,131.0,1,19,37,5,7,120.2,1,0,0,1,0,1,19,0,0,6,9,5,11.333333333333334,0,0,6,6,6,10.833333333333334,0,13.9,-0.3,0.79,Enrolled,Female,Yes,No,Up to Date,Yes,-0.5,1,0.8333,1.0,11.03,0,1.0,0.5
EDU-003176,2,39,1,33,1,1,120.0,1,38,1,9,5,153.8,0,0,1,1,1,0,35,0,0,7,9,0,0.0,0,0,7,8,0,0.0,0,11.1,0.6,2.02,Dropout,Male,No,Yes,Up to Date,No,0.0,0,0.0,0.0,0.0,0,1.17,0.0
EDU-003177,1,1,4,9500,1,1,133.0,1,19,19,9,5,120.1,1,0,0,1,0,1,19,0,0,7,9,6,12.428571428571429,0,0,8,8,8,14.0,0,13.9,-0.3,0.79,Graduate,Female,Yes,No,Up to Date,Yes,1.57,2,0.8571,1.0,13.37,0,1.17,1.57
EDU-003178,1,1,1,9670,1,1,133.0,1,38,38,9,9,128.1,1,0,0,1,1,1,18,0,0,6,6,6,13.0,0,0,6,6,6,13.0,0,13.9,-0.3,0.79,Dropout,Male,Yes,No,Up to Date,Yes,0.0,0,1.0,1.0,13.0,0,1.0,0.0
EDU-003179,1,1,1,9500,1,1,143.0,1,3,19,3,10,126.8,0,0,0,1,1,0,19,0,0,8,8,7,14.535714285714286,0,0,8,8,7,14.535714285714286,0,10.8,1.4,1.74,Graduate,Male,No,No,Up to Date,No,0.0,0,0.875,0.875,12.72,0,1.33,0.0
EDU-003180,1,43,1,9500,1,1,140.0,1,19,38,9,7,125.7,1,0,0,1,1,1,19,0,0,7,8,5,11.2,0,0,7,8,5,11.2,0,7.6,2.6,0.32,Enrolled,Male,Yes,No,Up to Date,Yes,0.0,0,0.7143,0.7143,8.0,0,1.17,0.0
EDU-003181,1,17,1,9070,1,1,157.0,1,3,3,3,3,146.2,0,0,0,1,1,0,18,0,0,6,6,6,16.0,0,0,6,6,6,13.666666666666666,0,12.4,0.5,1.79,Graduate,Male,No,No,Up to Date,No,-2.33,0,1.0,1.0,14.6,0,1.0,2.33
EDU-003182,1,39,1,9130,1,19,133.1,1,19,3,9,2,140.0,1,0,1,1,1,0,24,0,0,6,13,5,13.142857142857142,0,0,6,15,3,12.666666666666666,0,16.2,0.3,-0.92,Dropout,Male,No,Yes,Up to Date,Yes,-0.48,-2,0.8333,0.5,6.43,0,1.0,0.48
EDU-003183,1,43,1,8014,0,1,145.0,6,34,34,0,0,134.5,1,0,0,1,1,0,25,1,8,14,23,11,11.6875,0,6,10,20,8,11.142857142857142,0,9.4,-0.8,-3.12,Graduate,Male,No,No,Up to Date,Yes,-0.54,-3,0.7857,0.8,9.09,0,2.33,0.54
EDU-003184,1,39,1,9119,1,1,130.0,1,37,3,9,3,137.0,1,0,0,1,1,0,28,0,0,5,11,4,10.5,0,0,5,12,4,11.0,4,7.6,2.6,0.32,Enrolled,Male,No,No,Up to Date,Yes,0.5,0,0.8,0.8,8.64,0,0.83,0.5
EDU-003185,1,1,1,9085,1,1,111.0,1,1,38,5,9,107.5,0,0,0,1,1,1,19,0,0,6,9,6,13.833333333333334,0,0,6,12,5,13.666666666666666,0,11.1,0.6,2.02,Graduate,Male,Yes,No,Up to Date,No,-0.17,-1,1.0,0.8333,11.44,0,1.0,0.17
EDU-003186,1,17,2,9119,1,1,116.0,1,19,1,9,7,112.2,0,0,0,1,1,0,19,0,0,5,0,0,0.0,0,0,5,0,0,0.0,0,16.2,0.3,-0.92,Dropout,Male,No,No,Up to Date,No,0.0,0,0.0,0.0,0.0,0,0.83,0.0
EDU-003187,1,39,1,9130,1,10,133.1,1,12,36,90,90,128.2,0,0,0,0,1,1,30,0,0,5,13,0,0.0,3,0,5,5,0,0.0,5,9.4,-0.8,-3.12,Dropout,Male,Yes,No,In Arrears,No,0.0,0,0.0,0.0,0.0,0,0.83,0.0
EDU-003188,1,1,1,9500,1,1,135.0,1,19,19,4,5,126.8,1,0,0,1,1,0,19,0,0,7,9,0,0.0,0,0,7,8,0,0.0,0,15.5,2.8,-4.06,Dropout,Male,No,No,Up to Date,Yes,0.0,0,0.0,0.0,0.0,0,1.17,0.0
EDU-003189,1,17,1,9147,1,1,145.0,1,19,38,4,4,132.1,1,0,0,1,1,0,21,0,0,5,10,1,10.0,0,0,5,5,0,0.0,0,11.1,0.6,2.02,Dropout,Male,No,No,Up to Date,Yes,-10.0,-1,0.2,0.0,0.0,0,0.83,10.0
EDU-003190,1,1,1,171,1,1,118.0,1,37,37,3,5,110.0,0,0,0,1,1,0,19,0,0,0,0,0,0.0,0,0,0,0,0,0.0,0,13.9,-0.3,0.79,Dropout,Male,No,No,Up to Date,No,0.0,0,0.0,0.0,0.0,0,0.0,0.0
EDU-003191,1,39,1,9003,1,1,130.0,1,19,19,9,5,100.0,0,0,0,0,1,0,29,0,0,6,9,0,0.0,0,0,6,6,0,0.0,0,13.9,-0.3,0.79,Dropout,Male,No,No,In Arrears,No,0.0,0,0.0,0.0,0.0,0,1.0,0.0
EDU-003192,1,1,1,9670,1,1,115.0,1,19,37,9,9,114.3,0,0,0,1,1,0,18,0,0,6,7,4,12.6,0,0,6,6,4,13.0,0,12.4,0.5,1.79,Dropout,Male,No,No,Up to Date,No,0.4,0,0.6667,0.6667,8.56,0,1.0,0.4
EDU-003193,1,1,2,9147,1,1,122.0,1,1,38,4,5,116.4,0,0,0,1,1,0,21,0,0,5,10,3,11.25,0,0,5,9,3,11.0,0,15.5,2.8,-4.06,Enrolled,Male,No,No,Up to Date,No,-0.25,0,0.6,0.6,6.66,0,0.83,0.25
EDU-003194,1,42,1,9070,1,1,120.0,1,3,2,3,1,116.9,0,0,0,1,1,0,20,0,6,7,13,7,12.375,0,4,7,8,4,11.25,0,13.9,-0.3,0.79,Dropout,Male,No,No,Up to Date,No,-1.12,-3,1.0,0.5714,6.69,0,1.17,1.12
EDU-003195,1,51,1,9991,0,1,120.0,1,38,3,5,3,128.2,0,0,1,1,1,0,24,0,3,10,15,7,10.714285714285714,0,3,10,11,9,12.555555555555555,0,12.4,0.5,1.79,Enrolled,Male,No,Yes,Up to Date,No,1.84,2,0.7,0.9,10.64,0,1.67,1.84
EDU-003196,1,17,2,9773,1,1,120.0,1,1,1,2,5,127.0,1,0,0,0,1,0,18,0,0,6,6,0,0.0,0,0,6,0,0,0.0,0,8.9,1.4,3.51,Dropout,Male,No,No,In Arrears,Yes,0.0,0,0.0,0.0,0.0,0,1.0,0.0
EDU-003197,1,42,1,9003,1,1,140.0,1,1,3,4,2,140.0,1,0,0,1,1,0,23,0,0,6,14,5,12.0,0,0,6,12,5,12.142857142857142,0,15.5,2.8,-4.06,Enrolled,Male,No,No,Up to Date,Yes,0.14,0,0.8333,0.8333,10.07,0,1.0,0.14
EDU-003198,1,1,6,9147,1,1,127.0,1,1,19,1,6,120.0,1,0,0,1,1,0,19,0,0,5,6,5,12.6,0,0,5,8,3,12.666666666666666,0,8.9,1.4,3.51,Graduate,Male,No,No,Up to Date,Yes,0.07,-2,1.0,0.6,7.58,0,0.83,0.07
EDU-003199,1,7,1,9254,1,3,110.0,1,19,19,3,3,110.0,0,0,0,1,1,0,35,0,0,6,7,0,0.0,0,0,6,6,0,0.0,0,16.2,0.3,-0.92,Dropout,Male,No,No,Up to Date,No,0.0,0,0.0,0.0,0.0,0,1.0,0.0
EDU-003200,1,1,1,9500,1,1,148.0,1,1,1,9,9,127.0,1,0,0,1,1,0,20,0,0,8,8,7,12.84142857142857,0,0,8,8,7,12.84142857142857,0,10.8,1.4,1.74,Graduate,Male,No,No,Up to Date,Yes,0.0,0,0.875,0.875,11.24,0,1.33,0.0
EDU-003201,2,39,1,9238,1,42,170.0,1,19,38,8,8,159.5,0,0,0,1,1,0,33,0,0,6,6,0,0.0,0,0,5,5,0,0.0,0,8.9,1.4,3.51,Dropout,Male,No,No,Up to Date,No,0.0,0,0.0,0.0,0.0,0,1.0,0.0
EDU-003202,1,1,1,9773,1,1,146.0,1,1,3,4,1,135.2,1,0,0,1,1,0,18,0,0,6,7,6,14.166666666666666,0,0,6,6,6,12.833333333333334,0,9.4,-0.8,-3.12,Graduate,Male,No,No,Up to Date,Yes,-1.33,0,1.0,1.0,13.37,0,1.0,1.33
EDU-003203,1,1,1,9773,1,1,127.0,1,5,3,4,4,122.8,1,0,0,1,1,0,20,0,0,6,7,6,12.166666666666666,0,0,6,9,3,12.0,0,12.4,0.5,1.79,Enrolled,Male,No,No,Up to Date,Yes,-0.17,-3,1.0,0.5,6.03,0,1.0,0.17
EDU-003204,1,17,1,9773,1,1,125.0,1,3,3,2,3,118.0,1,0,0,1,1,0,19,0,0,6,12,4,10.8,0,0,6,14,3,11.0,0,13.9,-0.3,0.79,Dropout,Male,No,No,Up to Date,Yes,0.2,-1,0.6667,0.5,5.46,0,1.0,0.2
EDU-003205,1,17,5,9773,1,1,139.0,1,38,1,4,4,123.6,1,0,0,1,1,0,18,0,0,6,6,6,13.0,0,0,6,12,0,0.0,0,7.6,2.6,0.32,Dropout,Male,No,No,Up to Date,Yes,-13.0,-6,1.0,0.0,0.0,0,1.0,13.0
EDU-003206,1,39,1,9991,0,1,133.1,1,37,37,7,9,111.0,0,0,0,0,1,0,28,0,0,5,0,0,0.0,0,0,5,0,0,0.0,0,8.9,1.4,3.51,Dropout,Male,No,No,In Arrears,No,0.0,0,0.0,0.0,0.0,0,0.83,0.0
EDU-003207,1,1,1,9147,1,1,146.0,1,5,1,1,5,144.6,0,0,0,1,1,0,18,0,0,5,5,5,13.0,0,0,5,6,5,13.333333333333334,0,16.2,0.3,-0.92,Graduate,Male,No,No,Up to Date,No,0.33,0,1.0,1.0,13.2,0,0.83,0.33
EDU-003208,1,1,1,9773,1,1,109.0,1,2,3,3,3,111.8,1,0,1,1,1,0,25,0,0,6,8,6,11.571428571428571,0,0,6,9,6,11.571428571428571,0,15.5,2.8,-4.06,Dropout,Male,No,Yes,Up to Date,Yes,0.0,0,1.0,1.0,11.57,0,1.0,0.0
EDU-003209,1,1,1,9238,1,1,135.0,1,1,38,4,6,122.1,0,1,1,0,1,0,19,0,0,6,6,4,11.5,0,0,6,6,5,11.0,0,8.9,1.4,3.51,Dropout,Male,No,Yes,In Arrears,No,-0.5,1,0.6667,0.8333,9.33,1,1.0,0.5
EDU-003210,1,18,2,9070,1,1,122.0,1,38,19,5,5,119.9,0,0,0,1,1,0,18,0,0,6,8,5,11.0,0,0,6,6,4,10.75,0,9.4,-0.8,-3.12,Graduate,Male,No,No,Up to Date,No,-0.25,-1,0.8333,0.6667,7.23,0,1.0,0.25
EDU-003211,1,7,1,9003,1,3,130.0,1,3,3,6,2,130.0,1,0,0,1,1,0,29,0,1,6,10,6,17.11111111111111,0,2,6,9,6,15.571428571428571,0,13.9,-0.3,0.79,Graduate,Male,No,No,Up to Date,Yes,-1.54,0,1.0,1.0,16.19,0,1.0,1.54
EDU-003212,1,1,1,171,1,1,124.0,1,2,2,3,2,118.4,1,0,0,1,1,0,18,0,0,0,0,0,0.0,0,0,0,0,0,0.0,0,7.6,2.6,0.32,Enrolled,Male,No,No,Up to Date,Yes,0.0,0,0.0,0.0,0.0,0,0.0,0.0
EDU-003213,1,1,1,9254,1,1,115.0,1,3,2,4,5,112.6,0,0,0,1,1,1,20,0,0,6,9,6,12.571428571428571,0,0,6,6,6,12.166666666666666,0,8.9,1.4,3.51,Graduate,Male,Yes,No,Up to Date,No,-0.4,0,1.0,1.0,12.33,0,1.0,0.4
EDU-003214,1,44,1,9003,1,39,150.0,1,3,19,2,6,150.0,0,0,0,1,1,0,20,0,0,6,6,0,0.0,0,0,6,8,0,0.0,0,15.5,2.8,-4.06,Dropout,Male,No,No,Up to Date,No,0.0,0,0.0,0.0,0.0,0,1.0,0.0
EDU-003215,1,1,4,9070,1,1,170.0,1,3,3,2,2,165.8,1,0,0,1,1,0,18,0,0,6,7,6,14.5,0,0,6,6,6,15.166666666666666,0,9.4,-0.8,-3.12,Graduate,Male,No,No,Up to Date,Yes,0.67,0,1.0,1.0,14.9,0,1.0,0.67
EDU-003216,1,1,6,9254,1,1,102.0,1,3,1,2,2,101.7,1,0,0,1,1,1,21,0,0,6,6,6,13.5,0,0,6,6,6,12.333333333333334,0,12.4,0.5,1.79,Graduate,Male,Yes,No,Up to Date,Yes,-1.17,0,1.0,1.0,12.8,0,1.0,1.17
EDU-003217,1,17,2,9254,1,1,140.0,1,3,3,2,2,124.3,0,0,0,0,1,0,18,0,0,6,9,5,11.2,0,0,6,14,2,10.0,0,9.4,-0.8,-3.12,Dropout,Male,No,No,In Arrears,No,-1.2,-3,0.8333,0.3333,3.49,0,1.0,1.2
EDU-003218,1,1,5,9119,1,1,135.0,1,37,37,90,90,122.1,1,0,0,1,1,0,20,0,0,5,10,3,10.666666666666666,0,0,5,5,4,12.25,0,7.6,2.6,0.32,Graduate,Male,No,No,Up to Date,Yes,1.58,1,0.6,0.8,9.29,0,0.83,1.58
EDU-003219,1,43,1,8014,0,1,148.0,1,37,37,9,9,134.7,0,0,0,1,0,0,23,0,9,13,15,9,11.0,0,4,11,12,7,11.571428571428571,0,15.5,2.8,-4.06,Enrolled,Female,No,No,Up to Date,No,0.57,-2,0.6923,0.6364,7.22,0,2.17,0.57
EDU-003220,1,39,1,9991,0,1,140.0,1,1,37,9,8,154.5,0,0,0,1,0,0,26,0,0,1,2,0,0.0,0,0,5,8,0,0.0,0,16.2,0.3,-0.92,Dropout,Female,No,No,Up to Date,No,0.0,0,0.0,0.0,0.0,0,0.17,0.0
EDU-003221,1,17,3,9670,1,1,147.0,1,37,37,8,8,128.8,0,0,1,1,0,0,19,0,0,5,5,1,10.0,0,0,5,5,0,0.0,0,9.4,-0.8,-3.12,Dropout,Female,No,Yes,Up to Date,No,-10.0,-1,0.2,0.0,0.0,0,0.83,10.0
EDU-003222,1,39,1,9556,1,1,140.0,1,37,38,9,9,106.0,1,0,1,0,0,1,24,0,0,7,14,5,12.36,0,1,8,15,5,12.0,0,8.9,1.4,3.51,Dropout,Female,Yes,Yes,In Arrears,Yes,-0.36,0,0.7143,0.625,7.59,1,1.17,0.36
EDU-003223,1,1,1,9670,1,1,157.0,1,19,38,9,7,146.2,1,0,0,1,0,1,20,0,0,6,8,6,15.25,0,0,6,7,6,14.714285714285714,0,11.1,0.6,2.02,Graduate,Female,Yes,No,Up to Date,Yes,-0.54,0,1.0,1.0,14.93,0,1.0,0.54
EDU-003224,1,17,1,9991,0,1,120.0,1,38,3,9,3,116.9,1,0,1,0,0,0,26,0,0,5,5,0,0.0,0,0,5,6,0,0.0,0,10.8,1.4,1.74,Dropout,Female,No,Yes,In Arrears,Yes,0.0,0,0.0,0.0,0.0,1,0.83,0.0
EDU-003225,1,39,1,9147,1,12,133.1,1,19,37,7,9,118.2,0,0,0,1,0,0,31,0,0,5,8,1,13.0,2,0,5,9,4,12.25,0,10.8,1.4,1.74,Dropout,Female,No,No,Up to Date,No,-0.75,3,0.2,0.8,10.04,0,0.83,0.75
EDU-003226,2,43,1,9500,1,1,140.0,1,37,37,9,10,105.7,1,0,0,1,0,0,27,0,0,8,8,8,13.81375,0,0,8,8,8,13.81375,0,9.4,-0.8,-3.12,Graduate,Female,No,No,Up to Date,Yes,0.0,0,1.0,1.0,13.81,0,1.33,0.0
EDU-003227,1,1,1,9085,1,1,130.0,1,19,38,9,9,126.9,0,0,1,1,0,0,24,0,0,6,8,6,13.285714285714286,0,0,6,13,6,12.875,0,11.1,0.6,2.02,Graduate,Female,No,Yes,Up to Date,No,-0.41,0,1.0,1.0,13.04,0,1.0,0.41
EDU-003228,1,44,1,9085,1,39,150.0,1,19,38,194,193,150.0,1,0,0,1,0,0,23,0,0,6,11,4,11.5,0,0,6,12,4,12.2,0,8.9,1.4,3.51,Enrolled,Female,No,No,Up to Date,Yes,0.7,0,0.6667,0.6667,7.95,0,1.0,0.7
EDU-003229,1,1,2,9500,1,1,115.0,1,38,38,9,8,108.4,1,0,0,1,0,1,20,0,0,7,8,7,11.9625,0,0,8,9,8,13.044444444444444,0,13.9,-0.3,0.79,Graduate,Female,Yes,No,Up to Date,Yes,1.08,1,1.0,1.0,12.61,0,1.17,1.08
EDU-003230,1,1,6,9500,1,1,118.0,1,38,38,5,5,114.2,1,0,0,1,0,0,20,0,0,7,9,6,13.683333333333332,0,0,8,11,6,13.116666666666667,0,11.1,0.6,2.02,Graduate,Female,No,No,Up to Date,Yes,-0.57,0,0.8571,0.75,10.01,0,1.17,0.57
EDU-003231,1,39,1,9500,1,1,130.0,1,38,1,9,4,140.0,1,0,0,1,0,0,24,0,0,8,8,7,14.985714285714286,0,0,8,8,7,14.985714285714286,0,12.7,3.7,-1.7,Graduate,Female,No,No,Up to Date,Yes,0.0,0,0.875,0.875,13.11,0,1.33,0.0
EDU-003232,2,39,1,9147,1,1,130.0,1,37,37,9,9,142.5,0,0,0,1,0,0,39,0,0,5,8,4,11.25,0,0,5,8,4,11.5,0,11.1,0.6,2.02,Enrolled,Female,No,No,Up to Date,No,0.25,0,0.8,0.8,9.12,0,0.83,0.25
EDU-003233,1,1,2,9773,1,1,130.0,1,19,38,3,9,126.5,1,0,0,1,0,0,18,0,0,6,8,4,12.5,0,0,6,6,5,12.6,0,12.7,3.7,-1.7,Graduate,Female,No,No,Up to Date,Yes,0.1,1,0.6667,0.8333,10.47,0,1.0,0.1
EDU-003234,1,17,3,9085,1,1,120.0,1,37,38,9,9,111.3,0,0,0,1,0,0,20,0,0,6,0,0,0.0,0,0,6,0,0,0.0,0,11.1,0.6,2.02,Dropout,Female,No,No,Up to Date,No,0.0,0,0.0,0.0,0.0,0,1.0,0.0
EDU-003235,1,1,2,9500,1,1,130.0,1,1,1,4,3,125.1,1,0,0,1,0,0,18,0,0,7,10,7,13.78,0,0,8,10,8,13.661,0,15.5,2.8,-4.06,Graduate,Female,No,No,Up to Date,Yes,-0.12,1,1.0,1.0,13.71,0,1.17,0.12
EDU-003236,1,1,2,9500,1,1,141.0,1,37,37,9,7,126.3,1,0,0,1,0,0,19,0,0,7,10,7,13.805,0,0,8,8,8,14.2725,0,15.5,2.8,-4.06,Graduate,Female,No,No,Up to Date,Yes,0.47,1,1.0,1.0,14.09,0,1.17,0.47
EDU-003237,1,17,1,9085,1,1,138.0,1,1,19,4,9,142.2,1,0,0,1,0,0,18,0,0,5,7,5,13.8,0,0,5,5,5,12.6,0,10.8,1.4,1.74,Graduate,Female,No,No,Up to Date,Yes,-1.2,0,1.0,1.0,13.08,0,0.83,1.2
EDU-003238,1,1,1,9670,1,1,113.0,1,37,19,9,9,110.2,1,0,0,1,0,0,22,0,0,5,7,3,12.666666666666666,0,0,5,6,4,12.0,0,7.6,2.6,0.32,Enrolled,Female,No,No,Up to Date,Yes,-0.67,1,0.6,0.8,9.81,0,0.83,0.67
EDU-003239,1,17,4,9500,1,1,135.0,1,1,1,4,4,127.0,1,0,0,1,0,0,18,0,0,7,7,7,14.424285714285714,0,0,8,8,8,13.9375,0,11.1,0.6,2.02,Graduate,Female,No,No,Up to Date,Yes,-0.49,1,1.0,1.0,14.13,0,1.17,0.49
EDU-003240,1,1,1,9238,1,1,137.0,1,3,1,4,9,128.6,0,0,0,1,0,1,18,0,0,6,7,6,13.166666666666666,0,0,6,6,6,12.5,0,12.4,0.5,1.79,Graduate,Female,Yes,No,Up to Date,No,-0.67,0,1.0,1.0,12.77,0,1.0,0.67
EDU-003241,4,39,1,9991,0,1,133.1,1,37,37,9,9,130.4,0,0,0,1,0,0,30,0,0,5,10,3,10.666666666666666,0,0,5,8,5,10.4,0,12.7,3.7,-1.7,Enrolled,Female,No,No,Up to Date,No,-0.27,2,0.6,1.0,10.51,0,0.83,0.27
EDU-003242,2,43,1,9238,1,12,100.0,1,37,37,9,9,134.4,0,0,0,1,0,0,34,0,9,16,20,14,12.071428571428571,1,11,13,13,11,12.272727272727272,0,7.6,2.6,0.32,Graduate,Female,No,No,Up to Date,No,0.2,-3,0.875,0.8462,10.32,0,2.67,0.2
EDU-003243,1,39,1,8014,0,19,133.1,1,37,37,9,9,100.0,0,0,0,1,0,0,38,0,0,6,10,3,10.25,0,0,6,7,1,12.0,0,13.9,-0.3,0.79,Dropout,Female,No,No,Up to Date,No,1.75,-2,0.5,0.1667,1.88,0,1.0,1.75
EDU-003244,1,1,1,9500,1,1,142.0,1,37,19,7,7,133.0,1,0,0,1,0,1,19,0,0,8,8,8,14.11,0,0,8,8,8,14.11,0,9.4,-0.8,-3.12,Graduate,Female,Yes,No,Up to Date,Yes,0.0,0,1.0,1.0,14.11,0,1.33,0.0
EDU-003245,1,17,3,9853,1,1,140.0,1,38,38,5,7,126.7,1,0,0,1,0,0,19,0,0,6,9,5,12.4,0,0,6,10,3,10.666666666666666,0,10.8,1.4,1.74,Dropout,Female,No,No,Up to Date,Yes,-1.73,-2,0.8333,0.5,5.68,0,1.0,1.73
EDU-003246,1,43,1,9773,1,1,129.0,1,1,1,4,8,129.0,0,0,0,0,0,0,21,0,0,6,7,6,12.0,0,0,6,6,6,12.0,0,10.8,1.4,1.74,Dropout,Female,No,No,In Arrears,No,0.0,0,1.0,1.0,12.0,0,1.0,0.0
EDU-003247,1,17,1,9773,1,1,141.0,1,2,3,2,2,133.7,1,0,0,1,0,1,18,0,0,6,6,6,14.833333333333334,0,0,6,6,6,13.5,0,11.1,0.6,2.02,Graduate,Female,Yes,No,Up to Date,Yes,-1.33,0,1.0,1.0,14.03,0,1.0,1.33
EDU-003248,1,17,5,9085,1,1,118.0,1,1,38,4,7,122.2,1,0,0,1,0,1,20,0,0,6,7,6,15.428571428571429,0,0,6,7,6,13.5,0,13.9,-0.3,0.79,Graduate,Female,Yes,No,Up to Date,Yes,-1.93,0,1.0,1.0,14.27,0,1.0,1.93
EDU-003249,1,17,5,9147,1,1,131.0,1,37,38,5,5,128.9,0,0,0,1,0,1,18,0,0,5,7,5,11.6,0,0,5,11,5,11.4,4,16.2,0.3,-0.92,Graduate,Female,Yes,No,Up to Date,No,-0.2,0,1.0,1.0,11.48,0,0.83,0.2
EDU-003250,1,1,3,9070,1,1,161.0,1,38,37,5,5,154.4,1,0,0,1,0,0,18,0,0,6,6,6,14.166666666666666,0,0,6,6,6,14.0,0,16.2,0.3,-0.92,Graduate,Female,No,No,Up to Date,Yes,-0.17,0,1.0,1.0,14.07,0,1.0,0.17
EDU-003251,1,7,1,9556,1,2,130.0,1,37,37,9,9,130.0,1,0,0,1,0,1,36,0,0,7,9,1,9.8,0,0,7,7,0,0.0,0,12.7,3.7,-1.7,Dropout,Female,Yes,No,Up to Date,Yes,-9.8,-1,0.1429,0.0,0.0,0,1.17,9.8
EDU-003252,1,17,4,9147,1,1,121.0,1,38,37,6,7,113.0,1,0,0,1,0,1,18,0,0,5,12,4,10.714285714285714,0,0,5,9,4,11.0,0,13.9,-0.3,0.79,Graduate,Female,Yes,No,Up to Date,Yes,0.29,0,0.8,0.8,8.71,0,0.83,0.29
EDU-003253,1,43,1,9130,1,6,133.1,1,1,29,4,90,123.3,1,0,0,1,0,1,21,0,0,5,7,0,0.0,0,0,5,5,0,0.0,0,7.6,2.6,0.32,Dropout,Female,Yes,No,Up to Date,Yes,0.0,0,0.0,0.0,0.0,0,0.83,0.0
EDU-003254,1,44,1,9130,1,39,130.0,1,1,3,9,2,130.0,1,0,1,1,0,1,21,0,1,6,13,3,12.333333333333334,0,1,6,12,1,13.0,0,13.9,-0.3,0.79,Dropout,Female,Yes,Yes,Up to Date,Yes,0.67,-2,0.5,0.1667,2.12,0,1.0,0.67
EDU-003255,1,15,1,9085,1,1,133.1,41,3,3,4,2,101.3,0,0,0,1,0,0,18,1,0,6,13,6,13.0,0,0,6,15,6,12.25,0,11.1,0.6,2.02,Graduate,Female,No,No,Up to Date,No,-0.75,0,1.0,1.0,12.55,0,1.0,0.75
EDU-003256,1,17,6,9670,1,1,120.0,1,1,14,4,5,113.7,1,0,0,1,0,0,18,0,0,5,7,4,11.4,0,0,5,5,4,11.25,0,9.4,-0.8,-3.12,Graduate,Female,No,No,Up to Date,Yes,-0.15,0,0.8,0.8,9.05,0,0.83,0.15
EDU-003257,1,1,2,9500,1,1,140.0,1,38,38,9,7,138.8,1,0,0,1,0,0,19,0,0,7,7,6,12.766666666666666,0,0,7,7,6,12.766666666666666,0,7.6,2.6,0.32,Graduate,Female,No,No,Up to Date,Yes,0.0,0,0.8571,0.8571,10.94,0,1.17,0.0
EDU-003258,2,39,1,9003,1,19,133.1,1,37,19,9,4,140.0,0,0,1,1,0,0,29,0,0,6,11,5,12.6,0,0,6,6,6,12.666666666666666,0,11.1,0.6,2.02,Graduate,Female,No,Yes,Up to Date,No,0.07,1,0.8333,1.0,12.64,0,1.0,0.07
EDU-003259,1,44,1,9147,1,39,130.0,1,19,1,9,3,130.0,0,0,0,1,0,1,20,0,4,7,8,7,13.0,0,2,5,5,5,13.4,0,11.1,0.6,2.02,Graduate,Female,Yes,No,Up to Date,No,0.4,-2,1.0,1.0,13.24,0,1.17,0.4
EDU-003260,1,17,2,9500,1,1,140.0,1,37,37,9,9,132.5,1,0,0,1,0,0,18,0,0,7,7,6,14.316666666666668,0,0,7,7,6,14.316666666666668,0,7.6,2.6,0.32,Graduate,Female,No,No,Up to Date,Yes,0.0,0,0.8571,0.8571,12.27,0,1.17,0.0
EDU-003261,1,1,1,9085,1,1,124.0,1,2,1,4,10,117.4,1,0,0,1,0,0,19,0,0,5,7,4,12.75,0,0,5,5,5,12.0,0,10.8,1.4,1.74,Graduate,Female,No,No,Up to Date,Yes,-0.75,1,0.8,1.0,12.3,0,0.83,0.75
EDU-003262,1,1,3,9147,1,1,115.0,1,1,38,3,8,109.8,1,0,0,1,0,1,19,0,0,5,5,5,13.4,0,0,5,5,5,12.6,0,8.9,1.4,3.51,Graduate,Female,Yes,No,Up to Date,Yes,-0.8,0,1.0,1.0,12.92,0,0.83,0.8
EDU-003263,1,39,1,8014,0,1,100.0,1,12,5,9,4,116.5,0,0,1,0,0,0,37,0,0,6,6,0,0.0,0,0,5,5,0,0.0,0,8.9,1.4,3.51,Dropout,Female,No,Yes,In Arrears,No,0.0,0,0.0,0.0,0.0,1,1.0,0.0
EDU-003264,1,1,2,9085,1,1,162.0,1,37,1,9,9,165.2,1,0,0,1,0,1,18,0,0,5,6,4,15.75,0,0,5,5,5,13.8,0,10.8,1.4,1.74,Graduate,Female,Yes,No,Up to Date,Yes,-1.95,1,0.8,1.0,14.58,0,0.83,1.95
EDU-003265,1,1,1,9853,1,1,121.0,1,19,19,7,7,113.0,1,0,0,1,0,0,21,0,0,6,9,5,12.4,0,0,6,11,1,11.0,0,12.7,3.7,-1.7,Dropout,Female,No,No,Up to Date,Yes,-1.4,-4,0.8333,0.1667,1.93,0,1.0,1.4
EDU-003266,1,17,1,9238,1,1,125.0,1,1,38,144,181,123.3,0,0,0,1,0,1,19,0,0,6,8,6,11.5,0,0,6,7,6,12.333333333333334,0,12.4,0.5,1.79,Graduate,Female,Yes,No,Up to Date,No,0.83,0,1.0,1.0,12.0,0,1.0,0.83
EDU-003267,1,17,2,9670,1,1,123.0,1,3,1,3,1,116.7,0,0,0,1,0,0,19,0,0,5,5,5,13.4,0,0,5,5,5,14.0,0,9.4,-0.8,-3.12,Graduate,Female,No,No,Up to Date,No,0.6,0,1.0,1.0,13.76,0,0.83,0.6
EDU-003268,2,39,1,9991,0,39,140.0,1,38,19,9,5,110.0,0,0,0,1,0,1,35,0,0,5,9,3,11.666666666666666,0,0,5,7,5,11.8,0,12.7,3.7,-1.7,Enrolled,Female,Yes,No,Up to Date,No,0.13,2,0.6,1.0,11.75,0,0.83,0.13
EDU-003269,2,39,1,9500,1,1,133.1,1,37,38,9,8,118.9,0,0,0,1,0,0,30,0,0,7,0,0,0.0,0,0,8,0,0,0.0,0,13.9,-0.3,0.79,Dropout,Female,No,No,Up to Date,No,0.0,0,0.0,0.0,0.0,0,1.17,0.0
EDU-003270,1,43,2,9773,1,1,120.0,1,34,34,0,0,103.6,1,0,0,1,0,0,27,0,4,8,11,7,13.285714285714286,0,4,7,13,5,11.6,0,9.4,-0.8,-3.12,Dropout,Female,No,No,Up to Date,Yes,-1.69,-2,0.875,0.7143,8.77,0,1.33,1.69
EDU-003271,2,1,1,9254,1,1,136.0,1,37,37,9,9,122.7,0,0,0,1,0,1,45,0,0,6,10,4,11.5,0,0,6,16,2,10.5,0,7.6,2.6,0.32,Dropout,Female,Yes,No,Up to Date,No,-1.0,-2,0.6667,0.3333,3.63,0,1.0,1.0
EDU-003272,2,39,1,8014,0,1,133.1,1,38,38,9,9,113.5,0,0,0,1,0,1,50,0,3,9,11,8,13.25,0,2,7,8,7,11.714285714285714,0,12.7,3.7,-1.7,Graduate,Female,Yes,No,Up to Date,No,-1.54,-1,0.8889,1.0,12.33,0,1.5,1.54
EDU-003273,4,42,1,9147,1,1,110.0,1,37,37,9,9,128.2,0,0,0,1,0,0,41,0,8,14,24,11,12.25,3,5,10,12,10,13.4,0,9.4,-0.8,-3.12,Graduate,Female,No,No,Up to Date,No,1.15,-1,0.7857,1.0,12.94,0,2.33,1.15
EDU-003274,1,43,1,9500,1,1,120.0,1,37,37,9,6,120.0,1,0,0,1,0,0,26,0,0,7,8,6,12.0,0,0,7,8,6,12.0,0,7.6,2.6,0.32,Enrolled,Female,No,No,Up to Date,Yes,0.0,0,0.8571,0.8571,10.29,0,1.17,0.0
EDU-003275,1,39,1,9003,1,19,133.1,1,37,37,9,9,130.0,0,0,0,1,0,0,44,0,0,6,10,1,12.0,0,0,6,6,0,0.0,0,11.1,0.6,2.02,Dropout,Female,No,No,Up to Date,No,-12.0,-1,0.1667,0.0,0.0,0,1.0,12.0
EDU-003276,5,7,1,9147,1,40,110.0,1,37,37,9,9,110.0,0,0,0,1,0,0,23,0,10,15,15,13,10.923076923076923,0,5,10,10,7,11.142857142857142,0,15.5,2.8,-4.06,Graduate,Female,No,No,Up to Date,No,0.22,-6,0.8667,0.7,7.74,0,2.5,0.22
EDU-003277,1,51,1,33,1,1,130.0,1,19,19,9,9,117.7,0,0,0,1,0,0,34,0,10,12,12,10,12.0,0,5,10,11,5,11.0,0,11.1,0.6,2.02,Dropout,Female,No,No,Up to Date,No,-1.0,-5,0.8333,0.5,5.7,0,2.0,1.0
EDU-003278,1,1,1,9147,1,1,102.0,1,38,38,9,9,99.6,1,0,0,1,0,1,21,0,0,5,10,5,13.714285714285714,0,0,5,7,5,14.4,0,11.1,0.6,2.02,Graduate,Female,Yes,No,Up to Date,Yes,0.69,0,1.0,1.0,14.13,0,0.83,0.69
EDU-003279,1,43,3,9147,1,1,127.0,21,3,37,3,3,117.9,1,0,0,1,0,0,22,1,0,5,8,1,10.0,0,0,5,8,2,13.0,0,7.6,2.6,0.32,Dropout,Female,No,No,Up to Date,Yes,3.0,1,0.2,0.4,4.72,0,0.83,3.0
EDU-003280,4,39,1,8014,0,1,133.1,1,37,37,9,8,113.0,0,0,0,1,0,1,32,0,0,6,18,2,10.333333333333334,0,0,6,7,6,11.5,0,16.2,0.3,-0.92,Graduate,Female,Yes,No,Up to Date,No,1.17,4,0.3333,1.0,11.03,0,1.0,1.17
EDU-003281,1,17,2,9556,1,1,137.0,41,1,1,7,7,124.4,1,0,0,1,0,0,20,1,0,7,8,7,12.728571428571428,0,0,8,8,8,14.625,0,15.5,2.8,-4.06,Graduate,Female,No,No,Up to Date,Yes,1.9,1,1.0,1.0,13.87,0,1.17,1.9
EDU-003282,2,7,1,8014,0,3,130.0,1,35,35,90,90,140.0,0,0,0,0,0,0,59,0,10,15,22,12,13.333333333333334,0,8,8,8,8,12.875,0,10.8,1.4,1.74,Dropout,Female,No,No,In Arrears,No,-0.46,-4,0.8,1.0,13.06,0,2.5,0.46
EDU-003283,2,53,1,9147,1,42,130.0,1,19,19,175,152,132.4,0,0,0,1,0,0,30,0,6,11,20,9,12.22222222222222,0,3,9,16,9,11.6,0,8.9,1.4,3.51,Enrolled,Female,No,No,Up to Date,No,-0.62,0,0.8182,1.0,11.85,0,1.83,0.62
EDU-003284,1,1,4,9254,1,1,131.0,1,38,36,9,9,124.0,1,0,0,1,0,1,18,0,0,6,7,6,11.333333333333334,0,0,6,9,6,10.833333333333334,0,9.4,-0.8,-3.12,Graduate,Female,Yes,No,Up to Date,Yes,-0.5,0,1.0,1.0,11.03,0,1.0,0.5
EDU-003285,2,39,1,9991,0,1,162.0,1,37,37,9,6,132.0,0,0,1,1,1,0,25,0,0,5,8,4,11.0,0,0,5,7,4,12.0,0,7.6,2.6,0.32,Enrolled,Male,No,Yes,Up to Date,No,1.0,0,0.8,0.8,9.28,0,0.83,1.0
EDU-003286,4,43,1,9991,0,1,140.0,1,37,37,5,5,149.8,0,0,0,1,1,0,36,0,0,5,5,5,13.8,0,0,5,6,5,13.8,0,12.7,3.7,-1.7,Graduate,Male,No,No,Up to Date,No,0.0,0,1.0,1.0,13.8,0,0.83,0.0
EDU-003287,1,7,1,9556,1,43,160.0,1,38,19,9,9,160.0,0,0,0,1,1,0,36,0,0,7,16,1,12.0,0,0,7,13,0,0.0,1,11.1,0.6,2.02,Dropout,Male,No,No,Up to Date,No,-12.0,-1,0.1429,0.0,0.0,0,1.17,12.0
EDU-003288,1,17,6,9670,1,1,117.0,1,38,19,0,1,114.6,0,0,0,0,1,0,19,0,0,6,9,4,11.25,0,0,6,11,3,10.166666666666666,0,10.8,1.4,1.74,Dropout,Male,No,No,In Arrears,No,-1.08,-1,0.6667,0.5,5.3,0,1.0,1.08
EDU-003289,1,39,1,9991,0,1,150.0,1,1,37,4,6,120.0,0,0,0,1,1,0,25,0,0,5,6,4,10.5,0,0,5,6,5,12.0,0,9.4,-0.8,-3.12,Graduate,Male,No,No,Up to Date,No,1.5,1,0.8,1.0,11.4,0,0.83,1.5
EDU-003290,1,39,1,9003,1,19,133.1,1,37,37,9,7,100.0,0,0,0,1,1,0,35,0,17,18,20,18,11.555555555555555,0,11,13,13,13,11.615384615384617,0,15.5,2.8,-4.06,Graduate,Male,No,No,Up to Date,No,0.06,-5,1.0,1.0,11.59,0,3.0,0.06
EDU-003291,1,1,1,9238,1,1,125.0,1,1,1,5,5,128.5,0,0,0,1,1,0,20,0,0,6,13,1,14.0,0,0,6,7,0,0.0,0,16.2,0.3,-0.92,Dropout,Male,No,No,Up to Date,No,-14.0,-1,0.1667,0.0,0.0,0,1.0,14.0
EDU-003292,1,39,1,9003,1,1,130.0,1,37,37,9,7,113.0,1,0,0,0,1,0,35,0,0,6,17,1,13.0,0,0,6,8,0,0.0,0,15.5,2.8,-4.06,Dropout,Male,No,No,In Arrears,Yes,-13.0,-1,0.1667,0.0,0.0,0,1.0,13.0
EDU-003293,1,1,1,9238,1,1,170.0,1,37,37,0,0,150.8,1,0,0,1,0,0,27,0,0,6,13,2,11.0,0,0,6,14,1,11.0,0,7.6,2.6,0.32,Dropout,Female,No,No,Up to Date,Yes,0.0,-1,0.3333,0.1667,1.83,0,1.0,0.0
EDU-003294,1,17,3,9500,1,1,132.0,1,19,3,9,5,130.8,1,0,0,1,0,0,18,0,0,8,8,7,13.68142857142857,0,0,8,8,7,13.68142857142857,0,10.8,1.4,1.74,Enrolled,Female,No,No,Up to Date,Yes,0.0,0,0.875,0.875,11.97,0,1.33,0.0
EDU-003295,1,43,1,9500,1,1,133.1,1,38,19,9,10,114.5,0,0,0,1,0,0,23,0,0,7,11,6,12.1,0,0,7,7,6,12.616666666666667,0,16.2,0.3,-0.92,Enrolled,Female,No,No,Up to Date,No,0.52,0,0.8571,0.8571,10.64,0,1.17,0.52
EDU-003296,1,17,2,8014,0,1,120.0,1,19,1,5,10,114.8,1,0,0,1,0,0,19,0,0,6,8,4,10.5,0,0,6,8,4,11.25,0,10.8,1.4,1.74,Graduate,Female,No,No,Up to Date,Yes,0.75,0,0.6667,0.6667,7.3,0,1.0,0.75
EDU-003297,1,17,2,9500,1,1,126.0,1,37,37,7,7,126.2,1,0,0,1,0,1,18,0,0,7,10,5,11.94,0,0,7,8,6,12.8,0,11.1,0.6,2.02,Enrolled,Female,Yes,No,Up to Date,Yes,0.86,1,0.7143,0.8571,10.68,0,1.17,0.86
EDU-003298,1,39,1,9500,1,1,130.0,1,19,19,3,7,129.0,0,0,1,0,0,0,26,0,0,7,11,4,12.86,0,0,7,10,5,11.566666666666668,0,12.4,0.5,1.79,Dropout,Female,No,Yes,In Arrears,No,-1.29,1,0.5714,0.7143,8.63,1,1.17,1.29
EDU-003299,1,17,1,9238,1,1,133.1,1,1,38,9,7,110.5,0,0,0,1,0,0,19,0,0,6,10,6,14.25,0,0,6,7,6,14.0,0,16.2,0.3,-0.92,Graduate,Female,No,No,Up to Date,No,-0.25,0,1.0,1.0,14.1,0,1.0,0.25
EDU-003300,1,1,5,9500,1,1,141.0,1,38,19,7,7,132.5,1,0,0,0,0,0,19,0,0,7,0,0,0.0,0,0,8,0,0,0.0,0,12.7,3.7,-1.7,Dropout,Female,No,No,In Arrears,Yes,0.0,0,0.0,0.0,0.0,0,1.17,0.0
EDU-003301,1,1,1,171,1,1,138.0,1,19,19,5,1,130.7,1,0,0,1,0,0,18,0,0,0,0,0,0.0,0,0,0,0,0,0.0,0,13.9,-0.3,0.79,Dropout,Female,No,No,Up to Date,Yes,0.0,0,0.0,0.0,0.0,0,0.0,0.0
EDU-003302,1,17,1,9500,1,1,130.0,1,19,1,9,7,130.4,1,0,0,1,0,1,19,0,0,7,7,7,13.894285714285711,0,0,8,8,8,14.3625,0,11.1,0.6,2.02,Graduate,Female,Yes,No,Up to Date,Yes,0.47,1,1.0,1.0,14.18,0,1.17,0.47
EDU-003303,1,17,1,9500,1,1,128.0,1,37,37,9,8,124.3,1,0,0,1,0,1,19,0,0,7,8,7,13.46875,0,0,8,8,8,13.31375,0,15.5,2.8,-4.06,Graduate,Female,Yes,No,Up to Date,Yes,-0.15,1,1.0,1.0,13.38,0,1.17,0.15
EDU-003304,1,1,4,9085,1,1,135.0,1,38,37,9,9,132.6,1,0,0,1,0,1,19,0,0,5,5,5,13.6,0,0,5,5,5,14.6,0,10.8,1.4,1.74,Graduate,Female,Yes,No,Up to Date,Yes,1.0,0,1.0,1.0,14.2,0,0.83,1.0
EDU-003305,1,44,1,8014,0,39,150.0,1,1,37,9,7,146.7,0,0,0,1,0,1,21,0,3,6,6,6,14.666666666666666,0,2,6,6,6,13.833333333333334,0,12.4,0.5,1.79,Graduate,Female,Yes,No,Up to Date,No,-0.83,0,1.0,1.0,14.17,0,1.0,0.83
EDU-003306,1,1,3,9773,1,1,135.0,1,1,1,3,5,130.1,1,0,0,1,0,0,18,0,0,6,6,6,13.666666666666666,0,0,6,7,6,13.0,0,15.5,2.8,-4.06,Graduate,Female,No,No,Up to Date,Yes,-0.67,0,1.0,1.0,13.27,0,1.0,0.67
EDU-003307,2,43,1,9254,1,3,120.0,1,38,37,9,3,120.0,1,0,0,1,0,0,33,0,9,12,22,10,13.3,0,9,11,11,11,13.727272727272728,0,9.4,-0.8,-3.12,Graduate,Female,No,No,Up to Date,Yes,0.43,1,0.8333,1.0,13.56,0,2.0,0.43
EDU-003308,1,7,1,8014,0,3,120.0,1,19,37,5,3,121.3,0,0,0,1,0,0,32,0,7,11,13,11,13.454545454545457,0,5,11,13,7,12.428571428571429,0,12.7,3.7,-1.7,Graduate,Female,No,No,Up to Date,No,-1.03,-4,1.0,0.6364,8.17,0,1.83,1.03
EDU-003309,1,1,6,9500,1,1,140.0,1,19,19,1,4,133.3,1,0,0,1,0,1,17,0,0,8,8,8,13.41625,0,0,8,8,8,13.41625,0,9.4,-0.8,-3.12,Graduate,Female,Yes,No,Up to Date,Yes,0.0,0,1.0,1.0,13.42,0,1.33,0.0
EDU-003310,2,39,1,9500,1,1,140.0,1,19,19,9,7,110.5,0,0,0,1,0,0,31,0,0,7,0,0,0.0,0,0,8,0,0,0.0,0,12.7,3.7,-1.7,Dropout,Female,No,No,Up to Date,No,0.0,0,0.0,0.0,0.0,0,1.17,0.0
EDU-003311,2,39,1,8014,0,1,140.0,1,19,19,9,7,102.5,0,0,0,1,0,1,32,0,0,6,6,6,11.333333333333334,0,0,6,8,5,13.0,0,15.5,2.8,-4.06,Graduate,Female,Yes,No,Up to Date,No,1.67,-1,1.0,0.8333,10.28,0,1.0,1.67
EDU-003312,1,1,2,9085,1,1,156.0,1,40,40,3,7,150.9,1,0,0,1,0,0,18,0,0,6,8,6,16.0,0,0,6,10,6,14.625,0,11.1,0.6,2.02,Dropout,Female,No,No,Up to Date,Yes,-1.38,0,1.0,1.0,15.18,0,1.0,1.38
EDU-003313,1,51,1,9070,1,12,133.1,1,37,19,3,7,106.6,0,0,1,1,0,0,31,0,2,6,8,5,11.0,0,4,6,12,6,10.166666666666666,0,8.9,1.4,3.51,Enrolled,Female,No,Yes,Up to Date,No,-0.83,1,0.8333,1.0,10.5,0,1.0,0.83
EDU-003314,1,1,1,9254,1,1,120.0,1,1,1,9,10,118.3,0,0,0,1,1,0,20,0,0,6,8,6,12.857142857142858,0,0,6,9,5,12.4,0,8.9,1.4,3.51,Enrolled,Male,No,No,Up to Date,No,-0.46,-1,1.0,0.8333,10.49,0,1.0,0.46
EDU-003315,1,43,1,9991,0,1,100.0,1,3,19,1,1,117.9,0,0,0,0,1,0,40,0,0,5,5,0,0.0,0,0,5,6,0,0.0,0,10.8,1.4,1.74,Dropout,Male,No,No,In Arrears,No,0.0,0,0.0,0.0,0.0,0,0.83,0.0
EDU-003316,2,1,1,9991,0,1,120.0,1,37,19,9,9,135.0,1,0,0,1,1,0,32,0,0,5,5,5,14.8,0,0,5,5,5,14.2,0,7.6,2.6,0.32,Graduate,Male,No,No,Up to Date,Yes,-0.6,0,1.0,1.0,14.44,0,0.83,0.6
EDU-003317,1,7,1,9119,1,3,120.0,1,19,19,1,1,120.0,0,0,0,0,1,0,40,0,1,5,7,1,13.0,0,2,5,5,2,14.0,0,12.7,3.7,-1.7,Dropout,Male,No,No,In Arrears,No,1.0,1,0.2,0.4,5.44,0,0.83,1.0
EDU-003318,1,1,1,171,1,1,172.0,1,1,1,4,9,167.1,0,0,0,1,1,1,18,0,0,0,0,0,0.0,0,0,0,0,0,0.0,0,16.2,0.3,-0.92,Graduate,Male,Yes,No,Up to Date,No,0.0,0,0.0,0.0,0.0,0,0.0,0.0
EDU-003319,1,43,1,9991,0,1,120.0,1,37,37,9,9,115.8,0,0,1,0,1,0,28,0,4,9,14,4,10.0,0,1,6,6,1,10.0,0,12.7,3.7,-1.7,Dropout,Male,No,Yes,In Arrears,No,0.0,-3,0.4444,0.1667,1.67,1,1.5,0.0
EDU-003320,1,16,2,9070,1,1,137.0,1,1,1,3,1,141.2,1,0,1,1,1,0,19,0,0,6,11,5,11.2,0,0,6,7,6,12.0,0,9.4,-0.8,-3.12,Graduate,Male,No,Yes,Up to Date,Yes,0.8,1,0.8333,1.0,11.68,0,1.0,0.8
EDU-003321,1,1,1,9773,1,1,117.0,1,1,37,5,9,118.4,0,0,0,1,1,1,19,0,0,6,8,6,11.833333333333334,0,0,6,11,3,13.0,0,15.5,2.8,-4.06,Graduate,Male,Yes,No,Up to Date,No,1.17,-3,1.0,0.5,6.27,0,1.0,1.17
EDU-003322,1,1,6,9147,1,1,142.0,1,38,37,7,7,134.3,0,1,0,1,1,0,21,0,0,5,0,0,0.0,0,0,5,0,0,0.0,0,10.8,1.4,1.74,Dropout,Male,No,No,Up to Date,No,0.0,0,0.0,0.0,0.0,0,0.83,0.0
EDU-003323,1,17,4,9147,1,1,135.0,1,19,1,0,4,128.7,1,0,0,1,1,0,22,0,0,5,8,2,10.5,0,0,5,10,0,0.0,0,7.6,2.6,0.32,Dropout,Male,No,No,Up to Date,Yes,-10.5,-2,0.4,0.0,0.0,0,0.83,10.5
EDU-003324,1,17,3,9119,1,1,115.0,1,3,1,3,3,116.1,1,0,0,0,1,0,18,0,0,5,8,5,12.5,0,0,5,7,5,13.571428571428571,0,12.4,0.5,1.79,Dropout,Male,No,No,In Arrears,Yes,1.07,0,1.0,1.0,13.14,0,0.83,1.07
EDU-003325,1,39,1,171,1,1,110.0,1,12,3,5,2,100.0,1,0,0,1,1,0,27,0,0,0,0,0,0.0,0,0,0,0,0,0.0,0,9.4,-0.8,-3.12,Dropout,Male,No,No,Up to Date,Yes,0.0,0,0.0,0.0,0.0,0,0.0,0.0
EDU-003326,1,1,1,171,1,1,123.0,1,1,3,2,2,118.8,0,0,0,1,1,0,19,0,4,10,10,5,11.0,0,2,7,8,2,10.0,0,8.9,1.4,3.51,Enrolled,Male,No,No,Up to Date,No,-1.0,-3,0.5,0.2857,2.97,0,1.67,1.0
EDU-003327,2,43,1,9991,0,1,140.0,1,37,37,9,9,130.0,1,0,0,1,1,0,30,0,6,10,14,9,12.333333333333334,0,7,10,12,8,12.0,0,9.4,-0.8,-3.12,Graduate,Male,No,No,Up to Date,Yes,-0.33,-1,0.9,0.8,9.71,0,1.67,0.33
EDU-003328,1,39,1,9130,1,39,150.0,1,1,3,4,1,150.0,0,0,0,1,1,0,28,0,0,6,9,0,0.0,0,0,6,8,1,10.0,1,16.2,0.3,-0.92,Dropout,Male,No,No,Up to Date,No,10.0,1,0.0,0.1667,1.0,0,1.0,10.0
EDU-003329,5,39,1,9119,1,1,120.0,1,37,37,9,9,116.0,0,0,1,1,1,1,34,0,0,5,14,1,17.0,0,0,5,10,2,11.0,0,9.4,-0.8,-3.12,Enrolled,Male,Yes,Yes,Up to Date,No,-6.0,1,0.2,0.4,5.36,0,0.83,6.0
EDU-003330,1,17,1,9147,1,1,110.0,1,1,1,4,4,99.0,0,0,0,1,1,0,21,0,0,5,5,5,11.0,0,0,5,11,3,11.428571428571429,0,10.8,1.4,1.74,Enrolled,Male,No,No,Up to Date,No,0.43,-2,1.0,0.6,6.75,0,0.83,0.43
EDU-003331,1,1,1,9238,1,1,133.0,1,1,19,9,9,132.0,0,0,0,1,1,1,20,0,0,6,11,5,11.142857142857142,0,0,6,9,6,11.571428571428571,0,16.2,0.3,-0.92,Graduate,Male,Yes,No,Up to Date,No,0.43,1,0.8333,1.0,11.4,0,1.0,0.43
EDU-003332,1,43,1,9254,1,1,110.0,1,12,19,9,9,125.0,0,0,0,0,1,0,31,0,3,8,19,5,12.166666666666666,0,3,7,12,5,12.0,0,7.6,2.6,0.32,Dropout,Male,No,No,In Arrears,No,-0.17,0,0.625,0.7143,8.62,0,1.33,0.17
EDU-003333,1,17,1,9119,1,1,126.0,1,1,1,9,9,116.2,0,0,1,0,1,0,21,0,0,5,9,2,11.0,0,0,5,8,2,11.5,2,7.6,2.6,0.32,Dropout,Male,No,Yes,In Arrears,No,0.5,0,0.4,0.4,4.52,1,0.83,0.5
EDU-003334,1,39,2,9670,1,19,133.1,1,34,34,0,0,100.0,1,0,0,0,1,0,27,0,0,5,8,1,11.0,0,0,5,6,3,10.666666666666666,1,7.6,2.6,0.32,Dropout,Male,No,No,In Arrears,Yes,-0.33,2,0.2,0.6,6.48,0,0.83,0.33
EDU-003335,1,1,6,9773,1,1,136.0,1,38,38,9,9,132.9,1,0,0,1,1,0,19,0,0,6,10,4,13.25,0,0,6,13,5,11.8,0,7.6,2.6,0.32,Graduate,Male,No,No,Up to Date,Yes,-1.45,1,0.6667,0.8333,10.32,0,1.0,1.45
EDU-003336,1,17,4,9773,1,1,129.0,1,3,1,2,7,132.5,1,0,0,1,1,0,21,0,0,6,7,0,0.0,0,0,6,11,1,10.0,0,10.8,1.4,1.74,Enrolled,Male,No,No,Up to Date,Yes,10.0,1,0.0,0.1667,1.0,0,1.0,10.0
EDU-003337,1,44,1,9003,1,39,140.0,1,19,19,4,4,140.0,1,0,0,0,1,0,21,0,0,6,17,2,12.5,0,0,6,10,0,0.0,0,16.2,0.3,-0.92,Dropout,Male,No,No,In Arrears,Yes,-12.5,-2,0.3333,0.0,0.0,0,1.0,12.5
EDU-003338,1,43,1,9670,1,1,160.0,1,34,34,99,99,100.1,0,0,0,0,1,0,35,0,6,10,10,7,12.142857142857142,0,4,9,9,4,12.25,0,7.6,2.6,0.32,Dropout,Male,No,No,In Arrears,No,0.11,-3,0.7,0.4444,5.42,0,1.67,0.11
EDU-003339,1,39,1,9085,1,1,133.1,1,37,36,90,7,128.2,0,0,0,1,1,0,28,0,0,5,8,3,12.0,0,0,5,10,3,11.333333333333334,0,7.6,2.6,0.32,Dropout,Male,No,No,Up to Date,No,-0.67,0,0.6,0.6,6.96,0,0.83,0.67
EDU-003340,1,17,1,9670,1,1,140.0,1,1,1,4,3,133.4,0,0,0,1,1,0,24,0,0,6,6,4,11.25,0,0,6,9,4,10.428571428571429,0,10.8,1.4,1.74,Enrolled,Male,No,No,Up to Date,No,-0.82,0,0.6667,0.6667,7.17,0,1.0,0.82
EDU-003341,1,1,3,9773,1,1,142.0,1,34,1,5,10,136.1,1,0,0,0,1,0,19,0,0,4,8,0,0.0,1,0,6,0,0,0.0,0,9.4,-0.8,-3.12,Dropout,Male,No,No,In Arrears,Yes,0.0,0,0.0,0.0,0.0,0,0.67,0.0
EDU-003342,1,17,1,9670,1,1,138.0,1,1,1,4,8,123.0,0,0,1,0,1,0,20,0,0,6,7,5,12.4,0,0,6,8,4,13.0,0,13.9,-0.3,0.79,Enrolled,Male,No,Yes,In Arrears,No,0.6,-1,0.8333,0.6667,8.51,1,1.0,0.6
EDU-003343,1,1,1,9070,1,1,131.0,1,3,19,4,4,130.3,1,0,0,1,1,1,20,0,0,6,6,6,12.833333333333334,0,0,6,8,6,12.666666666666666,2,16.2,0.3,-0.92,Graduate,Male,Yes,No,Up to Date,Yes,-0.17,0,1.0,1.0,12.73,0,1.0,0.17
EDU-003344,1,1,1,9119,1,1,160.0,1,37,37,9,6,153.7,0,0,0,1,1,0,19,0,0,5,7,1,13.0,0,0,5,7,2,10.0,0,9.4,-0.8,-3.12,Enrolled,Male,No,No,Up to Date,No,-3.0,1,0.2,0.4,4.48,0,0.83,3.0
EDU-003345,1,39,1,9085,1,1,110.0,1,40,1,5,6,142.5,0,0,1,0,1,0,37,0,5,7,7,5,12.0,0,3,7,7,3,11.666666666666666,0,8.9,1.4,3.51,Dropout,Male,No,Yes,In Arrears,No,-0.33,-2,0.7143,0.4286,5.06,1,1.17,0.33
EDU-003346,1,1,1,9254,1,1,124.0,1,37,38,9,8,114.6,1,0,0,1,1,0,19,0,0,6,13,2,12.0,0,0,6,12,1,13.0,0,7.6,2.6,0.32,Dropout,Male,No,No,Up to Date,Yes,1.0,-1,0.3333,0.1667,2.1,0,1.0,1.0
EDU-003347,1,39,1,9500,1,1,120.0,1,37,37,9,8,108.5,0,0,0,1,1,0,36,0,0,7,18,0,0.0,0,0,7,7,0,0.0,0,13.9,-0.3,0.79,Dropout,Male,No,No,Up to Date,No,0.0,0,0.0,0.0,0.0,0,1.17,0.0
EDU-003348,1,39,1,9147,1,12,133.1,1,37,37,9,9,140.0,0,0,0,1,1,0,29,0,0,5,0,0,0.0,0,0,5,0,0,0.0,0,9.4,-0.8,-3.12,Dropout,Male,No,No,Up to Date,No,0.0,0,0.0,0.0,0.0,0,0.83,0.0
EDU-003349,1,39,1,9003,1,1,133.1,1,38,37,9,4,120.0,0,0,0,1,1,0,30,0,0,6,10,6,11.375,0,0,6,10,5,11.6,0,13.9,-0.3,0.79,Graduate,Male,No,No,Up to Date,No,0.22,-1,1.0,0.8333,9.59,0,1.0,0.22
EDU-003350,1,51,1,9670,1,19,133.1,1,2,1,3,10,120.0,0,0,1,1,1,0,32,0,1,6,15,2,12.0,0,0,6,7,0,0.0,0,11.1,0.6,2.02,Dropout,Male,No,Yes,Up to Date,No,-12.0,-2,0.3333,0.0,0.0,0,1.0,12.0
EDU-003351,1,1,1,8014,0,1,123.0,1,3,1,2,9,127.6,1,0,0,1,1,0,26,0,0,6,6,6,11.833333333333334,0,0,6,6,6,11.666666666666666,0,10.8,1.4,1.74,Enrolled,Male,No,No,Up to Date,Yes,-0.17,0,1.0,1.0,11.73,0,1.0,0.17
EDU-003352,2,44,1,9003,1,39,140.0,1,37,37,4,7,140.0,0,0,0,1,1,0,37,0,0,6,17,1,12.0,0,0,6,23,2,10.5,1,16.2,0.3,-0.92,Dropout,Male,No,No,Up to Date,No,-1.5,1,0.1667,0.3333,3.7,0,1.0,1.5
EDU-003353,1,39,1,9119,1,1,138.7,1,1,12,4,3,111.3,0,0,0,1,1,0,27,0,1,6,7,3,12.0,0,2,6,7,2,11.0,0,13.9,-0.3,0.79,Dropout,Male,No,No,Up to Date,No,-1.0,-1,0.5,0.3333,3.8,0,1.0,1.0
EDU-003354,1,1,1,9773,1,1,131.0,1,38,1,5,7,131.0,1,0,0,1,1,1,18,0,0,6,7,6,12.714285714285714,0,0,6,8,5,11.833333333333334,0,13.9,-0.3,0.79,Graduate,Male,Yes,No,Up to Date,Yes,-0.88,-1,1.0,0.8333,10.15,0,1.0,0.88
EDU-003355,1,1,1,9500,1,1,149.0,1,38,37,9,9,139.5,0,0,0,1,1,1,18,0,0,8,8,8,15.3,0,0,8,8,8,15.3,0,9.4,-0.8,-3.12,Graduate,Male,Yes,No,Up to Date,No,0.0,0,1.0,1.0,15.3,0,1.33,0.0
EDU-003356,2,39,2,9003,1,19,133.1,1,38,19,4,1,110.0,0,0,0,0,1,0,32,0,2,8,12,2,11.5,2,0,7,9,0,0.0,0,15.5,2.8,-4.06,Dropout,Male,No,No,In Arrears,No,-11.5,-2,0.25,0.0,0.0,0,1.33,11.5
EDU-003357,1,44,1,9119,1,39,130.0,1,3,19,3,4,130.0,0,0,0,1,1,0,20,0,0,5,12,1,13.0,0,0,5,8,3,12.6,0,12.4,0.5,1.79,Enrolled,Male,No,No,Up to Date,No,-0.4,2,0.2,0.6,7.66,0,0.83,0.4
EDU-003358,1,43,1,9003,1,1,120.0,1,3,3,1,2,115.0,0,0,0,1,1,0,22,0,0,6,12,0,0.0,0,0,6,10,0,0.0,0,16.2,0.3,-0.92,Dropout,Male,No,No,Up to Date,No,0.0,0,0.0,0.0,0.0,0,1.0,0.0
EDU-003359,4,39,1,9500,1,1,133.1,1,1,19,3,3,154.3,0,0,0,1,0,0,32,0,0,7,0,0,0.0,0,0,8,0,0,0.0,0,12.4,0.5,1.79,Dropout,Female,No,No,Up to Date,No,0.0,0,0.0,0.0,0.0,0,1.17,0.0
EDU-003360,1,1,1,9147,1,1,143.0,1,1,37,9,9,135.0,1,0,0,1,0,0,21,0,0,5,8,4,11.0,0,0,5,8,5,12.0,0,7.6,2.6,0.32,Enrolled,Female,No,No,Up to Date,Yes,1.0,1,0.8,1.0,11.6,0,0.83,1.0
EDU-003361,1,17,4,9670,1,1,126.0,1,1,1,4,7,115.2,0,0,0,0,0,0,19,0,0,6,7,3,12.666666666666666,0,0,6,10,5,13.125,0,10.8,1.4,1.74,Dropout,Female,No,No,In Arrears,No,0.46,2,0.5,0.8333,10.78,0,1.0,0.46
EDU-003362,1,1,1,9773,1,1,125.0,1,19,1,9,9,130.6,1,0,0,1,0,1,18,0,0,6,6,6,13.5,0,0,6,6,6,14.0,0,8.9,1.4,3.51,Graduate,Female,Yes,No,Up to Date,Yes,0.5,0,1.0,1.0,13.8,0,1.0,0.5
EDU-003363,1,1,4,9147,1,1,123.0,1,1,1,9,7,117.4,1,0,0,1,0,1,18,0,0,5,7,5,12.0,0,0,5,10,5,11.4,0,8.9,1.4,3.51,Graduate,Female,Yes,No,Up to Date,Yes,-0.6,0,1.0,1.0,11.64,0,0.83,0.6
EDU-003364,1,7,1,9147,1,2,150.0,1,3,37,2,5,150.0,1,0,1,0,0,0,38,0,0,5,6,0,0.0,0,0,5,5,0,0.0,0,15.5,2.8,-4.06,Dropout,Female,No,Yes,In Arrears,Yes,0.0,0,0.0,0.0,0.0,1,0.83,0.0
EDU-003365,1,17,3,9853,1,1,132.0,1,34,34,0,0,131.3,1,0,0,1,0,0,21,0,0,6,8,5,11.8,0,0,6,8,4,10.5,0,7.6,2.6,0.32,Dropout,Female,No,No,Up to Date,Yes,-1.3,-1,0.8333,0.6667,7.35,0,1.0,1.3
EDU-003366,1,1,1,9238,1,1,133.0,1,34,37,5,5,120.4,0,0,0,0,0,0,21,0,0,6,12,2,11.5,0,0,6,13,1,13.0,0,9.4,-0.8,-3.12,Dropout,Female,No,No,In Arrears,No,1.5,-1,0.3333,0.1667,2.07,0,1.0,1.5
EDU-003367,1,1,1,9991,0,1,122.0,1,37,37,9,3,113.6,0,0,0,1,1,0,26,0,0,5,11,2,11.5,0,0,5,10,3,12.0,0,7.6,2.6,0.32,Enrolled,Male,No,No,Up to Date,No,0.5,1,0.4,0.6,7.08,0,0.83,0.5
EDU-003368,1,1,4,9500,1,1,137.0,1,19,38,9,3,125.0,1,0,0,1,0,0,19,0,0,7,7,6,14.616666666666667,0,0,7,7,6,14.616666666666667,0,7.6,2.6,0.32,Graduate,Female,No,No,Up to Date,Yes,0.0,0,0.8571,0.8571,12.53,0,1.17,0.0
EDU-003369,1,1,6,9500,1,1,145.0,1,19,37,9,9,132.3,1,0,0,1,0,1,19,0,0,8,8,7,14.06,0,0,8,8,7,14.06,0,10.8,1.4,1.74,Enrolled,Female,Yes,No,Up to Date,Yes,0.0,0,0.875,0.875,12.3,0,1.33,0.0
EDU-003370,1,17,1,9254,1,1,150.0,1,1,1,9,10,142.7,0,0,1,1,0,0,18,0,0,6,9,4,11.0,0,0,6,12,3,11.333333333333334,0,7.6,2.6,0.32,Dropout,Female,No,Yes,Up to Date,No,0.33,-1,0.6667,0.5,5.6,0,1.0,0.33
EDU-003371,1,7,1,9147,1,3,130.0,1,37,37,9,9,130.0,0,0,0,1,0,0,25,0,0,5,0,0,0.0,0,0,5,0,0,0.0,0,12.7,3.7,-1.7,Dropout,Female,No,No,Up to Date,No,0.0,0,0.0,0.0,0.0,0,0.83,0.0
EDU-003372,1,1,6,9500,1,1,136.0,1,37,1,5,4,120.8,1,0,0,1,0,0,19,0,6,14,22,7,12.192307692307692,5,6,14,22,7,12.192307692307692,5,7.6,2.6,0.32,Graduate,Female,No,No,Up to Date,Yes,0.0,0,0.5,0.5,6.1,0,2.33,0.0
EDU-003373,1,17,2,9254,1,1,131.0,1,1,19,9,9,130.3,1,0,0,1,0,1,18,0,0,6,6,6,12.833333333333334,0,0,6,7,6,12.333333333333334,0,13.9,-0.3,0.79,Graduate,Female,Yes,No,Up to Date,Yes,-0.5,0,1.0,1.0,12.53,0,1.0,0.5
EDU-003374,1,17,1,9147,1,1,130.0,1,37,37,9,7,119.9,0,0,0,1,0,1,19,0,0,5,8,5,12.875,0,0,5,6,5,11.833333333333334,0,13.9,-0.3,0.79,Graduate,Female,Yes,No,Up to Date,No,-1.04,0,1.0,1.0,12.25,0,0.83,1.04
EDU-003375,1,1,1,9238,1,1,108.0,1,19,38,9,7,110.5,1,0,0,1,0,1,22,0,0,6,6,6,12.166666666666666,0,0,6,6,6,12.5,0,12.4,0.5,1.79,Graduate,Female,Yes,No,Up to Date,Yes,0.33,0,1.0,1.0,12.37,0,1.0,0.33
EDU-003376,1,44,1,9003,1,39,160.0,1,38,38,6,6,160.0,1,0,0,1,0,0,21,0,0,6,11,6,13.428571428571429,0,0,6,12,6,12.857142857142858,0,15.5,2.8,-4.06,Graduate,Female,No,No,Up to Date,Yes,-0.57,0,1.0,1.0,13.09,0,1.0,0.57
EDU-003377,1,17,1,9085,1,1,113.0,1,19,37,9,9,118.6,1,0,0,1,0,1,21,0,0,6,6,6,14.5,0,0,6,8,6,14.666666666666666,0,8.9,1.4,3.51,Graduate,Female,Yes,No,Up to Date,Yes,0.17,0,1.0,1.0,14.6,0,1.0,0.17
EDU-003378,1,1,1,9853,1,1,113.0,1,38,38,3,7,112.3,0,0,0,1,0,1,20,0,0,7,7,7,12.142857142857142,0,0,7,7,7,12.857142857142858,0,11.1,0.6,2.02,Graduate,Female,Yes,No,Up to Date,No,0.71,0,1.0,1.0,12.57,0,1.17,0.71
EDU-003379,2,1,1,9147,1,1,137.0,1,19,37,9,9,124.4,0,0,0,1,0,0,19,0,0,5,6,4,11.25,0,0,5,10,3,11.714285714285714,0,10.8,1.4,1.74,Enrolled,Female,No,No,Up to Date,No,0.46,-1,0.8,0.6,6.92,0,0.83,0.46
EDU-003380,1,1,4,9500,1,1,148.0,1,19,19,9,3,125.0,1,0,0,1,0,0,18,0,0,7,7,6,13.9,0,0,7,7,6,13.9,0,7.6,2.6,0.32,Graduate,Female,No,No,Up to Date,Yes,0.0,0,0.8571,0.8571,11.91,0,1.17,0.0
EDU-003381,1,39,1,9500,1,1,130.0,1,19,19,9,8,105.8,0,0,0,1,0,0,26,0,0,7,12,3,13.766666666666666,0,0,7,11,3,12.066666666666668,0,13.9,-0.3,0.79,Dropout,Female,No,No,Up to Date,No,-1.7,0,0.4286,0.4286,5.46,0,1.17,1.7
EDU-003382,1,26,1,9147,1,2,133.1,1,34,34,0,0,121.5,1,0,0,1,0,0,31,0,13,15,17,13,11.615384615384617,0,11,14,14,11,12.545454545454543,0,7.6,2.6,0.32,Dropout,Female,No,No,Up to Date,Yes,0.93,-2,0.8667,0.7857,9.56,0,2.5,0.93
EDU-003383,1,17,1,9238,1,1,138.0,1,37,38,9,8,134.2,1,0,0,1,0,1,18,0,0,6,6,6,15.166666666666666,0,0,6,7,6,14.142857142857142,0,11.1,0.6,2.02,Graduate,Female,Yes,No,Up to Date,Yes,-1.02,0,1.0,1.0,14.55,0,1.0,1.02
EDU-003384,4,7,1,9147,1,3,130.0,1,19,1,5,5,130.0,0,0,0,1,0,0,35,0,0,5,5,0,0.0,0,0,5,5,0,0.0,0,11.1,0.6,2.02,Dropout,Female,No,No,Up to Date,No,0.0,0,0.0,0.0,0.0,0,0.83,0.0
EDU-003385,1,1,1,9085,1,1,127.0,1,37,37,9,9,122.8,1,0,0,1,0,0,19,0,0,5,10,2,14.5,1,0,5,9,3,11.333333333333334,0,12.7,3.7,-1.7,Enrolled,Female,No,No,Up to Date,Yes,-3.17,1,0.4,0.6,7.56,0,0.83,3.17
EDU-003386,1,1,1,9238,1,1,115.0,1,19,38,7,7,108.7,0,0,0,1,0,1,19,0,0,6,9,5,10.8,0,0,6,8,6,10.714285714285714,0,15.5,2.8,-4.06,Graduate,Female,Yes,No,Up to Date,No,-0.09,1,0.8333,1.0,10.75,0,1.0,0.09
EDU-003387,1,1,2,9500,1,1,147.0,1,3,1,4,3,136.7,0,0,0,1,0,0,18,0,0,7,7,7,13.995714285714287,0,0,8,9,8,14.955555555555556,0,11.1,0.6,2.02,Graduate,Female,No,No,Up to Date,No,0.96,1,1.0,1.0,14.57,0,1.17,0.96
EDU-003388,1,17,1,9085,1,1,132.0,1,38,38,4,9,119.1,0,0,0,1,0,0,20,0,0,6,8,6,13.285714285714286,0,0,6,16,6,11.8,0,12.4,0.5,1.79,Graduate,Female,No,No,Up to Date,No,-1.49,0,1.0,1.0,12.39,0,1.0,1.49
EDU-003389,1,1,4,171,1,1,146.0,1,1,1,9,5,151.3,1,0,0,1,0,1,19,0,6,12,12,12,12.75,0,4,11,16,11,13.25,0,8.9,1.4,3.51,Graduate,Female,Yes,No,Up to Date,Yes,0.5,-1,1.0,1.0,13.05,0,2.0,0.5
EDU-003390,1,43,1,9238,1,1,109.0,1,19,37,5,5,108.3,0,0,0,1,0,1,21,0,0,6,15,2,10.5,0,0,6,8,5,12.4,0,10.8,1.4,1.74,Enrolled,Female,Yes,No,Up to Date,No,1.9,3,0.3333,0.8333,9.7,0,1.0,1.9
EDU-003391,1,17,1,9853,1,1,133.0,1,38,38,9,9,127.4,0,0,1,1,0,1,18,0,0,7,7,7,12.714285714285714,0,0,7,7,7,12.285714285714286,0,16.2,0.3,-0.92,Graduate,Female,Yes,Yes,Up to Date,No,-0.43,0,1.0,1.0,12.46,0,1.17,0.43
EDU-003392,1,42,1,9500,1,1,124.0,1,19,19,4,9,124.0,0,0,0,1,0,0,23,0,0,8,8,8,12.88625,0,0,8,8,8,12.88625,0,9.4,-0.8,-3.12,Graduate,Female,No,No,Up to Date,No,0.0,0,1.0,1.0,12.89,0,1.33,0.0
EDU-003393,1,1,1,9070,1,1,133.1,1,1,1,9,9,155.0,0,0,0,1,0,1,21,0,0,6,7,5,13.0,0,0,6,6,6,12.666666666666666,0,16.2,0.3,-0.92,Graduate,Female,Yes,No,Up to Date,No,-0.33,1,0.8333,1.0,12.8,0,1.0,0.33
EDU-003394,1,1,1,9147,1,1,121.0,1,37,38,9,9,114.0,0,0,0,1,0,1,19,0,0,5,7,5,12.2,0,0,5,6,5,11.2,0,11.1,0.6,2.02,Graduate,Female,Yes,No,Up to Date,No,-1.0,0,1.0,1.0,11.6,0,0.83,1.0
EDU-003395,1,1,2,9147,1,1,129.0,1,38,19,3,7,118.9,1,0,0,1,0,0,19,0,0,5,8,4,12.8,0,0,5,10,3,14.5,0,10.8,1.4,1.74,Enrolled,Female,No,No,Up to Date,Yes,1.7,-1,0.8,0.6,8.29,0,0.83,1.7
EDU-003396,1,53,1,9085,1,42,160.0,1,19,37,4,9,160.0,1,0,0,1,0,0,20,0,7,11,15,11,13.785714285714286,0,4,9,9,9,13.88888888888889,0,8.9,1.4,3.51,Graduate,Female,No,No,Up to Date,Yes,0.1,-2,1.0,1.0,13.85,0,1.83,0.1
EDU-003397,1,43,1,9147,1,1,131.0,1,3,19,2,9,126.1,0,0,0,1,0,0,18,0,0,5,5,0,0.0,0,0,5,9,4,13.25,2,16.2,0.3,-0.92,Enrolled,Female,No,No,Up to Date,No,13.25,4,0.0,0.8,6.36,0,0.83,13.25
EDU-003398,1,1,1,9500,1,1,150.0,1,37,37,9,7,136.5,1,0,0,1,0,1,18,0,0,8,8,8,14.50125,0,0,8,8,8,14.50125,0,9.4,-0.8,-3.12,Graduate,Female,Yes,No,Up to Date,Yes,0.0,0,1.0,1.0,14.5,0,1.33,0.0
EDU-003399,2,1,5,9500,1,1,130.0,1,1,19,4,4,122.3,0,0,0,1,0,0,19,0,0,7,7,6,14.35,0,0,7,7,6,14.35,0,7.6,2.6,0.32,Graduate,Female,No,No,Up to Date,No,0.0,0,0.8571,0.8571,12.3,0,1.17,0.0
EDU-003400,1,17,1,9070,1,1,133.1,1,38,19,5,5,128.0,0,0,0,1,0,1,21,0,0,6,6,6,11.5,0,0,6,6,6,12.333333333333334,0,9.4,-0.8,-3.12,Graduate,Female,Yes,No,Up to Date,No,0.83,0,1.0,1.0,12.0,0,1.0,0.83
EDU-003401,1,1,1,9238,1,1,154.0,1,38,38,9,9,156.5,1,1,0,1,0,1,18,0,0,6,8,6,11.714285714285714,0,0,6,6,6,14.666666666666666,0,12.7,3.7,-1.7,Graduate,Female,Yes,No,Up to Date,Yes,2.95,0,1.0,1.0,13.49,0,1.0,2.95
EDU-003402,1,1,1,9670,1,1,126.0,1,37,19,7,7,125.7,0,0,0,1,0,0,20,0,0,6,9,6,13.571428571428571,0,0,6,10,5,13.6,0,15.5,2.8,-4.06,Enrolled,Female,No,No,Up to Date,No,0.03,-1,1.0,0.8333,11.32,0,1.0,0.03
EDU-003403,1,1,1,9773,1,1,150.0,1,19,38,9,5,143.0,0,0,0,1,0,0,18,0,0,6,6,5,13.0,0,0,6,6,6,13.666666666666666,0,12.7,3.7,-1.7,Graduate,Female,No,No,Up to Date,No,0.67,1,0.8333,1.0,13.4,0,1.0,0.67
EDU-003404,1,17,5,9500,1,1,141.0,1,19,19,9,7,131.9,1,0,0,1,0,1,18,0,0,7,8,7,13.56875,0,0,8,8,8,14.02625,0,15.5,2.8,-4.06,Graduate,Female,Yes,No,Up to Date,Yes,0.46,1,1.0,1.0,13.84,0,1.17,0.46
EDU-003405,2,43,1,9991,0,1,134.0,1,37,37,9,9,113.7,0,0,0,1,0,0,32,0,1,5,5,5,10.2,0,0,5,9,4,11.25,0,9.4,-0.8,-3.12,Enrolled,Female,No,No,Up to Date,No,1.05,-1,1.0,0.8,8.66,0,0.83,1.05
EDU-003406,1,17,2,171,1,1,146.0,1,3,3,3,3,155.1,1,0,0,1,0,0,18,0,0,0,0,0,0.0,0,0,0,0,0,0.0,0,13.9,-0.3,0.79,Graduate,Female,No,No,Up to Date,Yes,0.0,0,0.0,0.0,0.0,0,0.0,0.0
EDU-003407,1,16,3,9853,1,1,134.0,1,19,37,9,9,121.1,1,0,0,1,0,0,19,0,0,6,8,5,12.2,0,0,6,8,5,11.8,0,10.8,1.4,1.74,Enrolled,Female,No,No,Up to Date,Yes,-0.4,0,0.8333,0.8333,9.97,0,1.0,0.4
EDU-003408,1,1,3,9500,1,1,139.0,1,1,19,9,3,130.3,1,0,0,1,0,1,18,0,0,8,8,8,14.15375,0,0,8,8,8,14.15375,0,9.4,-0.8,-3.12,Graduate,Female,Yes,No,Up to Date,Yes,0.0,0,1.0,1.0,14.15,0,1.33,0.0
EDU-003409,1,1,6,9500,1,1,136.0,1,1,1,4,5,123.3,0,0,0,0,0,0,18,0,0,8,8,0,0.0,8,0,8,8,0,0.0,8,9.4,-0.8,-3.12,Dropout,Female,No,No,In Arrears,No,0.0,0,0.0,0.0,0.0,0,1.33,0.0
EDU-003410,1,1,5,9773,1,1,110.0,1,19,38,3,5,117.4,1,0,0,1,0,0,20,0,0,6,7,6,13.833333333333334,0,0,6,6,6,12.833333333333334,0,11.1,0.6,2.02,Graduate,Female,No,No,Up to Date,Yes,-1.0,0,1.0,1.0,13.23,0,1.0,1.0
EDU-003411,1,5,1,9670,1,1,135.0,1,1,12,4,4,140.3,1,0,0,1,0,0,19,0,0,6,7,6,13.428571428571429,0,0,6,6,4,14.0,0,12.4,0.5,1.79,Enrolled,Female,No,No,Up to Date,Yes,0.57,-2,1.0,0.6667,9.18,0,1.0,0.57
EDU-003412,1,17,4,9500,1,1,129.0,1,38,37,9,5,120.0,1,0,0,1,0,0,19,0,0,8,8,7,12.454285714285716,0,0,8,8,7,12.454285714285716,0,10.8,1.4,1.74,Graduate,Female,No,No,Up to Date,Yes,0.0,0,0.875,0.875,10.9,0,1.33,0.0
EDU-003413,1,17,1,9147,1,1,139.0,1,38,38,7,5,133.4,0,0,0,1,0,0,18,0,0,5,9,1,11.0,1,0,5,10,0,0.0,0,9.4,-0.8,-3.12,Enrolled,Female,No,No,Up to Date,No,-11.0,-1,0.2,0.0,0.0,0,0.83,11.0
EDU-003414,1,1,4,9500,1,1,137.0,1,1,19,4,7,126.7,1,0,0,1,0,0,18,0,0,7,0,0,0.0,0,0,8,0,0,0.0,0,15.5,2.8,-4.06,Dropout,Female,No,No,Up to Date,Yes,0.0,0,0.0,0.0,0.0,0,1.17,0.0
EDU-003415,1,17,3,9500,1,1,138.0,1,1,19,7,8,129.3,1,0,0,1,0,1,18,0,0,7,8,6,13.271666666666668,0,0,8,11,7,12.94375,0,12.4,0.5,1.79,Graduate,Female,Yes,No,Up to Date,Yes,-0.33,1,0.8571,0.875,11.44,0,1.17,0.33
EDU-003416,1,17,6,9500,1,1,136.0,1,3,38,2,9,125.7,1,0,0,1,0,0,20,0,0,7,8,6,13.548333333333334,0,0,8,11,6,14.775,0,11.1,0.6,2.02,Enrolled,Female,No,No,Up to Date,Yes,1.23,0,0.8571,0.75,10.71,0,1.17,1.23
EDU-003417,1,1,1,9773,1,1,143.0,1,3,3,2,5,144.8,0,0,0,1,0,0,19,0,0,6,6,6,12.166666666666666,0,0,6,6,6,12.5,0,16.2,0.3,-0.92,Enrolled,Female,No,No,Up to Date,No,0.33,0,1.0,1.0,12.37,0,1.0,0.33
EDU-003418,1,1,1,9254,1,1,133.1,1,38,19,3,3,98.6,0,0,0,1,0,0,21,0,0,6,16,2,11.0,0,0,6,12,0,0.0,0,12.7,3.7,-1.7,Dropout,Female,No,No,Up to Date,No,-11.0,-2,0.3333,0.0,0.0,0,1.0,11.0
EDU-003419,1,1,1,9853,1,1,136.0,1,38,37,9,9,126.9,1,0,0,1,0,1,19,0,0,7,7,7,13.285714285714286,0,0,7,7,7,14.428571428571429,0,11.1,0.6,2.02,Graduate,Female,Yes,No,Up to Date,Yes,1.14,0,1.0,1.0,13.97,0,1.17,1.14
EDU-003420,1,17,1,9238,1,1,139.0,1,19,38,4,9,146.7,1,0,0,1,0,1,20,0,0,6,6,6,13.333333333333334,0,0,6,7,6,14.0,0,15.5,2.8,-4.06,Graduate,Female,Yes,No,Up to Date,Yes,0.67,0,1.0,1.0,13.73,0,1.0,0.67
EDU-003421,1,1,1,9500,1,1,125.0,1,1,1,9,4,117.0,0,0,0,1,0,1,21,0,0,8,8,8,13.2575,0,0,8,8,8,13.2575,0,9.4,-0.8,-3.12,Graduate,Female,Yes,No,Up to Date,No,0.0,0,1.0,1.0,13.26,0,1.33,0.0
EDU-003422,1,44,1,9085,1,39,130.0,1,37,38,9,6,130.0,1,0,0,1,0,0,23,0,0,6,7,0,0.0,0,0,6,7,0,0.0,0,11.1,0.6,2.02,Dropout,Female,No,No,Up to Date,Yes,0.0,0,0.0,0.0,0.0,0,1.0,0.0
EDU-003423,1,17,1,9238,1,1,137.0,1,1,38,5,8,125.8,0,0,0,0,0,1,18,0,0,6,10,6,12.666666666666666,0,0,6,6,2,11.5,0,12.7,3.7,-1.7,Dropout,Female,Yes,No,In Arrears,No,-1.17,-4,1.0,0.3333,3.99,0,1.0,1.17
EDU-003424,2,39,1,9991,0,3,130.0,1,3,1,1,10,160.0,0,0,0,1,0,0,30,0,0,5,5,5,14.6,0,0,5,5,5,15.4,0,12.7,3.7,-1.7,Dropout,Female,No,No,Up to Date,No,0.8,0,1.0,1.0,15.08,0,0.83,0.8
EDU-003425,1,1,1,9085,1,1,130.0,1,9,19,4,1,134.2,1,0,0,1,0,0,20,0,0,5,13,0,0.0,5,0,5,5,0,0.0,5,9.4,-0.8,-3.12,Dropout,Female,No,No,Up to Date,Yes,0.0,0,0.0,0.0,0.0,0,0.83,0.0
EDU-003426,2,43,2,9147,1,1,160.0,1,37,37,9,9,96.0,0,0,0,0,0,0,29,0,3,5,7,3,12.333333333333334,0,0,5,8,0,0.0,0,10.8,1.4,1.74,Dropout,Female,No,No,In Arrears,No,-12.33,-3,0.6,0.0,0.0,0,0.83,12.33
EDU-003427,1,18,1,9147,1,1,100.0,1,38,38,5,5,101.8,1,0,0,1,0,0,24,0,0,5,5,5,10.8,0,0,5,11,2,11.0,0,10.8,1.4,1.74,Enrolled,Female,No,No,Up to Date,Yes,0.2,-3,1.0,0.4,4.37,0,0.83,0.2
EDU-003428,1,1,1,9238,1,1,136.0,1,19,1,4,3,125.2,1,0,0,1,0,0,20,0,0,6,7,6,11.666666666666666,0,0,6,10,6,11.333333333333334,0,7.6,2.6,0.32,Graduate,Female,No,No,Up to Date,Yes,-0.33,0,1.0,1.0,11.47,0,1.0,0.33
EDU-003429,1,43,1,8014,0,1,117.0,1,37,37,9,9,100.0,0,0,0,1,0,0,27,0,0,6,6,4,12.5,0,0,6,6,6,14.333333333333334,0,13.9,-0.3,0.79,Dropout,Female,No,No,Up to Date,No,1.83,2,0.6667,1.0,13.6,0,1.0,1.83
EDU-003430,2,7,1,9147,1,3,140.0,1,37,37,9,9,140.0,0,0,0,1,0,0,23,0,0,5,0,0,0.0,0,0,5,0,0,0.0,0,7.6,2.6,0.32,Dropout,Female,No,No,Up to Date,No,0.0,0,0.0,0.0,0.0,0,0.83,0.0
EDU-003431,1,51,1,9070,1,1,132.0,1,19,19,153,153,120.0,0,0,0,1,0,1,23,0,0,6,6,6,15.333333333333334,0,0,6,6,6,14.166666666666666,0,11.1,0.6,2.02,Graduate,Female,Yes,No,Up to Date,No,-1.17,0,1.0,1.0,14.63,0,1.0,1.17
EDU-003432,1,1,3,9500,1,1,147.0,1,1,1,4,4,134.3,1,0,0,1,0,0,18,0,0,8,8,7,14.2,0,0,8,8,7,14.2,0,12.7,3.7,-1.7,Graduate,Female,No,No,Up to Date,Yes,0.0,0,0.875,0.875,12.42,0,1.33,0.0
EDU-003433,1,1,1,9773,1,1,158.0,1,38,38,9,7,144.7,1,0,0,1,0,1,19,0,0,6,6,6,14.833333333333334,0,0,6,6,6,14.666666666666666,0,12.7,3.7,-1.7,Graduate,Female,Yes,No,Up to Date,Yes,-0.17,0,1.0,1.0,14.73,0,1.0,0.17
EDU-003434,1,17,6,9500,1,1,142.0,1,19,37,4,9,131.9,1,0,0,1,0,0,19,0,0,7,7,7,13.642857142857142,0,0,8,8,8,14.3875,0,13.9,-0.3,0.79,Dropout,Female,No,No,Up to Date,Yes,0.74,1,1.0,1.0,14.09,0,1.17,0.74
EDU-003435,1,1,1,9773,1,1,143.0,1,1,38,8,8,136.7,1,0,0,1,0,1,18,0,0,6,6,6,13.833333333333334,0,0,6,6,6,14.0,0,11.1,0.6,2.02,Dropout,Female,Yes,No,Up to Date,Yes,0.17,0,1.0,1.0,13.93,0,1.0,0.17
EDU-003436,1,1,2,9070,1,1,135.0,1,1,1,4,7,129.8,1,0,0,1,0,0,19,0,0,6,6,6,11.833333333333334,0,0,6,7,6,13.0,0,9.4,-0.8,-3.12,Graduate,Female,No,No,Up to Date,Yes,1.17,0,1.0,1.0,12.53,0,1.0,1.17
EDU-003437,1,1,1,9773,1,1,160.0,1,1,38,4,7,146.5,0,0,0,1,0,1,18,0,0,6,7,6,13.428571428571429,0,0,6,10,6,13.5,0,13.9,-0.3,0.79,Graduate,Female,Yes,No,Up to Date,No,0.07,0,1.0,1.0,13.47,0,1.0,0.07
EDU-003438,1,43,1,9991,0,1,120.0,1,37,37,9,8,122.5,1,0,0,1,0,0,29,0,8,13,16,8,10.5,0,8,12,19,9,10.333333333333334,0,9.4,-0.8,-3.12,Enrolled,Female,No,No,Up to Date,Yes,-0.17,1,0.6154,0.75,7.8,0,2.17,0.17
EDU-003439,1,39,2,9556,1,19,133.1,1,37,37,3,7,117.8,0,0,0,1,0,0,24,0,0,7,10,6,11.416666666666666,0,0,8,9,8,11.9625,0,13.9,-0.3,0.79,Graduate,Female,No,No,Up to Date,No,0.55,2,0.8571,1.0,11.74,0,1.17,0.55
EDU-003440,1,17,2,9556,1,1,133.1,1,37,38,9,8,106.0,1,0,0,1,0,0,19,0,0,7,16,2,12.75,0,0,7,12,2,11.0,0,8.9,1.4,3.51,Dropout,Female,No,No,Up to Date,Yes,-1.75,0,0.2857,0.2857,3.34,0,1.17,1.75
EDU-003441,1,17,1,9556,1,1,133.0,1,1,38,4,9,119.0,0,0,0,1,0,0,19,0,0,7,10,6,11.15,0,0,7,7,7,12.814285714285717,0,12.7,3.7,-1.7,Enrolled,Female,No,No,Up to Date,No,1.66,1,0.8571,1.0,12.15,0,1.17,1.66
EDU-003442,1,1,1,9670,1,1,120.0,1,38,19,4,8,115.1,0,0,0,1,0,0,19,0,0,6,8,3,11.666666666666666,0,0,6,11,5,13.625,0,10.8,1.4,1.74,Enrolled,Female,No,No,Up to Date,No,1.96,2,0.5,0.8333,10.7,0,1.0,1.96
EDU-003443,1,17,4,9254,1,1,106.0,1,37,19,9,7,116.9,1,0,0,1,0,0,20,0,0,6,7,6,11.5,0,0,6,8,5,12.4,0,11.1,0.6,2.02,Graduate,Female,No,No,Up to Date,Yes,0.9,-1,1.0,0.8333,10.03,0,1.0,0.9
EDU-003444,1,1,2,9773,1,1,148.0,1,1,19,9,9,141.7,0,0,0,1,0,0,18,0,0,6,6,6,13.833333333333334,0,0,6,6,6,12.666666666666666,0,10.8,1.4,1.74,Graduate,Female,No,No,Up to Date,No,-1.17,0,1.0,1.0,13.13,0,1.0,1.17
EDU-003445,1,1,2,9070,1,1,134.0,1,1,19,3,3,127.7,1,0,0,0,0,0,18,0,1,6,8,6,11.714285714285714,1,0,6,11,4,11.333333333333334,0,13.9,-0.3,0.79,Dropout,Female,No,No,In Arrears,Yes,-0.38,-2,1.0,0.6667,7.66,0,1.0,0.38
EDU-003446,1,1,5,9500,1,1,130.0,1,19,1,9,5,122.1,1,0,0,1,0,1,19,0,0,7,8,7,11.678571428571429,0,0,8,10,7,13.0375,0,12.4,0.5,1.79,Graduate,Female,Yes,No,Up to Date,Yes,1.36,0,1.0,0.875,10.93,0,1.17,1.36
EDU-003447,1,16,1,9085,1,1,150.0,1,3,3,2,1,153.5,1,0,0,1,0,0,19,0,0,6,7,6,15.714285714285714,0,0,6,6,6,14.666666666666666,0,13.9,-0.3,0.79,Dropout,Female,No,No,Up to Date,Yes,-1.05,0,1.0,1.0,15.09,0,1.0,1.05
EDU-003448,1,1,1,171,1,1,141.0,1,1,19,5,8,141.4,1,0,0,1,0,1,18,0,0,0,0,0,0.0,0,0,0,0,0,0.0,0,13.9,-0.3,0.79,Graduate,Female,Yes,No,Up to Date,Yes,0.0,0,0.0,0.0,0.0,0,0.0,0.0
EDU-003449,1,1,1,9773,1,1,140.0,1,19,37,9,6,135.8,1,0,0,1,0,1,19,0,0,6,6,6,13.0,0,0,6,7,6,13.0,0,10.8,1.4,1.74,Graduate,Female,Yes,No,Up to Date,Yes,0.0,0,1.0,1.0,13.0,0,1.0,0.0
EDU-003450,1,1,2,9500,1,1,138.0,1,3,3,2,2,127.5,1,0,0,1,0,1,18,0,0,7,7,7,14.485714285714286,0,0,8,9,8,14.58888888888889,0,16.2,0.3,-0.92,Graduate,Female,Yes,No,Up to Date,Yes,0.1,1,1.0,1.0,14.55,0,1.17,0.1
EDU-003451,1,39,1,9991,0,1,130.0,1,37,37,9,9,151.6,0,0,0,1,0,0,24,0,0,5,9,5,12.285714285714286,0,0,5,8,5,12.125,0,16.2,0.3,-0.92,Enrolled,Female,No,No,Up to Date,No,-0.16,0,1.0,1.0,12.19,0,0.83,0.16
EDU-003452,1,39,1,9500,1,1,133.1,1,19,19,5,6,121.4,0,0,1,1,0,0,28,0,0,7,12,4,13.375,0,0,7,7,5,13.5,0,13.9,-0.3,0.79,Enrolled,Female,No,Yes,Up to Date,No,0.12,1,0.5714,0.7143,9.61,0,1.17,0.12
EDU-003453,1,42,1,9500,1,1,133.0,1,1,1,4,4,100.0,0,0,0,1,0,0,20,0,1,8,8,7,11.571428571428571,0,1,8,8,7,11.571428571428571,0,12.7,3.7,-1.7,Graduate,Female,No,No,Up to Date,No,0.0,0,0.875,0.875,10.12,0,1.33,0.0
EDU-003454,1,1,6,9500,1,1,150.0,1,37,38,9,9,131.5,1,0,0,1,0,1,19,0,0,8,8,7,12.657142857142857,0,0,8,8,7,12.657142857142857,0,12.7,3.7,-1.7,Graduate,Female,Yes,No,Up to Date,Yes,0.0,0,0.875,0.875,11.08,0,1.33,0.0
EDU-003455,1,17,1,9147,1,1,117.0,1,37,37,9,9,109.3,0,0,0,0,0,0,22,0,0,5,9,2,10.0,1,0,5,11,1,10.0,0,9.4,-0.8,-3.12,Dropout,Female,No,No,In Arrears,No,0.0,-1,0.4,0.2,2.0,0,0.83,0.0
EDU-003456,1,1,1,9238,1,1,145.0,1,19,1,6,5,127.9,1,0,0,1,0,0,19,0,0,6,7,6,13.714285714285714,0,0,6,6,6,13.166666666666666,0,12.7,3.7,-1.7,Graduate,Female,No,No,Up to Date,Yes,-0.55,0,1.0,1.0,13.39,0,1.0,0.55
EDU-003457,1,7,1,9238,1,3,140.0,1,37,37,9,9,140.0,1,0,0,1,0,0,36,0,10,14,21,13,13.071428571428571,0,4,11,16,11,13.0,0,16.2,0.3,-0.92,Graduate,Female,No,No,Up to Date,Yes,-0.07,-2,0.9286,1.0,13.03,0,2.33,0.07
EDU-003458,1,44,1,9003,1,39,160.0,1,37,38,9,7,160.0,0,0,0,1,0,1,19,0,0,6,7,6,15.333333333333334,0,0,6,9,6,14.0,0,15.5,2.8,-4.06,Graduate,Female,Yes,No,Up to Date,No,-1.33,0,1.0,1.0,14.53,0,1.0,1.33
EDU-003459,1,17,1,9238,1,1,125.0,1,4,3,1,1,119.8,0,0,0,1,0,0,18,0,0,6,9,5,11.571428571428571,0,0,6,8,6,12.142857142857142,0,16.2,0.3,-0.92,Graduate,Female,No,No,Up to Date,No,0.57,1,0.8333,1.0,11.91,0,1.0,0.57
EDU-003460,4,43,4,9991,0,12,133.1,1,37,37,9,9,153.0,0,0,0,0,0,0,40,0,0,5,10,0,0.0,0,0,5,5,0,0.0,0,7.6,2.6,0.32,Dropout,Female,No,No,In Arrears,No,0.0,0,0.0,0.0,0.0,0,0.83,0.0
EDU-003461,1,1,2,9500,1,1,139.0,1,38,37,9,7,125.0,1,0,0,1,0,1,19,0,0,7,7,6,12.9,0,0,7,7,6,12.9,0,7.6,2.6,0.32,Graduate,Female,Yes,No,Up to Date,Yes,0.0,0,0.8571,0.8571,11.06,0,1.17,0.0
EDU-003462,4,43,1,9500,1,1,130.0,1,37,37,9,9,103.7,0,0,0,1,0,0,38,0,1,8,12,5,13.126,1,1,8,12,5,13.126,1,10.8,1.4,1.74,Enrolled,Female,No,No,Up to Date,No,0.0,0,0.625,0.625,8.2,0,1.33,0.0
EDU-003463,1,7,1,9085,1,3,120.0,1,37,37,7,7,120.0,0,0,0,1,0,0,32,0,4,10,20,4,11.5,2,3,9,13,3,11.666666666666666,2,15.5,2.8,-4.06,Dropout,Female,No,No,Up to Date,No,0.17,-1,0.4,0.3333,3.87,0,1.67,0.17
EDU-003464,1,1,1,9853,1,1,160.0,1,1,37,9,9,146.0,1,0,0,1,0,0,19,0,0,6,11,3,10.333333333333334,0,0,6,10,5,11.8,0,9.4,-0.8,-3.12,Enrolled,Female,No,No,Up to Date,Yes,1.47,2,0.5,0.8333,9.34,0,1.0,1.47
EDU-003465,1,17,3,9070,1,1,120.0,1,3,1,4,4,116.9,1,0,0,1,0,0,19,0,0,6,6,6,13.5,0,0,6,7,6,13.428571428571429,0,8.9,1.4,3.51,Graduate,Female,No,No,Up to Date,Yes,-0.07,0,1.0,1.0,13.46,0,1.0,0.07
EDU-003466,2,39,1,9147,1,1,130.0,1,37,37,9,9,117.9,0,0,0,1,0,0,35,0,0,1,1,0,0.0,1,0,5,0,0,0.0,0,10.8,1.4,1.74,Dropout,Female,No,No,Up to Date,No,0.0,0,0.0,0.0,0.0,0,0.17,0.0
EDU-003467,1,1,1,9147,1,1,124.0,1,38,19,3,10,128.6,1,0,0,1,0,0,20,0,0,5,5,4,12.0,0,0,4,4,2,11.5,0,7.6,2.6,0.32,Enrolled,Female,No,No,Up to Date,Yes,-0.5,-2,0.8,0.5,5.85,0,0.83,0.5
EDU-003468,1,17,1,9853,1,1,150.0,1,19,19,3,4,135.0,0,0,0,1,0,0,29,0,2,8,10,7,11.142857142857142,0,2,8,11,8,11.375,0,12.7,3.7,-1.7,Graduate,Female,No,No,Up to Date,No,0.23,1,0.875,1.0,11.28,0,1.33,0.23
EDU-003469,1,1,1,9991,0,1,140.0,1,37,37,9,9,124.6,0,0,0,1,0,0,29,0,0,5,11,5,11.4,0,0,5,10,4,10.25,0,15.5,2.8,-4.06,Enrolled,Female,No,No,Up to Date,No,-1.15,-1,1.0,0.8,8.57,0,0.83,1.15
EDU-003470,1,1,5,9500,1,1,135.0,1,37,37,7,7,124.0,1,0,0,1,0,1,19,0,0,8,8,7,12.771428571428572,1,0,8,8,7,12.771428571428572,1,9.4,-0.8,-3.12,Enrolled,Female,Yes,No,Up to Date,Yes,0.0,0,0.875,0.875,11.18,0,1.33,0.0
EDU-003471,1,1,6,9500,1,1,143.0,1,38,19,7,9,129.5,1,0,0,1,0,1,18,0,0,8,8,7,13.79857142857143,0,0,8,8,7,13.79857142857143,0,10.8,1.4,1.74,Graduate,Female,Yes,No,Up to Date,Yes,0.0,0,0.875,0.875,12.07,0,1.33,0.0
EDU-003472,2,39,1,8014,0,19,100.0,1,38,19,0,10,111.3,0,0,1,0,0,0,25,0,0,6,7,6,13.333333333333334,0,0,6,6,6,13.5,0,7.6,2.6,0.32,Graduate,Female,No,Yes,In Arrears,No,0.17,0,1.0,1.0,13.43,1,1.0,0.17
EDU-003473,4,39,1,8014,0,19,133.1,1,37,37,9,9,95.0,0,0,1,0,0,0,50,0,0,6,11,0,0.0,0,0,5,6,0,0.0,0,8.9,1.4,3.51,Dropout,Female,No,Yes,In Arrears,No,0.0,0,0.0,0.0,0.0,1,1.0,0.0
EDU-003474,2,1,1,9147,1,1,133.1,1,34,34,0,0,131.8,0,0,0,1,0,0,24,0,14,15,17,14,11.357142857142858,0,13,14,15,13,12.846153846153848,0,7.6,2.6,0.32,Dropout,Female,No,No,Up to Date,No,1.49,-1,0.9333,0.9286,11.38,0,2.5,1.49
EDU-003475,1,1,5,9119,1,1,132.0,1,38,19,5,3,119.1,0,0,0,1,0,0,18,0,0,5,11,0,0.0,0,0,5,8,0,0.0,0,9.4,-0.8,-3.12,Dropout,Female,No,No,Up to Date,No,0.0,0,0.0,0.0,0.0,0,0.83,0.0
EDU-003476,1,17,1,9085,1,1,131.0,1,38,38,191,174,125.4,1,0,0,1,0,0,20,0,0,6,13,6,15.692307692307692,0,0,6,13,5,14.428571428571429,0,15.5,2.8,-4.06,Graduate,Female,No,No,Up to Date,Yes,-1.26,-1,1.0,0.8333,12.44,0,1.0,1.26
EDU-003477,1,16,1,9003,1,1,147.0,1,1,37,4,9,140.7,1,0,1,1,0,1,20,0,13,18,19,18,15.052631578947368,0,11,13,13,13,14.538461538461538,0,15.5,2.8,-4.06,Graduate,Female,Yes,Yes,Up to Date,Yes,-0.51,-5,1.0,1.0,14.74,0,3.0,0.51
EDU-003478,1,43,1,9991,0,1,141.0,1,37,37,9,9,131.9,0,0,0,1,0,0,21,0,6,10,20,6,11.5,0,5,10,17,5,12.4,0,9.4,-0.8,-3.12,Dropout,Female,No,No,Up to Date,No,0.9,-1,0.6,0.5,6.02,0,1.67,0.9
EDU-003479,1,39,1,9238,1,1,160.0,1,38,1,9,3,124.0,0,0,1,1,1,0,28,0,2,8,15,7,11.0,0,0,6,17,1,10.0,0,10.8,1.4,1.74,Enrolled,Male,No,Yes,Up to Date,No,-1.0,-6,0.875,0.1667,1.73,0,1.33,1.0
EDU-003480,1,1,1,9254,1,1,135.0,1,38,37,9,7,139.2,0,0,0,1,1,1,19,0,0,6,6,6,13.0,0,0,6,6,6,13.166666666666666,0,12.4,0.5,1.79,Graduate,Male,Yes,No,Up to Date,No,0.17,0,1.0,1.0,13.1,0,1.0,0.17
EDU-003481,1,1,1,9500,1,1,133.0,1,37,37,9,7,121.8,0,0,0,1,1,1,18,0,0,8,8,8,12.93875,0,0,8,8,8,12.93875,0,9.4,-0.8,-3.12,Graduate,Male,Yes,No,Up to Date,No,0.0,0,1.0,1.0,12.94,0,1.33,0.0
EDU-003482,1,17,1,171,1,1,142.0,1,37,37,9,9,132.9,0,0,0,1,1,0,22,0,0,0,0,0,0.0,0,0,0,0,0,0.0,0,12.7,3.7,-1.7,Graduate,Male,No,No,Up to Date,No,0.0,0,0.0,0.0,0.0,0,0.0,0.0
EDU-003483,1,44,1,9003,1,39,130.0,1,37,37,9,10,130.0,0,0,0,1,1,0,25,0,0,6,6,0,0.0,0,0,6,8,0,0.0,0,15.5,2.8,-4.06,Dropout,Male,No,No,Up to Date,No,0.0,0,0.0,0.0,0.0,0,1.0,0.0
EDU-003484,2,39,1,9500,1,1,133.1,1,37,37,9,9,130.1,0,0,0,0,1,0,37,0,0,7,10,5,13.0,0,0,7,9,5,12.88,0,11.1,0.6,2.02,Dropout,Male,No,No,In Arrears,No,-0.12,0,0.7143,0.7143,9.23,0,1.17,0.12
EDU-003485,1,39,1,9500,1,1,133.1,1,37,37,7,7,124.5,0,0,0,0,1,0,38,0,0,7,11,5,12.18,0,0,7,11,4,11.8125,0,11.1,0.6,2.02,Dropout,Male,No,No,In Arrears,No,-0.37,-1,0.7143,0.5714,6.83,0,1.17,0.37
EDU-003486,2,39,1,9670,1,1,130.0,1,19,38,9,9,162.3,0,0,0,1,1,0,36,0,0,6,13,3,11.333333333333334,0,0,6,12,5,11.4,0,13.9,-0.3,0.79,Dropout,Male,No,No,Up to Date,No,0.07,2,0.5,0.8333,9.48,0,1.0,0.07
EDU-003487,1,1,2,9500,1,1,149.0,1,19,1,9,9,137.8,1,0,0,1,1,0,18,0,0,8,8,7,13.0,0,0,8,8,7,13.0,0,12.7,3.7,-1.7,Graduate,Male,No,No,Up to Date,Yes,0.0,0,0.875,0.875,11.38,0,1.33,0.0
EDU-003488,1,1,1,9670,1,1,130.0,1,1,1,0,0,119.5,0,0,0,0,1,0,19,0,0,5,5,0,0.0,0,0,6,0,0,0.0,0,9.4,-0.8,-3.12,Dropout,Male,No,No,In Arrears,No,0.0,0,0.0,0.0,0.0,0,0.83,0.0
EDU-003489,1,39,1,9130,1,1,150.0,1,1,1,4,10,110.0,0,0,1,1,1,0,24,0,0,5,13,2,12.5,2,0,5,8,3,12.333333333333334,0,9.4,-0.8,-3.12,Dropout,Male,No,Yes,Up to Date,No,-0.17,1,0.4,0.6,7.44,0,0.83,0.17
EDU-003490,1,1,1,9238,1,1,106.0,1,1,1,3,3,105.0,0,0,0,1,1,0,20,0,0,6,9,5,11.0,0,0,6,9,5,12.166666666666666,0,11.1,0.6,2.02,Graduate,Male,No,No,Up to Date,No,1.17,0,0.8333,0.8333,9.75,0,1.0,1.17
EDU-003491,1,1,1,171,1,1,162.0,1,37,37,9,9,142.8,1,0,0,1,1,0,21,0,0,0,0,0,0.0,0,0,0,0,0,0.0,0,12.7,3.7,-1.7,Dropout,Male,No,No,Up to Date,Yes,0.0,0,0.0,0.0,0.0,0,0.0,0.0
EDU-003492,2,43,3,9991,0,1,120.0,1,37,37,9,9,128.2,1,0,0,1,1,0,32,0,0,5,5,0,0.0,0,0,5,5,0,0.0,0,7.6,2.6,0.32,Dropout,Male,No,No,Up to Date,Yes,0.0,0,0.0,0.0,0.0,0,0.83,0.0
EDU-003493,2,39,1,9991,0,19,133.1,1,38,38,7,8,120.0,0,0,0,1,1,0,39,0,0,5,9,0,0.0,0,0,5,5,1,10.0,0,12.7,3.7,-1.7,Dropout,Male,No,No,Up to Date,No,10.0,1,0.0,0.2,1.2,0,0.83,10.0
EDU-003494,1,7,1,9119,1,3,130.0,1,37,37,9,9,130.0,0,0,0,0,1,0,33,0,0,5,6,0,0.0,0,0,5,5,0,0.0,0,12.7,3.7,-1.7,Dropout,Male,No,No,In Arrears,No,0.0,0,0.0,0.0,0.0,0,0.83,0.0
EDU-003495,1,17,2,9670,1,1,128.0,1,37,38,5,8,121.7,0,0,0,1,1,1,20,0,0,5,5,5,12.4,0,0,5,5,4,10.75,0,9.4,-0.8,-3.12,Graduate,Male,Yes,No,Up to Date,No,-1.65,-1,1.0,0.8,9.13,0,0.83,1.65
EDU-003496,1,1,1,9003,1,1,124.0,1,38,19,9,7,116.0,0,0,0,1,1,0,19,0,0,6,8,6,15.5,0,0,6,10,6,14.1,0,16.2,0.3,-0.92,Graduate,Male,No,No,Up to Date,No,-1.4,0,1.0,1.0,14.66,0,1.0,1.4
EDU-003497,2,39,1,9991,0,1,133.1,1,37,37,5,8,133.2,0,0,0,0,1,0,43,0,0,5,13,2,11.5,0,0,5,12,3,10.8,0,13.9,-0.3,0.79,Dropout,Male,No,No,In Arrears,No,-0.7,1,0.4,0.6,6.65,0,0.83,0.7
EDU-003498,2,43,1,9991,0,1,114.0,1,37,37,7,8,116.7,0,0,0,1,1,0,49,0,0,5,7,4,13.333333333333334,0,0,5,9,4,11.6,1,16.2,0.3,-0.92,Dropout,Male,No,No,Up to Date,No,-1.73,0,0.8,0.8,9.83,0,0.83,1.73
EDU-003499,1,1,2,9773,1,1,140.0,1,38,38,5,7,126.4,1,0,0,1,1,1,18,0,0,6,8,6,12.666666666666666,0,0,6,6,6,13.5,0,12.7,3.7,-1.7,Graduate,Male,Yes,No,Up to Date,Yes,0.83,0,1.0,1.0,13.17,0,1.0,0.83
EDU-003500,1,39,1,9003,1,1,160.0,1,1,37,191,193,140.0,0,0,0,1,1,0,27,0,0,6,6,0,0.0,0,0,6,6,0,0.0,0,11.1,0.6,2.02,Enrolled,Male,No,No,Up to Date,No,0.0,0,0.0,0.0,0.0,0,1.0,0.0
EDU-003501,1,1,1,9147,1,1,122.0,1,1,19,9,9,120.3,1,0,0,1,1,1,19,0,0,5,8,5,12.6,0,0,5,9,5,13.6,0,8.9,1.4,3.51,Dropout,Male,Yes,No,Up to Date,Yes,1.0,0,1.0,1.0,13.2,0,0.83,1.0
EDU-003502,1,39,1,9070,1,1,140.0,1,37,37,9,10,118.0,0,0,1,1,1,1,45,0,0,6,6,6,13.5,0,0,6,6,0,0.0,0,16.2,0.3,-0.92,Dropout,Male,Yes,Yes,Up to Date,No,-13.5,-6,1.0,0.0,0.0,0,1.0,13.5
EDU-003503,1,15,1,9670,1,1,160.0,1,37,12,9,9,149.5,1,0,0,0,1,0,19,0,0,6,6,6,13.0,0,0,6,8,6,13.0,0,13.9,-0.3,0.79,Graduate,Male,No,No,In Arrears,Yes,0.0,0,1.0,1.0,13.0,0,1.0,0.0
EDU-003504,1,44,1,9003,1,39,130.0,1,1,3,9,6,130.0,0,0,0,1,1,1,21,0,0,6,15,6,11.714285714285714,0,0,6,8,4,11.75,0,13.9,-0.3,0.79,Graduate,Male,Yes,No,Up to Date,No,0.04,-2,1.0,0.6667,7.82,0,1.0,0.04
EDU-003505,1,1,1,9670,1,1,141.0,1,1,1,5,9,126.3,0,0,0,1,1,1,18,0,0,6,8,6,12.166666666666666,0,0,6,7,5,13.0,0,13.9,-0.3,0.79,Graduate,Male,Yes,No,Up to Date,No,0.83,-1,1.0,0.8333,10.56,0,1.0,0.83
EDU-003506,1,17,3,9147,1,1,127.0,1,37,37,5,7,116.2,0,0,0,1,1,0,18,0,0,5,10,0,0.0,1,0,5,13,0,0.0,0,9.4,-0.8,-3.12,Dropout,Male,No,No,Up to Date,No,0.0,0,0.0,0.0,0.0,0,0.83,0.0
EDU-003507,1,17,1,9254,1,1,126.0,1,37,37,5,1,126.0,0,0,0,0,1,0,29,0,0,6,12,0,0.0,0,0,6,6,0,0.0,6,9.4,-0.8,-3.12,Dropout,Male,No,No,In Arrears,No,0.0,0,0.0,0.0,0.0,0,1.0,0.0
EDU-003508,1,1,1,9670,1,1,131.0,1,1,1,4,9,122.3,0,0,0,1,1,0,19,0,0,5,6,5,11.5,0,0,5,5,5,11.6,0,9.4,-0.8,-3.12,Graduate,Male,No,No,Up to Date,No,0.1,0,1.0,1.0,11.56,0,0.83,0.1
EDU-003509,1,1,1,9147,1,1,130.0,1,19,19,9,7,119.5,1,0,0,1,1,1,18,0,0,5,7,4,11.25,0,0,5,6,4,12.25,0,12.4,0.5,1.79,Enrolled,Male,Yes,No,Up to Date,Yes,1.0,0,0.8,0.8,9.48,0,0.83,1.0
EDU-003510,1,44,1,9070,1,39,130.0,1,1,1,9,9,131.8,0,0,0,1,1,1,22,0,2,7,7,7,12.285714285714286,0,5,9,10,8,12.375,0,12.4,0.5,1.79,Graduate,Male,Yes,No,Up to Date,No,0.09,1,1.0,0.8889,10.97,0,1.17,0.09
EDU-003511,1,17,6,9500,1,1,140.0,1,1,1,4,3,130.7,1,0,0,1,1,1,18,0,0,7,7,7,12.718571428571428,0,0,8,11,8,12.805555555555555,0,11.1,0.6,2.02,Dropout,Male,Yes,No,Up to Date,Yes,0.09,1,1.0,1.0,12.77,0,1.17,0.09
EDU-003512,1,44,1,9130,1,39,140.0,1,1,19,4,7,140.0,0,0,0,1,1,0,20,0,2,6,12,5,12.4,0,1,6,11,2,15.0,0,13.9,-0.3,0.79,Enrolled,Male,No,No,Up to Date,No,2.6,-3,0.8333,0.3333,4.65,0,1.0,2.6
EDU-003513,1,1,1,171,1,1,140.0,1,19,19,1,1,129.5,1,0,0,1,1,0,20,0,0,0,0,0,0.0,0,0,0,0,0,0.0,0,10.8,1.4,1.74,Dropout,Male,No,No,Up to Date,Yes,0.0,0,0.0,0.0,0.0,0,0.0,0.0
EDU-003514,4,39,1,9670,1,19,133.1,1,37,37,9,7,130.0,0,0,1,1,1,1,29,0,0,6,16,1,14.0,0,0,6,7,0,0.0,0,11.1,0.6,2.02,Dropout,Male,Yes,Yes,Up to Date,No,-14.0,-1,0.1667,0.0,0.0,0,1.0,14.0
EDU-003515,1,39,1,9670,1,1,120.0,1,11,11,90,4,114.0,1,0,0,1,1,0,29,0,0,5,10,3,11.666666666666666,0,0,5,8,4,11.25,0,7.6,2.6,0.32,Dropout,Male,No,No,Up to Date,Yes,-0.42,1,0.6,0.8,9.13,0,0.83,0.42
EDU-003516,1,43,1,9773,1,1,121.0,1,1,1,4,5,121.0,1,0,0,1,1,0,23,0,0,6,15,1,13.0,0,0,6,8,4,11.25,0,9.4,-0.8,-3.12,Enrolled,Male,No,No,Up to Date,Yes,-1.75,3,0.1667,0.6667,7.97,0,1.0,1.75
EDU-003517,1,17,1,171,1,1,123.0,1,3,12,2,9,116.4,1,0,1,1,1,0,19,0,0,0,0,0,0.0,0,0,0,0,0,0.0,0,10.8,1.4,1.74,Dropout,Male,No,Yes,Up to Date,Yes,0.0,0,0.0,0.0,0.0,0,0.0,0.0
EDU-003518,1,1,1,9119,1,1,136.0,1,38,38,9,9,121.7,1,0,0,1,1,0,18,0,0,5,10,0,0.0,0,0,5,11,1,12.0,3,7.6,2.6,0.32,Dropout,Male,No,No,Up to Date,Yes,12.0,1,0.0,0.2,1.44,0,0.83,12.0
EDU-003519,2,42,1,9254,1,1,136.0,1,2,2,134,112,130.0,1,0,0,1,1,0,22,0,2,6,13,4,11.5,0,2,6,12,2,12.5,0,7.6,2.6,0.32,Dropout,Male,No,No,Up to Date,Yes,1.0,-2,0.6667,0.3333,4.03,0,1.0,1.0
EDU-003520,1,43,1,9991,0,1,120.0,1,37,37,9,9,120.0,1,0,1,1,1,0,34,0,6,10,10,7,11.714285714285714,0,4,10,10,6,11.5,0,10.8,1.4,1.74,Dropout,Male,No,Yes,Up to Date,Yes,-0.21,-1,0.7,0.6,6.95,0,1.67,0.21
EDU-003521,1,43,1,9991,0,4,160.0,1,3,3,2,1,125.0,0,0,0,1,1,0,26,0,0,5,7,5,12.6,0,0,5,7,5,13.714285714285714,0,13.9,-0.3,0.79,Graduate,Male,No,No,Up to Date,No,1.11,0,1.0,1.0,13.27,0,0.83,1.11
EDU-003522,1,17,1,171,1,1,125.0,1,37,37,7,9,134.1,1,0,0,1,1,0,24,0,12,17,19,13,11.642857142857142,0,12,17,25,12,11.25,0,11.1,0.6,2.02,Dropout,Male,No,No,Up to Date,Yes,-0.39,-1,0.7647,0.7059,8.05,0,2.83,0.39
EDU-003523,1,1,1,9670,1,1,146.0,1,1,1,9,8,149.5,1,0,0,1,1,1,17,0,0,6,8,6,14.875,0,0,6,8,6,13.428571428571429,0,11.1,0.6,2.02,Graduate,Male,Yes,No,Up to Date,Yes,-1.45,0,1.0,1.0,14.01,0,1.0,1.45
EDU-003524,1,43,4,9670,1,1,117.0,1,3,3,4,4,113.2,0,0,0,1,1,0,21,0,0,5,11,2,10.0,0,0,5,10,3,10.333333333333334,0,9.4,-0.8,-3.12,Enrolled,Male,No,No,Up to Date,No,0.33,1,0.4,0.6,6.12,0,0.83,0.33
EDU-003525,2,39,1,9991,0,1,150.0,1,1,4,4,2,146.0,0,0,0,1,1,0,34,0,0,5,5,5,14.2,0,0,5,5,5,14.6,0,12.7,3.7,-1.7,Enrolled,Male,No,No,Up to Date,No,0.4,0,1.0,1.0,14.44,0,0.83,0.4
EDU-003526,1,44,1,9003,1,39,140.0,1,19,38,6,7,140.0,1,0,0,1,1,0,19,0,0,6,8,6,12.714285714285714,0,0,6,9,6,13.5,0,12.4,0.5,1.79,Graduate,Male,No,No,Up to Date,Yes,0.79,0,1.0,1.0,13.19,0,1.0,0.79
EDU-003527,2,39,1,9003,1,1,111.0,1,1,3,4,2,162.4,0,0,1,0,1,0,49,0,4,12,16,5,11.6,0,2,7,7,5,11.2,0,8.9,1.4,3.51,Dropout,Male,No,Yes,In Arrears,No,-0.4,0,0.4167,0.7143,8.11,1,2.0,0.4
EDU-003528,1,43,1,9500,1,1,120.0,1,2,4,4,5,136.6,0,0,0,1,1,0,23,0,0,7,14,5,11.94,0,0,7,14,6,12.2,0,13.9,-0.3,0.79,Dropout,Male,No,No,Up to Date,No,0.26,1,0.7143,0.8571,10.37,0,1.17,0.26
EDU-003529,1,18,3,9119,1,1,111.0,1,1,19,9,8,111.0,1,0,0,1,1,0,18,0,0,5,10,4,11.6,0,0,5,9,3,14.2,0,12.4,0.5,1.79,Dropout,Male,No,No,Up to Date,Yes,2.6,-1,0.8,0.6,7.9,0,0.83,2.6
EDU-003530,1,1,1,9500,1,1,118.0,1,12,1,4,10,115.7,0,0,0,1,1,0,20,0,0,7,9,5,12.7,0,0,8,9,7,13.475,0,13.9,-0.3,0.79,Enrolled,Male,No,No,Up to Date,No,0.78,2,0.7143,0.875,11.52,0,1.17,0.78
EDU-003531,1,1,3,9670,1,1,106.0,1,3,1,2,3,105.7,1,0,0,1,1,0,19,0,0,6,6,6,13.333333333333334,0,0,6,9,5,13.8,0,8.9,1.4,3.51,Graduate,Male,No,No,Up to Date,Yes,0.47,-1,1.0,0.8333,11.34,0,1.0,0.47
EDU-003532,1,42,1,9003,1,39,120.0,1,3,1,2,6,128.2,1,0,0,1,1,0,24,0,4,9,13,8,13.333333333333334,0,5,10,12,9,13.11111111111111,0,16.2,0.3,-0.92,Enrolled,Male,No,No,Up to Date,Yes,-0.22,1,0.8889,0.9,11.88,0,1.5,0.22
EDU-003533,1,1,1,9147,1,1,151.0,1,1,38,4,7,137.0,1,0,0,1,1,0,18,0,0,5,5,5,13.4,0,0,5,5,5,15.0,0,8.9,1.4,3.51,Graduate,Male,No,No,Up to Date,Yes,1.6,0,1.0,1.0,14.36,0,0.83,1.6
EDU-003534,2,39,1,9254,1,19,133.1,1,34,34,0,0,120.0,0,0,1,0,1,0,45,0,0,6,12,0,0.0,0,0,6,12,0,0.0,0,9.4,-0.8,-3.12,Dropout,Male,No,Yes,In Arrears,No,0.0,0,0.0,0.0,0.0,1,1.0,0.0
EDU-003535,1,39,1,9991,0,1,120.0,1,34,34,0,0,120.5,1,0,0,1,1,0,30,0,0,5,5,2,11.0,0,0,5,5,0,0.0,0,7.6,2.6,0.32,Dropout,Male,No,No,Up to Date,Yes,-11.0,-2,0.4,0.0,0.0,0,0.83,11.0
EDU-003536,1,51,1,9991,0,39,120.0,1,1,4,4,10,118.1,0,0,0,1,1,0,28,0,13,15,17,13,12.0,0,9,13,13,9,11.333333333333334,0,8.9,1.4,3.51,Dropout,Male,No,No,Up to Date,No,-0.67,-4,0.8667,0.6923,8.03,0,2.5,0.67
EDU-003537,1,39,1,9991,0,1,110.0,1,37,37,9,9,139.0,0,0,0,1,1,0,40,0,0,5,0,0,0.0,0,0,5,0,0,0.0,0,12.7,3.7,-1.7,Dropout,Male,No,No,Up to Date,No,0.0,0,0.0,0.0,0.0,0,0.83,0.0
EDU-003538,1,39,2,9147,1,19,133.1,1,38,19,4,10,116.3,0,0,0,0,1,0,32,0,0,5,5,0,0.0,0,0,5,9,0,0.0,0,10.8,1.4,1.74,Dropout,Male,No,No,In Arrears,No,0.0,0,0.0,0.0,0.0,0,0.83,0.0
EDU-003539,1,17,5,9254,1,1,118.0,1,19,37,5,5,120.5,1,0,0,1,1,0,19,0,0,6,12,4,12.5,0,0,6,12,4,10.25,0,7.6,2.6,0.32,Dropout,Male,No,No,Up to Date,Yes,-2.25,0,0.6667,0.6667,7.43,0,1.0,2.25
EDU-003540,1,1,1,9070,1,1,139.0,1,1,19,3,9,134.9,1,0,0,1,1,0,20,0,0,6,7,6,13.666666666666666,0,0,6,7,6,12.166666666666666,1,16.2,0.3,-0.92,Graduate,Male,No,No,Up to Date,Yes,-1.5,0,1.0,1.0,12.77,0,1.0,1.5
EDU-003541,1,17,1,9119,1,1,130.0,1,1,3,4,2,123.0,0,0,0,1,1,0,18,0,0,5,10,1,10.0,0,0,5,7,0,0.0,0,9.4,-0.8,-3.12,Dropout,Male,No,No,Up to Date,No,-10.0,-1,0.2,0.0,0.0,0,0.83,10.0
EDU-003542,1,17,1,9670,1,1,132.0,1,38,37,9,9,122.9,0,0,0,0,1,0,20,0,0,6,6,6,11.5,0,0,6,9,2,13.0,0,10.8,1.4,1.74,Dropout,Male,No,No,In Arrears,No,1.5,-4,1.0,0.3333,4.13,0,1.0,1.5
EDU-003543,1,39,1,9991,0,1,100.0,1,37,38,9,4,140.0,0,0,0,1,1,0,39,0,0,5,7,4,12.25,0,0,5,7,4,12.75,0,15.5,2.8,-4.06,Enrolled,Male,No,No,Up to Date,No,0.5,0,0.8,0.8,10.04,0,0.83,0.5
EDU-003544,1,17,1,9085,1,1,120.0,1,19,38,4,8,122.5,0,0,0,0,1,0,19,0,0,6,11,5,13.6,0,0,6,11,5,13.666666666666666,0,11.1,0.6,2.02,Enrolled,Male,No,No,In Arrears,No,0.07,0,0.8333,0.8333,11.37,0,1.0,0.07
EDU-003545,1,39,1,9991,0,12,133.1,1,37,37,9,9,121.5,0,0,0,1,1,0,38,0,0,5,11,2,10.5,0,0,5,9,3,11.333333333333334,1,7.6,2.6,0.32,Enrolled,Male,No,No,Up to Date,No,0.83,1,0.4,0.6,6.6,0,0.83,0.83
EDU-003546,1,17,3,9500,1,1,156.0,1,19,37,4,9,132.3,1,0,0,1,1,1,18,0,0,7,7,6,13.266666666666666,0,0,7,7,6,13.266666666666666,0,7.6,2.6,0.32,Graduate,Male,Yes,No,Up to Date,Yes,0.0,0,0.8571,0.8571,11.37,0,1.17,0.0
EDU-003547,1,17,4,9500,1,1,143.0,1,19,38,9,6,131.5,1,0,0,1,1,1,18,0,0,7,8,7,12.5125,0,0,8,8,8,14.1875,0,13.9,-0.3,0.79,Graduate,Male,Yes,No,Up to Date,Yes,1.68,1,1.0,1.0,13.52,0,1.17,1.68
EDU-003548,2,43,1,9130,1,9,133.1,1,34,34,0,0,128.2,0,0,0,1,1,0,28,0,0,5,9,0,0.0,0,0,5,5,0,0.0,0,7.6,2.6,0.32,Dropout,Male,No,No,Up to Date,No,0.0,0,0.0,0.0,0.0,0,0.83,0.0
EDU-003549,1,39,1,9670,1,1,140.0,1,37,37,9,9,148.0,1,0,0,0,1,0,31,0,0,6,14,0,0.0,0,0,6,6,0,0.0,0,12.7,3.7,-1.7,Dropout,Male,No,No,In Arrears,Yes,0.0,0,0.0,0.0,0.0,0,1.0,0.0
EDU-003550,1,1,1,9500,1,1,127.0,1,2,19,3,9,121.5,0,0,0,1,1,0,23,0,0,7,7,6,13.483333333333334,0,0,7,7,6,13.483333333333334,0,7.6,2.6,0.32,Graduate,Male,No,No,Up to Date,No,0.0,0,0.8571,0.8571,11.56,0,1.17,0.0
EDU-003551,1,1,1,9500,1,1,135.0,1,38,19,194,193,135.4,1,0,0,1,1,0,21,0,0,7,9,6,12.565,0,0,8,12,5,12.16,0,11.1,0.6,2.02,Enrolled,Male,No,No,Up to Date,Yes,-0.4,-1,0.8571,0.625,7.7,0,1.17,0.4
EDU-003552,1,39,1,9238,1,19,133.1,1,37,37,9,9,139.0,0,0,1,0,1,0,33,0,0,6,8,0,0.0,0,0,5,6,0,0.0,0,16.2,0.3,-0.92,Dropout,Male,No,Yes,In Arrears,No,0.0,0,0.0,0.0,0.0,1,1.0,0.0
EDU-003553,1,43,1,9147,1,1,120.0,1,37,37,5,3,113.4,0,0,0,1,1,0,22,0,0,5,9,3,13.0,0,0,5,9,3,11.666666666666666,0,12.7,3.7,-1.7,Dropout,Male,No,No,Up to Date,No,-1.33,0,0.6,0.6,7.32,0,0.83,1.33
EDU-003554,1,44,1,9119,1,39,150.0,1,19,37,9,9,150.0,1,0,1,1,1,0,20,0,0,5,6,5,16.5,0,0,5,7,5,17.714285714285715,0,12.4,0.5,1.79,Dropout,Male,No,Yes,Up to Date,Yes,1.21,0,1.0,1.0,17.23,0,0.83,1.21
EDU-003555,1,17,1,9670,1,1,123.0,1,37,38,3,3,122.0,0,0,1,1,1,0,19,0,0,6,7,6,13.166666666666666,0,0,6,9,5,13.2,0,8.9,1.4,3.51,Enrolled,Male,No,Yes,Up to Date,No,0.03,-1,1.0,0.8333,10.99,0,1.0,0.03
EDU-003556,1,44,1,9085,1,39,150.0,1,38,38,4,1,150.0,1,0,0,1,1,0,20,0,1,6,11,6,13.8,0,1,6,7,6,13.142857142857142,0,16.2,0.3,-0.92,Graduate,Male,No,No,Up to Date,Yes,-0.66,0,1.0,1.0,13.41,0,1.0,0.66
EDU-003557,1,39,1,9254,1,12,133.1,1,37,37,5,7,119.3,1,0,0,1,1,0,25,0,0,6,7,6,11.166666666666666,0,0,6,11,4,11.8,0,9.4,-0.8,-3.12,Enrolled,Male,No,No,Up to Date,Yes,0.63,-2,1.0,0.6667,7.7,0,1.0,0.63
EDU-003558,1,39,1,9003,1,1,130.0,1,1,1,9,4,140.0,0,0,0,0,1,0,25,0,0,6,0,0,0.0,0,0,6,0,0,0.0,0,13.9,-0.3,0.79,Dropout,Male,No,No,In Arrears,No,0.0,0,0.0,0.0,0.0,0,1.0,0.0
EDU-003559,1,1,4,9070,1,1,140.0,1,4,19,2,10,125.0,1,0,0,1,1,0,19,0,0,6,7,6,12.666666666666666,0,0,6,8,6,12.142857142857142,0,9.4,-0.8,-3.12,Enrolled,Male,No,No,Up to Date,Yes,-0.52,0,1.0,1.0,12.35,0,1.0,0.52
EDU-003560,1,1,1,9670,1,1,141.0,1,2,1,2,4,140.7,1,0,0,1,1,0,20,0,0,5,5,5,12.6,0,0,5,6,4,14.5,1,7.6,2.6,0.32,Graduate,Male,No,No,Up to Date,Yes,1.9,-1,1.0,0.8,10.99,0,0.83,1.9
EDU-003561,2,39,1,9500,1,19,133.1,1,19,19,4,4,100.0,0,0,0,1,1,0,33,0,0,7,7,5,13.06,0,0,7,9,0,0.0,0,16.2,0.3,-0.92,Enrolled,Male,No,No,Up to Date,No,-13.06,-5,0.7143,0.0,0.0,0,1.17,13.06
EDU-003562,1,17,5,9773,1,1,146.0,1,1,37,5,5,146.7,1,0,0,1,1,0,19,0,0,6,7,6,13.833333333333334,0,0,6,8,6,13.625,0,7.6,2.6,0.32,Graduate,Male,No,No,Up to Date,Yes,-0.21,0,1.0,1.0,13.71,0,1.0,0.21
EDU-003563,1,39,1,9130,1,19,133.1,1,34,34,99,99,96.0,0,0,0,1,1,0,31,0,0,5,5,0,0.0,0,0,5,5,0,0.0,0,7.6,2.6,0.32,Dropout,Male,No,No,Up to Date,No,0.0,0,0.0,0.0,0.0,0,0.83,0.0
EDU-003564,1,44,1,9119,1,39,160.0,1,3,38,2,3,160.0,0,0,1,0,1,0,24,0,2,6,6,2,16.0,0,2,7,7,2,16.0,0,8.9,1.4,3.51,Dropout,Male,No,Yes,In Arrears,No,0.0,0,0.3333,0.2857,4.57,1,1.0,0.0
EDU-003565,1,44,1,9119,1,39,130.0,1,19,3,3,4,130.0,0,0,1,0,1,0,23,0,0,5,5,0,0.0,0,0,5,5,0,0.0,0,15.5,2.8,-4.06,Dropout,Male,No,Yes,In Arrears,No,0.0,0,0.0,0.0,0.0,1,0.83,0.0
EDU-003566,2,39,1,9991,0,1,160.0,1,1,3,1,2,130.0,0,0,0,0,1,1,26,0,0,5,12,3,10.666666666666666,0,0,5,11,3,10.666666666666666,0,9.4,-0.8,-3.12,Dropout,Male,Yes,No,In Arrears,No,0.0,0,0.6,0.6,6.4,0,0.83,0.0
EDU-003567,2,43,1,9070,1,2,140.0,1,37,37,6,6,140.0,1,0,0,1,1,0,38,0,14,18,18,18,14.5,0,13,18,18,18,14.5,0,16.2,0.3,-0.92,Graduate,Male,No,No,Up to Date,Yes,0.0,0,1.0,1.0,14.5,0,3.0,0.0
EDU-003568,1,1,6,9119,1,1,126.0,1,19,19,7,3,116.6,1,0,0,1,1,1,20,0,0,5,6,5,14.0,0,0,5,7,5,13.8,0,8.9,1.4,3.51,Graduate,Male,Yes,No,Up to Date,Yes,-0.2,0,1.0,1.0,13.88,0,0.83,0.2
EDU-003569,1,17,5,9119,1,1,118.0,1,1,19,9,9,120.5,1,0,0,1,1,0,20,0,0,5,10,3,13.333333333333334,0,0,5,11,5,13.571428571428571,0,12.4,0.5,1.79,Graduate,Male,No,No,Up to Date,Yes,0.24,2,0.6,1.0,13.48,0,0.83,0.24
EDU-003570,1,39,1,9085,1,19,133.1,1,3,1,2,5,103.0,0,0,0,1,1,0,25,0,0,6,0,0,0.0,0,0,6,0,0,0.0,0,10.8,1.4,1.74,Dropout,Male,No,No,Up to Date,No,0.0,0,0.0,0.0,0.0,0,1.0,0.0
EDU-003571,1,17,2,9070,1,1,121.0,1,1,19,144,144,111.9,1,0,0,1,1,0,19,0,0,6,9,5,12.0,0,0,6,10,4,11.2,0,8.9,1.4,3.51,Graduate,Male,No,No,Up to Date,Yes,-0.8,-1,0.8333,0.6667,7.68,0,1.0,0.8
EDU-003572,1,17,1,9119,1,1,148.0,1,1,38,4,5,148.7,0,0,0,1,1,0,18,0,0,5,6,5,16.2,0,0,5,8,5,16.0,0,8.9,1.4,3.51,Graduate,Male,No,No,Up to Date,No,-0.2,0,1.0,1.0,16.08,0,0.83,0.2
EDU-003573,1,43,1,9991,0,12,133.1,1,12,12,9,9,120.0,0,0,0,1,1,0,28,0,7,13,13,7,10.285714285714286,0,5,11,13,5,10.6,0,10.8,1.4,1.74,Dropout,Male,No,No,Up to Date,No,0.31,-2,0.5385,0.4545,4.76,0,2.17,0.31
EDU-003574,1,1,2,9119,1,1,140.0,1,19,19,9,9,125.7,1,0,0,1,1,0,18,0,0,5,5,0,0.0,0,0,5,5,0,0.0,0,9.4,-0.8,-3.12,Enrolled,Male,No,No,Up to Date,Yes,0.0,0,0.0,0.0,0.0,0,0.83,0.0
EDU-003575,1,1,1,9254,1,1,132.0,1,1,38,9,9,120.1,1,0,0,1,1,1,20,0,0,6,7,6,13.571428571428571,0,0,6,8,6,13.166666666666666,0,8.9,1.4,3.51,Graduate,Male,Yes,No,Up to Date,Yes,-0.4,0,1.0,1.0,13.33,0,1.0,0.4
EDU-003576,1,1,1,9130,1,1,140.0,1,4,3,3,3,127.8,0,0,0,1,1,0,18,0,0,6,7,6,14.285714285714286,0,0,6,9,6,14.857142857142858,0,11.1,0.6,2.02,Graduate,Male,No,No,Up to Date,No,0.57,0,1.0,1.0,14.63,0,1.0,0.57
EDU-003577,1,17,3,9147,1,1,112.0,1,1,1,3,3,106.4,1,0,0,1,1,0,19,0,0,5,7,5,10.2,0,0,5,6,4,10.5,0,12.4,0.5,1.79,Graduate,Male,No,No,Up to Date,Yes,0.3,-1,1.0,0.8,8.3,0,0.83,0.3
EDU-003578,1,42,1,9500,1,1,100.0,1,19,19,9,9,100.0,0,0,1,1,1,0,24,0,0,8,16,2,10.25,1,0,8,16,2,10.25,1,12.7,3.7,-1.7,Dropout,Male,No,Yes,Up to Date,No,0.0,0,0.25,0.25,2.56,0,1.33,0.0
EDU-003579,1,17,4,9085,1,1,126.0,1,1,3,5,5,123.9,1,0,0,1,1,0,21,0,0,6,0,0,0.0,0,0,6,0,0,0.0,0,10.8,1.4,1.74,Dropout,Male,No,No,Up to Date,Yes,0.0,0,0.0,0.0,0.0,0,1.0,0.0
EDU-003580,1,1,1,9670,1,1,150.0,1,3,37,4,7,139.5,0,0,0,1,1,1,20,0,0,6,7,6,14.833333333333334,0,0,6,6,6,14.833333333333334,0,12.7,3.7,-1.7,Graduate,Male,Yes,No,Up to Date,No,0.0,0,1.0,1.0,14.83,0,1.0,0.0
EDU-003581,1,44,1,9003,1,39,150.0,1,19,1,9,8,150.0,1,0,0,1,1,0,21,0,0,6,12,5,13.625,0,0,6,6,5,12.6,0,13.9,-0.3,0.79,Graduate,Male,No,No,Up to Date,Yes,-1.03,0,0.8333,0.8333,10.84,0,1.0,1.03
EDU-003582,2,1,1,9556,1,1,144.0,1,19,19,193,144,139.8,0,0,1,1,1,0,24,0,0,7,7,7,12.271428571428572,0,0,8,10,7,13.657142857142857,0,10.8,1.4,1.74,Graduate,Male,No,Yes,Up to Date,No,1.39,0,1.0,0.875,11.46,0,1.17,1.39
EDU-003583,1,39,1,9991,0,1,133.1,1,38,37,9,9,154.4,0,0,0,1,1,0,27,0,0,5,0,0,0.0,0,0,5,0,0,0.0,0,10.8,1.4,1.74,Dropout,Male,No,No,Up to Date,No,0.0,0,0.0,0.0,0.0,0,0.83,0.0
EDU-003584,1,17,6,9147,1,1,120.0,1,37,38,9,9,115.5,1,0,1,0,1,0,19,0,0,5,8,4,12.5,0,0,5,9,5,10.5,0,8.9,1.4,3.51,Enrolled,Male,No,Yes,In Arrears,Yes,-2.0,1,0.8,1.0,11.3,1,0.83,2.0
EDU-003585,1,39,1,8014,0,1,133.1,1,3,19,4,7,119.0,0,0,0,1,1,0,39,0,3,9,10,9,13.22222222222222,0,2,7,8,7,13.142857142857142,0,8.9,1.4,3.51,Graduate,Male,No,No,Up to Date,No,-0.08,-2,1.0,1.0,13.17,0,1.5,0.08
EDU-003586,1,39,1,33,1,1,133.1,1,19,37,9,9,96.1,0,0,0,1,1,0,25,0,0,7,13,2,15.0,0,0,7,12,2,11.5,0,12.4,0.5,1.79,Dropout,Male,No,No,Up to Date,No,-3.5,0,0.2857,0.2857,3.69,0,1.17,3.5
EDU-003587,1,7,1,171,1,3,130.0,1,1,2,9,2,130.0,0,0,0,0,1,0,18,0,0,0,0,0,0.0,0,0,0,0,0,0.0,0,9.4,-0.8,-3.12,Dropout,Male,No,No,In Arrears,No,0.0,0,0.0,0.0,0.0,0,0.0,0.0
EDU-003588,1,43,1,9070,1,1,133.0,1,1,2,9,2,128.8,0,0,0,1,1,0,19,0,6,12,12,12,13.166666666666666,0,6,12,12,12,13.0,0,10.8,1.4,1.74,Graduate,Male,No,No,Up to Date,No,-0.17,0,1.0,1.0,13.07,0,2.0,0.17
EDU-003589,1,18,1,9773,1,1,124.0,1,38,37,9,8,126.8,0,0,0,1,1,1,21,0,0,6,8,5,13.833333333333334,0,0,6,6,4,14.0,0,13.9,-0.3,0.79,Graduate,Male,Yes,No,Up to Date,No,0.17,-1,0.8333,0.6667,9.29,0,1.0,0.17
EDU-003590,1,7,1,9991,0,40,130.0,1,1,3,4,2,130.0,0,0,0,1,1,0,27,0,0,5,0,0,0.0,0,0,5,0,0,0.0,0,8.9,1.4,3.51,Dropout,Male,No,No,Up to Date,No,0.0,0,0.0,0.0,0.0,0,0.83,0.0
EDU-003591,1,1,3,9147,1,1,124.0,1,1,1,5,3,116.7,1,0,0,1,1,0,19,0,0,5,6,0,0.0,0,0,5,6,0,0.0,0,7.6,2.6,0.32,Enrolled,Male,No,No,Up to Date,Yes,0.0,0,0.0,0.0,0.0,0,0.83,0.0
EDU-003592,1,17,3,9500,1,1,132.0,1,3,1,2,7,125.5,1,0,0,1,1,0,18,0,0,8,8,7,13.154285714285717,0,0,8,8,7,13.154285714285717,0,10.8,1.4,1.74,Enrolled,Male,No,No,Up to Date,Yes,0.0,0,0.875,0.875,11.51,0,1.33,0.0
EDU-003593,1,7,1,9670,1,3,110.0,1,27,37,3,3,110.0,1,0,0,1,1,0,27,0,7,12,12,9,12.333333333333334,0,6,11,11,6,13.166666666666666,0,9.4,-0.8,-3.12,Dropout,Male,No,No,Up to Date,Yes,0.83,-3,0.75,0.5455,7.0,0,2.0,0.83
EDU-003594,1,1,3,9773,1,1,127.0,1,19,38,8,3,133.7,1,0,1,1,1,0,18,0,0,6,6,6,13.0,0,0,6,7,5,11.8,0,12.7,3.7,-1.7,Dropout,Male,No,Yes,Up to Date,Yes,-1.2,-1,1.0,0.8333,10.23,0,1.0,1.2
EDU-003595,1,1,1,9130,1,1,130.0,1,2,3,9,1,117.6,0,0,0,1,1,0,19,0,0,5,14,2,11.5,2,0,5,8,5,11.4,3,9.4,-0.8,-3.12,Enrolled,Male,No,No,Up to Date,No,-0.1,3,0.4,1.0,11.44,0,0.83,0.1
EDU-003596,1,44,1,9003,1,39,140.0,1,19,38,9,10,140.0,0,0,0,1,1,0,19,0,0,6,15,3,13.25,0,0,6,9,1,12.0,0,13.9,-0.3,0.79,Dropout,Male,No,No,Up to Date,No,-1.25,-2,0.5,0.1667,2.08,0,1.0,1.25
EDU-003597,1,44,1,9003,1,39,150.0,1,19,1,1,1,150.0,0,0,0,1,1,0,22,0,0,6,12,3,13.333333333333334,0,0,6,12,3,12.75,0,15.5,2.8,-4.06,Enrolled,Male,No,No,Up to Date,No,-0.58,0,0.5,0.5,6.49,0,1.0,0.58
EDU-003598,1,16,2,9238,1,1,133.0,1,19,38,4,5,133.7,1,0,0,1,0,0,18,0,0,6,6,6,13.5,0,0,6,6,6,12.166666666666666,0,10.8,1.4,1.74,Graduate,Female,No,No,Up to Date,Yes,-1.33,0,1.0,1.0,12.7,0,1.0,1.33
EDU-003599,1,16,4,9773,1,1,109.0,1,37,37,9,3,137.0,1,0,0,1,0,1,18,0,0,6,7,6,12.666666666666666,0,0,6,8,5,12.8,0,10.8,1.4,1.74,Graduate,Female,Yes,No,Up to Date,Yes,0.13,-1,1.0,0.8333,10.62,0,1.0,0.13
EDU-003600,1,43,1,9147,1,1,133.1,1,4,19,2,1,128.2,0,0,0,1,0,0,23,0,7,11,18,11,15.090909090909092,1,2,6,7,6,14.5,0,9.4,-0.8,-3.12,Dropout,Female,No,No,Up to Date,No,-0.59,-5,1.0,1.0,14.74,0,1.83,0.59
EDU-003601,1,18,4,171,1,1,133.0,1,1,4,9,5,129.2,1,0,1,0,1,0,20,0,0,0,0,0,0.0,0,0,0,0,0,0.0,0,9.4,-0.8,-3.12,Dropout,Male,No,Yes,In Arrears,Yes,0.0,0,0.0,0.0,0.0,1,0.0,0.0
EDU-003602,1,17,3,9773,1,1,134.0,1,2,1,3,3,129.5,1,0,0,1,1,0,18,0,0,6,7,6,13.166666666666666,0,0,6,7,6,12.666666666666666,0,16.2,0.3,-0.92,Graduate,Male,No,No,Up to Date,Yes,-0.5,0,1.0,1.0,12.87,0,1.0,0.5
EDU-003603,1,1,4,9773,1,1,125.0,1,19,19,9,7,129.6,1,0,0,1,1,0,18,0,0,6,6,6,12.833333333333334,0,0,6,8,6,12.833333333333334,0,12.4,0.5,1.79,Graduate,Male,No,No,Up to Date,Yes,0.0,0,1.0,1.0,12.83,0,1.0,0.0
EDU-003604,1,17,3,9119,1,1,135.0,1,1,19,141,193,121.7,1,0,0,1,1,0,18,0,0,5,7,5,11.8,0,0,5,9,3,12.0,0,8.9,1.4,3.51,Enrolled,Male,No,No,Up to Date,Yes,0.2,-2,1.0,0.6,7.15,0,0.83,0.2
EDU-003605,1,17,2,9773,1,1,132.0,1,19,1,9,9,141.8,1,0,0,1,1,0,20,0,0,6,6,6,11.833333333333334,0,0,6,6,6,12.166666666666666,0,12.7,3.7,-1.7,Graduate,Male,No,No,Up to Date,Yes,0.33,0,1.0,1.0,12.03,0,1.0,0.33
EDU-003606,1,1,3,9773,1,1,135.0,1,3,1,2,4,129.8,1,0,0,1,1,0,20,0,0,6,6,5,12.8,0,0,6,11,3,12.75,0,15.5,2.8,-4.06,Graduate,Male,No,No,Up to Date,Yes,-0.05,-2,0.8333,0.5,6.38,0,1.0,0.05
EDU-003607,1,44,1,9070,1,39,100.0,1,1,1,4,4,106.0,0,0,0,1,1,0,21,0,2,7,7,5,11.8,0,5,9,9,5,11.0,0,12.4,0.5,1.79,Dropout,Male,No,No,Up to Date,No,-0.8,0,0.7143,0.5556,6.29,0,1.17,0.8
EDU-003608,1,43,1,171,1,1,144.0,1,19,19,9,4,121.6,0,0,0,1,1,0,22,0,0,0,0,0,0.0,0,0,0,0,0,0.0,0,13.9,-0.3,0.79,Enrolled,Male,No,No,Up to Date,No,0.0,0,0.0,0.0,0.0,0,0.0,0.0
EDU-003609,1,17,1,9119,1,1,125.0,1,19,1,5,4,121.5,1,0,0,1,1,0,20,0,0,5,7,5,15.8,0,0,5,7,5,14.571428571428571,0,11.1,0.6,2.02,Dropout,Male,No,No,Up to Date,Yes,-1.23,0,1.0,1.0,15.06,0,0.83,1.23
EDU-003610,1,1,1,171,1,1,133.1,1,1,37,9,9,117.0,0,0,1,1,1,0,19,0,0,0,0,0,0.0,0,0,0,0,0,0.0,0,15.5,2.8,-4.06,Enrolled,Male,No,Yes,Up to Date,No,0.0,0,0.0,0.0,0.0,0,0.0,0.0
EDU-003611,1,44,1,9119,1,39,130.0,1,38,19,9,5,130.0,1,0,0,1,1,0,19,0,0,5,9,2,12.5,0,0,5,10,3,11.6,0,12.4,0.5,1.79,Enrolled,Male,No,No,Up to Date,Yes,-0.9,1,0.4,0.6,7.18,0,0.83,0.9
EDU-003612,1,17,1,9670,1,1,117.0,1,1,1,4,4,117.7,1,0,0,1,1,0,20,0,0,6,9,6,14.666666666666666,0,0,6,7,6,13.857142857142858,0,8.9,1.4,3.51,Graduate,Male,No,No,Up to Date,Yes,-0.81,0,1.0,1.0,14.18,0,1.0,0.81
EDU-003613,1,44,1,9085,1,39,140.0,1,19,37,5,7,140.0,1,0,0,1,1,0,19,0,2,6,10,4,12.5,0,1,6,16,2,12.0,0,12.4,0.5,1.79,Dropout,Male,No,No,Up to Date,Yes,-0.5,-2,0.6667,0.3333,4.07,0,1.0,0.5
EDU-003614,1,1,1,9119,1,1,132.0,1,1,12,3,3,133.1,1,0,0,1,1,0,19,0,0,5,7,3,12.0,0,0,6,10,2,10.5,0,11.1,0.6,2.02,Dropout,Male,No,No,Up to Date,Yes,-1.5,-1,0.6,0.3333,3.7,0,0.83,1.5
EDU-003615,1,15,1,9119,1,1,133.1,41,2,2,2,2,100.0,0,0,1,1,1,0,24,1,2,8,8,7,13.142857142857142,0,1,6,8,6,11.833333333333334,0,8.9,1.4,3.51,Enrolled,Male,No,Yes,Up to Date,No,-1.31,-1,0.875,1.0,12.36,0,1.33,1.31
EDU-003616,1,17,1,9670,1,1,132.0,1,19,1,5,4,119.1,0,0,1,1,1,0,18,0,0,6,6,3,12.666666666666666,0,0,6,11,4,11.142857142857142,0,10.8,1.4,1.74,Dropout,Male,No,Yes,Up to Date,No,-1.52,1,0.5,0.6667,7.84,0,1.0,1.52
EDU-003617,1,1,1,9119,1,1,148.0,1,19,19,9,8,129.8,0,0,0,0,1,1,18,0,0,5,6,5,15.0,0,0,5,6,5,14.2,0,8.9,1.4,3.51,Enrolled,Male,Yes,No,In Arrears,No,-0.8,0,1.0,1.0,14.52,0,0.83,0.8
EDU-003618,1,1,1,9238,1,1,133.0,1,19,38,9,7,131.3,1,0,1,1,0,0,18,0,0,6,7,5,13.6,0,0,6,7,5,11.8,0,8.9,1.4,3.51,Dropout,Female,No,Yes,Up to Date,Yes,-1.8,0,0.8333,0.8333,10.43,0,1.0,1.8
EDU-003619,1,17,5,9773,1,1,143.0,1,1,1,7,7,136.7,1,0,0,1,0,0,18,0,0,6,6,6,12.5,0,0,6,6,6,13.833333333333334,0,8.9,1.4,3.51,Graduate,Female,No,No,Up to Date,Yes,1.33,0,1.0,1.0,13.3,0,1.0,1.33
EDU-003620,1,17,1,9238,1,1,143.0,1,19,37,9,9,126.2,1,0,0,1,0,1,21,0,0,6,7,6,13.333333333333334,0,0,6,7,6,13.5,0,12.4,0.5,1.79,Graduate,Female,Yes,No,Up to Date,Yes,0.17,0,1.0,1.0,13.43,0,1.0,0.17
EDU-003621,1,15,1,9085,1,1,133.1,41,37,37,9,9,109.6,0,0,0,1,0,0,18,1,0,6,13,4,12.25,0,0,6,15,5,11.0,0,11.1,0.6,2.02,Dropout,Female,No,No,Up to Date,No,-1.25,1,0.6667,0.8333,9.58,0,1.0,1.25
EDU-003622,1,1,1,9500,1,1,141.0,1,1,19,3,3,131.9,1,0,0,1,0,1,18,0,0,7,7,7,15.101428571428572,0,0,8,8,8,16.09375,0,11.1,0.6,2.02,Graduate,Female,Yes,No,Up to Date,Yes,0.99,1,1.0,1.0,15.7,0,1.17,0.99
EDU-003623,1,1,2,9238,1,1,140.0,1,19,37,9,9,140.7,1,0,0,1,0,1,18,0,0,6,6,6,13.166666666666666,0,0,6,6,6,16.0,0,10.8,1.4,1.74,Graduate,Female,Yes,No,Up to Date,Yes,2.83,0,1.0,1.0,14.87,0,1.0,2.83
EDU-003624,1,18,6,8014,0,1,134.0,1,3,19,2,4,120.7,1,0,0,1,0,0,23,0,0,6,8,4,11.0,0,0,6,6,0,0.0,0,13.9,-0.3,0.79,Dropout,Female,No,No,Up to Date,Yes,-11.0,-4,0.6667,0.0,0.0,0,1.0,11.0
EDU-003625,1,1,2,9147,1,1,118.0,1,3,19,2,4,113.8,1,0,0,1,0,0,21,0,0,5,9,3,11.666666666666666,0,0,5,9,4,11.75,0,8.9,1.4,3.51,Graduate,Female,No,No,Up to Date,Yes,0.08,1,0.6,0.8,9.37,0,0.83,0.08
EDU-003626,1,1,1,9238,1,1,135.0,1,19,38,7,5,121.0,0,0,0,1,0,0,20,0,0,6,13,1,10.0,0,0,6,13,1,13.0,0,9.4,-0.8,-3.12,Enrolled,Female,No,No,Up to Date,No,3.0,0,0.1667,0.1667,1.97,0,1.0,3.0
EDU-003627,1,17,1,8014,0,1,119.0,1,34,34,0,0,112.4,1,0,0,1,0,0,26,0,4,7,15,7,11.571428571428571,0,2,6,14,2,11.0,0,7.6,2.6,0.32,Dropout,Female,No,No,Up to Date,Yes,-0.57,-5,1.0,0.3333,3.74,0,1.17,0.57
EDU-003628,1,1,6,9773,1,1,145.0,1,1,19,4,4,131.0,1,0,0,1,0,1,18,0,0,6,6,6,12.166666666666666,0,0,6,10,5,11.2,0,7.6,2.6,0.32,Enrolled,Female,Yes,No,Up to Date,Yes,-0.97,-1,1.0,0.8333,9.66,0,1.0,0.97
EDU-003629,1,1,1,171,1,1,143.0,1,3,37,9,9,142.7,1,0,0,1,0,0,18,0,0,0,0,0,0.0,0,0,0,0,0,0.0,0,16.2,0.3,-0.92,Dropout,Female,No,No,Up to Date,Yes,0.0,0,0.0,0.0,0.0,0,0.0,0.0
EDU-003630,1,1,1,9670,1,1,123.0,1,19,19,9,8,125.5,0,0,0,0,0,1,19,0,0,6,6,6,13.833333333333334,0,0,6,7,6,14.285714285714286,0,8.9,1.4,3.51,Graduate,Female,Yes,No,In Arrears,No,0.45,0,1.0,1.0,14.1,0,1.0,0.45
EDU-003631,1,1,3,9500,1,1,108.0,1,19,1,9,3,107.8,1,0,0,1,0,1,20,0,0,7,10,6,12.357142857142858,0,0,8,9,7,13.0,0,13.9,-0.3,0.79,Graduate,Female,Yes,No,Up to Date,Yes,0.64,1,0.8571,0.875,11.15,0,1.17,0.64
EDU-003632,1,1,3,9773,1,1,117.0,1,38,19,7,7,110.4,1,0,1,0,0,0,19,0,0,6,7,6,12.166666666666666,0,0,6,10,2,10.333333333333334,0,16.2,0.3,-0.92,Dropout,Female,No,Yes,In Arrears,Yes,-1.83,-4,1.0,0.3333,3.69,1,1.0,1.83
EDU-003633,1,44,1,9238,1,39,140.0,1,37,19,191,102,136.1,1,0,1,1,0,0,21,0,3,6,8,3,12.0,0,2,6,6,2,12.5,0,12.4,0.5,1.79,Enrolled,Female,No,Yes,Up to Date,Yes,0.5,-1,0.5,0.3333,4.1,0,1.0,0.5
EDU-003634,1,39,1,9254,1,1,170.0,1,37,37,4,6,138.3,0,0,0,1,0,0,33,0,5,10,14,9,12.416666666666666,0,5,9,14,7,13.0,0,10.8,1.4,1.74,Graduate,Female,No,No,Up to Date,No,0.58,-2,0.9,0.7778,9.93,0,1.67,0.58
EDU-003635,1,1,2,9085,1,1,157.0,1,3,38,4,6,142.3,0,0,0,1,0,0,18,0,0,5,7,4,12.75,0,0,5,6,4,12.75,0,7.6,2.6,0.32,Graduate,Female,No,No,Up to Date,No,0.0,0,0.8,0.8,10.2,0,0.83,0.0
EDU-003636,1,42,1,9500,1,6,141.0,1,37,1,9,4,145.0,0,0,0,1,0,0,21,0,12,21,33,18,14.933333333333334,12,12,21,33,18,14.933333333333334,12,7.6,2.6,0.32,Graduate,Female,No,No,Up to Date,No,0.0,0,0.8571,0.8571,12.8,0,3.5,0.0
EDU-003637,1,1,1,9773,1,1,125.0,1,3,19,2,3,125.7,1,0,0,1,0,0,19,0,0,6,6,6,13.0,0,0,6,7,6,11.666666666666666,0,8.9,1.4,3.51,Graduate,Female,No,No,Up to Date,Yes,-1.33,0,1.0,1.0,12.2,0,1.0,1.33
EDU-003638,4,39,1,9853,1,19,133.1,1,38,19,9,9,108.0,0,0,1,0,0,0,33,0,0,7,7,7,12.857142857142858,0,0,7,8,6,12.666666666666666,0,8.9,1.4,3.51,Enrolled,Female,No,Yes,In Arrears,No,-0.19,-1,1.0,0.8571,10.92,1,1.17,0.19
EDU-003639,2,1,4,9500,1,1,143.0,1,38,38,5,5,128.7,1,0,0,1,0,0,18,0,0,7,10,7,14.455000000000002,0,0,8,8,8,13.91,0,15.5,2.8,-4.06,Graduate,Female,No,No,Up to Date,Yes,-0.55,1,1.0,1.0,14.13,0,1.17,0.55
EDU-003640,1,1,1,9670,1,1,142.0,1,1,19,4,4,128.0,0,0,0,1,0,1,18,0,0,6,8,6,14.0,0,0,6,7,6,13.285714285714286,0,11.1,0.6,2.02,Graduate,Female,Yes,No,Up to Date,No,-0.71,0,1.0,1.0,13.57,0,1.0,0.71
EDU-003641,1,1,3,9773,1,1,150.0,1,19,38,4,4,146.5,1,0,0,1,0,1,20,0,0,6,6,6,13.5,0,0,6,7,6,12.666666666666666,0,11.1,0.6,2.02,Graduate,Female,Yes,No,Up to Date,Yes,-0.83,0,1.0,1.0,13.0,0,1.0,0.83
EDU-003642,1,1,2,9254,1,1,112.0,1,37,37,6,6,106.1,1,0,0,0,0,0,20,0,0,6,0,0,0.0,0,0,6,0,0,0.0,0,11.1,0.6,2.02,Dropout,Female,No,No,In Arrears,Yes,0.0,0,0.0,0.0,0.0,0,1.0,0.0
EDU-003643,1,17,2,8014,0,1,133.1,1,19,1,1,1,118.0,0,0,0,1,0,1,20,0,0,6,6,6,11.666666666666666,0,0,6,12,5,14.0,0,10.8,1.4,1.74,Graduate,Female,Yes,No,Up to Date,No,2.33,-1,1.0,0.8333,10.89,0,1.0,2.33
EDU-003644,1,17,1,9085,1,1,125.0,1,1,37,4,9,117.0,1,0,0,1,0,1,19,0,0,5,6,4,12.0,0,0,5,8,5,13.333333333333334,1,10.8,1.4,1.74,Graduate,Female,Yes,No,Up to Date,Yes,1.33,1,0.8,1.0,12.8,0,0.83,1.33
EDU-003645,1,1,3,9238,1,1,121.0,1,38,37,8,8,115.4,1,0,0,1,0,1,19,0,0,6,7,6,11.714285714285714,0,0,6,6,6,11.833333333333334,0,13.9,-0.3,0.79,Graduate,Female,Yes,No,Up to Date,Yes,0.12,0,1.0,1.0,11.79,0,1.0,0.12
EDU-003646,1,17,3,9238,1,1,133.1,1,41,1,2,3,117.0,1,0,0,1,0,0,21,0,0,6,8,6,12.666666666666666,0,0,6,7,6,12.428571428571429,0,11.1,0.6,2.02,Graduate,Female,No,No,Up to Date,Yes,-0.24,0,1.0,1.0,12.52,0,1.0,0.24
EDU-003647,1,39,1,9085,1,1,133.1,1,3,3,4,2,144.9,1,0,0,1,0,0,26,0,0,6,11,3,11.75,0,0,6,19,4,12.8,0,12.4,0.5,1.79,Enrolled,Female,No,No,Up to Date,Yes,1.05,1,0.5,0.6667,8.25,0,1.0,1.05
EDU-003648,1,17,1,9238,1,1,135.0,1,37,37,8,6,127.0,0,0,0,1,0,0,21,0,0,6,0,0,0.0,0,0,6,0,0,0.0,0,16.2,0.3,-0.92,Dropout,Female,No,No,Up to Date,No,0.0,0,0.0,0.0,0.0,0,1.0,0.0
EDU-003649,1,1,4,9500,1,1,132.0,1,19,38,5,5,118.0,1,0,0,1,0,0,18,0,0,8,8,7,12.328571428571427,0,0,8,8,7,12.328571428571427,0,12.7,3.7,-1.7,Graduate,Female,No,No,Up to Date,Yes,0.0,0,0.875,0.875,10.79,0,1.33,0.0
EDU-003650,5,39,1,9853,1,19,133.1,1,37,37,9,8,118.0,0,0,0,1,0,0,27,0,0,7,14,6,11.666666666666666,0,0,7,10,1,10.0,0,12.4,0.5,1.79,Dropout,Female,No,No,Up to Date,No,-1.67,-5,0.8571,0.1429,1.52,0,1.17,1.67
EDU-003651,1,43,1,9070,1,1,135.0,1,1,38,3,9,126.4,1,0,0,1,0,1,20,0,5,12,12,12,13.25,0,5,12,12,11,12.727272727272728,0,15.5,2.8,-4.06,Graduate,Female,Yes,No,Up to Date,Yes,-0.52,-1,1.0,0.9167,11.86,0,2.0,0.52
EDU-003652,1,43,1,9670,1,39,110.0,1,19,3,7,10,110.0,0,0,0,1,0,0,21,0,0,6,8,5,11.833333333333334,0,0,6,8,4,13.25,2,16.2,0.3,-0.92,Enrolled,Female,No,No,Up to Date,No,1.42,-1,0.8333,0.6667,8.46,0,1.0,1.42
EDU-003653,1,17,1,9556,1,1,133.0,1,38,37,9,9,124.4,1,0,0,1,0,1,18,0,0,7,7,7,13.3,0,0,8,8,8,15.125,0,15.5,2.8,-4.06,Graduate,Female,Yes,No,Up to Date,Yes,1.82,1,1.0,1.0,14.4,0,1.17,1.82
EDU-003654,1,44,1,9085,1,39,140.0,1,1,19,9,9,140.0,1,0,0,1,0,0,20,0,1,6,13,6,12.555555555555555,0,1,6,11,5,11.8,0,16.2,0.3,-0.92,Enrolled,Female,No,No,Up to Date,Yes,-0.76,-1,1.0,0.8333,10.08,0,1.0,0.76
EDU-003655,1,1,1,9773,1,1,135.0,1,1,19,4,10,129.4,1,0,0,1,0,0,18,0,0,6,6,6,12.833333333333334,0,0,6,7,6,12.166666666666666,0,11.1,0.6,2.02,Graduate,Female,No,No,Up to Date,Yes,-0.67,0,1.0,1.0,12.43,0,1.0,0.67
EDU-003656,1,44,1,9238,1,39,140.0,1,1,1,3,5,141.7,0,0,0,1,0,1,20,0,3,6,6,6,12.833333333333334,0,2,6,6,6,12.833333333333334,0,13.9,-0.3,0.79,Graduate,Female,Yes,No,Up to Date,No,0.0,0,1.0,1.0,12.83,0,1.0,0.0
EDU-003657,1,1,2,9085,1,1,144.0,1,1,19,4,10,132.1,1,0,0,1,0,1,19,0,0,5,10,3,12.666666666666666,1,0,5,7,3,13.0,0,12.7,3.7,-1.7,Graduate,Female,Yes,No,Up to Date,Yes,0.33,0,0.6,0.6,7.72,0,0.83,0.33
EDU-003658,1,1,5,9500,1,1,122.0,1,37,3,9,2,116.8,1,0,0,1,0,0,20,0,0,7,8,6,13.271428571428572,0,0,8,8,7,14.471428571428572,0,13.9,-0.3,0.79,Graduate,Female,No,No,Up to Date,Yes,1.2,1,0.8571,0.875,12.24,0,1.17,1.2
EDU-003659,1,1,1,9991,0,1,143.0,1,19,37,5,8,135.0,0,0,0,1,0,1,20,0,0,5,5,5,12.4,0,0,5,6,5,12.833333333333334,0,10.8,1.4,1.74,Graduate,Female,Yes,No,Up to Date,No,0.43,0,1.0,1.0,12.66,0,0.83,0.43
EDU-003660,1,44,1,9085,1,39,150.0,1,38,1,5,5,150.0,0,0,0,1,0,0,20,0,0,5,10,2,14.5,1,0,5,7,4,11.25,0,12.7,3.7,-1.7,Enrolled,Female,No,No,Up to Date,No,-3.25,2,0.4,0.8,10.04,0,0.83,3.25
EDU-003661,1,1,3,9238,1,1,124.0,1,19,1,7,10,116.0,1,0,1,1,0,0,19,0,0,6,7,0,0.0,0,0,5,5,0,0.0,0,13.9,-0.3,0.79,Dropout,Female,No,Yes,Up to Date,Yes,0.0,0,0.0,0.0,0.0,0,1.0,0.0
EDU-003662,1,1,1,9773,1,1,156.0,1,3,3,123,122,155.0,0,0,0,1,0,0,18,0,0,6,7,6,14.285714285714286,0,0,6,8,6,13.25,0,8.9,1.4,3.51,Graduate,Female,No,No,Up to Date,No,-1.04,0,1.0,1.0,13.66,0,1.0,1.04
EDU-003663,1,1,1,9085,1,1,142.0,1,38,38,9,10,127.0,1,0,0,1,0,0,18,0,0,5,7,3,12.333333333333334,0,0,5,9,5,12.6,0,10.8,1.4,1.74,Graduate,Female,No,No,Up to Date,Yes,0.27,2,0.6,1.0,12.49,0,0.83,0.27
EDU-003664,1,17,1,9500,1,1,142.0,1,38,37,9,8,130.8,1,0,0,1,0,1,19,0,0,7,10,6,12.583333333333334,0,0,8,8,7,12.671428571428573,0,13.9,-0.3,0.79,Graduate,Female,Yes,No,Up to Date,Yes,0.09,1,0.8571,0.875,11.06,0,1.17,0.09
EDU-003665,1,1,6,9500,1,1,126.0,1,12,37,5,9,121.8,1,0,0,1,0,0,19,0,0,7,8,6,13.731666666666667,0,0,8,10,7,13.771428571428572,0,12.4,0.5,1.79,Dropout,Female,No,No,Up to Date,Yes,0.04,1,0.8571,0.875,12.04,0,1.17,0.04
EDU-003666,1,39,1,9003,1,19,133.1,1,37,37,9,4,140.0,0,0,0,1,1,0,43,0,0,6,8,6,12.875,0,0,6,14,5,12.142857142857142,0,16.2,0.3,-0.92,Enrolled,Male,No,No,Up to Date,No,-0.73,-1,1.0,0.8333,10.36,0,1.0,0.73
EDU-003667,2,42,1,9070,1,1,170.0,1,37,25,0,4,148.5,0,0,0,1,1,0,47,0,8,10,14,8,14.625,0,5,7,7,5,13.4,0,9.4,-0.8,-3.12,Dropout,Male,No,No,Up to Date,No,-1.22,-3,0.8,0.7143,9.92,0,1.67,1.22
EDU-003668,1,42,1,9147,1,1,130.0,1,34,34,99,99,109.8,1,0,0,0,1,0,23,0,0,3,3,0,0.0,0,0,2,2,0,0.0,0,7.6,2.6,0.32,Dropout,Male,No,No,In Arrears,Yes,0.0,0,0.0,0.0,0.0,0,0.5,0.0
EDU-003669,1,1,1,9238,1,1,133.0,41,19,19,9,9,119.7,1,0,1,1,0,1,19,1,0,6,8,6,12.666666666666666,0,0,6,7,6,12.666666666666666,0,8.9,1.4,3.51,Graduate,Female,Yes,Yes,Up to Date,Yes,0.0,0,1.0,1.0,12.67,0,1.0,0.0
EDU-003670,1,42,1,9500,1,1,122.0,1,3,3,2,2,122.0,1,0,0,1,0,0,20,0,0,8,11,6,12.491666666666667,0,0,8,11,6,12.491666666666667,0,12.7,3.7,-1.7,Graduate,Female,No,No,Up to Date,Yes,0.0,0,0.75,0.75,9.37,0,1.33,0.0
EDU-003671,1,1,1,171,1,1,138.0,1,1,3,4,4,147.5,1,0,0,1,0,1,19,0,6,12,12,12,13.666666666666666,0,4,11,12,11,14.166666666666666,0,8.9,1.4,3.51,Graduate,Female,Yes,No,Up to Date,Yes,0.5,-1,1.0,1.0,13.97,0,2.0,0.5
EDU-003672,1,17,1,9085,1,1,163.0,14,37,37,9,9,150.8,1,0,0,1,0,0,19,1,0,6,13,6,16.0,0,0,6,8,6,14.5,0,15.5,2.8,-4.06,Graduate,Female,No,No,Up to Date,Yes,-1.5,0,1.0,1.0,15.1,0,1.0,1.5
EDU-003673,1,44,1,9085,1,39,150.0,1,19,37,4,7,150.0,1,0,0,1,0,0,19,0,2,6,8,6,14.142857142857142,0,1,6,7,6,13.0,0,13.9,-0.3,0.79,Graduate,Female,No,No,Up to Date,Yes,-1.14,0,1.0,1.0,13.46,0,1.0,1.14
EDU-003674,1,39,1,8014,0,19,133.1,1,19,19,144,141,131.5,0,0,1,1,0,1,39,0,0,6,9,6,11.833333333333334,0,0,6,9,4,13.75,0,11.1,0.6,2.02,Graduate,Female,Yes,Yes,Up to Date,No,1.92,-2,1.0,0.6667,8.66,0,1.0,1.92
EDU-003675,1,1,1,9070,1,1,144.0,1,1,1,3,5,127.2,1,0,0,1,0,1,20,0,0,6,6,6,12.666666666666666,0,0,6,8,6,13.0,0,10.8,1.4,1.74,Graduate,Female,Yes,No,Up to Date,Yes,0.33,0,1.0,1.0,12.87,0,1.0,0.33
EDU-003676,1,17,1,9070,1,1,118.0,1,38,19,9,3,111.0,1,0,0,1,0,0,21,0,0,6,6,6,12.5,0,0,6,6,6,12.666666666666666,0,7.6,2.6,0.32,Graduate,Female,No,No,Up to Date,Yes,0.17,0,1.0,1.0,12.6,0,1.0,0.17
EDU-003677,1,43,5,9238,1,1,101.0,24,37,19,9,7,119.9,1,0,1,0,0,0,22,1,5,11,16,9,10.88888888888889,0,2,10,20,4,11.25,1,9.4,-0.8,-3.12,Graduate,Female,No,Yes,In Arrears,Yes,0.36,-5,0.8182,0.4,4.44,1,1.83,0.36
EDU-003678,1,1,2,9773,1,1,133.0,1,19,38,5,0,133.7,1,0,0,1,0,0,19,0,0,6,11,1,13.0,0,0,5,10,0,0.0,0,7.6,2.6,0.32,Dropout,Female,No,No,Up to Date,Yes,-13.0,-1,0.1667,0.0,0.0,0,1.0,13.0
EDU-003679,1,17,1,9670,1,1,133.1,1,1,19,141,114,140.0,1,0,0,1,0,0,22,0,0,6,6,6,15.166666666666666,0,0,6,6,6,16.0,0,13.9,-0.3,0.79,Graduate,Female,No,No,Up to Date,Yes,0.83,0,1.0,1.0,15.67,0,1.0,0.83
EDU-003680,1,5,2,9853,1,1,124.0,1,19,19,3,3,113.9,1,0,0,1,0,1,19,0,0,6,8,6,12.666666666666666,0,0,6,7,6,12.0,0,12.7,3.7,-1.7,Graduate,Female,Yes,No,Up to Date,Yes,-0.67,0,1.0,1.0,12.27,0,1.0,0.67
EDU-003681,1,1,1,171,1,1,127.0,1,37,38,9,9,120.7,1,0,1,1,1,0,18,0,0,0,0,0,0.0,0,0,0,0,0,0.0,0,7.6,2.6,0.32,Dropout,Male,No,Yes,Up to Date,Yes,0.0,0,0.0,0.0,0.0,0,0.0,0.0
EDU-003682,5,39,1,9147,1,1,133.1,1,19,19,9,9,119.8,0,0,0,1,1,0,26,0,0,5,9,5,12.0,0,0,5,5,5,10.2,0,11.1,0.6,2.02,Enrolled,Male,No,No,Up to Date,No,-1.8,0,1.0,1.0,10.92,0,0.83,1.8
EDU-003683,1,39,1,9991,0,1,110.0,1,37,37,9,9,121.8,0,0,0,0,1,0,36,0,0,5,5,0,0.0,0,0,5,5,0,0.0,0,12.7,3.7,-1.7,Dropout,Male,No,No,In Arrears,No,0.0,0,0.0,0.0,0.0,0,0.83,0.0
EDU-003684,1,18,1,171,1,1,110.0,1,19,2,5,5,117.7,1,0,1,1,1,1,20,0,0,0,0,0,0.0,0,0,0,0,0,0.0,0,12.4,0.5,1.79,Graduate,Male,Yes,Yes,Up to Date,Yes,0.0,0,0.0,0.0,0.0,0,0.0,0.0
EDU-003685,2,39,1,9147,1,1,160.0,1,37,37,9,7,110.0,0,0,0,1,1,0,30,0,0,5,8,2,11.0,0,0,5,6,4,11.5,0,15.5,2.8,-4.06,Dropout,Male,No,No,Up to Date,No,0.5,2,0.4,0.8,9.04,0,0.83,0.5
EDU-003686,1,43,1,9003,1,1,120.0,1,1,1,4,10,134.4,0,0,0,1,1,0,24,0,0,6,7,6,15.714285714285714,0,0,6,10,6,15.9,0,15.5,2.8,-4.06,Dropout,Male,No,No,Up to Date,No,0.19,0,1.0,1.0,15.83,0,1.0,0.19
EDU-003687,1,1,1,9147,1,1,133.1,1,34,34,0,0,125.3,0,0,0,1,1,0,26,0,11,15,15,11,10.818181818181818,0,12,14,15,11,11.636363636363637,1,7.6,2.6,0.32,Dropout,Male,No,No,Up to Date,No,0.82,0,0.7333,0.7857,8.89,0,2.5,0.82
EDU-003688,1,1,1,9147,1,1,132.0,1,19,38,9,7,119.1,0,0,0,0,1,0,19,0,0,5,16,1,12.0,0,0,5,6,0,0.0,0,13.9,-0.3,0.79,Dropout,Male,No,No,In Arrears,No,-12.0,-1,0.2,0.0,0.0,0,0.83,12.0
EDU-003689,5,39,1,9238,1,1,130.0,1,19,38,9,10,146.0,0,0,0,1,1,0,34,0,0,6,8,5,12.6,0,0,6,11,4,11.25,0,12.4,0.5,1.79,Graduate,Male,No,No,Up to Date,No,-1.35,-1,0.8333,0.6667,7.86,0,1.0,1.35
EDU-003690,1,43,1,9130,1,1,130.0,1,1,1,1,1,130.0,1,0,0,1,1,0,33,0,0,5,12,1,13.0,2,0,5,7,3,14.0,0,9.4,-0.8,-3.12,Enrolled,Male,No,No,Up to Date,Yes,1.0,2,0.2,0.6,8.16,0,0.83,1.0
EDU-003691,1,17,6,9147,1,1,129.0,1,19,1,9,4,122.0,1,0,0,1,1,0,19,0,0,5,8,5,11.6,1,0,5,10,4,10.75,0,9.4,-0.8,-3.12,Graduate,Male,No,No,Up to Date,Yes,-0.85,-1,1.0,0.8,8.87,0,0.83,0.85
EDU-003692,1,17,5,9119,1,1,130.0,1,19,1,4,5,118.1,1,0,1,0,1,0,26,0,0,5,11,1,10.0,0,0,5,14,1,11.0,0,8.9,1.4,3.51,Dropout,Male,No,Yes,In Arrears,Yes,1.0,0,0.2,0.2,2.12,1,0.83,1.0
EDU-003693,1,39,1,9670,1,1,140.0,1,38,37,7,7,105.2,0,0,0,1,1,0,29,0,0,6,7,1,14.0,0,0,6,6,0,0.0,0,16.2,0.3,-0.92,Dropout,Male,No,No,Up to Date,No,-14.0,-1,0.1667,0.0,0.0,0,1.0,14.0
EDU-003694,1,17,5,9119,1,1,131.0,1,19,37,9,7,123.3,1,0,0,1,1,1,19,0,0,5,9,5,12.6,0,0,5,8,2,12.5,0,8.9,1.4,3.51,Dropout,Male,Yes,No,Up to Date,Yes,-0.1,-3,1.0,0.4,5.02,0,0.83,0.1
EDU-003695,1,17,1,171,1,1,129.0,1,1,1,9,9,124.8,1,0,0,1,1,0,18,0,0,0,0,0,0.0,0,0,0,0,0,0.0,0,12.7,3.7,-1.7,Dropout,Male,No,No,Up to Date,Yes,0.0,0,0.0,0.0,0.0,0,0.0,0.0
EDU-003696,1,39,1,9991,0,19,133.1,1,19,37,9,9,149.4,0,0,0,0,1,0,29,0,0,5,11,2,11.333333333333334,0,0,5,9,1,12.0,0,11.1,0.6,2.02,Dropout,Male,No,No,In Arrears,No,0.67,-1,0.4,0.2,2.35,0,0.83,0.67
EDU-003697,1,43,1,9254,1,1,112.0,1,37,37,9,9,108.5,0,0,0,1,1,0,21,0,0,6,6,6,12.666666666666666,0,0,6,7,5,11.4,0,9.4,-0.8,-3.12,Graduate,Male,No,No,Up to Date,No,-1.27,-1,1.0,0.8333,9.92,0,1.0,1.27
EDU-003698,1,17,1,9254,1,1,119.0,1,1,1,4,10,125.0,0,0,0,1,1,0,19,0,0,6,7,5,10.8,0,0,6,10,2,10.5,0,10.8,1.4,1.74,Enrolled,Male,No,No,Up to Date,No,-0.3,-3,0.8333,0.3333,3.54,0,1.0,0.3
EDU-003699,1,1,1,9500,1,1,133.1,1,38,38,5,10,101.0,0,0,0,1,1,0,20,0,0,7,14,5,12.87857142857143,0,0,8,15,7,11.85625,0,15.5,2.8,-4.06,Graduate,Male,No,No,Up to Date,No,-1.02,2,0.7143,0.875,10.73,0,1.17,1.02
EDU-003700,1,1,1,9085,1,1,123.0,1,3,1,2,5,112.9,0,0,0,1,1,0,18,0,0,5,5,0,0.0,0,0,5,5,0,0.0,0,7.6,2.6,0.32,Dropout,Male,No,No,Up to Date,No,0.0,0,0.0,0.0,0.0,0,0.83,0.0
EDU-003701,1,17,3,9070,1,1,131.0,1,38,37,5,5,120.2,1,0,0,1,1,0,18,0,0,6,6,6,12.833333333333334,0,0,6,8,5,11.4,0,15.5,2.8,-4.06,Enrolled,Male,No,No,Up to Date,Yes,-1.43,-1,1.0,0.8333,9.98,0,1.0,1.43
EDU-003702,1,1,1,9147,1,1,120.0,1,34,34,99,99,111.6,0,0,1,1,1,1,21,0,0,5,5,5,12.6,0,0,5,9,3,12.833333333333334,0,10.8,1.4,1.74,Enrolled,Male,Yes,Yes,Up to Date,No,0.23,-2,1.0,0.6,7.64,0,0.83,0.23
EDU-003703,1,1,1,9147,1,1,125.0,1,1,1,4,2,134.1,1,0,0,1,1,0,20,0,0,5,0,0,0.0,0,0,5,0,0,0.0,0,8.9,1.4,3.51,Dropout,Male,No,No,Up to Date,Yes,0.0,0,0.0,0.0,0.0,0,0.83,0.0
EDU-003704,1,39,1,9119,1,1,133.1,1,37,37,9,9,101.6,0,0,0,1,1,1,30,0,0,5,11,0,0.0,0,0,5,5,0,0.0,0,12.7,3.7,-1.7,Dropout,Male,Yes,No,Up to Date,No,0.0,0,0.0,0.0,0.0,0,0.83,0.0
EDU-003705,1,18,2,9670,1,1,121.0,1,37,38,4,1,111.9,1,0,0,1,1,0,19,0,0,6,6,6,14.166666666666666,0,0,6,6,6,14.0,0,13.9,-0.3,0.79,Graduate,Male,No,No,Up to Date,Yes,-0.17,0,1.0,1.0,14.07,0,1.0,0.17
EDU-003706,1,51,1,9147,1,1,148.0,1,1,19,9,6,118.4,1,0,0,1,1,0,30,0,0,5,7,5,13.4,0,0,5,7,4,13.25,0,8.9,1.4,3.51,Dropout,Male,No,No,Up to Date,Yes,-0.15,-1,1.0,0.8,10.65,0,0.83,0.15
EDU-003707,1,1,1,9147,1,1,139.0,1,38,1,5,5,127.1,1,0,0,1,1,1,22,0,0,5,8,5,11.2,0,0,5,13,4,11.25,0,12.7,3.7,-1.7,Graduate,Male,Yes,No,Up to Date,Yes,0.05,-1,1.0,0.8,8.98,0,0.83,0.05
EDU-003708,1,17,3,171,1,1,125.0,1,37,37,5,10,120.5,1,0,0,1,1,0,22,0,0,0,0,0,0.0,0,0,0,0,0,0.0,0,12.4,0.5,1.79,Graduate,Male,No,No,Up to Date,Yes,0.0,0,0.0,0.0,0.0,0,0.0,0.0
EDU-003709,1,17,4,9070,1,1,128.0,1,1,1,9,10,136.1,1,0,1,0,1,0,19,0,0,6,6,6,12.666666666666666,0,0,6,8,5,11.8,0,11.1,0.6,2.02,Dropout,Male,No,Yes,In Arrears,Yes,-0.87,-1,1.0,0.8333,10.12,1,1.0,0.87
EDU-003710,1,17,2,9670,1,1,132.0,1,1,19,5,3,124.0,1,0,0,1,1,0,21,0,0,5,7,3,12.333333333333334,0,0,5,5,4,11.25,0,7.6,2.6,0.32,Dropout,Male,No,No,Up to Date,Yes,-1.08,1,0.6,0.8,9.35,0,0.83,1.08
EDU-003711,1,17,4,9085,1,1,137.0,1,38,38,151,151,141.6,0,0,0,1,1,0,21,0,0,5,7,4,12.25,0,0,5,7,5,12.0,0,7.6,2.6,0.32,Graduate,Male,No,No,Up to Date,No,-0.25,1,0.8,1.0,12.1,0,0.83,0.25
EDU-003712,1,44,1,171,1,39,160.0,1,19,38,9,9,160.0,1,0,1,1,1,1,21,0,0,0,0,0,0.0,0,0,0,0,0,0.0,0,15.5,2.8,-4.06,Dropout,Male,Yes,Yes,Up to Date,Yes,0.0,0,0.0,0.0,0.0,0,0.0,0.0
EDU-003713,1,39,1,9147,1,1,120.0,1,1,19,4,7,110.0,0,0,0,1,1,0,27,0,0,5,13,3,10.75,0,0,5,9,3,10.333333333333334,0,15.5,2.8,-4.06,Dropout,Male,No,No,Up to Date,No,-0.42,0,0.6,0.6,6.3,0,0.83,0.42
EDU-003714,1,43,1,33,1,1,134.0,1,37,37,1,1,100.0,1,0,0,1,1,0,32,0,0,7,7,0,0.0,0,0,7,8,0,0.0,0,13.9,-0.3,0.79,Dropout,Male,No,No,Up to Date,Yes,0.0,0,0.0,0.0,0.0,0,1.17,0.0
EDU-003715,1,39,1,9670,1,12,133.1,1,37,1,9,3,120.0,0,0,1,0,1,0,40,0,0,6,13,0,0.0,0,0,6,6,0,0.0,0,15.5,2.8,-4.06,Dropout,Male,No,Yes,In Arrears,No,0.0,0,0.0,0.0,0.0,1,1.0,0.0
EDU-003716,1,1,2,9147,1,1,116.0,1,37,1,5,3,124.8,1,0,0,1,1,0,20,0,0,5,9,2,14.333333333333334,0,0,5,10,2,12.5,0,7.6,2.6,0.32,Enrolled,Male,No,No,Up to Date,Yes,-1.83,0,0.4,0.4,5.29,0,0.83,1.83
EDU-003717,1,44,1,9130,1,39,140.0,1,4,4,2,10,140.0,1,0,0,1,1,0,20,0,1,5,8,2,11.5,0,1,5,13,2,11.5,0,12.7,3.7,-1.7,Dropout,Male,No,No,Up to Date,Yes,0.0,0,0.4,0.4,4.6,0,0.83,0.0
EDU-003718,1,1,3,171,1,1,140.0,1,37,37,9,9,124.3,1,0,0,1,1,0,18,0,0,0,0,0,0.0,0,0,0,0,0,0.0,0,7.6,2.6,0.32,Graduate,Male,No,No,Up to Date,Yes,0.0,0,0.0,0.0,0.0,0,0.0,0.0
EDU-003719,1,43,1,9147,1,1,122.0,1,1,38,1,7,118.9,0,0,0,1,1,0,21,0,0,5,11,2,10.5,0,0,5,13,0,0.0,0,12.7,3.7,-1.7,Dropout,Male,No,No,Up to Date,No,-10.5,-2,0.4,0.0,0.0,0,0.83,10.5
EDU-003720,1,17,1,9670,1,1,141.0,1,19,37,5,8,130.2,0,0,0,1,1,0,18,0,0,6,6,6,13.5,0,0,6,0,0,0.0,0,12.7,3.7,-1.7,Dropout,Male,No,No,Up to Date,No,-13.5,-6,1.0,0.0,0.0,0,1.0,13.5
EDU-003721,1,44,1,9003,1,1,120.0,1,1,3,144,123,120.0,0,0,0,1,1,0,19,0,0,6,17,1,11.0,0,0,6,19,0,0.0,0,16.2,0.3,-0.92,Enrolled,Male,No,No,Up to Date,No,-11.0,-1,0.1667,0.0,0.0,0,1.0,11.0
EDU-003722,5,7,1,9070,1,3,140.0,1,37,37,7,7,140.0,0,0,0,0,1,0,30,0,0,6,6,1,10.0,0,0,6,6,0,0.0,0,15.5,2.8,-4.06,Dropout,Male,No,No,In Arrears,No,-10.0,-1,0.1667,0.0,0.0,0,1.0,10.0
EDU-003723,1,39,1,9003,1,12,133.1,1,19,1,9,1,130.0,0,0,0,1,1,0,29,0,0,6,17,0,0.0,2,0,6,8,0,0.0,0,15.5,2.8,-4.06,Dropout,Male,No,No,Up to Date,No,0.0,0,0.0,0.0,0.0,0,1.0,0.0
EDU-003724,1,17,2,9119,1,1,137.0,1,1,1,4,4,130.4,1,0,1,1,1,0,18,0,0,5,10,1,12.0,0,0,5,7,3,10.666666666666666,2,7.6,2.6,0.32,Dropout,Male,No,Yes,Up to Date,Yes,-1.33,2,0.2,0.6,6.72,0,0.83,1.33
EDU-003725,1,1,2,9670,1,1,122.0,1,1,1,9,9,116.1,1,0,0,1,1,1,18,0,0,5,6,4,12.25,0,0,5,5,5,12.2,0,9.4,-0.8,-3.12,Dropout,Male,Yes,No,Up to Date,Yes,-0.05,1,0.8,1.0,12.22,0,0.83,0.05
EDU-003726,1,44,1,9003,1,39,130.0,1,1,1,3,10,130.0,0,0,0,1,1,0,22,0,4,10,21,5,11.4,1,2,7,13,6,11.666666666666666,0,15.5,2.8,-4.06,Dropout,Male,No,No,Up to Date,No,0.27,1,0.5,0.8571,9.91,0,1.67,0.27
EDU-003727,1,43,2,9991,0,1,140.0,1,37,37,5,5,124.3,1,0,0,0,1,0,27,0,0,5,5,0,0.0,0,0,5,5,0,0.0,0,12.7,3.7,-1.7,Dropout,Male,No,No,In Arrears,Yes,0.0,0,0.0,0.0,0.0,0,0.83,0.0
EDU-003728,1,17,6,9670,1,1,125.0,1,38,1,9,7,125.0,1,0,0,1,1,0,20,0,0,6,8,4,14.25,0,0,6,10,5,14.0,0,10.8,1.4,1.74,Graduate,Male,No,No,Up to Date,Yes,-0.25,1,0.6667,0.8333,11.75,0,1.0,0.25
EDU-003729,1,51,1,8014,0,2,110.0,1,19,38,9,10,110.0,0,0,0,1,1,0,42,0,8,12,12,11,14.454545454545457,0,7,11,11,10,14.2,0,11.1,0.6,2.02,Graduate,Male,No,No,Up to Date,No,-0.25,-1,0.9167,0.9091,13.0,0,2.0,0.25
EDU-003730,1,1,1,9003,1,1,133.1,1,38,38,4,8,115.0,0,0,1,1,1,0,21,0,8,12,13,12,14.538461538461538,0,4,12,14,12,14.461538461538462,0,15.5,2.8,-4.06,Graduate,Male,No,Yes,Up to Date,No,-0.08,0,1.0,1.0,14.49,0,2.0,0.08
EDU-003731,1,43,1,9500,1,1,132.0,1,1,38,7,7,129.6,0,1,0,1,1,0,23,0,0,7,10,6,12.733333333333334,0,0,8,10,7,11.95,0,16.2,0.3,-0.92,Graduate,Male,No,No,Up to Date,No,-0.78,1,0.8571,0.875,10.73,0,1.17,0.78
EDU-003732,1,51,1,9070,1,1,122.0,1,38,38,9,9,128.8,1,0,0,1,1,0,21,0,4,12,13,5,13.2,0,4,12,12,4,13.5,0,8.9,1.4,3.51,Dropout,Male,No,No,Up to Date,Yes,0.3,-1,0.4167,0.3333,4.46,0,2.0,0.3
EDU-003733,1,1,3,171,1,1,155.0,1,4,3,1,1,144.2,1,0,0,1,1,0,19,0,0,0,0,0,0.0,0,0,0,0,0,0.0,0,12.7,3.7,-1.7,Graduate,Male,No,No,Up to Date,Yes,0.0,0,0.0,0.0,0.0,0,0.0,0.0
EDU-003734,2,39,1,9238,1,1,120.0,1,37,37,7,7,134.0,0,0,0,1,1,1,40,0,0,6,7,6,12.333333333333334,0,0,6,10,4,12.75,0,8.9,1.4,3.51,Dropout,Male,Yes,No,Up to Date,No,0.42,-2,1.0,0.6667,8.39,0,1.0,0.42
EDU-003735,1,43,1,9147,1,1,129.0,1,19,1,9,5,112.0,0,0,0,1,1,0,22,0,5,9,9,5,11.2,0,5,9,14,7,11.25,2,12.7,3.7,-1.7,Dropout,Male,No,No,Up to Date,No,0.05,2,0.5556,0.7778,8.73,0,1.5,0.05
EDU-003736,1,1,2,9500,1,1,144.0,1,38,37,9,9,128.8,1,0,0,1,1,0,19,0,0,7,7,6,13.2,0,0,7,7,6,13.2,0,7.6,2.6,0.32,Graduate,Male,No,No,Up to Date,Yes,0.0,0,0.8571,0.8571,11.31,0,1.17,0.0
EDU-003737,1,39,1,9119,1,1,130.0,1,19,37,9,9,134.0,0,0,0,1,1,1,24,0,0,5,8,5,11.833333333333334,0,0,5,8,4,14.0,0,12.7,3.7,-1.7,Enrolled,Male,Yes,No,Up to Date,No,2.17,-1,1.0,0.8,10.51,0,0.83,2.17
EDU-003738,1,1,1,9254,1,1,133.1,1,3,1,2,4,125.0,0,0,0,1,1,0,21,0,0,6,10,5,11.333333333333334,0,0,6,14,2,11.5,0,12.7,3.7,-1.7,Enrolled,Male,No,No,Up to Date,No,0.17,-3,0.8333,0.3333,3.81,0,1.0,0.17
EDU-003739,1,17,4,9119,1,1,133.0,1,3,1,9,3,123.2,1,0,0,1,1,0,18,0,0,5,5,5,13.6,0,0,5,6,5,14.6,0,8.9,1.4,3.51,Graduate,Male,No,No,Up to Date,Yes,1.0,0,1.0,1.0,14.2,0,0.83,1.0
EDU-003740,1,17,3,9119,1,1,131.0,1,37,37,9,7,118.4,0,0,0,1,1,0,18,0,0,5,10,0,0.0,0,0,5,10,2,11.5,4,7.6,2.6,0.32,Dropout,Male,No,No,Up to Date,No,11.5,2,0.0,0.4,2.76,0,0.83,11.5
EDU-003741,1,51,1,9670,1,1,133.1,1,3,1,3,10,116.2,0,0,0,1,1,0,24,0,0,6,11,5,12.857142857142858,0,0,6,12,5,13.666666666666666,0,11.1,0.6,2.02,Dropout,Male,No,No,Up to Date,No,0.81,0,0.8333,0.8333,11.12,0,1.0,0.81
EDU-003742,1,39,1,9119,1,1,133.1,1,37,19,9,3,123.0,0,0,0,1,1,1,28,0,0,5,16,3,14.333333333333334,0,0,5,9,5,12.428571428571429,0,9.4,-0.8,-3.12,Enrolled,Male,Yes,No,Up to Date,No,-1.9,2,0.6,1.0,13.19,0,0.83,1.9
EDU-003743,1,17,1,9670,1,1,118.0,1,19,38,7,9,113.5,1,0,0,1,0,1,19,0,0,6,9,5,13.5,0,0,6,6,6,14.0,0,12.4,0.5,1.79,Graduate,Female,Yes,No,Up to Date,Yes,0.5,1,0.8333,1.0,13.8,0,1.0,0.5
EDU-003744,1,51,1,9085,1,40,120.0,1,3,3,4,2,125.0,0,0,0,1,0,0,28,0,0,6,8,6,14.428571428571429,0,0,6,12,4,15.6,0,11.1,0.6,2.02,Enrolled,Female,No,No,Up to Date,No,1.17,-2,1.0,0.6667,10.09,0,1.0,1.17
EDU-003745,1,17,3,9853,1,1,133.1,1,12,1,4,0,134.8,1,0,0,1,0,0,18,0,0,6,12,0,0.0,0,0,6,12,0,0.0,0,7.6,2.6,0.32,Dropout,Female,No,No,Up to Date,Yes,0.0,0,0.0,0.0,0.0,0,1.0,0.0
EDU-003746,1,1,1,171,1,1,145.0,1,3,1,4,3,149.9,1,0,0,0,0,0,19,0,0,0,0,0,0.0,0,0,0,0,0,0.0,0,16.2,0.3,-0.92,Graduate,Female,No,No,In Arrears,Yes,0.0,0,0.0,0.0,0.0,0,0.0,0.0
EDU-003747,1,1,1,9500,1,1,125.0,1,1,1,4,4,119.8,1,0,0,1,0,1,19,0,0,8,8,8,12.82875,0,0,8,8,8,12.82875,0,9.4,-0.8,-3.12,Graduate,Female,Yes,No,Up to Date,Yes,0.0,0,1.0,1.0,12.83,0,1.33,0.0
EDU-003748,1,43,1,9130,1,1,125.0,1,39,3,3,2,125.0,1,0,0,1,0,0,21,0,0,5,6,0,0.0,5,0,5,6,4,13.75,1,10.8,1.4,1.74,Graduate,Female,No,No,Up to Date,Yes,13.75,4,0.0,0.8,6.6,0,0.83,13.75
EDU-003749,1,1,3,9500,1,1,148.0,1,1,19,4,5,135.1,1,0,1,1,0,0,18,0,0,7,0,0,0.0,0,0,8,0,0,0.0,0,13.9,-0.3,0.79,Dropout,Female,No,Yes,Up to Date,Yes,0.0,0,0.0,0.0,0.0,0,1.17,0.0
EDU-003750,1,1,4,9070,1,1,139.0,1,3,19,1,5,138.3,1,0,0,1,0,0,19,0,0,6,6,6,14.666666666666666,0,0,6,6,6,13.166666666666666,0,9.4,-0.8,-3.12,Graduate,Female,No,No,Up to Date,Yes,-1.5,0,1.0,1.0,13.77,0,1.0,1.5
EDU-003751,1,17,2,9500,1,1,130.0,1,38,38,7,7,122.5,1,0,0,1,0,0,19,0,0,8,8,7,13.937142857142858,0,0,8,8,7,13.937142857142858,0,10.8,1.4,1.74,Graduate,Female,No,No,Up to Date,Yes,0.0,0,0.875,0.875,12.2,0,1.33,0.0
EDU-003752,1,1,1,9070,1,1,148.0,1,3,1,2,10,148.0,1,0,0,1,0,0,20,0,7,12,12,10,14.7,0,8,12,12,12,14.583333333333334,0,15.5,2.8,-4.06,Graduate,Female,No,No,Up to Date,Yes,-0.12,2,0.8333,1.0,14.63,0,2.0,0.12
EDU-003753,1,1,2,9773,1,1,130.0,1,1,1,9,4,126.2,1,0,0,1,0,0,18,0,0,6,6,6,11.666666666666666,0,0,6,6,5,12.2,0,12.7,3.7,-1.7,Graduate,Female,No,No,Up to Date,Yes,0.53,-1,1.0,0.8333,9.99,0,1.0,0.53
EDU-003754,1,43,4,9500,1,6,134.0,1,37,37,9,9,129.8,1,0,0,1,0,0,20,0,0,7,7,6,14.85,0,0,7,7,6,14.85,0,7.6,2.6,0.32,Graduate,Female,No,No,Up to Date,Yes,0.0,0,0.8571,0.8571,12.73,0,1.17,0.0
EDU-003755,1,39,1,9085,1,19,133.1,1,19,37,7,90,104.0,0,0,0,1,0,0,26,0,0,5,11,1,12.0,1,0,5,12,0,0.0,4,10.8,1.4,1.74,Dropout,Female,No,No,Up to Date,No,-12.0,-1,0.2,0.0,0.0,0,0.83,12.0
EDU-003756,1,18,4,9500,1,1,137.0,1,3,1,3,4,126.7,1,0,0,1,0,0,18,0,0,7,8,7,13.6875,0,0,8,9,8,15.622222222222222,0,13.9,-0.3,0.79,Dropout,Female,No,No,Up to Date,Yes,1.93,1,1.0,1.0,14.85,0,1.17,1.93
EDU-003757,1,39,1,8014,0,1,130.0,1,37,37,9,9,120.0,0,0,0,1,0,0,58,0,0,6,14,5,12.4,0,0,6,10,5,11.6,0,9.4,-0.8,-3.12,Graduate,Female,No,No,Up to Date,No,-0.8,0,0.8333,0.8333,9.93,0,1.0,0.8
EDU-003758,1,1,2,9500,1,1,137.0,1,1,3,4,3,124.6,0,0,0,1,0,0,18,0,0,7,10,7,13.398,0,0,8,8,8,13.5425,0,15.5,2.8,-4.06,Graduate,Female,No,No,Up to Date,No,0.14,1,1.0,1.0,13.48,0,1.17,0.14
EDU-003759,1,44,1,9085,1,1,130.0,1,1,1,4,3,130.0,1,0,0,1,0,0,20,0,0,6,13,5,11.8,0,0,6,19,4,12.0,0,12.4,0.5,1.79,Enrolled,Female,No,No,Up to Date,Yes,0.2,-1,0.8333,0.6667,7.95,0,1.0,0.2
EDU-003760,1,17,1,9991,0,1,140.0,1,38,37,6,7,127.3,0,0,0,1,0,0,20,0,0,5,0,0,0.0,0,0,5,0,0,0.0,0,11.1,0.6,2.02,Dropout,Female,No,No,Up to Date,No,0.0,0,0.0,0.0,0.0,0,0.83,0.0
EDU-003761,1,2,1,9147,1,1,150.0,1,37,37,9,9,122.0,1,0,0,1,0,0,29,0,13,15,19,13,11.76923076923077,0,12,14,17,14,11.928571428571429,0,9.4,-0.8,-3.12,Graduate,Female,No,No,Up to Date,Yes,0.16,1,0.8667,1.0,11.86,0,2.5,0.16
EDU-003762,1,7,1,9238,1,3,130.0,1,1,1,4,10,125.1,0,0,1,0,0,0,27,0,0,6,8,0,0.0,0,0,5,6,0,0.0,0,16.2,0.3,-0.92,Dropout,Female,No,Yes,In Arrears,No,0.0,0,0.0,0.0,0.0,1,1.0,0.0
EDU-003763,1,1,1,9085,1,1,133.1,1,19,38,5,7,110.0,1,0,0,1,0,1,21,0,0,6,8,6,13.285714285714286,0,0,6,11,6,13.0,0,11.1,0.6,2.02,Graduate,Female,Yes,No,Up to Date,Yes,-0.29,0,1.0,1.0,13.11,0,1.0,0.29
EDU-003764,1,1,1,9238,1,1,134.0,1,1,19,4,9,129.8,0,0,0,1,0,1,20,0,0,6,6,6,11.666666666666666,0,0,6,8,6,11.166666666666666,0,15.5,2.8,-4.06,Graduate,Female,Yes,No,Up to Date,No,-0.5,0,1.0,1.0,11.37,0,1.0,0.5
EDU-003765,1,17,1,9238,1,1,125.0,1,19,38,3,7,114.9,0,0,0,1,0,1,19,0,0,6,13,6,11.5,0,0,6,9,5,12.2,0,11.1,0.6,2.02,Graduate,Female,Yes,No,Up to Date,No,0.7,-1,1.0,0.8333,9.93,0,1.0,0.7
EDU-003766,1,1,1,9500,1,1,141.0,1,37,38,6,6,125.6,1,0,0,1,0,1,22,0,0,7,9,6,13.081666666666669,0,0,8,12,6,13.15,0,11.1,0.6,2.02,Graduate,Female,Yes,No,Up to Date,Yes,0.07,0,0.8571,0.75,9.84,0,1.17,0.07
EDU-003767,1,18,3,9070,1,1,138.0,1,38,37,9,7,125.1,1,0,0,1,0,1,19,0,0,6,6,6,12.666666666666666,0,0,6,6,6,13.0,0,15.5,2.8,-4.06,Graduate,Female,Yes,No,Up to Date,Yes,0.33,0,1.0,1.0,12.87,0,1.0,0.33
EDU-003768,1,17,1,9773,1,1,116.0,1,37,1,9,8,115.7,1,0,1,0,0,0,19,0,0,6,6,3,11.333333333333334,0,0,6,6,0,0.0,0,12.4,0.5,1.79,Dropout,Female,No,Yes,In Arrears,Yes,-11.33,-3,0.5,0.0,0.0,1,1.0,11.33
EDU-003769,1,1,3,9853,1,1,122.0,1,3,3,2,2,112.6,1,0,0,1,0,0,23,0,0,6,8,5,13.6,0,0,6,8,5,11.6,0,7.6,2.6,0.32,Enrolled,Female,No,No,Up to Date,Yes,-2.0,0,0.8333,0.8333,10.33,0,1.0,2.0
EDU-003770,1,1,3,9773,1,1,131.0,1,1,1,4,4,127.2,1,0,0,1,0,1,18,0,0,6,6,6,13.166666666666666,0,0,6,7,5,13.2,0,12.4,0.5,1.79,Dropout,Female,Yes,No,Up to Date,Yes,0.03,-1,1.0,0.8333,10.99,0,1.0,0.03
EDU-003771,1,44,1,9130,1,39,140.0,1,1,19,4,8,140.0,0,0,0,1,0,0,19,0,0,6,0,0,0.0,0,0,6,0,0,0.0,0,12.7,3.7,-1.7,Dropout,Female,No,No,Up to Date,No,0.0,0,0.0,0.0,0.0,0,1.0,0.0
EDU-003772,1,44,1,9003,1,39,140.0,1,1,1,4,3,140.0,1,0,0,1,0,0,20,0,0,6,10,5,11.666666666666666,0,0,6,7,5,12.6,0,12.4,0.5,1.79,Graduate,Female,No,No,Up to Date,Yes,0.93,0,0.8333,0.8333,10.19,0,1.0,0.93
EDU-003773,1,1,4,9238,1,1,127.0,1,1,38,9,7,120.4,1,0,0,1,0,1,19,0,0,6,6,6,13.5,0,0,6,7,6,13.428571428571429,0,11.1,0.6,2.02,Graduate,Female,Yes,No,Up to Date,Yes,-0.07,0,1.0,1.0,13.46,0,1.0,0.07
EDU-003774,1,39,1,9085,1,19,133.1,1,37,37,9,9,100.0,1,0,1,0,0,1,26,0,0,6,7,0,0.0,0,0,6,6,0,0.0,0,13.9,-0.3,0.79,Dropout,Female,Yes,Yes,In Arrears,Yes,0.0,0,0.0,0.0,0.0,1,1.0,0.0
EDU-003775,1,1,1,9238,1,1,117.0,1,1,19,4,7,113.5,1,0,0,1,0,1,18,0,0,6,6,6,13.166666666666666,0,0,6,7,6,14.142857142857142,0,11.1,0.6,2.02,Graduate,Female,Yes,No,Up to Date,Yes,0.98,0,1.0,1.0,13.75,0,1.0,0.98
EDU-003776,1,1,1,9085,1,1,150.0,1,37,37,4,9,132.1,1,0,1,1,0,0,29,0,4,5,11,4,12.5,2,1,5,11,2,12.5,0,12.7,3.7,-1.7,Dropout,Female,No,Yes,Up to Date,Yes,0.0,-2,0.8,0.4,5.0,0,0.83,0.0
EDU-003777,1,44,1,9003,1,39,160.0,1,3,1,2,6,160.0,1,0,0,0,0,0,20,0,0,6,10,6,13.375,0,0,6,10,6,13.0,0,16.2,0.3,-0.92,Graduate,Female,No,No,In Arrears,Yes,-0.38,0,1.0,1.0,13.15,0,1.0,0.38
EDU-003778,1,1,1,9070,1,1,128.0,1,19,2,7,3,126.3,1,0,0,1,0,0,19,0,0,6,6,6,13.166666666666666,0,0,6,6,6,12.666666666666666,0,15.5,2.8,-4.06,Graduate,Female,No,No,Up to Date,Yes,-0.5,0,1.0,1.0,12.87,0,1.0,0.5
EDU-003779,1,44,1,9085,1,39,160.0,1,1,1,4,4,160.0,1,0,0,1,0,0,23,0,1,6,12,4,13.4,0,1,6,17,2,13.5,0,12.4,0.5,1.79,Enrolled,Female,No,No,Up to Date,Yes,0.1,-2,0.6667,0.3333,4.49,0,1.0,0.1
EDU-003780,1,43,1,9556,1,1,126.0,1,2,3,3,2,100.0,0,0,0,1,0,0,25,0,2,7,10,3,13.0,0,1,8,10,3,11.666666666666666,4,10.8,1.4,1.74,Enrolled,Female,No,No,Up to Date,No,-1.33,0,0.4286,0.375,4.57,0,1.17,1.33
EDU-003781,1,18,1,9500,1,1,135.0,1,3,3,1,1,125.8,1,0,0,1,0,0,18,0,0,8,8,7,13.154285714285717,0,0,8,8,7,13.154285714285717,0,10.8,1.4,1.74,Graduate,Female,No,No,Up to Date,Yes,0.0,0,0.875,0.875,11.51,0,1.33,0.0
EDU-003782,1,1,3,9070,1,1,139.0,1,1,38,4,7,142.2,1,0,0,1,0,1,19,0,0,6,6,6,12.833333333333334,0,0,6,6,6,12.833333333333334,0,9.4,-0.8,-3.12,Graduate,Female,Yes,No,Up to Date,Yes,0.0,0,1.0,1.0,12.83,0,1.0,0.0
EDU-003783,1,17,2,9853,1,1,125.0,1,1,19,5,5,119.4,1,0,0,1,0,0,18,0,0,7,10,7,12.142857142857142,0,0,7,7,7,13.142857142857142,0,12.4,0.5,1.79,Graduate,Female,No,No,Up to Date,Yes,1.0,0,1.0,1.0,12.74,0,1.17,1.0
EDU-003784,1,1,2,9500,1,1,106.0,1,1,19,4,4,106.4,1,0,0,1,0,1,19,0,0,7,9,5,13.34,0,0,7,9,6,12.385714285714286,0,12.4,0.5,1.79,Enrolled,Female,Yes,No,Up to Date,Yes,-0.95,1,0.7143,0.8571,10.94,0,1.17,0.95
EDU-003785,1,7,1,8014,0,40,120.0,1,37,19,9,3,120.0,0,0,0,1,0,0,36,0,6,10,15,4,13.0,0,5,9,10,4,13.75,0,8.9,1.4,3.51,Dropout,Female,No,No,Up to Date,No,0.75,0,0.4,0.4444,5.98,0,1.67,0.75
EDU-003786,1,44,1,9003,1,39,150.0,1,1,38,4,9,150.0,0,0,0,1,1,1,20,0,0,6,18,3,12.0,0,0,6,17,3,11.666666666666666,0,15.5,2.8,-4.06,Enrolled,Male,Yes,No,Up to Date,No,-0.33,0,0.5,0.5,5.9,0,1.0,0.33
EDU-003787,1,17,2,171,1,1,130.0,41,1,1,2,3,148.6,1,0,0,1,1,0,20,1,0,0,0,0,0.0,0,0,0,0,0,0.0,0,11.1,0.6,2.02,Dropout,Male,No,No,Up to Date,Yes,0.0,0,0.0,0.0,0.0,0,0.0,0.0
EDU-003788,1,1,1,9238,1,1,116.0,1,38,38,9,8,108.7,1,0,0,1,1,0,18,0,0,6,9,5,11.0,0,0,6,12,0,0.0,0,11.1,0.6,2.02,Dropout,Male,No,No,Up to Date,Yes,-11.0,-5,0.8333,0.0,0.0,0,1.0,11.0
EDU-003789,1,44,1,9003,1,39,130.0,1,3,1,4,6,130.0,0,0,0,1,1,0,19,0,0,6,8,5,11.5,0,0,6,11,6,11.333333333333334,0,12.4,0.5,1.79,Enrolled,Male,No,No,Up to Date,No,-0.17,1,0.8333,1.0,11.4,0,1.0,0.17
EDU-003790,1,17,1,9238,1,1,140.0,1,1,44,4,2,124.6,1,0,1,0,1,0,20,0,3,9,9,3,13.333333333333334,0,2,6,6,2,12.5,0,8.9,1.4,3.51,Dropout,Male,No,Yes,In Arrears,Yes,-0.83,-1,0.3333,0.3333,4.28,1,1.5,0.83
EDU-003791,1,1,2,9500,1,1,134.0,1,19,19,4,7,131.0,1,0,0,1,1,0,18,0,0,7,9,7,14.594444444444443,0,0,8,10,8,13.472,0,15.5,2.8,-4.06,Graduate,Male,No,No,Up to Date,Yes,-1.12,1,1.0,1.0,13.92,0,1.17,1.12
EDU-003792,1,44,1,9130,1,39,130.0,1,3,1,3,6,130.0,1,0,1,1,1,0,20,0,2,6,9,4,11.0,0,1,6,13,3,10.666666666666666,0,12.4,0.5,1.79,Dropout,Male,No,Yes,Up to Date,Yes,-0.33,-1,0.6667,0.5,5.4,0,1.0,0.33
EDU-003793,1,18,1,9119,1,1,122.0,1,19,1,90,3,116.1,1,0,1,0,1,0,24,0,0,5,8,0,0.0,0,0,5,5,0,0.0,0,9.4,-0.8,-3.12,Dropout,Male,No,Yes,In Arrears,Yes,0.0,0,0.0,0.0,0.0,1,0.83,0.0
EDU-003794,1,17,1,9773,1,1,128.0,1,19,38,5,7,125.6,1,0,0,1,1,0,19,0,0,6,6,0,0.0,0,0,6,0,0,0.0,0,8.9,1.4,3.51,Dropout,Male,No,No,Up to Date,Yes,0.0,0,0.0,0.0,0.0,0,1.0,0.0
EDU-003795,1,17,1,9119,1,1,130.0,1,19,19,7,9,121.3,1,0,0,1,1,0,18,0,0,5,9,1,12.0,0,0,5,10,2,12.0,3,7.6,2.6,0.32,Dropout,Male,No,No,Up to Date,Yes,0.0,1,0.2,0.4,4.8,0,0.83,0.0
EDU-003796,1,1,3,9119,1,1,113.0,1,4,38,2,7,107.4,1,0,0,1,1,0,18,0,0,5,8,5,14.0,0,0,5,6,5,13.2,0,8.9,1.4,3.51,Graduate,Male,No,No,Up to Date,Yes,-0.8,0,1.0,1.0,13.52,0,0.83,0.8
EDU-003797,1,1,1,9254,1,1,126.0,1,1,19,4,4,116.9,0,0,0,1,1,0,18,0,0,6,8,6,13.571428571428571,0,0,6,7,5,11.8,0,8.9,1.4,3.51,Graduate,Male,No,No,Up to Date,No,-1.77,-1,1.0,0.8333,10.42,0,1.0,1.77
EDU-003798,1,43,2,9670,1,1,135.0,1,3,19,1,7,123.5,1,0,0,1,1,0,22,0,0,6,12,0,0.0,0,0,6,6,0,0.0,0,16.2,0.3,-0.92,Dropout,Male,No,No,Up to Date,Yes,0.0,0,0.0,0.0,0.0,0,1.0,0.0
EDU-003799,1,1,1,9670,1,1,141.0,1,19,38,9,9,130.5,0,0,0,1,1,0,19,0,0,6,8,6,14.25,0,0,6,7,6,13.857142857142858,0,11.1,0.6,2.02,Graduate,Male,No,No,Up to Date,No,-0.39,0,1.0,1.0,14.01,0,1.0,0.39
EDU-003800,2,39,1,9085,1,12,133.1,1,1,39,5,3,140.0,1,0,1,0,0,0,32,0,0,6,7,0,0.0,0,0,6,6,0,0.0,0,13.9,-0.3,0.79,Dropout,Female,No,Yes,In Arrears,Yes,0.0,0,0.0,0.0,0.0,1,1.0,0.0
EDU-003801,1,17,1,9853,1,1,133.1,1,34,19,0,3,117.1,1,0,0,1,0,1,21,0,0,6,12,0,0.0,0,0,6,12,0,0.0,0,7.6,2.6,0.32,Dropout,Female,Yes,No,Up to Date,Yes,0.0,0,0.0,0.0,0.0,0,1.0,0.0
EDU-003802,1,18,1,9500,1,1,144.0,1,37,37,6,6,127.5,1,0,0,1,0,1,19,0,0,8,8,7,13.542857142857144,0,0,8,8,7,13.542857142857144,0,12.7,3.7,-1.7,Graduate,Female,Yes,No,Up to Date,Yes,0.0,0,0.875,0.875,11.85,0,1.33,0.0
EDU-003803,4,43,1,8014,0,1,140.0,1,38,37,9,9,126.0,0,0,0,1,0,1,39,0,3,9,9,9,13.11111111111111,0,2,7,10,7,11.714285714285714,0,12.7,3.7,-1.7,Graduate,Female,Yes,No,Up to Date,No,-1.4,-2,1.0,1.0,12.27,0,1.5,1.4
EDU-003804,1,43,1,8014,0,10,100.0,1,34,34,0,0,113.0,1,0,0,1,0,0,30,0,3,9,11,9,12.666666666666666,0,2,7,7,7,12.142857142857142,0,7.6,2.6,0.32,Graduate,Female,No,No,Up to Date,Yes,-0.52,-2,1.0,1.0,12.35,0,1.5,0.52
EDU-003805,1,1,1,9147,1,1,135.0,1,1,19,5,5,130.1,1,0,0,1,0,0,18,0,0,5,10,4,10.75,1,0,5,13,2,10.0,0,9.4,-0.8,-3.12,Dropout,Female,No,No,Up to Date,Yes,-0.75,-2,0.8,0.4,4.12,0,0.83,0.75
EDU-003806,2,43,1,9991,0,1,130.0,1,37,37,9,9,110.0,1,0,0,1,0,0,38,0,4,10,14,4,10.75,0,2,10,10,2,10.0,0,7.6,2.6,0.32,Dropout,Female,No,No,Up to Date,Yes,-0.75,-2,0.4,0.2,2.06,0,1.67,0.75
EDU-003807,1,1,3,9070,1,1,147.0,1,34,37,5,7,135.8,1,0,0,1,0,0,20,0,0,6,6,6,13.666666666666666,0,0,6,6,6,13.333333333333334,0,9.4,-0.8,-3.12,Graduate,Female,No,No,Up to Date,Yes,-0.33,0,1.0,1.0,13.47,0,1.0,0.33
EDU-003808,1,39,1,8014,0,19,149.0,1,34,34,0,0,126.3,0,0,0,1,0,0,55,0,0,6,6,6,13.833333333333334,0,1,6,6,6,12.833333333333334,0,7.6,2.6,0.32,Graduate,Female,No,No,Up to Date,No,-1.0,0,1.0,1.0,13.23,0,1.0,1.0
EDU-003809,4,27,1,9070,1,2,130.0,1,34,34,0,0,130.0,0,0,0,1,0,0,53,0,15,18,18,17,13.176470588235292,0,13,18,18,16,13.0,0,7.6,2.6,0.32,Dropout,Female,No,No,Up to Date,No,-0.18,-1,0.9444,0.8889,11.62,0,3.0,0.18
EDU-003810,2,39,1,8014,0,1,120.0,1,34,34,0,0,104.0,0,0,0,1,0,0,54,0,0,6,8,4,12.75,0,0,6,12,5,12.6,0,7.6,2.6,0.32,Dropout,Female,No,No,Up to Date,No,-0.15,1,0.6667,0.8333,10.55,0,1.0,0.15
EDU-003811,1,43,1,9500,1,1,125.0,1,37,37,9,7,123.6,1,0,0,1,0,1,18,0,0,7,8,5,12.86,0,0,7,8,5,12.86,0,7.6,2.6,0.32,Enrolled,Female,Yes,No,Up to Date,Yes,0.0,0,0.7143,0.7143,9.19,0,1.17,0.0
EDU-003812,1,39,1,8014,0,1,133.1,1,37,37,9,8,121.0,0,0,1,0,0,0,44,0,2,8,12,4,12.0,2,2,7,9,4,12.0,2,8.9,1.4,3.51,Dropout,Female,No,Yes,In Arrears,No,0.0,0,0.5,0.5714,6.86,1,1.33,0.0
EDU-003813,1,43,1,9238,1,1,149.0,1,37,37,9,6,130.5,1,0,0,1,0,0,28,0,8,11,11,9,11.666666666666666,0,8,11,13,9,12.555555555555555,0,10.8,1.4,1.74,Graduate,Female,No,No,Up to Date,Yes,0.89,0,0.8182,0.8182,9.98,0,1.83,0.89
EDU-003814,1,7,1,8014,0,43,180.0,1,19,19,9,4,180.0,0,0,0,1,0,0,37,0,12,14,14,14,16.5,0,8,11,11,11,16.90909090909091,0,8.9,1.4,3.51,Graduate,Female,No,No,Up to Date,No,0.41,-3,1.0,1.0,16.75,0,2.33,0.41
EDU-003815,1,43,1,9238,1,1,110.0,1,14,14,90,90,112.5,1,0,0,1,0,0,20,0,8,10,14,9,12.333333333333334,0,3,7,10,7,11.77777777777778,0,7.6,2.6,0.32,Graduate,Female,No,No,Up to Date,Yes,-0.56,-2,0.9,1.0,12.0,0,1.67,0.56
EDU-003816,1,1,3,9500,1,1,131.0,1,19,3,3,2,126.1,1,0,0,1,0,0,18,0,0,7,8,7,12.59125,0,0,8,11,7,12.820000000000002,0,15.5,2.8,-4.06,Enrolled,Female,No,No,Up to Date,Yes,0.23,0,1.0,0.875,11.14,0,1.17,0.23
EDU-003817,1,1,1,9238,1,1,117.0,1,19,19,9,9,111.8,1,0,0,1,1,0,19,0,0,6,9,4,11.5,0,0,6,12,3,11.0,0,8.9,1.4,3.51,Dropout,Male,No,No,Up to Date,Yes,-0.5,-1,0.6667,0.5,5.6,0,1.0,0.5
EDU-003818,1,17,1,9003,1,1,120.0,1,38,37,5,9,131.4,1,0,0,1,1,1,23,0,17,18,19,18,11.894736842105264,0,12,13,13,13,12.923076923076923,0,15.5,2.8,-4.06,Graduate,Male,Yes,No,Up to Date,Yes,1.03,-5,1.0,1.0,12.51,0,3.0,1.03
EDU-003819,1,17,1,9238,1,1,160.0,1,19,37,6,6,144.3,0,0,0,1,1,0,22,0,0,6,0,0,0.0,0,0,6,0,0,0.0,0,13.9,-0.3,0.79,Dropout,Male,No,No,Up to Date,No,0.0,0,0.0,0.0,0.0,0,1.0,0.0
EDU-003820,1,39,1,9254,1,1,100.0,1,3,19,3,5,115.0,0,0,0,0,1,0,24,0,0,6,0,0,0.0,0,0,6,0,0,0.0,0,11.1,0.6,2.02,Dropout,Male,No,No,In Arrears,No,0.0,0,0.0,0.0,0.0,0,1.0,0.0
EDU-003821,1,44,1,9003,1,39,140.0,1,4,4,4,2,120.0,1,0,0,1,1,0,22,0,0,6,13,5,13.0,0,0,6,13,2,11.5,0,12.4,0.5,1.79,Enrolled,Male,No,No,Up to Date,Yes,-1.5,-3,0.8333,0.3333,4.03,0,1.0,1.5
EDU-003822,1,39,1,9003,1,1,160.0,1,1,38,5,6,168.6,0,0,0,1,1,0,26,0,0,6,9,0,0.0,0,0,6,6,0,0.0,0,13.9,-0.3,0.79,Dropout,Male,No,No,Up to Date,No,0.0,0,0.0,0.0,0.0,0,1.0,0.0
EDU-003823,1,17,6,9773,1,1,141.0,1,37,37,5,5,127.7,1,0,0,1,1,0,18,0,0,6,6,6,15.166666666666666,0,0,6,6,6,14.833333333333334,0,9.4,-0.8,-3.12,Graduate,Male,No,No,Up to Date,Yes,-0.33,0,1.0,1.0,14.97,0,1.0,0.33
EDU-003824,1,44,1,9130,1,39,130.0,1,38,19,9,9,150.0,0,0,0,1,1,0,24,0,2,6,8,4,11.75,0,1,6,8,2,13.5,0,11.1,0.6,2.02,Dropout,Male,No,No,Up to Date,No,1.75,-2,0.6667,0.3333,4.27,0,1.0,1.75
EDU-003825,1,1,1,9119,1,1,142.0,1,1,38,4,3,129.8,1,0,0,1,1,0,18,0,0,5,5,0,0.0,0,0,5,6,1,15.0,0,10.8,1.4,1.74,Enrolled,Male,No,No,Up to Date,Yes,15.0,1,0.0,0.2,1.8,0,0.83,15.0
EDU-003826,1,1,1,171,1,1,130.0,1,1,38,7,8,135.6,1,0,0,1,1,0,26,0,0,0,0,0,0.0,0,0,0,0,0,0.0,0,11.1,0.6,2.02,Dropout,Male,No,No,Up to Date,Yes,0.0,0,0.0,0.0,0.0,0,0.0,0.0
EDU-003827,1,39,1,9254,1,19,133.1,1,37,37,9,4,100.0,0,0,0,1,1,0,27,0,0,6,11,3,11.333333333333334,0,0,6,10,3,14.75,0,16.2,0.3,-0.92,Dropout,Male,No,No,Up to Date,No,3.42,0,0.5,0.5,6.69,0,1.0,3.42
EDU-003828,1,44,1,9003,1,39,140.0,1,37,37,9,6,140.0,1,0,0,1,1,1,20,0,0,6,10,5,12.6,0,0,6,6,5,13.2,0,12.4,0.5,1.79,Graduate,Male,Yes,No,Up to Date,Yes,0.6,0,0.8333,0.8333,10.8,0,1.0,0.6
EDU-003829,1,1,1,9119,1,1,129.0,1,12,1,4,10,124.1,1,0,0,1,1,0,19,0,0,5,10,0,0.0,0,0,5,10,1,14.0,3,7.6,2.6,0.32,Dropout,Male,No,No,Up to Date,Yes,14.0,1,0.0,0.2,1.68,0,0.83,14.0
EDU-003830,1,1,1,9085,1,1,148.0,1,38,38,4,9,131.6,0,0,0,1,1,1,18,0,0,6,8,6,15.5,0,0,6,9,4,15.5,0,11.1,0.6,2.02,Dropout,Male,Yes,No,Up to Date,No,0.0,-2,1.0,0.6667,10.33,0,1.0,0.0
EDU-003831,1,1,3,9500,1,1,143.0,1,1,1,4,4,129.0,1,0,0,1,1,0,18,0,0,8,8,7,12.365714285714288,0,0,8,8,7,12.365714285714288,0,10.8,1.4,1.74,Graduate,Male,No,No,Up to Date,Yes,0.0,0,0.875,0.875,10.82,0,1.33,0.0
EDU-003832,1,17,1,9670,1,1,128.0,1,37,37,9,9,135.7,1,0,0,1,1,0,19,0,0,6,7,5,13.2,0,0,6,10,5,13.25,0,10.8,1.4,1.74,Enrolled,Male,No,No,Up to Date,Yes,0.05,0,0.8333,0.8333,11.02,0,1.0,0.05
EDU-003833,1,43,1,9070,1,1,100.0,1,37,37,9,9,108.0,1,0,0,1,1,0,34,0,7,12,12,7,11.428571428571429,0,4,12,12,7,11.857142857142858,0,7.6,2.6,0.32,Enrolled,Male,No,No,Up to Date,Yes,0.43,0,0.5833,0.5833,6.82,0,2.0,0.43
EDU-003834,1,1,1,9238,1,1,116.0,1,38,19,8,10,110.8,1,0,0,1,1,0,19,0,0,6,0,0,0.0,0,0,6,0,0,0.0,0,16.2,0.3,-0.92,Dropout,Male,No,No,Up to Date,Yes,0.0,0,0.0,0.0,0.0,0,1.0,0.0
EDU-003835,1,1,1,9773,1,1,128.0,1,1,19,4,4,124.5,0,0,0,1,1,1,19,0,0,6,10,4,14.0,0,0,6,9,6,12.333333333333334,0,9.4,-0.8,-3.12,Graduate,Male,Yes,No,Up to Date,No,-1.67,2,0.6667,1.0,13.0,0,1.0,1.67
EDU-003836,2,39,1,9003,1,1,120.0,1,2,2,1,4,100.0,0,0,0,1,1,0,30,0,3,12,12,3,12.0,0,5,12,16,5,11.8,0,15.5,2.8,-4.06,Dropout,Male,No,No,Up to Date,No,-0.2,2,0.25,0.4167,4.95,0,2.0,0.2
EDU-003837,1,43,1,9773,1,1,121.0,1,1,3,9,3,123.8,0,0,0,0,1,0,22,0,0,4,4,0,0.0,4,0,5,8,3,12.0,0,10.8,1.4,1.74,Dropout,Male,No,No,In Arrears,No,12.0,3,0.0,0.6,4.32,0,0.67,12.0
EDU-003838,1,17,1,9147,1,1,137.0,1,3,38,1,9,131.4,0,0,0,0,1,0,19,0,0,5,13,4,10.0,0,0,5,7,3,11.333333333333334,0,15.5,2.8,-4.06,Dropout,Male,No,No,In Arrears,No,1.33,-1,0.8,0.6,6.48,0,0.83,1.33
EDU-003839,1,1,1,9147,1,1,115.0,1,38,1,9,8,118.5,0,0,0,1,1,0,21,0,0,5,9,1,10.0,0,0,5,10,1,10.0,0,7.6,2.6,0.32,Dropout,Male,No,No,Up to Date,No,0.0,0,0.2,0.2,2.0,0,0.83,0.0
EDU-003840,1,1,2,171,1,1,129.0,1,37,37,9,9,122.0,1,0,0,0,1,0,22,0,0,0,0,0,0.0,0,0,0,0,0,0.0,0,7.6,2.6,0.32,Dropout,Male,No,No,In Arrears,Yes,0.0,0,0.0,0.0,0.0,0,0.0,0.0
EDU-003841,1,1,1,9254,1,1,125.0,1,37,37,9,9,122.9,0,0,0,1,1,1,19,0,0,6,7,6,11.166666666666666,0,0,6,12,3,11.666666666666666,0,10.8,1.4,1.74,Enrolled,Male,Yes,No,Up to Date,No,0.5,-3,1.0,0.5,5.73,0,1.0,0.5
EDU-003842,1,1,1,9238,1,1,125.0,1,19,38,7,7,118.7,0,0,0,1,1,0,20,0,0,6,12,4,11.75,0,0,6,13,3,11.333333333333334,0,15.5,2.8,-4.06,Enrolled,Male,No,No,Up to Date,No,-0.42,-1,0.6667,0.5,5.75,0,1.0,0.42
EDU-003843,1,39,1,9003,1,19,133.1,1,3,1,2,8,100.0,1,0,0,1,1,0,35,0,0,6,13,3,11.75,0,0,6,10,0,0.0,0,13.9,-0.3,0.79,Dropout,Male,No,No,Up to Date,Yes,-11.75,-3,0.5,0.0,0.0,0,1.0,11.75
EDU-003844,1,16,2,9147,1,1,131.0,1,37,37,9,9,135.9,1,0,0,1,1,0,20,0,0,5,8,1,10.0,0,0,5,7,1,11.0,0,7.6,2.6,0.32,Dropout,Male,No,No,Up to Date,Yes,1.0,0,0.2,0.2,2.12,0,0.83,1.0
EDU-003845,1,1,1,9130,1,1,133.1,1,6,11,4,5,138.4,0,0,0,1,1,0,21,0,0,5,8,3,14.0,0,0,5,5,5,12.8,0,7.6,2.6,0.32,Graduate,Male,No,No,Up to Date,No,-1.2,2,0.6,1.0,13.28,0,0.83,1.2
EDU-003846,1,39,1,9085,1,12,133.1,1,34,34,99,99,128.2,0,0,1,0,1,0,27,0,0,5,5,0,0.0,0,0,5,5,0,0.0,0,7.6,2.6,0.32,Dropout,Male,No,Yes,In Arrears,No,0.0,0,0.0,0.0,0.0,1,0.83,0.0
EDU-003847,1,43,1,9773,1,1,114.0,1,37,38,9,5,107.4,1,0,0,0,1,0,26,0,0,6,12,3,12.0,0,0,6,15,0,0.0,0,9.4,-0.8,-3.12,Dropout,Male,No,No,In Arrears,Yes,-12.0,-3,0.5,0.0,0.0,0,1.0,12.0
EDU-003848,1,17,1,9773,1,1,127.0,1,1,33,3,3,129.8,0,0,0,0,1,0,20,0,0,6,10,0,0.0,0,0,5,10,0,0.0,0,10.8,1.4,1.74,Dropout,Male,No,No,In Arrears,No,0.0,0,0.0,0.0,0.0,0,1.0,0.0
EDU-003849,1,39,1,9003,1,1,130.0,1,37,37,6,6,100.0,0,0,1,0,1,0,28,0,4,10,19,8,11.88888888888889,0,2,8,17,5,11.6,1,15.5,2.8,-4.06,Dropout,Male,No,Yes,In Arrears,No,-0.29,-3,0.8,0.625,7.32,1,1.67,0.29
EDU-003850,1,1,3,9773,1,1,121.0,1,19,38,9,7,113.0,1,0,0,1,1,0,19,0,0,6,6,6,13.833333333333334,0,0,6,6,6,13.666666666666666,0,11.1,0.6,2.02,Graduate,Male,No,No,Up to Date,Yes,-0.17,0,1.0,1.0,13.73,0,1.0,0.17
EDU-003851,1,43,1,9991,0,1,120.0,1,37,19,9,9,107.0,0,0,0,0,1,0,47,0,0,5,5,0,0.0,0,0,5,5,0,0.0,0,12.7,3.7,-1.7,Dropout,Male,No,No,In Arrears,No,0.0,0,0.0,0.0,0.0,0,0.83,0.0
EDU-003852,4,39,1,9773,1,12,120.0,1,37,37,4,9,130.0,0,0,0,0,1,0,55,0,0,6,8,5,11.4,0,0,6,9,5,12.4,0,10.8,1.4,1.74,Dropout,Male,No,No,In Arrears,No,1.0,0,0.8333,0.8333,10.0,0,1.0,1.0
EDU-003853,1,43,1,9003,1,1,120.0,1,37,37,5,9,120.0,1,0,0,1,1,0,39,0,0,6,8,0,0.0,0,1,6,8,2,11.0,0,16.2,0.3,-0.92,Dropout,Male,No,No,Up to Date,Yes,11.0,2,0.0,0.3333,2.2,0,1.0,11.0
EDU-003854,2,1,1,9003,1,1,120.0,1,37,37,9,9,120.5,1,0,1,1,1,0,35,0,14,17,17,14,10.642857142857142,1,12,12,12,12,10.666666666666666,0,15.5,2.8,-4.06,Dropout,Male,No,Yes,Up to Date,Yes,0.02,-2,0.8235,1.0,10.66,0,2.83,0.02
EDU-003855,1,39,1,9238,1,1,133.1,1,37,29,0,4,120.5,0,0,0,0,1,0,32,0,0,6,10,2,11.0,0,0,6,12,0,0.0,0,7.6,2.6,0.32,Dropout,Male,No,No,In Arrears,No,-11.0,-2,0.3333,0.0,0.0,0,1.0,11.0
EDU-003856,1,1,4,9773,1,1,124.0,1,3,12,2,9,137.0,1,0,0,1,1,0,20,0,0,6,6,6,16.833333333333332,0,0,6,6,6,16.666666666666668,0,8.9,1.4,3.51,Graduate,Male,No,No,Up to Date,Yes,-0.17,0,1.0,1.0,16.73,0,1.0,0.17
EDU-003857,1,39,1,9254,1,1,150.0,1,37,37,9,9,115.0,0,0,0,1,1,0,36,0,0,6,8,6,13.571428571428571,0,0,6,9,5,13.2,0,12.7,3.7,-1.7,Graduate,Male,No,No,Up to Date,No,-0.37,-1,1.0,0.8333,11.12,0,1.0,0.37
EDU-003858,1,39,1,9991,0,19,133.1,1,38,19,9,10,142.7,0,0,1,1,1,1,34,0,0,5,11,5,14.714285714285714,0,0,5,14,5,14.375,5,16.2,0.3,-0.92,Graduate,Male,Yes,Yes,Up to Date,No,-0.34,0,1.0,1.0,14.51,0,0.83,0.34
EDU-003859,1,1,1,9670,1,1,116.0,1,38,19,0,2,116.7,1,0,0,1,1,0,21,0,0,5,8,0,0.0,0,0,5,5,0,0.0,0,9.4,-0.8,-3.12,Dropout,Male,No,No,Up to Date,Yes,0.0,0,0.0,0.0,0.0,0,0.83,0.0
EDU-003860,1,43,1,9991,0,1,133.1,1,37,19,3,10,136.1,0,0,0,1,1,1,42,0,0,5,14,1,10.0,0,0,5,14,1,11.0,0,13.9,-0.3,0.79,Dropout,Male,Yes,No,Up to Date,No,1.0,0,0.2,0.2,2.12,0,0.83,1.0
EDU-003861,1,39,1,9003,1,19,133.1,1,37,19,9,7,134.3,0,0,0,1,1,0,25,0,0,6,15,1,11.0,0,0,6,13,4,11.75,0,12.4,0.5,1.79,Dropout,Male,No,No,Up to Date,No,0.75,3,0.1667,0.6667,7.63,0,1.0,0.75
EDU-003862,1,18,1,9773,1,1,167.0,1,38,38,6,7,153.0,1,0,0,1,1,1,18,0,0,6,6,1,11.0,0,0,6,0,0,0.0,0,8.9,1.4,3.51,Dropout,Male,Yes,No,Up to Date,Yes,-11.0,-1,0.1667,0.0,0.0,0,1.0,11.0
EDU-003863,1,1,1,9773,1,1,140.0,1,19,38,9,9,132.0,0,0,0,1,1,1,18,0,0,6,6,5,12.0,0,0,6,6,6,12.833333333333334,0,12.7,3.7,-1.7,Graduate,Male,Yes,No,Up to Date,No,0.83,1,0.8333,1.0,12.5,0,1.0,0.83
EDU-003864,1,1,2,9238,1,1,124.0,1,38,19,9,7,129.6,1,0,0,1,1,0,19,0,0,6,10,6,11.125,0,0,6,7,6,11.857142857142858,0,7.6,2.6,0.32,Graduate,Male,No,No,Up to Date,Yes,0.73,0,1.0,1.0,11.56,0,1.0,0.73
EDU-003865,1,43,1,9085,1,1,110.0,1,3,19,4,6,105.0,0,0,1,0,1,0,34,0,2,6,13,3,11.333333333333334,0,0,6,8,2,11.5,0,13.9,-0.3,0.79,Dropout,Male,No,Yes,In Arrears,No,0.17,-1,0.5,0.3333,3.81,1,1.0,0.17
EDU-003866,1,17,2,9773,1,1,150.0,1,1,1,4,5,130.8,0,0,0,1,1,0,20,0,0,6,15,2,12.0,0,0,6,12,0,0.0,0,10.8,1.4,1.74,Dropout,Male,No,No,Up to Date,No,-12.0,-2,0.3333,0.0,0.0,0,1.0,12.0
EDU-003867,1,1,1,9500,1,1,123.0,1,37,37,7,7,119.7,0,0,0,1,1,0,20,0,0,7,8,0,0.0,1,0,7,7,0,0.0,0,13.9,-0.3,0.79,Dropout,Male,No,No,Up to Date,No,0.0,0,0.0,0.0,0.0,0,1.17,0.0
EDU-003868,1,17,1,9500,1,1,152.0,1,19,19,4,9,132.5,0,0,0,1,1,0,21,0,0,8,8,7,14.54,0,0,8,8,7,14.54,0,10.8,1.4,1.74,Graduate,Male,No,No,Up to Date,No,0.0,0,0.875,0.875,12.72,0,1.33,0.0
EDU-003869,1,44,1,9003,1,39,130.0,1,1,19,3,10,130.0,1,0,0,1,1,0,19,0,0,6,9,6,12.166666666666666,0,0,6,14,4,13.0,0,12.4,0.5,1.79,Graduate,Male,No,No,Up to Date,Yes,0.83,-2,1.0,0.6667,8.44,0,1.0,0.83
EDU-003870,1,39,1,9085,1,1,133.1,1,1,1,4,4,120.0,0,0,1,0,1,0,31,0,0,5,13,4,13.5,1,0,5,12,3,11.666666666666666,1,9.4,-0.8,-3.12,Dropout,Male,No,Yes,In Arrears,No,-1.83,-1,0.8,0.6,7.44,1,0.83,1.83
EDU-003871,1,17,1,9670,1,1,133.1,1,1,37,4,5,150.0,0,0,0,1,1,0,21,0,0,6,8,6,14.75,0,0,6,9,5,14.333333333333334,0,11.1,0.6,2.02,Graduate,Male,No,No,Up to Date,No,-0.42,-1,1.0,0.8333,12.08,0,1.0,0.42
EDU-003872,1,1,1,9147,1,1,124.0,1,38,38,9,9,115.6,0,0,0,1,1,1,20,0,0,5,8,5,12.375,0,0,5,7,5,11.666666666666666,0,13.9,-0.3,0.79,Graduate,Male,Yes,No,Up to Date,No,-0.71,0,1.0,1.0,11.95,0,0.83,0.71
EDU-003873,1,43,2,9500,1,6,119.1,1,1,19,4,10,119.1,0,0,0,1,1,0,22,0,0,7,7,6,12.733333333333334,0,0,7,7,6,12.733333333333334,0,7.6,2.6,0.32,Graduate,Male,No,No,Up to Date,No,0.0,0,0.8571,0.8571,10.91,0,1.17,0.0
EDU-003874,1,1,2,9070,1,1,128.0,1,19,19,3,3,123.5,1,1,0,0,1,0,19,0,0,6,9,4,12.5,0,0,6,6,0,0.0,0,9.4,-0.8,-3.12,Dropout,Male,No,No,In Arrears,Yes,-12.5,-4,0.6667,0.0,0.0,0,1.0,12.5
EDU-003875,1,39,1,9130,1,1,133.1,1,1,1,90,1,120.0,1,0,1,0,1,0,41,0,0,5,5,0,0.0,1,0,5,5,0,0.0,5,12.7,3.7,-1.7,Dropout,Male,No,Yes,In Arrears,Yes,0.0,0,0.0,0.0,0.0,1,0.83,0.0
EDU-003876,1,43,1,9500,1,19,133.1,1,34,34,0,0,110.0,1,0,0,1,1,0,27,0,0,7,7,0,0.0,6,0,7,7,0,0.0,6,7.6,2.6,0.32,Dropout,Male,No,No,Up to Date,Yes,0.0,0,0.0,0.0,0.0,0,1.17,0.0
EDU-003877,1,17,1,9500,1,1,145.0,1,1,1,4,10,131.4,0,0,0,1,0,0,19,0,0,7,7,7,13.44285714285714,0,0,8,8,7,13.771428571428572,0,13.9,-0.3,0.79,Dropout,Female,No,No,Up to Date,No,0.33,0,1.0,0.875,11.94,0,1.17,0.33
EDU-003878,1,18,2,9500,1,1,141.0,24,1,1,4,3,126.8,1,0,0,1,0,1,20,1,0,8,8,8,14.2,0,0,8,8,8,14.2,0,9.4,-0.8,-3.12,Graduate,Female,Yes,No,Up to Date,Yes,0.0,0,1.0,1.0,14.2,0,1.33,0.0
EDU-003879,1,43,4,9500,1,6,118.9,1,38,37,5,9,118.9,1,0,0,1,0,1,19,0,0,7,7,6,13.55,0,0,7,7,6,13.55,0,7.6,2.6,0.32,Graduate,Female,Yes,No,Up to Date,Yes,0.0,0,0.8571,0.8571,11.61,0,1.17,0.0
EDU-003880,2,39,1,9991,0,1,160.0,1,37,37,9,9,160.0,0,0,0,1,0,0,35,0,0,5,5,5,11.6,0,0,5,6,5,11.166666666666666,0,15.5,2.8,-4.06,Graduate,Female,No,No,Up to Date,No,-0.43,0,1.0,1.0,11.34,0,0.83,0.43
EDU-003881,1,17,5,9773,1,1,111.0,1,19,12,7,3,115.9,1,0,0,1,0,0,22,0,0,6,7,6,13.571428571428571,0,0,6,7,6,15.285714285714286,0,13.9,-0.3,0.79,Graduate,Female,No,No,Up to Date,Yes,1.71,0,1.0,1.0,14.6,0,1.0,1.71
EDU-003882,1,1,2,9254,1,1,111.0,1,1,19,5,7,109.3,1,0,0,1,0,1,20,0,0,6,6,6,13.833333333333334,0,0,6,6,6,15.0,0,11.1,0.6,2.02,Graduate,Female,Yes,No,Up to Date,Yes,1.17,0,1.0,1.0,14.53,0,1.0,1.17
EDU-003883,1,1,1,9670,1,1,123.0,1,37,38,9,9,113.9,1,0,1,0,0,0,18,0,0,6,7,4,11.25,0,0,6,9,4,10.857142857142858,0,10.8,1.4,1.74,Dropout,Female,No,Yes,In Arrears,Yes,-0.39,0,0.6667,0.6667,7.34,1,1.0,0.39
EDU-003884,1,1,1,9238,1,1,133.0,1,37,37,9,9,121.8,1,0,0,1,0,1,18,0,0,6,7,5,10.2,0,0,6,9,4,11.25,0,12.4,0.5,1.79,Graduate,Female,Yes,No,Up to Date,Yes,1.05,-1,0.8333,0.6667,7.22,0,1.0,1.05
EDU-003885,1,7,1,9500,1,3,140.0,1,1,37,9,5,140.0,0,0,0,1,0,0,30,0,0,8,8,7,15.675714285714283,0,0,8,8,7,15.675714285714283,0,10.8,1.4,1.74,Graduate,Female,No,No,Up to Date,No,0.0,0,0.875,0.875,13.72,0,1.33,0.0
EDU-003886,1,18,1,9238,1,1,122.0,1,38,38,9,7,114.7,0,0,1,1,0,1,18,0,0,6,9,6,10.833333333333334,0,0,6,8,6,12.0,0,11.1,0.6,2.02,Graduate,Female,Yes,Yes,Up to Date,No,1.17,0,1.0,1.0,11.53,0,1.0,1.17
EDU-003887,1,1,1,9254,1,1,128.0,1,19,19,7,8,120.0,1,0,0,1,0,1,20,0,0,6,6,6,14.5,0,0,6,7,5,15.0,0,12.4,0.5,1.79,Enrolled,Female,Yes,No,Up to Date,Yes,0.5,-1,1.0,0.8333,12.33,0,1.0,0.5
EDU-003888,1,1,1,9238,1,1,108.0,1,19,38,9,9,107.3,0,1,0,1,0,1,19,0,0,6,12,4,10.4,0,0,6,11,4,10.75,0,12.4,0.5,1.79,Enrolled,Female,Yes,No,Up to Date,No,0.35,0,0.6667,0.6667,7.07,0,1.0,0.35
EDU-003889,1,17,1,9085,1,1,139.0,1,38,38,5,3,136.2,0,0,0,1,0,0,19,0,0,5,7,5,13.0,1,0,5,7,5,13.333333333333334,0,7.6,2.6,0.32,Graduate,Female,No,No,Up to Date,No,0.33,0,1.0,1.0,13.2,0,0.83,0.33
EDU-003890,1,1,2,9556,1,1,130.0,1,1,38,3,8,119.5,1,0,0,1,0,1,21,0,0,7,7,7,12.242857142857144,0,0,8,8,8,14.125,0,15.5,2.8,-4.06,Graduate,Female,Yes,No,Up to Date,Yes,1.88,1,1.0,1.0,13.37,0,1.17,1.88
EDU-003891,1,18,1,9853,1,1,133.1,1,1,19,141,182,106.0,1,0,1,1,0,0,21,0,0,7,7,7,13.0,0,0,7,8,6,12.5,0,8.9,1.4,3.51,Enrolled,Female,No,Yes,Up to Date,Yes,-0.5,-1,1.0,0.8571,10.89,0,1.17,0.5
EDU-003892,1,1,4,9670,1,1,130.0,1,1,1,9,9,124.1,1,0,0,1,0,0,18,0,0,6,6,6,14.166666666666666,0,0,6,7,6,13.428571428571429,0,8.9,1.4,3.51,Enrolled,Female,No,No,Up to Date,Yes,-0.74,0,1.0,1.0,13.72,0,1.0,0.74
EDU-003893,1,1,3,9147,1,1,143.0,1,1,1,5,7,133.2,1,0,0,1,0,1,18,0,0,5,11,4,14.25,0,0,5,7,4,12.5,0,12.7,3.7,-1.7,Graduate,Female,Yes,No,Up to Date,Yes,-1.75,0,0.8,0.8,10.56,0,0.83,1.75
EDU-003894,4,39,1,9085,1,1,110.0,1,37,37,90,90,110.0,0,0,0,0,0,0,35,0,0,5,14,1,12.0,2,0,5,11,2,10.5,1,9.4,-0.8,-3.12,Dropout,Female,No,No,In Arrears,No,-1.5,1,0.2,0.4,4.44,0,0.83,1.5
EDU-003895,1,1,6,9500,1,1,120.0,41,1,1,9,6,114.8,1,0,0,1,0,0,21,1,0,7,11,4,13.25,0,0,7,9,5,13.82,0,11.1,0.6,2.02,Enrolled,Female,No,No,Up to Date,Yes,0.57,1,0.5714,0.7143,9.71,0,1.17,0.57
EDU-003896,1,1,1,9500,1,1,140.0,1,38,37,9,7,130.0,1,0,0,1,1,1,18,0,0,7,7,6,13.183333333333332,0,0,7,7,6,13.183333333333332,0,7.6,2.6,0.32,Graduate,Male,Yes,No,Up to Date,Yes,0.0,0,0.8571,0.8571,11.3,0,1.17,0.0
EDU-003897,1,17,5,9070,1,1,125.0,1,19,1,5,5,122.6,1,0,0,1,1,0,22,0,0,6,6,1,11.0,0,0,6,6,0,0.0,0,9.4,-0.8,-3.12,Enrolled,Male,No,No,Up to Date,Yes,-11.0,-1,0.1667,0.0,0.0,0,1.0,11.0
EDU-003898,1,17,1,9500,1,1,134.0,1,38,1,9,6,133.5,1,0,0,1,1,1,20,0,0,7,8,7,11.9725,0,0,8,8,8,12.65125,0,15.5,2.8,-4.06,Graduate,Male,Yes,No,Up to Date,Yes,0.68,1,1.0,1.0,12.38,0,1.17,0.68
EDU-003899,2,39,1,9254,1,1,130.0,1,37,37,4,7,120.0,1,0,0,1,0,0,34,0,0,6,7,5,12.4,0,0,6,8,5,12.8,0,9.4,-0.8,-3.12,Graduate,Female,No,No,Up to Date,Yes,0.4,0,0.8333,0.8333,10.53,0,1.0,0.4
EDU-003900,2,7,1,9147,1,3,120.0,1,37,37,9,9,120.0,0,0,0,1,0,0,33,0,3,8,9,5,12.6,2,2,7,13,5,11.25,0,10.8,1.4,1.74,Enrolled,Female,No,No,Up to Date,No,-1.35,0,0.625,0.7143,8.42,0,1.33,1.35
EDU-003901,1,1,3,9500,1,1,142.0,1,37,38,9,9,137.3,1,0,0,1,0,1,22,0,0,7,7,6,13.9,0,0,7,7,6,13.9,0,7.6,2.6,0.32,Graduate,Female,Yes,No,Up to Date,Yes,0.0,0,0.8571,0.8571,11.91,0,1.17,0.0
EDU-003902,1,17,3,9254,1,1,127.0,1,37,37,9,6,123.5,1,0,0,1,0,1,20,0,0,6,11,4,11.5,0,0,6,12,3,11.0,0,7.6,2.6,0.32,Enrolled,Female,Yes,No,Up to Date,Yes,-0.5,-1,0.6667,0.5,5.6,0,1.0,0.5
EDU-003903,2,39,1,9147,1,1,140.0,1,37,37,6,10,131.8,0,0,0,1,0,0,35,0,0,5,6,4,14.2,0,0,5,10,4,11.857142857142858,0,10.8,1.4,1.74,Enrolled,Female,No,No,Up to Date,No,-2.34,0,0.8,0.8,10.24,0,0.83,2.34
EDU-003904,2,39,1,9147,1,1,140.0,1,38,37,4,7,130.0,1,0,0,0,0,0,39,0,0,5,12,3,10.666666666666666,2,0,5,15,3,10.666666666666666,0,9.4,-0.8,-3.12,Dropout,Female,No,No,In Arrears,Yes,0.0,0,0.6,0.6,6.4,0,0.83,0.0
EDU-003905,1,18,6,9500,1,1,142.0,1,38,37,9,5,128.0,1,0,0,0,0,0,19,0,0,7,14,0,0.0,0,0,8,0,0,0.0,0,11.1,0.6,2.02,Dropout,Female,No,No,In Arrears,Yes,0.0,0,0.0,0.0,0.0,0,1.17,0.0
EDU-003906,4,39,1,9254,1,1,120.0,1,37,37,9,8,95.0,0,0,0,1,0,1,36,0,0,6,10,6,11.0,0,0,6,14,3,11.333333333333334,0,10.8,1.4,1.74,Graduate,Female,Yes,No,Up to Date,No,0.33,-3,1.0,0.5,5.6,0,1.0,0.33
EDU-003907,1,1,2,9500,1,1,124.0,1,37,37,9,9,116.0,1,0,0,1,0,1,21,0,0,8,8,7,13.957142857142856,0,0,8,8,7,13.957142857142856,0,12.7,3.7,-1.7,Graduate,Female,Yes,No,Up to Date,Yes,0.0,0,0.875,0.875,12.21,0,1.33,0.0
EDU-003908,1,1,1,9238,1,1,157.0,1,3,38,1,5,136.7,1,0,0,1,0,0,22,0,0,6,11,4,12.5,1,0,6,13,3,13.666666666666666,0,9.4,-0.8,-3.12,Enrolled,Female,No,No,Up to Date,Yes,1.17,-1,0.6667,0.5,6.6,0,1.0,1.17
EDU-003909,2,39,1,9238,1,1,126.6,1,38,38,9,7,107.5,0,0,1,1,0,1,42,0,0,6,8,6,13.333333333333334,0,0,6,7,6,15.285714285714286,0,11.1,0.6,2.02,Graduate,Female,Yes,Yes,Up to Date,No,1.95,0,1.0,1.0,14.5,0,1.0,1.95
EDU-003910,1,39,1,9119,1,1,110.0,1,37,37,90,90,108.4,1,0,0,1,0,0,34,0,0,5,5,0,0.0,0,0,5,6,0,0.0,0,10.8,1.4,1.74,Dropout,Female,No,No,Up to Date,Yes,0.0,0,0.0,0.0,0.0,0,0.83,0.0
EDU-003911,1,17,1,9773,1,1,144.0,1,19,19,4,4,130.7,1,0,0,1,0,0,20,0,0,6,9,6,11.666666666666666,0,0,6,8,5,11.6,0,7.6,2.6,0.32,Enrolled,Female,No,No,Up to Date,Yes,-0.07,-1,1.0,0.8333,9.69,0,1.0,0.07
EDU-003912,2,44,1,8014,0,39,160.0,1,37,19,9,10,155.9,0,0,0,1,0,0,33,0,3,6,7,6,15.714285714285714,0,2,6,7,6,15.5,0,13.9,-0.3,0.79,Graduate,Female,No,No,Up to Date,No,-0.21,0,1.0,1.0,15.59,0,1.0,0.21
EDU-003913,1,1,4,9254,1,1,105.0,1,1,19,9,6,106.1,1,0,0,1,0,0,20,0,0,6,8,5,11.0,0,0,6,9,5,11.4,0,13.9,-0.3,0.79,Graduate,Female,No,No,Up to Date,Yes,0.4,0,0.8333,0.8333,9.37,0,1.0,0.4
EDU-003914,1,1,2,9670,1,1,130.0,1,26,30,0,5,128.6,1,0,1,1,0,0,19,0,0,5,8,4,12.25,0,0,5,7,4,12.75,2,7.6,2.6,0.32,Graduate,Female,No,Yes,Up to Date,Yes,0.5,0,0.8,0.8,10.04,0,0.83,0.5
EDU-003915,2,43,1,9991,0,3,140.0,1,37,19,9,4,140.0,0,0,1,1,0,0,34,0,4,10,25,5,12.2,0,3,9,18,8,12.22222222222222,0,16.2,0.3,-0.92,Dropout,Female,No,Yes,Up to Date,No,0.02,3,0.5,0.8889,10.86,0,1.67,0.02
EDU-003916,1,1,1,9147,1,1,138.0,1,37,37,9,6,145.0,1,0,0,1,0,0,18,0,0,5,6,5,13.0,0,0,5,5,5,14.0,0,7.6,2.6,0.32,Graduate,Female,No,No,Up to Date,Yes,1.0,0,1.0,1.0,13.6,0,0.83,1.0
EDU-003917,1,17,1,8014,0,1,120.0,1,38,37,6,6,113.0,0,0,0,1,0,1,24,0,0,6,11,4,12.0,0,0,6,7,6,13.0,0,10.8,1.4,1.74,Graduate,Female,Yes,No,Up to Date,No,1.0,2,0.6667,1.0,12.6,0,1.0,1.0
EDU-003918,1,1,1,9853,1,1,135.0,1,19,12,9,7,137.1,1,0,0,1,0,0,18,0,0,6,6,6,13.333333333333334,0,0,6,7,6,12.333333333333334,0,7.6,2.6,0.32,Graduate,Female,No,No,Up to Date,Yes,-1.0,0,1.0,1.0,12.73,0,1.0,1.0
EDU-003919,1,1,1,9670,1,1,119.0,1,37,37,10,6,119.7,1,0,0,1,0,0,20,0,0,5,6,3,13.0,0,0,5,7,3,13.0,1,7.6,2.6,0.32,Enrolled,Female,No,No,Up to Date,Yes,0.0,0,0.6,0.6,7.8,0,0.83,0.0
EDU-003920,1,17,1,9500,1,1,121.0,1,1,1,4,3,120.5,1,0,0,1,0,0,21,0,0,8,8,7,12.91,0,0,8,8,7,12.91,0,10.8,1.4,1.74,Graduate,Female,No,No,Up to Date,Yes,0.0,0,0.875,0.875,11.3,0,1.33,0.0
EDU-003921,1,1,5,9238,1,1,126.0,1,38,1,9,5,125.7,1,0,0,1,0,1,19,0,0,6,8,6,11.0,0,0,6,13,3,11.0,0,9.4,-0.8,-3.12,Graduate,Female,Yes,No,Up to Date,Yes,0.0,-3,1.0,0.5,5.5,0,1.0,0.0
EDU-003922,1,17,4,9500,1,1,132.0,1,38,19,5,7,125.5,0,0,0,1,0,1,19,0,0,7,8,6,13.579999999999998,0,0,8,8,8,12.93625,0,15.5,2.8,-4.06,Graduate,Female,Yes,No,Up to Date,No,-0.64,2,0.8571,1.0,13.19,0,1.17,0.64
EDU-003923,1,1,1,9238,1,1,128.0,1,19,19,5,5,124.5,1,0,0,1,0,1,18,0,0,6,10,4,12.4,0,0,6,8,6,12.5,0,12.4,0.5,1.79,Graduate,Female,Yes,No,Up to Date,Yes,0.1,2,0.6667,1.0,12.46,0,1.0,0.1
EDU-003924,4,39,1,8014,0,1,160.0,1,37,37,5,5,126.0,0,0,0,1,0,1,38,0,4,9,13,8,12.88888888888889,0,2,7,9,7,13.0,0,13.9,-0.3,0.79,Graduate,Female,Yes,No,Up to Date,No,0.11,-1,0.8889,1.0,12.96,0,1.5,0.11
EDU-003925,1,1,1,171,1,1,125.0,1,19,19,5,4,136.2,1,0,1,1,1,0,21,0,6,12,12,11,11.545454545454543,0,4,11,18,9,11.7,1,8.9,1.4,3.51,Enrolled,Male,No,Yes,Up to Date,Yes,0.15,-2,0.9167,0.8182,9.52,0,2.0,0.15
EDU-003926,1,43,1,9147,1,1,127.0,25,1,5,9,10,124.2,1,0,0,1,1,0,23,1,0,5,6,1,10.0,0,0,5,5,0,0.0,0,15.5,2.8,-4.06,Enrolled,Male,No,No,Up to Date,Yes,-10.0,-1,0.2,0.0,0.0,0,0.83,10.0
EDU-003927,1,17,5,9500,1,1,147.0,1,19,1,4,3,138.5,1,0,0,1,0,0,19,0,0,8,8,8,14.34125,0,0,8,8,8,14.34125,0,9.4,-0.8,-3.12,Graduate,Female,No,No,Up to Date,Yes,0.0,0,1.0,1.0,14.34,0,1.33,0.0
EDU-003928,1,1,2,9773,1,1,130.0,1,38,37,5,3,122.3,1,0,1,0,0,0,18,0,0,6,8,6,14.142857142857142,0,0,6,6,5,12.0,0,13.9,-0.3,0.79,Dropout,Female,No,Yes,In Arrears,Yes,-2.14,-1,1.0,0.8333,10.71,1,1.0,2.14
EDU-003929,1,1,6,171,1,1,134.0,1,19,37,5,5,126.0,1,0,0,1,0,1,18,0,0,0,0,0,0.0,0,0,0,0,0,0.0,0,9.4,-0.8,-3.12,Graduate,Female,Yes,No,Up to Date,Yes,0.0,0,0.0,0.0,0.0,0,0.0,0.0
EDU-003930,1,39,1,9003,1,1,140.0,1,19,19,9,6,135.4,1,0,0,1,0,0,24,0,0,6,10,5,11.8,0,0,6,13,4,11.25,0,12.4,0.5,1.79,Enrolled,Female,No,No,Up to Date,Yes,-0.55,-1,0.8333,0.6667,7.65,0,1.0,0.55
EDU-003931,1,1,1,9773,1,1,151.0,2,1,1,5,9,146.5,0,0,0,1,0,1,18,1,0,6,6,6,13.333333333333334,0,0,6,6,6,14.166666666666666,0,12.7,3.7,-1.7,Graduate,Female,Yes,No,Up to Date,No,0.83,0,1.0,1.0,13.83,0,1.0,0.83
EDU-003932,1,1,1,9130,1,1,132.0,1,3,1,4,9,121.9,1,0,0,1,0,0,18,0,0,6,8,6,14.5,0,0,6,9,6,12.857142857142858,0,13.9,-0.3,0.79,Graduate,Female,No,No,Up to Date,Yes,-1.64,0,1.0,1.0,13.51,0,1.0,1.64
EDU-003933,1,7,1,9991,0,40,130.0,1,19,19,7,3,130.0,0,0,0,1,0,0,26,0,5,10,13,8,12.666666666666666,0,5,10,12,10,13.4,0,11.1,0.6,2.02,Graduate,Female,No,No,Up to Date,No,0.73,2,0.8,1.0,13.11,0,1.67,0.73
EDU-003934,1,1,1,9147,1,1,126.0,1,19,19,9,9,115.2,0,0,1,1,0,0,19,0,0,5,13,1,10.0,0,0,5,8,2,10.0,0,12.4,0.5,1.79,Enrolled,Female,No,Yes,Up to Date,No,0.0,1,0.2,0.4,4.0,0,0.83,0.0
EDU-003935,1,18,3,9670,1,1,119.0,1,38,38,9,9,115.2,1,0,0,1,0,1,19,0,0,6,10,0,0.0,0,0,6,6,0,0.0,0,12.7,3.7,-1.7,Dropout,Female,Yes,No,Up to Date,Yes,0.0,0,0.0,0.0,0.0,0,1.0,0.0
EDU-003936,1,1,1,9254,1,1,123.0,1,38,37,5,5,125.1,0,0,0,1,0,0,19,0,0,6,12,4,11.0,0,0,6,6,4,12.5,0,16.2,0.3,-0.92,Enrolled,Female,No,No,Up to Date,No,1.5,0,0.6667,0.6667,7.93,0,1.0,1.5
EDU-003937,1,1,1,9130,1,1,106.0,1,37,37,9,9,108.0,1,0,1,1,0,0,20,0,0,5,10,2,12.0,2,0,5,9,4,11.0,0,9.4,-0.8,-3.12,Dropout,Female,No,Yes,Up to Date,Yes,-1.0,2,0.4,0.8,9.12,0,0.83,1.0
EDU-003938,1,1,3,9254,1,1,121.0,1,19,19,9,9,125.9,1,0,0,1,0,0,22,0,0,6,10,4,10.0,0,0,6,12,2,13.5,0,9.4,-0.8,-3.12,Enrolled,Female,No,No,Up to Date,Yes,3.5,-2,0.6667,0.3333,4.03,0,1.0,3.5
EDU-003939,1,1,2,9500,1,1,138.0,1,19,1,5,5,128.0,1,0,0,1,0,0,19,0,0,7,7,7,14.20857142857143,0,0,8,9,8,15.127777777777778,0,11.1,0.6,2.02,Graduate,Female,No,No,Up to Date,Yes,0.92,1,1.0,1.0,14.76,0,1.17,0.92
EDU-003940,1,1,5,9500,1,1,118.0,1,3,1,5,10,113.5,1,0,0,1,0,0,20,0,0,7,7,7,14.30714285714286,0,0,8,8,8,15.0125,0,12.4,0.5,1.79,Graduate,Female,No,No,Up to Date,Yes,0.71,1,1.0,1.0,14.73,0,1.17,0.71
EDU-003941,2,39,1,9147,1,1,120.0,1,37,37,5,5,124.6,0,0,0,1,0,0,36,0,0,5,8,3,11.0,0,0,5,12,4,13.375,0,10.8,1.4,1.74,Enrolled,Female,No,No,Up to Date,No,2.38,1,0.6,0.8,9.94,0,0.83,2.38
EDU-003942,1,39,1,9853,1,19,133.1,1,19,4,9,4,116.0,1,0,0,1,0,0,29,0,0,7,14,0,0.0,0,0,6,6,0,0.0,0,11.1,0.6,2.02,Dropout,Female,No,No,Up to Date,Yes,0.0,0,0.0,0.0,0.0,0,1.17,0.0
EDU-003943,1,17,3,9238,1,1,141.0,1,3,3,2,2,124.9,1,0,0,1,0,0,19,0,0,6,10,6,12.0,0,0,6,12,4,11.0,0,12.7,3.7,-1.7,Graduate,Female,No,No,Up to Date,Yes,-1.0,-2,1.0,0.6667,7.6,0,1.0,1.0
EDU-003944,5,39,1,9147,1,1,180.0,1,1,1,4,8,140.5,0,0,1,0,0,0,24,0,0,5,0,0,0.0,0,0,5,0,0,0.0,0,13.9,-0.3,0.79,Dropout,Female,No,Yes,In Arrears,No,0.0,0,0.0,0.0,0.0,1,0.83,0.0
EDU-003945,5,39,1,9003,1,1,180.0,1,1,1,4,8,179.6,0,0,1,0,0,0,27,0,0,6,6,0,0.0,0,0,6,7,0,0.0,0,8.9,1.4,3.51,Dropout,Female,No,Yes,In Arrears,No,0.0,0,0.0,0.0,0.0,1,1.0,0.0
EDU-003946,1,17,1,9773,1,1,115.0,1,37,37,9,8,116.1,1,0,0,1,0,1,18,0,0,6,7,6,13.857142857142858,0,0,6,7,6,14.285714285714286,0,13.9,-0.3,0.79,Graduate,Female,Yes,No,Up to Date,Yes,0.43,0,1.0,1.0,14.11,0,1.0,0.43
EDU-003947,1,17,2,171,1,1,142.0,1,3,1,2,6,139.4,1,0,0,1,0,1,18,0,0,0,0,0,0.0,0,0,0,0,0,0.0,0,15.5,2.8,-4.06,Graduate,Female,Yes,No,Up to Date,Yes,0.0,0,0.0,0.0,0.0,0,0.0,0.0
EDU-003948,1,17,4,9556,1,1,135.0,1,38,37,3,7,129.0,1,0,0,1,0,0,21,0,0,7,0,0,0.0,0,0,7,0,0,0.0,0,12.7,3.7,-1.7,Dropout,Female,No,No,Up to Date,Yes,0.0,0,0.0,0.0,0.0,0,1.17,0.0
EDU-003949,2,39,1,9670,1,1,150.0,1,37,19,9,4,135.6,0,0,0,1,0,1,43,0,0,6,8,5,11.0,0,0,6,9,5,13.0,0,12.4,0.5,1.79,Graduate,Female,Yes,No,Up to Date,No,2.0,0,0.8333,0.8333,10.17,0,1.0,2.0
EDU-003950,1,43,1,9147,1,1,153.0,1,1,19,9,10,147.8,0,0,0,1,0,1,18,0,0,5,9,5,13.2,0,0,5,13,5,14.4,5,16.2,0.3,-0.92,Graduate,Female,Yes,No,Up to Date,No,1.2,0,1.0,1.0,13.92,0,0.83,1.2
EDU-003951,1,18,1,9085,1,1,153.0,1,37,37,9,9,138.0,1,0,0,1,0,1,21,0,0,6,7,6,13.5,0,0,6,6,3,15.333333333333334,0,8.9,1.4,3.51,Dropout,Female,Yes,No,Up to Date,Yes,1.83,-3,1.0,0.5,7.3,0,1.0,1.83
EDU-003952,1,7,1,9147,1,3,150.0,1,6,27,1,7,150.0,0,0,0,1,0,0,26,0,0,5,5,0,0.0,0,0,5,0,0,0.0,0,9.4,-0.8,-3.12,Dropout,Female,No,No,Up to Date,No,0.0,0,0.0,0.0,0.0,0,0.83,0.0
EDU-003953,1,1,6,9500,1,1,144.0,1,1,19,9,4,130.8,1,0,0,1,0,1,19,0,0,8,8,7,14.214285714285714,0,0,8,8,7,14.214285714285714,0,12.7,3.7,-1.7,Graduate,Female,Yes,No,Up to Date,Yes,0.0,0,0.875,0.875,12.44,0,1.33,0.0
EDU-003954,1,1,1,9085,1,1,130.0,1,37,11,90,90,122.6,0,0,0,1,0,0,18,0,0,5,5,5,13.0,0,0,5,5,5,12.4,0,7.6,2.6,0.32,Graduate,Female,No,No,Up to Date,No,-0.6,0,1.0,1.0,12.64,0,0.83,0.6
EDU-003955,1,1,1,9773,1,1,125.0,1,3,2,2,1,119.1,1,0,0,1,0,0,22,0,0,6,13,2,12.0,0,0,6,14,1,10.0,0,9.4,-0.8,-3.12,Dropout,Female,No,No,Up to Date,Yes,-2.0,-1,0.3333,0.1667,1.8,0,1.0,2.0
EDU-003956,1,39,1,9500,1,19,133.1,1,1,19,4,10,111.8,1,0,0,1,0,0,27,0,0,7,0,0,0.0,0,0,8,0,0,0.0,0,11.1,0.6,2.02,Dropout,Female,No,No,Up to Date,Yes,0.0,0,0.0,0.0,0.0,0,1.17,0.0
EDU-003957,1,1,3,9147,1,1,133.0,1,38,19,9,10,125.0,1,0,0,1,0,0,18,0,0,5,6,5,12.8,1,0,5,6,5,12.6,0,9.4,-0.8,-3.12,Graduate,Female,No,No,Up to Date,Yes,-0.2,0,1.0,1.0,12.68,0,0.83,0.2
EDU-003958,1,17,1,9085,1,1,140.0,1,37,38,7,9,129.9,0,0,0,1,0,0,19,0,0,5,11,4,13.6,2,0,5,9,4,12.2,0,9.4,-0.8,-3.12,Graduate,Female,No,No,Up to Date,No,-1.4,0,0.8,0.8,10.21,0,0.83,1.4
EDU-003959,1,17,4,9500,1,1,133.0,1,19,19,3,10,131.1,1,0,0,1,0,0,18,0,0,7,7,7,13.971428571428572,0,0,8,8,8,15.75,0,13.9,-0.3,0.79,Graduate,Female,No,No,Up to Date,Yes,1.78,1,1.0,1.0,15.04,0,1.17,1.78
EDU-003960,1,1,1,9085,1,1,154.0,1,38,37,4,4,141.4,0,0,0,1,0,1,19,0,0,6,8,6,15.0,0,0,6,9,6,14.857142857142858,0,11.1,0.6,2.02,Graduate,Female,Yes,No,Up to Date,No,-0.14,0,1.0,1.0,14.91,0,1.0,0.14
EDU-003961,1,39,1,9085,1,1,133.1,1,37,37,9,9,120.0,0,0,0,0,0,0,32,0,0,6,0,0,0.0,0,0,6,0,0,0.0,0,11.1,0.6,2.02,Dropout,Female,No,No,In Arrears,No,0.0,0,0.0,0.0,0.0,0,1.0,0.0
EDU-003962,1,42,1,9500,1,1,168.0,1,37,1,9,4,133.4,1,0,0,1,0,0,23,0,20,26,27,26,15.07777777777778,0,14,17,17,17,15.023529411764704,0,15.5,2.8,-4.06,Graduate,Female,No,No,Up to Date,Yes,-0.05,-9,1.0,1.0,15.05,0,4.33,0.05
EDU-003963,1,17,3,9500,1,1,132.0,1,37,37,4,3,127.3,1,0,0,1,0,0,20,0,0,7,7,6,13.383333333333333,0,0,7,7,6,13.383333333333333,0,7.6,2.6,0.32,Graduate,Female,No,No,Up to Date,Yes,0.0,0,0.8571,0.8571,11.47,0,1.17,0.0
EDU-003964,1,1,1,171,1,1,133.1,1,19,38,5,5,131.8,1,0,1,1,0,0,20,0,6,12,12,12,13.25,0,4,11,16,10,13.090909090909092,0,8.9,1.4,3.51,Graduate,Female,No,Yes,Up to Date,Yes,-0.16,-2,1.0,0.9091,11.96,0,2.0,0.16
EDU-003965,1,17,1,9238,1,1,120.0,1,19,19,4,5,114.8,1,0,1,0,0,0,19,0,0,6,10,5,11.714285714285714,0,0,6,13,2,10.666666666666666,0,16.2,0.3,-0.92,Dropout,Female,No,Yes,In Arrears,Yes,-1.05,-3,0.8333,0.3333,3.69,1,1.0,1.05
EDU-003966,1,1,3,9500,1,1,150.0,1,19,19,5,5,132.8,1,0,0,1,0,1,18,0,0,8,8,8,13.01125,0,0,8,8,8,13.01125,0,9.4,-0.8,-3.12,Graduate,Female,Yes,No,Up to Date,Yes,0.0,0,1.0,1.0,13.01,0,1.33,0.0
EDU-003967,1,44,1,9003,1,39,140.0,1,19,19,9,4,140.0,0,0,0,1,0,0,21,0,0,6,12,3,10.666666666666666,2,0,6,12,4,12.0,0,15.5,2.8,-4.06,Dropout,Female,No,No,Up to Date,No,1.33,1,0.5,0.6667,7.64,0,1.0,1.33
EDU-003968,1,1,1,9500,1,1,103.0,1,1,19,9,9,108.3,0,0,0,1,0,1,20,0,0,7,14,0,0.0,0,0,7,15,0,0.0,0,11.1,0.6,2.02,Enrolled,Female,Yes,No,Up to Date,No,0.0,0,0.0,0.0,0.0,0,1.17,0.0
EDU-003969,1,44,1,9085,1,39,150.0,1,3,19,2,4,150.0,1,0,0,1,0,0,22,0,1,6,9,6,13.0,0,1,6,18,3,12.666666666666666,0,12.4,0.5,1.79,Graduate,Female,No,No,Up to Date,Yes,-0.33,-3,1.0,0.5,6.4,0,1.0,0.33
EDU-003970,1,44,1,9991,0,39,160.0,1,37,37,9,9,160.0,0,0,0,1,0,0,26,0,0,5,5,5,12.0,0,0,5,7,5,11.4,0,12.7,3.7,-1.7,Graduate,Female,No,No,Up to Date,No,-0.6,0,1.0,1.0,11.64,0,0.83,0.6
EDU-003971,1,1,1,9070,1,1,131.0,1,37,37,3,3,131.7,1,0,0,1,0,0,20,0,0,6,6,6,12.166666666666666,0,0,6,7,5,13.8,0,12.7,3.7,-1.7,Graduate,Female,No,No,Up to Date,Yes,1.63,-1,1.0,0.8333,10.96,0,1.0,1.63
EDU-003972,1,1,1,9500,1,1,114.0,1,19,38,5,3,112.6,1,0,0,1,0,0,19,0,0,7,10,6,11.85,0,0,8,10,7,13.65,0,16.2,0.3,-0.92,Graduate,Female,No,No,Up to Date,Yes,1.8,1,0.8571,0.875,11.31,0,1.17,1.8
EDU-003973,1,39,1,9991,0,1,120.0,1,37,37,9,9,111.1,0,0,0,1,0,0,31,0,0,5,8,4,11.0,0,0,5,6,5,11.2,0,7.6,2.6,0.32,Graduate,Female,No,No,Up to Date,No,0.2,1,0.8,1.0,11.12,0,0.83,0.2
EDU-003974,1,43,3,9500,1,1,140.0,1,1,19,9,7,127.5,1,0,1,1,0,1,20,0,0,7,9,7,12.327777777777778,0,0,8,10,8,11.736,0,15.5,2.8,-4.06,Graduate,Female,Yes,Yes,Up to Date,Yes,-0.59,1,1.0,1.0,11.97,0,1.17,0.59
EDU-003975,1,43,1,9085,1,1,130.0,1,19,38,7,7,120.2,1,0,0,1,0,0,20,0,0,5,9,4,12.0,0,0,5,10,5,13.428571428571429,1,10.8,1.4,1.74,Graduate,Female,No,No,Up to Date,Yes,1.43,1,0.8,1.0,12.86,0,0.83,1.43
EDU-003976,1,17,4,9500,1,1,121.0,1,37,37,5,5,118.9,1,0,0,1,0,0,21,0,0,7,7,7,14.428571428571429,0,0,8,9,8,14.511111111111113,0,16.2,0.3,-0.92,Graduate,Female,No,No,Up to Date,Yes,0.08,1,1.0,1.0,14.48,0,1.17,0.08
EDU-003977,1,1,4,9500,1,1,130.0,1,19,19,9,7,119.9,1,0,0,1,0,0,18,0,0,7,7,7,13.78,0,0,8,8,8,12.6125,0,12.4,0.5,1.79,Graduate,Female,No,No,Up to Date,Yes,-1.17,1,1.0,1.0,13.08,0,1.17,1.17
EDU-003978,1,17,2,9500,1,1,141.0,1,37,1,9,4,127.3,1,0,0,1,0,1,19,0,0,7,7,6,13.8,0,0,7,7,6,13.8,0,7.6,2.6,0.32,Graduate,Female,Yes,No,Up to Date,Yes,0.0,0,0.8571,0.8571,11.83,0,1.17,0.0
EDU-003979,1,1,1,9853,1,1,131.0,1,19,19,3,7,127.9,1,0,0,1,0,1,18,0,0,7,7,7,14.857142857142858,0,0,7,7,7,15.142857142857142,0,13.9,-0.3,0.79,Graduate,Female,Yes,No,Up to Date,Yes,0.29,0,1.0,1.0,15.03,0,1.17,0.29
EDU-003980,4,39,1,9773,1,38,133.1,1,19,19,7,9,133.0,0,0,0,1,0,0,40,0,0,6,8,5,13.0,0,0,6,7,5,12.6,0,16.2,0.3,-0.92,Enrolled,Female,No,No,Up to Date,No,-0.4,0,0.8333,0.8333,10.63,0,1.0,0.4
EDU-003981,1,17,6,9238,1,1,117.0,1,1,38,4,7,114.6,0,0,0,1,0,1,18,0,0,6,7,6,12.142857142857142,0,0,6,6,6,13.333333333333334,0,13.9,-0.3,0.79,Graduate,Female,Yes,No,Up to Date,No,1.19,0,1.0,1.0,12.86,0,1.0,1.19
EDU-003982,1,1,2,9085,1,1,151.0,1,40,4,2,2,144.5,1,0,0,1,0,0,18,0,0,6,7,6,15.666666666666666,0,0,6,6,6,14.833333333333334,0,8.9,1.4,3.51,Graduate,Female,No,No,Up to Date,Yes,-0.83,0,1.0,1.0,15.17,0,1.0,0.83
EDU-003983,1,17,1,9500,1,1,131.0,1,1,19,4,3,125.4,1,0,0,1,0,0,19,0,0,7,13,5,12.5,0,0,8,14,7,12.166666666666666,0,15.5,2.8,-4.06,Graduate,Female,No,No,Up to Date,Yes,-0.33,2,0.7143,0.875,10.76,0,1.17,0.33
EDU-003984,1,17,1,9238,1,1,145.0,1,38,38,9,7,145.0,0,0,0,1,0,1,19,0,0,6,7,6,12.833333333333334,0,0,6,6,6,13.166666666666666,0,12.4,0.5,1.79,Graduate,Female,Yes,No,Up to Date,No,0.33,0,1.0,1.0,13.03,0,1.0,0.33
EDU-003985,1,39,1,9003,1,1,135.0,1,38,38,9,6,138.1,0,0,1,0,0,0,28,0,0,6,6,0,0.0,0,0,6,7,0,0.0,0,8.9,1.4,3.51,Dropout,Female,No,Yes,In Arrears,No,0.0,0,0.0,0.0,0.0,1,1.0,0.0
EDU-003986,1,17,1,9070,1,1,119.0,1,37,38,9,8,124.6,1,0,0,1,0,0,20,0,0,6,6,6,12.5,0,0,6,6,6,12.666666666666666,0,7.6,2.6,0.32,Graduate,Female,No,No,Up to Date,Yes,0.17,0,1.0,1.0,12.6,0,1.0,0.17
EDU-003987,1,1,2,9773,1,1,122.0,1,37,37,9,9,130.8,1,0,0,1,0,0,18,0,0,6,14,4,11.25,0,0,6,9,5,13.0,0,9.4,-0.8,-3.12,Graduate,Female,No,No,Up to Date,Yes,1.75,1,0.6667,0.8333,10.25,0,1.0,1.75
EDU-003988,1,1,2,9500,1,1,155.0,1,1,1,4,3,140.5,1,0,0,1,0,0,18,0,0,7,7,6,15.25,0,0,7,7,6,15.25,0,7.6,2.6,0.32,Graduate,Female,No,No,Up to Date,Yes,0.0,0,0.8571,0.8571,13.07,0,1.17,0.0
EDU-003989,1,1,1,9085,1,1,123.0,1,19,37,9,9,124.1,1,0,0,1,0,1,20,0,0,5,13,5,14.0,2,0,5,10,3,12.0,1,9.4,-0.8,-3.12,Graduate,Female,Yes,No,Up to Date,Yes,-2.0,-2,1.0,0.6,7.68,0,0.83,2.0
EDU-003990,1,43,1,9238,1,1,130.0,1,38,19,9,4,118.4,0,0,1,1,0,0,28,0,15,16,16,13,12.076923076923077,0,13,13,13,11,12.090909090909092,0,16.2,0.3,-0.92,Graduate,Female,No,Yes,Up to Date,No,0.01,-2,0.8125,0.8462,10.23,0,2.67,0.01
EDU-003991,1,15,1,9853,1,1,133.1,41,43,1,153,135,128.2,0,0,0,1,0,0,23,1,11,16,17,16,14.625,0,6,10,12,9,14.88888888888889,0,8.9,1.4,3.51,Graduate,Female,No,No,Up to Date,No,0.26,-7,1.0,0.9,13.31,0,2.67,0.26
EDU-003992,1,1,1,9853,1,1,114.0,1,19,37,5,5,109.5,1,0,0,1,0,0,19,0,0,7,10,4,10.5,0,0,7,7,2,10.5,0,16.2,0.3,-0.92,Dropout,Female,No,No,Up to Date,Yes,0.0,-2,0.5714,0.2857,3.0,0,1.17,0.0
EDU-003993,1,17,1,9238,1,1,137.0,1,38,19,152,171,131.1,1,0,0,1,0,1,18,0,0,6,8,6,12.833333333333334,0,0,6,6,6,12.166666666666666,0,8.9,1.4,3.51,Graduate,Female,Yes,No,Up to Date,Yes,-0.67,0,1.0,1.0,12.43,0,1.0,0.67
EDU-003994,1,1,3,9773,1,1,161.0,22,37,37,9,9,137.9,0,0,1,0,0,1,20,1,0,6,6,6,12.5,0,0,6,7,5,11.8,0,10.8,1.4,1.74,Graduate,Female,Yes,Yes,In Arrears,No,-0.7,-1,1.0,0.8333,10.07,1,1.0,0.7
EDU-003995,1,1,1,171,1,1,133.1,1,3,1,2,4,128.2,1,0,0,1,0,0,20,0,5,12,13,12,11.23076923076923,0,3,11,18,9,12.77777777777778,0,11.1,0.6,2.02,Graduate,Female,No,No,Up to Date,Yes,1.55,-3,1.0,0.8182,9.95,0,2.0,1.55
EDU-003996,2,39,1,9991,0,1,133.1,1,37,37,9,9,126.5,0,0,0,1,0,0,27,0,0,5,5,2,10.5,0,0,5,5,0,0.0,0,7.6,2.6,0.32,Dropout,Female,No,No,Up to Date,No,-10.5,-2,0.4,0.0,0.0,0,0.83,10.5
EDU-003997,1,1,1,9853,1,1,128.0,1,1,1,9,9,120.0,1,0,0,1,0,0,18,0,0,6,11,3,12.0,0,0,6,13,2,12.0,0,12.7,3.7,-1.7,Dropout,Female,No,No,Up to Date,Yes,0.0,-1,0.5,0.3333,4.0,0,1.0,0.0
EDU-003998,4,39,2,9556,1,19,133.1,1,19,19,4,6,123.0,0,0,0,1,0,1,37,0,0,7,10,7,10.985714285714286,0,0,8,11,8,12.3,0,10.8,1.4,1.74,Graduate,Female,Yes,No,Up to Date,No,1.31,1,1.0,1.0,11.77,0,1.17,1.31
EDU-003999,4,7,1,9500,1,40,130.0,1,19,19,4,6,130.0,0,0,0,0,0,0,42,0,2,7,10,5,12.62,0,3,7,11,3,14.166666666666666,0,12.4,0.5,1.79,Dropout,Female,No,No,In Arrears,No,1.55,-2,0.7143,0.4286,5.81,0,1.17,1.55
EDU-004000,1,17,6,9500,1,1,147.0,1,1,38,4,8,141.1,1,0,0,1,0,0,20,0,0,7,9,6,13.0,0,0,8,8,8,14.2125,0,13.9,-0.3,0.79,Dropout,Female,No,No,Up to Date,Yes,1.21,2,0.8571,1.0,13.73,0,1.17,1.21
EDU-004001,2,39,1,9119,1,1,140.0,1,34,34,9,9,140.0,0,0,0,0,1,0,34,0,0,5,5,0,0.0,0,0,5,5,0,0.0,0,15.5,2.8,-4.06,Dropout,Male,No,No,In Arrears,No,0.0,0,0.0,0.0,0.0,0,0.83,0.0
EDU-004002,1,42,1,9119,1,1,140.0,1,3,3,3,2,133.6,1,0,0,1,1,0,22,0,0,5,0,0,0.0,0,0,5,0,0,0.0,0,10.8,1.4,1.74,Dropout,Male,No,No,Up to Date,Yes,0.0,0,0.0,0.0,0.0,0,0.83,0.0
EDU-004003,2,39,2,9254,1,19,133.1,1,19,19,9,5,123.5,0,0,0,1,1,0,39,0,0,6,6,6,13.5,0,0,6,6,6,13.333333333333334,0,12.4,0.5,1.79,Graduate,Male,No,No,Up to Date,No,-0.17,0,1.0,1.0,13.4,0,1.0,0.17
EDU-004004,1,1,1,9500,1,1,141.0,1,37,37,9,9,136.3,1,0,0,1,1,1,18,0,0,7,7,6,13.516666666666666,0,0,7,7,6,13.516666666666666,0,7.6,2.6,0.32,Graduate,Male,Yes,No,Up to Date,Yes,0.0,0,0.8571,0.8571,11.59,0,1.17,0.0
EDU-004005,1,1,2,9070,1,1,128.0,1,37,37,9,9,123.5,1,0,0,1,1,1,21,0,0,6,6,6,13.166666666666666,0,0,6,8,6,13.285714285714286,0,8.9,1.4,3.51,Graduate,Male,Yes,No,Up to Date,Yes,0.12,0,1.0,1.0,13.24,0,1.0,0.12
EDU-004006,2,39,1,9085,1,1,150.0,1,37,37,90,10,112.0,0,0,0,1,1,0,34,0,0,6,0,0,0.0,0,0,6,0,0,0.0,0,10.8,1.4,1.74,Dropout,Male,No,No,Up to Date,No,0.0,0,0.0,0.0,0.0,0,1.0,0.0
EDU-004007,1,44,1,9003,1,39,160.0,1,37,37,9,9,160.0,0,0,0,1,1,1,22,0,0,6,8,6,13.125,0,0,6,10,6,13.0,0,16.2,0.3,-0.92,Graduate,Male,Yes,No,Up to Date,No,-0.12,0,1.0,1.0,13.05,0,1.0,0.12
EDU-004008,1,39,1,9003,1,1,133.1,1,1,37,4,7,110.0,0,0,0,1,1,0,31,0,0,6,15,3,14.4,0,0,6,20,0,0.0,0,16.2,0.3,-0.92,Dropout,Male,No,No,Up to Date,No,-14.4,-3,0.5,0.0,0.0,0,1.0,14.4
EDU-004009,1,18,3,9853,1,1,128.0,1,38,37,5,9,116.8,1,0,0,0,1,0,19,0,0,6,10,4,12.0,0,0,6,12,0,0.0,0,10.8,1.4,1.74,Dropout,Male,No,No,In Arrears,Yes,-12.0,-4,0.6667,0.0,0.0,0,1.0,12.0
EDU-004010,1,17,5,9254,1,1,114.0,1,38,1,5,9,109.5,0,0,0,1,1,0,19,0,0,5,5,0,0.0,0,0,5,10,0,0.0,0,10.8,1.4,1.74,Dropout,Male,No,No,Up to Date,No,0.0,0,0.0,0.0,0.0,0,0.83,0.0
EDU-004011,1,39,1,9556,1,19,133.1,1,37,37,9,10,100.0,0,0,0,1,1,0,31,0,0,7,7,0,0.0,0,0,7,7,0,0.0,0,15.5,2.8,-4.06,Dropout,Male,No,No,Up to Date,No,0.0,0,0.0,0.0,0.0,0,1.17,0.0
EDU-004012,1,5,1,9147,1,1,126.0,1,19,38,5,6,117.3,1,0,0,1,0,0,19,0,0,5,15,3,10.8,0,0,5,6,3,10.5,0,13.9,-0.3,0.79,Enrolled,Female,No,No,Up to Date,Yes,-0.3,0,0.6,0.6,6.37,0,0.83,0.3
EDU-004013,2,39,2,9670,1,1,133.1,41,37,19,9,9,130.0,0,0,0,1,0,0,30,1,0,6,0,0,0.0,0,0,6,0,0,0.0,0,9.4,-0.8,-3.12,Dropout,Female,No,No,Up to Date,No,0.0,0,0.0,0.0,0.0,0,1.0,0.0
EDU-004014,1,51,1,9500,1,1,129.0,1,37,38,3,3,137.8,1,0,0,1,0,1,20,0,2,7,7,7,16.13142857142857,0,0,8,9,8,15.52222222222222,0,11.1,0.6,2.02,Graduate,Female,Yes,No,Up to Date,Yes,-0.61,1,1.0,1.0,15.77,0,1.17,0.61
EDU-004015,1,17,1,9500,1,1,140.0,1,19,38,7,7,136.5,1,0,0,1,0,1,18,0,0,7,7,7,14.838571428571427,0,0,8,9,8,14.8,0,12.4,0.5,1.79,Graduate,Female,Yes,No,Up to Date,Yes,-0.04,1,1.0,1.0,14.82,0,1.17,0.04
EDU-004016,4,39,1,9991,0,1,133.1,1,37,37,5,5,138.7,0,0,0,1,0,0,31,0,0,5,7,3,10.333333333333334,0,0,5,6,3,12.0,0,10.8,1.4,1.74,Dropout,Female,No,No,Up to Date,No,1.67,0,0.6,0.6,6.8,0,0.83,1.67
EDU-004017,1,17,1,9254,1,1,134.0,1,19,1,9,4,124.9,1,0,0,1,0,0,19,0,0,6,11,3,12.0,0,0,6,11,4,11.25,0,7.6,2.6,0.32,Dropout,Female,No,No,Up to Date,Yes,-0.75,1,0.5,0.6667,7.7,0,1.0,0.75
EDU-004018,4,39,1,8014,0,1,133.1,1,37,37,9,7,140.0,0,0,0,1,0,1,43,0,0,6,6,0,0.0,0,0,5,5,0,0.0,0,8.9,1.4,3.51,Dropout,Female,Yes,No,Up to Date,No,0.0,0,0.0,0.0,0.0,0,1.0,0.0
EDU-004019,1,17,2,9254,1,1,132.0,1,38,38,9,8,122.6,1,0,0,1,0,1,20,0,0,6,6,6,13.166666666666666,0,0,6,6,6,14.0,0,13.9,-0.3,0.79,Graduate,Female,Yes,No,Up to Date,Yes,0.83,0,1.0,1.0,13.67,0,1.0,0.83
EDU-004020,1,1,2,9500,1,1,131.0,1,1,1,5,9,129.5,1,0,0,1,0,1,19,0,0,8,8,8,13.9475,0,0,8,8,8,13.9475,0,9.4,-0.8,-3.12,Graduate,Female,Yes,No,Up to Date,Yes,0.0,0,1.0,1.0,13.95,0,1.33,0.0
EDU-004021,1,1,1,9670,1,1,133.1,1,3,1,1,7,155.0,0,0,0,1,0,0,22,0,0,5,6,3,11.333333333333334,0,0,5,5,0,0.0,0,9.4,-0.8,-3.12,Dropout,Female,No,No,Up to Date,No,-11.33,-3,0.6,0.0,0.0,0,0.83,11.33
EDU-004022,1,1,1,8014,0,1,133.1,1,3,1,1,7,100.0,0,0,0,1,0,0,26,0,2,8,11,7,12.75,0,2,7,7,7,12.285714285714286,0,16.2,0.3,-0.92,Graduate,Female,No,No,Up to Date,No,-0.46,0,0.875,1.0,12.47,0,1.33,0.46
EDU-004023,1,18,1,9147,1,1,160.0,1,19,19,5,8,137.6,1,0,0,1,0,1,19,0,0,5,6,5,12.6,0,0,5,8,5,11.25,0,10.8,1.4,1.74,Graduate,Female,Yes,No,Up to Date,Yes,-1.35,0,1.0,1.0,11.79,0,0.83,1.35
EDU-004024,1,7,1,9500,1,3,120.0,1,19,3,4,2,120.0,1,0,0,1,0,0,29,0,0,8,8,6,12.25,1,0,8,8,6,12.25,1,12.7,3.7,-1.7,Dropout,Female,No,No,Up to Date,Yes,0.0,0,0.75,0.75,9.19,0,1.33,0.0
EDU-004025,1,15,1,9556,1,1,114.0,26,3,19,122,144,114.0,0,0,0,1,0,0,20,1,0,7,14,0,0.0,6,0,7,12,2,11.666666666666666,0,8.9,1.4,3.51,Enrolled,Female,No,No,Up to Date,No,11.67,2,0.0,0.2857,2.0,0,1.17,11.67
EDU-004026,4,1,1,9991,0,1,140.0,1,37,37,9,7,139.0,0,0,0,1,0,1,38,0,0,5,8,5,11.0,0,0,5,7,5,11.4,0,9.4,-0.8,-3.12,Enrolled,Female,Yes,No,Up to Date,No,0.4,0,1.0,1.0,11.24,0,0.83,0.4
EDU-004027,1,39,1,9003,1,1,100.0,1,37,37,9,5,110.0,0,0,0,1,0,0,41,0,8,12,17,12,11.833333333333334,0,3,12,22,9,12.7,0,15.5,2.8,-4.06,Graduate,Female,No,No,Up to Date,No,0.87,-3,1.0,0.75,9.26,0,2.0,0.87
EDU-004028,1,1,6,9500,1,1,139.0,1,19,38,4,9,128.5,1,0,0,1,0,0,19,0,0,8,10,6,13.066666666666668,0,0,8,10,6,13.066666666666668,0,12.7,3.7,-1.7,Dropout,Female,No,No,Up to Date,Yes,0.0,0,0.75,0.75,9.8,0,1.33,0.0
EDU-004029,1,1,1,9070,1,1,136.0,1,1,38,4,5,132.2,0,0,1,1,0,0,19,0,0,6,6,6,13.833333333333334,0,0,6,8,6,13.875,0,10.8,1.4,1.74,Graduate,Female,No,Yes,Up to Date,No,0.04,0,1.0,1.0,13.86,0,1.0,0.04
EDU-004030,4,7,1,9500,1,3,130.0,1,3,19,2,3,130.0,0,0,0,1,0,0,43,0,0,7,7,3,13.833333333333334,1,0,7,7,0,0.0,0,16.2,0.3,-0.92,Dropout,Female,No,No,Up to Date,No,-13.83,-3,0.4286,0.0,0.0,0,1.17,13.83
EDU-004031,1,17,1,9130,1,1,145.0,1,38,37,9,7,129.3,1,0,0,1,0,0,19,0,0,5,5,5,11.8,0,0,5,5,5,13.2,0,10.8,1.4,1.74,Graduate,Female,No,No,Up to Date,Yes,1.4,0,1.0,1.0,12.64,0,0.83,1.4
EDU-004032,1,1,1,171,1,1,133.1,1,19,38,9,8,128.2,1,0,0,1,1,1,19,0,6,12,12,12,13.333333333333334,0,4,11,15,10,12.818181818181818,0,8.9,1.4,3.51,Enrolled,Male,Yes,No,Up to Date,Yes,-0.52,-2,1.0,0.9091,11.84,0,2.0,0.52
EDU-004033,1,1,6,9500,1,1,146.0,1,2,19,3,9,130.3,1,0,0,1,1,0,18,0,0,8,8,8,13.74625,0,0,8,8,8,13.74625,0,9.4,-0.8,-3.12,Graduate,Male,No,No,Up to Date,Yes,0.0,0,1.0,1.0,13.75,0,1.33,0.0
EDU-004034,1,1,1,171,1,1,159.0,1,3,3,2,2,162.5,1,0,0,1,1,0,19,0,0,0,0,0,0.0,0,0,0,0,0,0.0,0,16.2,0.3,-0.92,Dropout,Male,No,No,Up to Date,Yes,0.0,0,0.0,0.0,0.0,0,0.0,0.0
EDU-004035,2,39,1,8014,0,19,133.1,1,34,34,0,0,130.0,0,0,0,1,1,0,38,0,0,6,0,0,0.0,0,0,6,0,0,0.0,0,9.4,-0.8,-3.12,Dropout,Male,No,No,Up to Date,No,0.0,0,0.0,0.0,0.0,0,1.0,0.0
EDU-004036,2,7,1,9130,1,2,110.0,1,19,19,4,8,110.0,1,0,0,1,1,0,37,0,0,6,9,0,0.0,0,0,6,6,0,0.0,0,16.2,0.3,-0.92,Dropout,Male,No,No,Up to Date,Yes,0.0,0,0.0,0.0,0.0,0,1.0,0.0
EDU-004037,1,39,1,9670,1,1,120.0,1,1,19,4,10,142.3,1,0,0,1,0,1,26,0,0,6,6,6,13.333333333333334,0,0,6,10,5,14.5,0,10.8,1.4,1.74,Graduate,Female,Yes,No,Up to Date,Yes,1.17,-1,1.0,0.8333,11.69,0,1.0,1.17
EDU-004038,1,17,1,9238,1,1,130.0,1,37,37,9,9,122.0,1,0,0,1,0,1,21,0,0,6,8,1,10.0,0,0,6,13,5,11.4,0,12.7,3.7,-1.7,Enrolled,Female,Yes,No,Up to Date,Yes,1.4,4,0.1667,0.8333,9.03,0,1.0,1.4
EDU-004039,1,1,3,9085,1,1,158.0,1,1,19,9,9,153.6,1,0,0,1,0,1,18,0,0,6,7,6,15.666666666666666,0,0,6,8,6,15.285714285714286,0,8.9,1.4,3.51,Graduate,Female,Yes,No,Up to Date,Yes,-0.38,0,1.0,1.0,15.44,0,1.0,0.38
EDU-004040,1,1,1,9853,1,1,122.0,1,3,19,2,3,112.9,0,0,0,1,0,0,18,0,0,7,9,7,11.857142857142858,0,0,7,7,7,11.857142857142858,0,16.2,0.3,-0.92,Graduate,Female,No,No,Up to Date,No,0.0,0,1.0,1.0,11.86,0,1.17,0.0
EDU-004041,1,1,1,9085,1,1,140.0,1,3,1,2,4,124.1,0,0,0,1,0,0,18,0,0,5,12,5,14.5,2,0,5,5,5,13.6,0,9.4,-0.8,-3.12,Graduate,Female,No,No,Up to Date,No,-0.9,0,1.0,1.0,13.96,0,0.83,0.9
EDU-004042,1,17,1,9238,1,1,136.0,1,38,1,9,4,129.7,0,0,0,1,0,0,19,0,0,6,6,6,12.166666666666666,0,0,6,7,6,13.714285714285714,0,15.5,2.8,-4.06,Graduate,Female,No,No,Up to Date,No,1.55,0,1.0,1.0,13.1,0,1.0,1.55
EDU-004043,1,1,1,9773,1,1,111.0,1,19,19,9,9,110.0,1,0,0,1,0,0,18,0,0,6,6,5,12.6,0,0,6,8,6,12.0,0,11.1,0.6,2.02,Graduate,Female,No,No,Up to Date,Yes,-0.6,1,0.8333,1.0,12.24,0,1.0,0.6
EDU-004044,1,17,2,9500,1,1,145.0,1,2,38,3,8,136.3,1,0,0,1,0,0,18,0,0,8,12,7,12.285714285714286,0,0,8,12,7,12.285714285714286,0,12.7,3.7,-1.7,Enrolled,Female,No,No,Up to Date,Yes,0.0,0,0.875,0.875,10.75,0,1.33,0.0
EDU-004045,1,17,1,9238,1,1,133.1,1,38,38,191,193,146.0,0,0,1,1,0,1,19,0,0,6,6,6,12.666666666666666,0,0,6,7,6,13.0,0,8.9,1.4,3.51,Graduate,Female,Yes,Yes,Up to Date,No,0.33,0,1.0,1.0,12.87,0,1.0,0.33
EDU-004046,1,1,1,9500,1,1,140.0,1,19,38,7,8,129.9,0,0,0,1,0,0,19,0,0,7,0,0,0.0,0,0,8,0,0,0.0,0,16.2,0.3,-0.92,Dropout,Female,No,No,Up to Date,No,0.0,0,0.0,0.0,0.0,0,1.17,0.0
EDU-004047,1,1,1,9254,1,1,140.0,1,19,1,9,8,140.9,1,0,0,1,0,1,18,0,0,6,7,6,12.857142857142858,0,0,6,10,4,13.0,0,12.7,3.7,-1.7,Graduate,Female,Yes,No,Up to Date,Yes,0.14,-2,1.0,0.6667,8.63,0,1.0,0.14
EDU-004048,2,1,1,9500,1,1,156.0,1,1,1,9,10,135.5,0,0,0,1,0,0,18,0,0,8,8,7,13.9,0,0,8,8,7,13.9,0,12.7,3.7,-1.7,Graduate,Female,No,No,Up to Date,No,0.0,0,0.875,0.875,12.16,0,1.33,0.0
EDU-004049,1,1,1,9500,1,1,132.0,1,38,37,9,7,122.0,1,0,0,1,0,1,20,0,0,8,8,7,13.817142857142857,0,0,8,8,7,13.817142857142857,0,10.8,1.4,1.74,Graduate,Female,Yes,No,Up to Date,Yes,0.0,0,0.875,0.875,12.09,0,1.33,0.0
EDU-004050,1,53,1,9556,1,42,140.0,1,1,19,4,5,140.0,0,0,0,1,0,1,22,0,1,7,10,6,13.314285714285717,0,2,8,10,7,12.875,0,8.9,1.4,3.51,Graduate,Female,Yes,No,Up to Date,No,-0.44,1,0.8571,0.875,11.42,0,1.17,0.44
EDU-004051,1,1,1,9130,1,1,164.0,1,34,1,0,0,163.0,0,0,0,1,0,0,18,0,0,6,0,0,0.0,0,0,6,0,0,0.0,0,7.6,2.6,0.32,Dropout,Female,No,No,Up to Date,No,0.0,0,0.0,0.0,0.0,0,1.0,0.0
EDU-004052,1,17,4,9254,1,1,113.0,1,38,19,7,7,107.4,1,0,0,1,0,1,19,0,0,6,6,6,12.166666666666666,0,0,6,6,6,12.166666666666666,0,12.4,0.5,1.79,Graduate,Female,Yes,No,Up to Date,Yes,0.0,0,1.0,1.0,12.17,0,1.0,0.0
EDU-004053,1,1,1,9254,1,1,122.0,1,37,37,9,9,114.3,1,0,0,0,0,1,20,0,0,6,12,4,11.25,0,0,6,12,3,11.333333333333334,0,7.6,2.6,0.32,Dropout,Female,Yes,No,In Arrears,Yes,0.08,-1,0.6667,0.5,5.65,0,1.0,0.08
EDU-004054,1,43,1,9070,1,1,150.0,1,2,3,3,2,140.8,0,0,0,1,0,0,19,0,1,6,6,5,12.4,0,0,6,8,6,12.75,0,10.8,1.4,1.74,Enrolled,Female,No,No,Up to Date,No,0.35,1,0.8333,1.0,12.61,0,1.0,0.35
EDU-004055,1,1,2,9773,1,1,135.0,1,37,37,5,5,126.3,1,1,0,1,0,1,20,0,0,6,6,6,14.666666666666666,0,0,6,7,6,14.571428571428571,0,8.9,1.4,3.51,Graduate,Female,Yes,No,Up to Date,Yes,-0.1,0,1.0,1.0,14.61,0,1.0,0.1
EDU-004056,1,39,1,9085,1,1,133.1,1,3,19,2,9,110.0,0,0,0,1,0,0,28,0,0,6,15,4,12.0,0,0,6,14,4,12.0,0,11.1,0.6,2.02,Dropout,Female,No,No,Up to Date,No,0.0,0,0.6667,0.6667,8.0,0,1.0,0.0
EDU-004057,1,1,2,9085,1,1,122.0,1,1,1,193,101,126.2,0,0,0,1,0,0,19,0,0,6,8,6,14.0,0,0,6,18,3,12.666666666666666,0,12.4,0.5,1.79,Graduate,Female,No,No,Up to Date,No,-1.33,-3,1.0,0.5,6.6,0,1.0,1.33
EDU-004058,1,42,1,9003,1,39,140.0,1,19,1,5,5,140.0,0,0,0,1,0,0,22,0,0,6,10,6,12.571428571428571,0,0,6,12,4,13.666666666666666,0,15.5,2.8,-4.06,Enrolled,Female,No,No,Up to Date,No,1.1,-2,1.0,0.6667,8.82,0,1.0,1.1
EDU-004059,1,1,1,9085,1,1,138.0,1,1,3,9,1,123.0,1,0,0,1,0,0,19,0,1,6,14,6,15.538461538461538,0,0,6,9,6,12.625,0,15.5,2.8,-4.06,Graduate,Female,No,No,Up to Date,Yes,-2.91,0,1.0,1.0,13.79,0,1.0,2.91
EDU-004060,1,1,3,9773,1,1,130.0,1,19,19,5,5,157.0,1,0,0,0,0,0,18,0,0,6,0,0,0.0,0,0,6,0,0,0.0,0,13.9,-0.3,0.79,Dropout,Female,No,No,In Arrears,Yes,0.0,0,0.0,0.0,0.0,0,1.0,0.0
EDU-004061,1,5,1,9130,1,1,157.0,1,5,43,2,2,149.7,1,0,0,1,0,0,18,0,0,6,6,6,15.0,0,0,6,6,6,14.833333333333334,0,8.9,1.4,3.51,Graduate,Female,No,No,Up to Date,Yes,-0.17,0,1.0,1.0,14.9,0,1.0,0.17
EDU-004062,1,43,1,9130,1,1,140.0,1,2,1,2,3,140.0,1,0,0,1,0,0,22,0,0,5,11,4,12.25,0,0,5,9,5,13.285714285714286,0,12.7,3.7,-1.7,Graduate,Female,No,No,Up to Date,Yes,1.04,1,0.8,1.0,12.87,0,0.83,1.04
EDU-004063,1,53,1,9085,1,42,170.0,1,1,19,4,7,170.0,0,0,0,1,0,0,20,0,7,11,13,11,15.692307692307692,0,4,9,9,9,15.555555555555555,0,8.9,1.4,3.51,Graduate,Female,No,No,Up to Date,No,-0.14,-2,1.0,1.0,15.61,0,1.83,0.14
EDU-004064,1,39,1,9991,0,1,150.0,1,1,37,9,7,130.2,0,0,0,1,0,1,24,0,0,5,7,5,12.285714285714286,0,0,5,9,5,12.75,1,16.2,0.3,-0.92,Graduate,Female,Yes,No,Up to Date,No,0.46,0,1.0,1.0,12.56,0,0.83,0.46
EDU-004065,1,17,1,171,1,1,146.0,1,1,38,9,9,135.5,1,0,1,1,0,0,22,0,12,17,19,12,11.833333333333334,0,10,17,22,11,11.25,0,11.1,0.6,2.02,Enrolled,Female,No,Yes,Up to Date,Yes,-0.58,-1,0.7059,0.6471,7.43,0,2.83,0.58
EDU-004066,1,43,1,8014,0,1,120.0,1,38,19,5,4,118.3,0,0,0,1,0,0,20,0,2,6,6,6,12.166666666666666,0,0,6,7,5,14.0,0,12.7,3.7,-1.7,Enrolled,Female,No,No,Up to Date,No,1.83,-1,1.0,0.8333,11.06,0,1.0,1.83
EDU-004067,1,1,1,9556,1,1,118.0,1,19,38,9,9,116.3,1,0,0,1,0,1,20,0,0,7,10,7,11.88888888888889,0,0,8,10,8,11.95625,0,12.7,3.7,-1.7,Graduate,Female,Yes,No,Up to Date,Yes,0.07,1,1.0,1.0,11.93,0,1.17,0.07
EDU-004068,2,7,1,8014,0,3,120.0,1,38,1,9,9,120.0,0,0,0,0,0,0,35,0,0,6,0,0,0.0,0,0,6,0,0,0.0,0,10.8,1.4,1.74,Dropout,Female,No,No,In Arrears,No,0.0,0,0.0,0.0,0.0,0,1.0,0.0
EDU-004069,1,1,1,9670,1,1,154.0,1,1,1,5,7,154.7,0,0,0,1,0,1,18,0,0,5,6,5,11.8,0,0,5,5,5,12.6,0,9.4,-0.8,-3.12,Graduate,Female,Yes,No,Up to Date,No,0.8,0,1.0,1.0,12.28,0,0.83,0.8
EDU-004070,1,17,2,9238,1,1,139.0,1,2,3,3,3,132.7,1,0,0,1,0,0,19,0,0,6,7,6,11.166666666666666,0,0,6,9,6,11.666666666666666,0,9.4,-0.8,-3.12,Graduate,Female,No,No,Up to Date,Yes,0.5,0,1.0,1.0,11.47,0,1.0,0.5
EDU-004071,1,18,1,9500,1,1,136.0,1,3,3,3,3,130.8,0,0,0,1,0,0,18,0,0,7,7,7,14.05714285714286,0,0,8,9,8,14.6,0,16.2,0.3,-0.92,Graduate,Female,No,No,Up to Date,No,0.54,1,1.0,1.0,14.38,0,1.17,0.54
EDU-004072,1,1,2,9254,1,1,130.0,1,1,38,4,9,122.7,1,0,0,1,0,0,18,0,0,6,10,4,11.75,0,0,6,13,4,10.0,0,7.6,2.6,0.32,Dropout,Female,No,No,Up to Date,Yes,-1.75,0,0.6667,0.6667,7.13,0,1.0,1.75
EDU-004073,2,39,1,9238,1,19,133.1,1,1,2,4,6,130.0,0,0,0,1,0,0,31,0,0,6,6,6,13.166666666666666,0,0,6,8,6,13.0,0,9.4,-0.8,-3.12,Enrolled,Female,No,No,Up to Date,No,-0.17,0,1.0,1.0,13.07,0,1.0,0.17
EDU-004074,1,17,1,9238,1,1,133.0,1,19,19,5,7,123.6,0,0,0,1,0,1,19,0,0,6,7,6,13.5,0,0,6,7,6,14.0,0,15.5,2.8,-4.06,Graduate,Female,Yes,No,Up to Date,No,0.5,0,1.0,1.0,13.8,0,1.0,0.5
EDU-004075,1,18,1,9500,1,1,143.0,1,38,37,4,9,116.5,1,0,0,1,0,1,20,0,0,7,10,7,12.625,0,0,8,8,8,13.0625,0,15.5,2.8,-4.06,Graduate,Female,Yes,No,Up to Date,Yes,0.44,1,1.0,1.0,12.89,0,1.17,0.44
EDU-004076,1,17,3,9085,1,1,117.0,1,19,38,5,7,111.1,0,0,0,1,0,0,21,0,0,6,0,0,0.0,0,0,6,0,0,0.0,0,15.5,2.8,-4.06,Dropout,Female,No,No,Up to Date,No,0.0,0,0.0,0.0,0.0,0,1.0,0.0
EDU-004077,1,1,3,9500,1,1,145.0,1,19,38,9,7,136.3,1,0,0,1,0,1,18,0,0,8,8,7,13.971428571428572,0,0,8,8,7,13.971428571428572,0,12.7,3.7,-1.7,Graduate,Female,Yes,No,Up to Date,Yes,0.0,0,0.875,0.875,12.22,0,1.33,0.0
EDU-004078,1,1,5,9070,1,1,134.0,1,34,1,5,7,129.8,1,0,0,1,0,0,18,0,0,6,7,2,11.0,0,0,6,0,0,0.0,0,9.4,-0.8,-3.12,Dropout,Female,No,No,Up to Date,Yes,-11.0,-2,0.3333,0.0,0.0,0,1.0,11.0
EDU-004079,2,39,1,9991,0,1,170.0,1,38,19,4,8,134.7,0,0,0,1,0,0,33,0,0,5,5,5,12.8,0,0,5,6,5,15.333333333333334,0,10.8,1.4,1.74,Graduate,Female,No,No,Up to Date,No,2.53,0,1.0,1.0,14.32,0,0.83,2.53
EDU-004080,1,1,2,9670,1,1,143.0,1,37,37,9,7,131.8,1,0,0,1,0,1,18,0,0,6,8,6,13.571428571428571,0,0,6,6,5,12.8,0,12.4,0.5,1.79,Enrolled,Female,Yes,No,Up to Date,Yes,-0.77,-1,1.0,0.8333,10.92,0,1.0,0.77
EDU-004081,1,1,1,171,1,1,140.0,1,37,37,7,9,126.8,1,0,0,0,0,1,18,0,0,0,0,0,0.0,0,0,0,0,0,0.0,0,12.7,3.7,-1.7,Dropout,Female,Yes,No,In Arrears,Yes,0.0,0,0.0,0.0,0.0,0,0.0,0.0
EDU-004082,1,1,1,9085,1,1,131.0,1,37,37,9,6,130.7,0,0,1,1,0,0,21,0,0,5,9,2,11.5,0,0,5,13,4,11.0,1,10.8,1.4,1.74,Enrolled,Female,No,Yes,Up to Date,No,-0.5,2,0.4,0.8,8.96,0,0.83,0.5
EDU-004083,1,17,3,9254,1,1,115.0,1,37,19,5,5,109.8,1,0,0,1,0,0,19,0,0,6,8,4,11.25,0,0,6,8,4,12.0,0,10.8,1.4,1.74,Enrolled,Female,No,No,Up to Date,Yes,0.75,0,0.6667,0.6667,7.8,0,1.0,0.75
EDU-004084,1,7,1,9991,0,3,130.0,1,3,19,2,3,133.9,0,0,0,1,0,0,28,0,0,5,7,5,13.714285714285714,0,0,5,7,5,13.142857142857142,0,16.2,0.3,-0.92,Graduate,Female,No,No,Up to Date,No,-0.57,0,1.0,1.0,13.37,0,0.83,0.57
EDU-004085,2,39,1,9147,1,1,130.0,1,1,19,9,9,109.9,0,0,0,0,0,0,29,0,0,4,4,0,0.0,0,0,5,0,0,0.0,0,12.7,3.7,-1.7,Dropout,Female,No,No,In Arrears,No,0.0,0,0.0,0.0,0.0,0,0.67,0.0
EDU-004086,1,44,1,9130,1,39,160.0,1,1,37,3,3,160.0,1,0,1,0,0,0,36,0,2,6,9,6,12.0,0,1,6,8,3,14.666666666666666,0,12.4,0.5,1.79,Dropout,Female,No,Yes,In Arrears,Yes,2.67,-3,1.0,0.5,6.8,1,1.0,2.67
EDU-004087,1,39,1,8014,0,19,133.1,1,37,37,9,7,106.5,0,0,0,1,0,1,32,0,0,6,7,6,12.666666666666666,0,0,6,7,6,13.333333333333334,0,12.7,3.7,-1.7,Graduate,Female,Yes,No,Up to Date,No,0.67,0,1.0,1.0,13.07,0,1.0,0.67
EDU-004088,1,39,1,9500,1,1,130.0,1,38,37,5,7,120.0,1,0,0,1,0,1,25,0,0,8,11,7,13.29,3,0,8,11,7,13.29,3,9.4,-0.8,-3.12,Enrolled,Female,Yes,No,Up to Date,Yes,0.0,0,0.875,0.875,11.63,0,1.33,0.0
EDU-004089,2,43,1,9991,0,1,140.0,1,37,37,3,10,107.8,0,0,0,1,0,0,33,0,8,10,15,8,10.375,0,7,10,13,9,10.444444444444445,0,7.6,2.6,0.32,Enrolled,Female,No,No,Up to Date,No,0.07,1,0.8,0.9,9.38,0,1.67,0.07
EDU-004090,2,43,1,8014,0,14,133.1,1,34,34,0,0,100.0,0,0,0,0,0,0,34,0,3,7,13,3,12.0,0,2,7,15,1,13.0,1,9.4,-0.8,-3.12,Dropout,Female,No,No,In Arrears,No,1.0,-2,0.4286,0.1429,1.8,0,1.17,1.0
EDU-004091,2,39,1,8014,0,1,150.0,1,34,34,0,0,112.5,0,0,0,1,0,0,33,0,0,6,10,5,11.4,0,1,6,7,6,11.166666666666666,0,7.6,2.6,0.32,Graduate,Female,No,No,Up to Date,No,-0.23,1,0.8333,1.0,11.26,0,1.0,0.23
EDU-004092,1,43,1,9991,0,1,140.0,1,37,38,9,8,135.5,0,0,1,0,0,0,29,0,0,5,15,2,13.25,0,0,5,12,3,12.6,3,16.2,0.3,-0.92,Dropout,Female,No,Yes,In Arrears,No,-0.65,1,0.4,0.6,7.72,1,0.83,0.65
EDU-004093,1,1,1,9500,1,1,145.0,1,1,1,4,10,145.0,0,0,0,1,0,0,18,0,0,7,7,6,13.861666666666666,0,0,8,16,0,0.0,1,12.4,0.5,1.79,Dropout,Female,No,No,Up to Date,No,-13.86,-6,0.8571,0.0,0.0,0,1.17,13.86
EDU-004094,1,1,1,9773,1,1,126.0,1,37,38,7,7,119.0,0,0,0,1,0,1,18,0,0,6,6,6,12.166666666666666,0,0,6,7,6,12.142857142857142,0,15.5,2.8,-4.06,Graduate,Female,Yes,No,Up to Date,No,-0.02,0,1.0,1.0,12.15,0,1.0,0.02
EDU-004095,2,7,1,9238,1,3,130.0,1,37,19,4,5,130.0,0,0,0,1,0,0,38,0,0,6,17,4,13.75,0,0,6,15,6,14.5,0,16.2,0.3,-0.92,Graduate,Female,No,No,Up to Date,No,0.75,2,0.6667,1.0,14.2,0,1.0,0.75
EDU-004096,1,1,4,9500,1,1,135.0,1,38,37,9,8,126.3,1,0,0,1,0,1,19,0,0,7,7,6,15.433333333333332,0,0,7,7,6,15.433333333333332,0,7.6,2.6,0.32,Graduate,Female,Yes,No,Up to Date,Yes,0.0,0,0.8571,0.8571,13.23,0,1.17,0.0
EDU-004097,4,39,1,8014,0,19,133.1,1,37,37,9,9,113.5,0,0,0,1,0,1,39,0,0,6,6,6,13.833333333333334,0,0,6,6,6,15.5,0,11.1,0.6,2.02,Graduate,Female,Yes,No,Up to Date,No,1.67,0,1.0,1.0,14.83,0,1.0,1.67
EDU-004098,1,43,1,9991,0,3,120.0,1,37,37,9,9,120.0,0,0,0,1,0,0,37,0,7,14,21,12,11.833333333333334,0,11,12,15,11,11.363636363636363,0,12.7,3.7,-1.7,Graduate,Female,No,No,Up to Date,No,-0.47,-1,0.8571,0.9167,10.59,0,2.33,0.47
EDU-004099,1,17,2,9556,1,1,120.0,1,37,37,5,5,111.3,1,0,0,1,0,0,32,0,0,7,7,0,0.0,0,0,8,8,0,0.0,0,16.2,0.3,-0.92,Dropout,Female,No,No,Up to Date,Yes,0.0,0,0.0,0.0,0.0,0,1.17,0.0
EDU-004100,1,18,1,9238,1,1,147.0,1,38,34,4,0,130.2,0,0,0,1,0,0,18,0,0,1,1,0,0.0,1,0,6,0,0,0.0,0,10.8,1.4,1.74,Dropout,Female,No,No,Up to Date,No,0.0,0,0.0,0.0,0.0,0,0.17,0.0
EDU-004101,1,43,1,9556,1,1,149.0,1,1,1,4,8,140.2,1,1,0,1,0,0,20,0,1,7,9,7,12.333333333333334,0,0,8,8,8,12.625,0,12.7,3.7,-1.7,Enrolled,Female,No,No,Up to Date,Yes,0.29,1,1.0,1.0,12.51,0,1.17,0.29
EDU-004102,1,1,5,9070,1,1,124.0,1,37,37,9,9,113.9,1,0,0,1,0,0,20,0,0,6,6,6,11.166666666666666,0,0,6,6,6,12.166666666666666,0,7.6,2.6,0.32,Graduate,Female,No,No,Up to Date,Yes,1.0,0,1.0,1.0,11.77,0,1.0,1.0
EDU-004103,1,17,1,9085,1,1,133.1,1,37,37,9,9,99.0,1,0,0,1,0,1,23,0,0,6,6,6,14.666666666666666,0,0,6,8,6,12.428571428571429,0,8.9,1.4,3.51,Graduate,Female,Yes,No,Up to Date,Yes,-2.24,0,1.0,1.0,13.32,0,1.0,2.24
EDU-004104,1,1,2,9147,1,1,125.0,1,1,19,4,9,124.0,1,0,0,1,0,0,19,0,0,5,5,5,11.2,0,0,5,11,4,11.75,0,10.8,1.4,1.74,Enrolled,Female,No,No,Up to Date,Yes,0.55,-1,1.0,0.8,9.22,0,0.83,0.55
EDU-004105,1,1,1,9238,1,1,141.0,1,37,38,9,10,138.9,0,0,0,1,0,0,18,0,0,6,9,6,13.714285714285714,0,0,6,6,6,14.166666666666666,0,13.9,-0.3,0.79,Graduate,Female,No,No,Up to Date,No,0.45,0,1.0,1.0,13.99,0,1.0,0.45
EDU-004106,1,1,1,9147,1,1,131.0,1,38,19,9,9,130.0,1,0,0,1,1,0,19,0,0,5,5,5,12.8,0,0,5,10,5,11.444444444444445,0,10.8,1.4,1.74,Graduate,Male,No,No,Up to Date,Yes,-1.36,0,1.0,1.0,11.99,0,0.83,1.36
EDU-004107,1,17,4,9773,1,1,118.0,1,1,38,5,7,120.8,1,0,0,1,0,0,20,0,0,6,9,4,13.25,0,0,6,11,5,11.8,0,12.4,0.5,1.79,Graduate,Female,No,No,Up to Date,Yes,-1.45,1,0.6667,0.8333,10.32,0,1.0,1.45
EDU-004108,1,1,6,9500,1,1,129.0,1,37,19,9,7,127.8,1,0,0,1,0,0,19,0,0,8,10,6,13.78,1,0,8,10,6,13.78,1,9.4,-0.8,-3.12,Dropout,Female,No,No,Up to Date,Yes,0.0,0,0.75,0.75,10.34,0,1.33,0.0
EDU-004109,1,17,3,9500,1,1,136.0,1,37,38,4,5,126.0,1,0,0,1,0,0,19,0,0,8,8,7,15.11,0,0,8,8,7,15.11,0,10.8,1.4,1.74,Graduate,Female,No,No,Up to Date,Yes,0.0,0,0.875,0.875,13.22,0,1.33,0.0
EDU-004110,1,1,2,9238,1,1,134.0,1,1,19,4,5,126.0,0,0,0,1,0,0,18,0,0,6,10,4,11.0,0,0,6,8,5,11.2,0,10.8,1.4,1.74,Graduate,Female,No,No,Up to Date,No,0.2,1,0.6667,0.8333,9.27,0,1.0,0.2
EDU-004111,1,1,1,9500,1,1,153.0,1,38,19,9,5,138.5,1,0,0,1,0,1,20,0,0,8,8,7,15.798571428571426,0,0,8,8,7,15.798571428571426,0,10.8,1.4,1.74,Graduate,Female,Yes,No,Up to Date,Yes,0.0,0,0.875,0.875,13.82,0,1.33,0.0
EDU-004112,1,1,3,9500,1,1,119.0,1,19,37,9,9,119.4,1,0,0,1,0,0,20,0,0,7,7,7,13.775714285714288,0,0,8,8,8,15.599999999999998,0,12.4,0.5,1.79,Graduate,Female,No,No,Up to Date,Yes,1.82,1,1.0,1.0,14.87,0,1.17,1.82
EDU-004113,4,39,1,9500,1,1,140.0,1,38,37,7,7,101.5,1,0,0,1,0,0,24,0,0,8,11,7,12.16,0,0,8,11,7,12.16,0,10.8,1.4,1.74,Graduate,Female,No,No,Up to Date,Yes,0.0,0,0.875,0.875,10.64,0,1.33,0.0
EDU-004114,4,39,2,9556,1,1,133.1,1,38,37,7,7,101.5,1,0,0,1,0,0,24,0,0,7,0,0,0.0,0,0,7,0,0,0.0,0,10.8,1.4,1.74,Dropout,Female,No,No,Up to Date,Yes,0.0,0,0.0,0.0,0.0,0,1.17,0.0
EDU-004115,1,17,2,9773,1,1,130.0,1,2,1,2,7,126.2,1,0,0,1,0,0,20,0,0,6,6,6,14.333333333333334,0,0,6,6,6,15.5,0,12.4,0.5,1.79,Graduate,Female,No,No,Up to Date,Yes,1.17,0,1.0,1.0,15.03,0,1.0,1.17
EDU-004116,1,1,3,9070,1,1,128.0,1,19,19,3,3,129.8,1,0,0,1,0,0,20,0,0,6,6,6,11.833333333333334,0,0,6,6,3,13.333333333333334,0,9.4,-0.8,-3.12,Enrolled,Female,No,No,Up to Date,Yes,1.5,-3,1.0,0.5,6.37,0,1.0,1.5
EDU-004117,1,1,1,9085,1,1,145.0,1,38,37,3,9,138.4,1,0,0,0,0,0,18,0,0,6,7,6,14.833333333333334,0,0,6,8,6,12.5,0,8.9,1.4,3.51,Enrolled,Female,No,No,In Arrears,Yes,-2.33,0,1.0,1.0,13.43,0,1.0,2.33
EDU-004118,1,1,1,9500,1,1,146.0,1,1,37,9,9,129.3,0,0,0,1,0,0,18,0,0,8,8,7,14.2,0,0,8,8,7,14.2,0,12.7,3.7,-1.7,Graduate,Female,No,No,Up to Date,No,0.0,0,0.875,0.875,12.42,0,1.33,0.0
EDU-004119,1,1,1,9085,1,1,119.0,1,2,1,4,3,113.1,1,0,0,1,0,0,21,0,0,5,6,5,12.2,0,0,5,5,5,13.2,0,10.8,1.4,1.74,Graduate,Female,No,No,Up to Date,Yes,1.0,0,1.0,1.0,12.8,0,0.83,1.0
EDU-004120,1,17,1,9853,1,1,160.0,1,1,38,4,10,144.3,1,0,0,1,0,0,18,0,0,6,10,4,13.0,0,0,6,9,5,13.666666666666666,0,9.4,-0.8,-3.12,Graduate,Female,No,No,Up to Date,Yes,0.67,1,0.6667,0.8333,11.17,0,1.0,0.67
EDU-004121,1,17,5,9500,1,1,144.0,1,19,1,5,3,141.0,1,0,0,1,0,1,19,0,0,8,8,7,12.485714285714286,0,0,8,8,7,12.485714285714286,0,12.7,3.7,-1.7,Graduate,Female,Yes,No,Up to Date,Yes,0.0,0,0.875,0.875,10.92,0,1.33,0.0
EDU-004122,1,7,1,9085,1,40,130.0,1,1,1,4,4,130.0,1,0,0,1,0,0,22,0,0,6,7,6,17.0,0,0,6,7,6,16.285714285714285,0,11.1,0.6,2.02,Graduate,Female,No,No,Up to Date,Yes,-0.71,0,1.0,1.0,16.57,0,1.0,0.71
EDU-004123,1,17,3,9238,1,1,122.0,1,19,19,7,7,117.5,1,0,0,1,0,0,19,0,0,6,7,5,10.8,0,0,6,9,6,10.166666666666666,0,8.9,1.4,3.51,Graduate,Female,No,No,Up to Date,Yes,-0.63,1,0.8333,1.0,10.42,0,1.0,0.63
EDU-004124,1,1,3,9500,1,1,153.0,6,37,37,9,9,131.8,1,0,0,1,0,0,18,1,0,7,7,6,14.716666666666669,0,0,7,7,6,14.716666666666669,0,7.6,2.6,0.32,Graduate,Female,No,No,Up to Date,Yes,0.0,0,0.8571,0.8571,12.61,0,1.17,0.0
EDU-004125,1,1,1,9085,1,1,147.0,1,37,19,9,5,133.7,1,0,0,1,0,1,19,0,0,5,10,2,13.5,0,0,5,11,5,11.4,1,10.8,1.4,1.74,Enrolled,Female,Yes,No,Up to Date,Yes,-2.1,3,0.4,1.0,12.24,0,0.83,2.1
EDU-004126,1,43,1,9500,1,1,121.0,1,38,19,5,5,115.4,1,0,0,1,0,1,24,0,0,8,8,7,11.971428571428572,0,0,8,8,7,11.971428571428572,0,12.7,3.7,-1.7,Enrolled,Female,Yes,No,Up to Date,Yes,0.0,0,0.875,0.875,10.48,0,1.33,0.0
EDU-004127,1,1,3,9085,1,1,134.0,1,38,19,9,5,129.1,0,0,0,1,0,0,19,0,0,5,7,3,12.0,0,0,5,7,4,13.5,0,7.6,2.6,0.32,Enrolled,Female,No,No,Up to Date,No,1.5,1,0.6,0.8,10.32,0,0.83,1.5
EDU-004128,1,1,1,8014,0,1,133.0,1,38,38,5,2,135.5,0,0,0,1,0,0,34,0,0,6,7,6,12.333333333333334,0,0,6,6,6,11.666666666666666,0,10.8,1.4,1.74,Graduate,Female,No,No,Up to Date,No,-0.67,0,1.0,1.0,11.93,0,1.0,0.67
EDU-004129,1,17,5,9085,1,1,118.0,1,38,38,9,9,112.4,1,0,0,1,0,0,19,0,0,12,22,6,15.307692307692308,0,0,10,13,6,13.875,0,15.5,2.8,-4.06,Graduate,Female,No,No,Up to Date,Yes,-1.43,0,0.5,0.6,8.67,0,2.0,1.43
EDU-004130,1,1,1,9500,1,1,137.0,1,37,37,7,9,130.8,1,0,0,1,0,1,18,0,0,7,7,6,12.666666666666666,0,0,7,7,6,12.666666666666666,0,7.6,2.6,0.32,Graduate,Female,Yes,No,Up to Date,Yes,0.0,0,0.8571,0.8571,10.86,0,1.17,0.0
EDU-004131,1,1,5,9500,1,1,143.0,1,37,37,9,5,131.6,1,0,0,1,0,1,19,0,0,7,10,7,14.368,0,0,8,8,8,14.44875,0,15.5,2.8,-4.06,Graduate,Female,Yes,No,Up to Date,Yes,0.08,1,1.0,1.0,14.42,0,1.17,0.08
EDU-004132,1,39,1,9500,1,1,123.0,1,19,1,1,1,140.8,0,0,0,1,0,0,25,0,0,8,8,7,12.084285714285716,0,0,8,8,7,12.084285714285716,0,10.8,1.4,1.74,Graduate,Female,No,No,Up to Date,No,0.0,0,0.875,0.875,10.57,0,1.33,0.0
EDU-004133,1,44,1,9085,1,39,140.0,1,3,38,2,9,140.0,1,0,0,1,0,0,21,0,7,12,18,8,12.25,0,4,12,27,8,12.2,0,12.4,0.5,1.79,Enrolled,Female,No,No,Up to Date,Yes,-0.05,0,0.6667,0.6667,8.15,0,2.0,0.05
EDU-004134,1,1,1,9254,1,1,118.0,1,37,37,7,7,114.2,0,0,0,1,0,0,18,0,0,6,10,5,12.2,0,0,6,10,5,11.6,0,16.2,0.3,-0.92,Enrolled,Female,No,No,Up to Date,No,-0.6,0,0.8333,0.8333,9.87,0,1.0,0.6
EDU-004135,1,1,1,9238,1,1,142.0,1,34,38,4,7,127.3,0,0,0,1,0,1,18,0,0,6,12,4,11.0,0,0,6,9,6,11.5,0,9.4,-0.8,-3.12,Graduate,Female,Yes,No,Up to Date,No,0.5,2,0.6667,1.0,11.3,0,1.0,0.5
EDU-004136,1,1,1,8014,0,1,115.0,1,38,38,9,7,115.0,1,0,0,1,0,0,28,0,0,6,8,5,12.8,0,0,6,8,5,11.0,0,9.4,-0.8,-3.12,Graduate,Female,No,No,Up to Date,Yes,-1.8,0,0.8333,0.8333,9.77,0,1.0,1.8
EDU-004137,5,43,1,9500,1,1,131.0,1,1,38,5,5,118.8,0,0,0,1,0,1,18,0,0,8,8,7,11.857142857142858,0,0,8,8,7,11.857142857142858,0,12.7,3.7,-1.7,Graduate,Female,Yes,No,Up to Date,No,0.0,0,0.875,0.875,10.38,0,1.33,0.0
EDU-004138,2,39,1,9254,1,1,130.0,1,37,37,9,9,125.0,0,0,0,1,0,0,41,0,0,6,8,6,12.285714285714286,0,0,6,10,5,13.0,0,8.9,1.4,3.51,Graduate,Female,No,No,Up to Date,No,0.71,-1,1.0,0.8333,10.59,0,1.0,0.71
EDU-004139,1,17,2,9853,1,1,133.1,1,37,37,5,0,111.5,0,0,0,1,0,0,18,0,0,6,11,3,12.333333333333334,0,0,6,11,4,13.5,0,7.6,2.6,0.32,Dropout,Female,No,No,Up to Date,No,1.17,1,0.5,0.6667,8.69,0,1.0,1.17
EDU-004140,1,17,1,9238,1,1,134.0,1,38,19,7,7,124.2,0,0,0,1,0,1,21,0,0,6,11,4,11.25,0,0,6,12,4,11.4,0,15.5,2.8,-4.06,Graduate,Female,Yes,No,Up to Date,No,0.15,0,0.6667,0.6667,7.56,0,1.0,0.15
EDU-004141,4,7,1,9238,1,40,130.0,1,34,34,99,99,130.0,0,0,1,1,0,0,41,0,0,6,0,0,0.0,0,0,6,0,0,0.0,0,11.1,0.6,2.02,Dropout,Female,No,Yes,Up to Date,No,0.0,0,0.0,0.0,0.0,0,1.0,0.0
EDU-004142,1,7,1,9070,1,3,133.1,1,3,5,2,2,120.0,1,0,0,1,0,0,32,0,0,3,3,2,16.0,0,0,3,3,1,16.0,0,7.6,2.6,0.32,Dropout,Female,No,No,Up to Date,Yes,0.0,-1,0.6667,0.3333,5.33,0,0.5,0.0
EDU-004143,1,43,1,8014,0,12,114.0,1,34,34,0,99,110.0,0,0,0,1,0,0,29,0,0,6,10,6,11.666666666666666,0,0,6,7,6,11.0,0,7.6,2.6,0.32,Graduate,Female,No,No,Up to Date,No,-0.67,0,1.0,1.0,11.27,0,1.0,0.67
EDU-004144,1,39,1,9556,1,1,130.0,1,19,38,9,8,113.3,0,0,0,1,0,0,24,0,0,7,15,5,12.4,0,0,8,14,7,12.15,0,12.4,0.5,1.79,Enrolled,Female,No,No,Up to Date,No,-0.25,2,0.7143,0.875,10.72,0,1.17,0.25
EDU-004145,1,43,1,9556,1,1,128.0,1,38,38,7,8,123.5,1,0,0,1,0,0,22,0,0,7,14,6,10.744444444444444,1,0,8,10,8,11.8375,0,12.7,3.7,-1.7,Enrolled,Female,No,No,Up to Date,Yes,1.09,2,0.8571,1.0,11.4,0,1.17,1.09
EDU-004146,1,1,1,9238,1,1,133.1,1,19,1,1,3,101.0,0,0,0,1,0,0,21,0,0,6,0,0,0.0,0,0,6,0,0,0.0,0,15.5,2.8,-4.06,Dropout,Female,No,No,Up to Date,No,0.0,0,0.0,0.0,0.0,0,1.0,0.0
EDU-004147,2,39,1,9500,1,19,133.1,1,37,38,9,10,120.9,1,0,0,1,0,0,39,0,0,7,12,4,12.0,0,0,7,13,4,12.5625,0,11.1,0.6,2.02,Dropout,Female,No,No,Up to Date,Yes,0.56,0,0.5714,0.5714,7.05,0,1.17,0.56
EDU-004148,4,39,1,9085,1,1,140.0,1,37,37,9,9,154.6,0,0,0,0,0,1,44,0,0,6,12,4,12.75,0,0,6,15,2,10.0,0,8.9,1.4,3.51,Enrolled,Female,Yes,No,In Arrears,No,-2.75,-2,0.6667,0.3333,3.7,0,1.0,2.75
EDU-004149,1,1,1,9147,1,1,117.0,1,37,37,9,9,120.2,1,0,0,1,0,0,20,0,0,5,9,2,10.0,0,0,5,10,2,11.0,0,7.6,2.6,0.32,Enrolled,Female,No,No,Up to Date,Yes,1.0,0,0.4,0.4,4.24,0,0.83,1.0
EDU-004150,1,43,3,9500,1,1,139.0,1,38,37,9,8,146.5,0,0,0,1,0,0,21,0,11,14,26,12,13.417391304347827,1,11,14,26,12,13.417391304347827,1,7.6,2.6,0.32,Graduate,Female,No,No,Up to Date,No,0.0,0,0.8571,0.8571,11.5,0,2.33,0.0
EDU-004151,1,1,1,9773,1,1,159.0,1,34,26,0,6,160.1,1,0,0,1,0,0,18,0,0,6,6,6,15.166666666666666,0,0,6,7,6,14.857142857142858,0,7.6,2.6,0.32,Graduate,Female,No,No,Up to Date,Yes,-0.31,0,1.0,1.0,14.98,0,1.0,0.31
EDU-004152,1,39,1,9003,1,1,140.0,1,37,37,5,5,150.0,0,0,1,1,0,0,34,0,0,6,10,5,13.833333333333334,0,0,6,13,5,12.5,0,16.2,0.3,-0.92,Graduate,Female,No,Yes,Up to Date,No,-1.33,0,0.8333,0.8333,10.86,0,1.0,1.33
EDU-004153,1,1,3,9085,1,1,140.0,1,10,19,90,90,135.8,1,0,0,1,0,0,18,0,0,5,6,5,13.333333333333334,0,0,5,7,4,14.8,0,7.6,2.6,0.32,Graduate,Female,No,No,Up to Date,Yes,1.47,-1,1.0,0.8,11.37,0,0.83,1.47
EDU-004154,1,1,1,171,1,1,135.0,1,19,4,9,2,143.8,1,0,1,1,0,0,19,0,0,0,0,0,0.0,0,0,0,0,0,0.0,0,12.7,3.7,-1.7,Enrolled,Female,No,Yes,Up to Date,Yes,0.0,0,0.0,0.0,0.0,0,0.0,0.0
EDU-004155,1,1,1,9853,1,1,121.0,1,37,19,6,7,116.8,1,0,0,1,0,0,18,0,0,6,11,3,11.666666666666666,0,0,6,11,3,10.666666666666666,0,9.4,-0.8,-3.12,Dropout,Female,No,No,Up to Date,Yes,-1.0,0,0.5,0.5,5.53,0,1.0,1.0
EDU-004156,1,1,5,9085,1,1,124.0,1,3,19,2,3,113.9,1,0,0,1,0,0,19,0,0,6,12,5,15.0,0,0,6,9,6,13.428571428571429,0,16.2,0.3,-0.92,Graduate,Female,No,No,Up to Date,Yes,-1.57,1,0.8333,1.0,14.06,0,1.0,1.57
EDU-004157,1,1,3,9500,1,1,131.0,1,37,37,9,9,118.0,1,0,0,1,0,1,18,0,0,8,8,7,13.242857142857144,0,0,8,8,7,13.242857142857144,0,12.7,3.7,-1.7,Enrolled,Female,Yes,No,Up to Date,Yes,0.0,0,0.875,0.875,11.59,0,1.33,0.0
EDU-004158,1,1,5,9130,1,1,160.0,1,3,1,2,9,150.2,1,0,0,1,0,0,19,0,0,5,13,1,13.0,0,0,5,7,2,12.5,0,12.7,3.7,-1.7,Dropout,Female,No,No,Up to Date,Yes,-0.5,1,0.2,0.4,5.08,0,0.83,0.5
EDU-004159,1,1,2,9500,1,1,120.0,1,3,37,4,7,115.1,1,0,0,1,0,1,19,0,0,7,8,6,13.075,0,0,8,10,7,12.05,0,12.4,0.5,1.79,Graduate,Female,Yes,No,Up to Date,Yes,-1.02,1,0.8571,0.875,10.9,0,1.17,1.02
EDU-004160,1,1,1,9670,1,1,140.0,1,19,19,5,9,131.3,1,0,0,1,0,1,18,0,0,6,6,6,13.5,0,0,6,9,6,13.666666666666666,0,10.8,1.4,1.74,Graduate,Female,Yes,No,Up to Date,Yes,0.17,0,1.0,1.0,13.6,0,1.0,0.17
EDU-004161,1,44,1,9991,0,39,120.0,1,37,37,7,7,120.0,1,0,0,1,0,1,23,0,2,6,8,5,11.8,0,2,6,8,6,12.333333333333334,0,9.4,-0.8,-3.12,Graduate,Female,Yes,No,Up to Date,Yes,0.53,1,0.8333,1.0,12.12,0,1.0,0.53
EDU-004162,1,17,2,9254,1,1,118.0,22,19,37,9,9,110.3,1,0,0,0,0,0,18,1,0,6,7,5,12.6,0,0,6,6,5,11.8,0,11.1,0.6,2.02,Enrolled,Female,No,No,In Arrears,Yes,-0.8,0,0.8333,0.8333,10.1,0,1.0,0.8
EDU-004163,4,43,1,9853,1,1,133.1,100,19,22,90,90,100.0,0,0,0,1,0,0,33,1,0,6,6,6,12.166666666666666,0,0,6,9,3,11.0,0,7.6,2.6,0.32,Dropout,Female,No,No,Up to Date,No,-1.17,-3,1.0,0.5,5.73,0,1.0,1.17
EDU-004164,1,17,2,9238,1,1,111.0,1,19,38,9,9,110.7,1,0,0,1,0,0,19,0,0,6,9,6,12.166666666666666,0,0,6,9,6,11.0,0,8.9,1.4,3.51,Graduate,Female,No,No,Up to Date,Yes,-1.17,0,1.0,1.0,11.47,0,1.0,1.17
EDU-004165,1,43,3,171,1,1,140.0,1,37,38,7,7,143.4,1,0,0,1,0,0,21,0,0,0,0,0,0.0,0,0,0,0,0,0.0,0,9.4,-0.8,-3.12,Dropout,Female,No,No,Up to Date,Yes,0.0,0,0.0,0.0,0.0,0,0.0,0.0
EDU-004166,1,1,6,9500,1,1,125.0,1,19,19,9,9,115.9,0,0,0,1,0,0,18,0,0,7,7,7,13.557142857142855,0,0,8,9,8,13.2,0,12.4,0.5,1.79,Graduate,Female,No,No,Up to Date,No,-0.36,1,1.0,1.0,13.34,0,1.17,0.36
EDU-004167,1,18,1,9991,0,1,133.1,1,38,38,5,5,145.0,0,0,0,1,0,1,21,0,0,5,6,4,12.25,0,0,5,8,4,11.8,0,10.8,1.4,1.74,Enrolled,Female,Yes,No,Up to Date,No,-0.45,0,0.8,0.8,9.58,0,0.83,0.45
EDU-004168,1,17,2,9070,1,1,136.0,1,19,38,4,7,140.9,1,0,0,1,0,0,19,0,0,6,6,6,14.333333333333334,0,0,6,6,6,13.5,0,9.4,-0.8,-3.12,Graduate,Female,No,No,Up to Date,Yes,-0.83,0,1.0,1.0,13.83,0,1.0,0.83
EDU-004169,1,1,2,9773,1,1,115.0,1,34,38,0,5,108.4,1,0,0,1,0,0,20,0,0,6,10,4,10.5,0,0,6,8,4,11.75,0,7.6,2.6,0.32,Graduate,Female,No,No,Up to Date,Yes,1.25,0,0.6667,0.6667,7.5,0,1.0,1.25
EDU-004170,1,1,1,9773,1,1,116.0,1,37,37,0,5,114.3,1,0,0,1,0,0,20,0,0,4,8,0,0.0,0,0,4,8,0,0.0,0,7.6,2.6,0.32,Dropout,Female,No,No,Up to Date,Yes,0.0,0,0.0,0.0,0.0,0,0.67,0.0
EDU-004171,1,18,5,9853,1,1,110.0,1,19,37,7,7,110.0,1,0,0,1,0,0,20,0,0,6,10,4,12.75,0,0,6,14,3,11.333333333333334,0,10.8,1.4,1.74,Enrolled,Female,No,No,Up to Date,Yes,-1.42,-1,0.6667,0.5,5.95,0,1.0,1.42
EDU-004172,1,1,1,9238,1,1,135.0,1,38,38,4,7,121.7,1,0,0,1,0,1,18,0,0,6,14,0,0.0,0,0,6,9,4,11.0,0,7.6,2.6,0.32,Enrolled,Female,Yes,No,Up to Date,Yes,11.0,4,0.0,0.6667,4.4,0,1.0,11.0
EDU-004173,1,43,2,9147,1,1,131.0,1,19,37,5,9,123.7,1,0,0,1,0,0,18,0,0,5,10,1,14.0,0,0,5,10,1,14.0,0,7.6,2.6,0.32,Enrolled,Female,No,No,Up to Date,Yes,0.0,0,0.2,0.2,2.8,0,0.83,0.0
EDU-004174,1,1,2,9500,1,1,124.0,1,37,37,7,7,116.5,1,0,0,1,0,1,20,0,0,7,9,7,14.093333333333332,0,0,8,8,8,15.0,0,11.1,0.6,2.02,Graduate,Female,Yes,No,Up to Date,Yes,0.91,1,1.0,1.0,14.64,0,1.17,0.91
EDU-004175,1,1,1,9238,1,1,163.0,1,37,37,5,6,155.0,0,0,0,1,0,1,21,0,0,6,6,6,13.333333333333334,0,0,6,8,6,13.166666666666666,0,9.4,-0.8,-3.12,Graduate,Female,Yes,No,Up to Date,No,-0.17,0,1.0,1.0,13.23,0,1.0,0.17
EDU-004176,1,43,1,9500,1,1,137.0,1,38,19,9,5,129.3,1,0,0,1,0,0,19,0,0,8,12,7,12.071428571428571,0,0,8,12,7,12.071428571428571,0,12.7,3.7,-1.7,Graduate,Female,No,No,Up to Date,Yes,0.0,0,0.875,0.875,10.56,0,1.33,0.0
EDU-004177,1,1,3,9254,1,1,128.0,1,19,1,7,9,121.7,1,0,0,1,0,1,18,0,0,6,6,6,12.666666666666666,0,0,6,6,6,12.5,0,12.4,0.5,1.79,Graduate,Female,Yes,No,Up to Date,Yes,-0.17,0,1.0,1.0,12.57,0,1.0,0.17
EDU-004178,1,39,1,9085,1,1,133.1,1,37,37,9,9,148.2,1,0,1,1,0,0,27,0,0,6,11,6,12.125,0,0,6,16,5,12.0,0,12.4,0.5,1.79,Enrolled,Female,No,Yes,Up to Date,Yes,-0.12,-1,1.0,0.8333,10.04,0,1.0,0.12
EDU-004179,1,1,2,9500,1,1,133.1,1,19,38,7,9,125.5,1,0,0,1,0,1,21,0,0,7,9,7,13.2,0,0,8,9,7,13.2575,0,15.5,2.8,-4.06,Graduate,Female,Yes,No,Up to Date,Yes,0.06,0,1.0,0.875,11.58,0,1.17,0.06
EDU-004180,1,17,4,9500,1,1,148.0,1,3,19,4,7,131.9,1,0,0,1,0,1,18,0,0,7,8,7,14.15,0,0,8,8,8,14.51125,0,15.5,2.8,-4.06,Graduate,Female,Yes,No,Up to Date,Yes,0.36,1,1.0,1.0,14.37,0,1.17,0.36
EDU-004181,1,17,1,9853,1,1,127.0,1,38,37,5,7,121.8,1,0,1,1,0,0,18,0,0,6,12,4,13.5,0,0,6,14,3,10.666666666666666,0,10.8,1.4,1.74,Enrolled,Female,No,Yes,Up to Date,Yes,-2.83,-1,0.6667,0.5,5.9,0,1.0,2.83
EDU-004182,1,43,1,9853,1,1,110.0,1,37,37,9,9,107.7,0,0,1,0,0,0,28,0,0,6,0,0,0.0,0,0,5,10,0,0.0,0,10.8,1.4,1.74,Dropout,Female,No,Yes,In Arrears,No,0.0,0,0.0,0.0,0.0,1,1.0,0.0
EDU-004183,1,39,1,9556,1,1,133.1,1,44,40,2,2,115.5,0,0,0,1,0,0,36,0,0,7,13,5,12.2,0,0,7,14,3,11.4,0,11.1,0.6,2.02,Dropout,Female,No,No,Up to Date,No,-0.8,-2,0.7143,0.4286,5.02,0,1.17,0.8
EDU-004184,1,1,1,9085,1,1,145.0,1,38,38,9,10,139.8,1,0,0,1,0,0,20,0,0,5,6,5,14.8,1,0,5,6,5,14.0,0,12.7,3.7,-1.7,Graduate,Female,No,No,Up to Date,Yes,-0.8,0,1.0,1.0,14.32,0,0.83,0.8
EDU-004185,1,1,1,9238,1,1,136.0,1,38,38,0,7,133.2,1,0,0,1,0,0,19,0,0,6,8,5,11.0,0,0,6,13,5,11.4,0,7.6,2.6,0.32,Graduate,Female,No,No,Up to Date,Yes,0.4,0,0.8333,0.8333,9.37,0,1.0,0.4
EDU-004186,1,1,1,9991,0,1,131.0,1,19,37,9,9,118.4,1,0,0,1,0,0,20,0,0,5,10,0,0.0,0,0,5,10,0,0.0,3,7.6,2.6,0.32,Enrolled,Female,No,No,Up to Date,Yes,0.0,0,0.0,0.0,0.0,0,0.83,0.0
EDU-004187,1,17,2,9085,1,1,138.0,1,37,37,9,7,123.3,1,0,0,1,0,0,19,0,0,5,15,3,14.0,3,0,5,10,4,11.75,1,9.4,-0.8,-3.12,Enrolled,Female,No,No,Up to Date,Yes,-2.25,1,0.6,0.8,10.12,0,0.83,2.25
EDU-004188,2,39,1,8014,0,1,150.0,1,37,38,3,7,134.5,0,0,0,1,0,0,28,0,0,6,8,5,11.833333333333334,0,0,6,6,6,13.0,0,16.2,0.3,-0.92,Graduate,Female,No,No,Up to Date,No,1.17,1,0.8333,1.0,12.53,0,1.0,1.17
EDU-004189,1,1,1,9670,1,1,112.0,1,37,1,7,0,110.6,0,0,0,1,0,0,20,0,0,5,7,4,11.75,0,0,5,7,5,11.8,1,7.6,2.6,0.32,Graduate,Female,No,No,Up to Date,No,0.05,1,0.8,1.0,11.78,0,0.83,0.05
EDU-004190,1,42,1,9254,1,1,154.0,1,38,37,1,1,154.0,1,0,0,1,0,0,28,0,8,14,22,12,12.333333333333334,0,3,12,20,8,12.0,0,9.4,-0.8,-3.12,Graduate,Female,No,No,Up to Date,Yes,-0.33,-4,0.8571,0.6667,8.09,0,2.33,0.33
EDU-004191,1,43,1,9991,0,39,160.0,1,37,37,9,9,160.0,0,0,0,1,0,0,24,0,3,10,16,3,11.666666666666666,0,3,10,24,6,11.833333333333334,0,9.4,-0.8,-3.12,Dropout,Female,No,No,Up to Date,No,0.17,3,0.3,0.6,7.06,0,1.67,0.17
EDU-004192,1,44,1,9085,1,39,140.0,1,1,39,3,9,140.0,1,0,0,1,0,0,20,0,1,6,9,6,12.666666666666666,0,1,6,10,4,11.5,0,13.9,-0.3,0.79,Enrolled,Female,No,No,Up to Date,Yes,-1.17,-2,1.0,0.6667,7.98,0,1.0,1.17
EDU-004193,1,17,2,9853,1,1,150.0,1,37,37,5,6,132.5,1,0,0,1,0,0,22,0,0,6,9,4,12.25,0,0,6,8,5,11.6,0,10.8,1.4,1.74,Enrolled,Female,No,No,Up to Date,Yes,-0.65,1,0.6667,0.8333,9.88,0,1.0,0.65
EDU-004194,1,17,2,9254,1,1,141.0,1,1,4,4,4,127.7,0,0,0,1,0,1,18,0,0,6,7,6,11.285714285714286,0,0,6,9,4,13.5,0,16.2,0.3,-0.92,Graduate,Female,Yes,No,Up to Date,No,2.21,-2,1.0,0.6667,8.41,0,1.0,2.21
EDU-004195,1,1,5,9147,1,1,122.0,1,38,38,9,9,117.5,1,0,1,0,0,0,22,0,0,5,12,2,11.5,0,0,5,12,0,0.0,0,12.7,3.7,-1.7,Dropout,Female,No,Yes,In Arrears,Yes,-11.5,-2,0.4,0.0,0.0,1,0.83,11.5
EDU-004196,1,1,5,9254,1,1,120.0,1,37,37,9,7,127.0,1,0,0,1,0,1,18,0,0,6,10,6,11.666666666666666,0,0,6,10,4,12.25,0,9.4,-0.8,-3.12,Graduate,Female,Yes,No,Up to Date,Yes,0.58,-2,1.0,0.6667,8.01,0,1.0,0.58
EDU-004197,1,1,1,9500,1,1,139.0,1,19,37,5,5,125.5,0,0,0,1,0,1,21,0,0,8,8,7,13.514285714285714,0,0,8,8,7,13.514285714285714,0,12.7,3.7,-1.7,Graduate,Female,Yes,No,Up to Date,No,0.0,0,0.875,0.875,11.82,0,1.33,0.0
EDU-004198,1,17,6,9773,1,1,138.0,1,1,1,4,2,140.5,1,0,0,1,0,0,19,0,0,6,7,6,13.0,0,0,6,9,6,13.714285714285714,0,7.6,2.6,0.32,Graduate,Female,No,No,Up to Date,Yes,0.71,0,1.0,1.0,13.43,0,1.0,0.71
EDU-004199,1,5,1,9853,1,1,119.0,1,1,38,5,8,118.3,1,0,0,1,0,0,22,0,0,6,11,3,15.0,0,0,6,11,4,10.25,0,9.4,-0.8,-3.12,Enrolled,Female,No,No,Up to Date,Yes,-4.75,1,0.5,0.6667,8.1,0,1.0,4.75
EDU-004200,1,1,1,9500,1,1,129.0,1,38,38,5,5,120.8,1,0,0,1,0,1,20,0,0,8,8,7,12.744285714285716,0,0,8,8,7,12.744285714285716,0,10.8,1.4,1.74,Graduate,Female,Yes,No,Up to Date,Yes,0.0,0,0.875,0.875,11.15,0,1.33,0.0
EDU-004201,1,1,1,9147,1,1,133.1,1,37,37,191,154,95.0,0,0,0,1,0,0,20,0,0,5,10,4,11.75,0,0,5,8,5,11.8,0,11.1,0.6,2.02,Graduate,Female,No,No,Up to Date,No,0.05,1,0.8,1.0,11.78,0,0.83,0.05
EDU-004202,1,17,1,8014,0,1,125.0,1,37,37,5,6,122.2,1,0,1,1,0,0,19,0,0,6,6,6,12.166666666666666,0,0,6,7,6,11.666666666666666,0,10.8,1.4,1.74,Graduate,Female,No,Yes,Up to Date,Yes,-0.5,0,1.0,1.0,11.87,0,1.0,0.5
EDU-004203,1,17,1,171,1,1,125.0,1,1,1,7,3,143.9,1,0,0,1,0,0,20,0,0,0,0,0,0.0,0,0,0,0,0,0.0,0,15.5,2.8,-4.06,Enrolled,Female,No,No,Up to Date,Yes,0.0,0,0.0,0.0,0.0,0,0.0,0.0
EDU-004204,1,1,2,9070,1,1,137.0,1,19,38,9,9,127.2,1,0,0,1,0,1,20,0,1,6,9,5,13.4,1,0,6,9,6,12.375,0,13.9,-0.3,0.79,Graduate,Female,Yes,No,Up to Date,Yes,-1.03,1,0.8333,1.0,12.78,0,1.0,1.03
EDU-004205,1,1,1,9238,1,1,123.0,1,34,38,0,7,120.2,1,0,0,1,0,0,20,0,0,6,9,5,11.8,0,0,6,10,4,11.5,0,7.6,2.6,0.32,Dropout,Female,No,No,Up to Date,Yes,-0.3,-1,0.8333,0.6667,7.75,0,1.0,0.3
EDU-004206,1,1,3,9500,1,1,154.0,1,1,37,4,9,134.8,1,0,0,1,0,0,19,0,0,7,7,6,13.533333333333331,0,0,7,7,6,13.533333333333331,0,7.6,2.6,0.32,Graduate,Female,No,No,Up to Date,Yes,0.0,0,0.8571,0.8571,11.6,0,1.17,0.0
EDU-004207,1,1,1,9254,1,1,144.0,1,19,19,9,9,142.6,1,0,0,1,0,1,18,0,0,6,7,6,14.166666666666666,0,0,6,10,4,14.0,0,15.5,2.8,-4.06,Graduate,Female,Yes,No,Up to Date,Yes,-0.17,-2,1.0,0.6667,9.38,0,1.0,0.17
EDU-004208,1,1,1,9500,1,1,153.0,1,38,37,7,8,147.9,0,0,0,1,0,1,18,0,0,7,7,7,14.652857142857142,0,0,8,9,8,14.755555555555556,0,12.4,0.5,1.79,Graduate,Female,Yes,No,Up to Date,No,0.1,1,1.0,1.0,14.71,0,1.17,0.1
EDU-004209,1,1,1,171,1,1,152.0,1,1,38,4,9,160.4,1,0,0,0,0,0,19,0,0,0,0,0,0.0,0,0,0,0,0,0.0,0,7.6,2.6,0.32,Dropout,Female,No,No,In Arrears,Yes,0.0,0,0.0,0.0,0.0,0,0.0,0.0
EDU-004210,1,1,1,9147,1,1,150.0,103,37,37,9,9,134.6,0,0,0,1,1,0,20,1,0,5,5,5,13.6,0,0,5,7,5,13.0,0,9.4,-0.8,-3.12,Graduate,Male,No,No,Up to Date,No,-0.6,0,1.0,1.0,13.24,0,0.83,0.6
EDU-004211,1,1,1,9254,1,1,129.0,1,19,1,3,7,121.0,0,0,0,1,0,1,22,0,0,6,9,6,12.833333333333334,0,0,6,6,4,13.25,0,16.2,0.3,-0.92,Graduate,Female,Yes,No,Up to Date,No,0.42,-2,1.0,0.6667,8.72,0,1.0,0.42
EDU-004212,1,1,1,9238,1,1,150.0,1,19,37,5,4,142.7,1,0,0,1,0,1,18,0,0,6,6,6,14.666666666666666,0,0,6,6,6,15.166666666666666,0,9.4,-0.8,-3.12,Graduate,Female,Yes,No,Up to Date,Yes,0.5,0,1.0,1.0,14.97,0,1.0,0.5
EDU-004213,1,17,2,9773,1,1,125.0,1,1,1,4,8,115.6,1,0,0,1,0,0,19,0,0,6,6,6,13.333333333333334,0,0,6,6,6,14.666666666666666,0,12.4,0.5,1.79,Graduate,Female,No,No,Up to Date,Yes,1.33,0,1.0,1.0,14.13,0,1.0,1.33
EDU-004214,1,1,1,9238,1,1,133.1,1,19,37,9,9,130.0,0,0,0,0,0,1,20,0,0,6,10,5,13.4,0,0,6,9,5,11.4,0,10.8,1.4,1.74,Graduate,Female,Yes,No,In Arrears,No,-2.0,0,0.8333,0.8333,10.17,0,1.0,2.0
EDU-004215,1,1,2,9500,1,1,140.0,1,38,37,5,6,124.3,1,0,0,1,0,1,19,0,0,7,9,7,13.3125,0,0,8,8,8,15.6375,0,13.9,-0.3,0.79,Graduate,Female,Yes,No,Up to Date,Yes,2.32,1,1.0,1.0,14.71,0,1.17,2.32
EDU-004216,1,1,1,171,1,1,140.0,1,19,37,5,6,137.9,1,0,1,0,0,0,18,0,0,0,0,0,0.0,0,0,0,0,0,0.0,0,8.9,1.4,3.51,Dropout,Female,No,Yes,In Arrears,Yes,0.0,0,0.0,0.0,0.0,1,0.0,0.0
EDU-004217,1,1,6,9773,1,1,133.1,1,1,37,3,3,100.0,1,0,1,0,0,0,20,0,0,4,4,0,0.0,0,0,5,5,0,0.0,0,12.4,0.5,1.79,Dropout,Female,No,Yes,In Arrears,Yes,0.0,0,0.0,0.0,0.0,1,0.67,0.0
EDU-004218,1,1,2,9773,1,1,132.0,1,1,2,9,3,128.2,1,0,0,1,0,1,19,0,0,6,7,6,12.333333333333334,0,0,6,6,6,13.5,0,9.4,-0.8,-3.12,Graduate,Female,Yes,No,Up to Date,Yes,1.17,0,1.0,1.0,13.03,0,1.0,1.17
EDU-004219,1,17,3,9773,1,1,135.0,1,1,19,5,7,135.0,0,0,0,1,0,0,18,0,0,6,6,6,13.5,0,0,6,6,6,13.333333333333334,0,12.4,0.5,1.79,Enrolled,Female,No,No,Up to Date,No,-0.17,0,1.0,1.0,13.4,0,1.0,0.17
EDU-004220,1,16,4,9238,1,1,135.0,1,37,37,9,9,121.0,1,0,0,1,0,0,18,0,0,6,8,5,13.0,0,0,6,7,6,11.833333333333334,0,10.8,1.4,1.74,Graduate,Female,No,No,Up to Date,Yes,-1.17,1,0.8333,1.0,12.3,0,1.0,1.17
EDU-004221,1,1,1,9670,1,1,133.1,1,34,38,0,4,147.0,0,0,0,1,0,0,22,0,0,5,6,2,12.5,0,0,5,5,0,0.0,0,9.4,-0.8,-3.12,Dropout,Female,No,No,Up to Date,No,-12.5,-2,0.4,0.0,0.0,0,0.83,12.5
EDU-004222,1,1,1,9238,1,1,168.0,1,37,37,9,9,149.5,0,0,0,1,0,0,18,0,0,6,10,6,17.0,0,0,6,11,6,16.0,0,12.4,0.5,1.79,Graduate,Female,No,No,Up to Date,No,-1.0,0,1.0,1.0,16.4,0,1.0,1.0
EDU-004223,1,1,1,9238,1,1,143.0,1,19,1,9,9,144.4,1,0,0,1,0,0,20,0,0,6,7,6,13.5,0,0,6,6,6,13.0,0,10.8,1.4,1.74,Graduate,Female,No,No,Up to Date,Yes,-0.5,0,1.0,1.0,13.2,0,1.0,0.5
EDU-004224,1,17,2,9254,1,1,116.0,1,19,38,5,5,116.0,1,0,0,1,0,0,19,0,0,6,7,6,12.714285714285714,0,0,6,6,6,11.833333333333334,0,8.9,1.4,3.51,Graduate,Female,No,No,Up to Date,Yes,-0.88,0,1.0,1.0,12.19,0,1.0,0.88
EDU-004225,1,43,1,9500,1,1,134.0,1,38,19,5,8,120.7,0,0,0,1,0,1,19,0,0,7,9,6,13.0,0,0,8,11,8,13.927272727272726,0,16.2,0.3,-0.92,Graduate,Female,Yes,No,Up to Date,No,0.93,2,0.8571,1.0,13.56,0,1.17,0.93
EDU-004226,1,44,1,9238,1,39,140.0,1,38,19,5,0,141.8,0,0,0,1,0,0,21,0,3,6,7,6,12.571428571428571,0,2,6,6,6,13.5,0,12.4,0.5,1.79,Graduate,Female,No,No,Up to Date,No,0.93,0,1.0,1.0,13.13,0,1.0,0.93
EDU-004227,1,17,2,8014,0,1,133.0,1,19,1,5,5,119.7,1,0,0,1,0,1,19,0,0,6,10,4,11.5,0,0,6,11,6,11.5,0,9.4,-0.8,-3.12,Dropout,Female,Yes,No,Up to Date,Yes,0.0,2,0.6667,1.0,11.5,0,1.0,0.0
EDU-004228,1,1,6,9238,1,1,125.0,1,38,1,7,4,118.4,1,0,0,1,0,1,19,0,0,6,6,6,13.5,0,0,6,7,6,13.285714285714286,0,11.1,0.6,2.02,Graduate,Female,Yes,No,Up to Date,Yes,-0.21,0,1.0,1.0,13.37,0,1.0,0.21
EDU-004229,2,39,1,8014,0,1,133.1,1,37,37,5,4,134.5,0,0,0,1,0,0,45,0,0,6,8,5,13.6,0,0,6,7,5,13.0,0,15.5,2.8,-4.06,Enrolled,Female,No,No,Up to Date,No,-0.6,0,0.8333,0.8333,11.03,0,1.0,0.6
EDU-004230,2,39,1,9085,1,1,133.1,1,36,36,99,5,128.2,0,0,0,0,0,1,28,0,0,5,14,1,12.0,3,0,5,5,0,0.0,5,9.4,-0.8,-3.12,Dropout,Female,Yes,No,In Arrears,No,-12.0,-1,0.2,0.0,0.0,0,0.83,12.0
EDU-004231,2,43,1,9500,1,1,137.0,1,3,3,2,2,115.0,0,0,0,1,0,0,28,0,0,7,8,7,14.95,0,0,8,8,8,14.7375,0,13.9,-0.3,0.79,Graduate,Female,No,No,Up to Date,No,-0.21,1,1.0,1.0,14.82,0,1.17,0.21
EDU-004232,1,39,1,9991,0,1,140.0,1,38,19,9,5,130.0,0,0,1,1,0,0,25,0,0,5,10,4,11.25,0,0,5,9,4,12.0,0,12.7,3.7,-1.7,Enrolled,Female,No,Yes,Up to Date,No,0.75,0,0.8,0.8,9.36,0,0.83,0.75
EDU-004233,1,43,1,9670,1,1,134.0,1,1,38,4,4,120.7,0,0,1,0,0,0,19,0,0,6,13,3,10.666666666666666,0,0,6,6,4,12.25,0,15.5,2.8,-4.06,Dropout,Female,No,Yes,In Arrears,No,1.58,1,0.5,0.6667,7.74,1,1.0,1.58
EDU-004234,1,1,5,9500,1,1,139.0,1,38,38,9,5,130.5,1,0,0,1,0,0,19,0,0,8,8,7,14.992857142857142,0,0,8,8,7,14.992857142857142,0,10.8,1.4,1.74,Graduate,Female,No,No,Up to Date,Yes,0.0,0,0.875,0.875,13.12,0,1.33,0.0
EDU-004235,1,1,2,9147,1,1,113.0,1,38,38,9,5,107.4,1,0,0,1,1,0,20,0,0,5,12,3,10.5,0,0,5,10,4,11.25,0,12.4,0.5,1.79,Enrolled,Male,No,No,Up to Date,Yes,0.75,1,0.6,0.8,8.76,0,0.83,0.75
EDU-004236,1,1,3,9238,1,1,133.1,1,1,1,9,9,100.0,1,0,0,1,1,0,22,0,0,6,6,4,11.25,0,0,6,7,3,11.0,0,8.9,1.4,3.51,Enrolled,Male,No,No,Up to Date,Yes,-0.25,-1,0.6667,0.5,5.55,0,1.0,0.25
EDU-004237,1,43,1,9773,1,1,132.0,1,38,19,9,9,125.0,1,0,0,1,1,1,20,0,0,6,6,6,12.333333333333334,0,0,6,7,6,14.0,0,12.4,0.5,1.79,Graduate,Male,Yes,No,Up to Date,Yes,1.67,0,1.0,1.0,13.33,0,1.0,1.67
EDU-004238,1,1,4,9500,1,1,127.0,1,19,37,7,7,121.5,1,0,0,1,1,0,20,0,0,7,7,6,13.016666666666666,0,0,7,7,6,13.016666666666666,0,7.6,2.6,0.32,Enrolled,Male,No,No,Up to Date,Yes,0.0,0,0.8571,0.8571,11.16,0,1.17,0.0
EDU-004239,1,1,1,9085,1,1,123.0,1,38,19,4,90,127.2,0,0,1,0,1,0,20,0,0,5,7,3,11.333333333333334,0,0,5,8,2,11.5,0,7.6,2.6,0.32,Dropout,Male,No,Yes,In Arrears,No,0.17,-1,0.6,0.4,4.57,1,0.83,0.17
EDU-004240,1,39,1,9085,1,40,130.0,1,3,2,3,2,160.0,1,0,0,1,0,0,27,0,0,6,7,6,16.142857142857142,0,0,6,7,6,14.666666666666666,0,13.9,-0.3,0.79,Graduate,Female,No,No,Up to Date,Yes,-1.48,0,1.0,1.0,15.26,0,1.0,1.48
EDU-004241,1,51,1,9085,1,1,125.0,1,1,1,9,4,120.0,0,0,0,1,0,0,22,0,0,6,8,6,14.833333333333334,0,0,6,10,5,13.833333333333334,0,11.1,0.6,2.02,Graduate,Female,No,No,Up to Date,No,-1.0,-1,1.0,0.8333,11.86,0,1.0,1.0
EDU-004242,1,1,3,9500,1,1,140.0,1,37,37,9,9,141.5,1,0,1,0,0,0,19,0,0,8,8,7,13.327142857142857,0,0,8,8,7,13.327142857142857,0,10.8,1.4,1.74,Dropout,Female,No,Yes,In Arrears,Yes,0.0,0,0.875,0.875,11.66,1,1.33,0.0
EDU-004243,1,17,1,9238,1,1,111.0,1,19,38,3,3,111.4,1,0,0,0,0,0,19,0,0,6,13,4,11.0,0,0,6,13,2,11.5,0,12.7,3.7,-1.7,Dropout,Female,No,No,In Arrears,Yes,0.5,-2,0.6667,0.3333,3.77,0,1.0,0.5
EDU-004244,1,1,1,9070,1,1,132.0,1,4,39,2,2,136.6,1,0,0,1,0,0,18,0,1,6,10,6,11.714285714285714,1,0,6,15,6,10.375,0,13.9,-0.3,0.79,Enrolled,Female,No,No,Up to Date,Yes,-1.34,0,1.0,1.0,10.91,0,1.0,1.34
EDU-004245,1,1,1,171,1,1,150.0,1,3,3,2,5,154.6,1,0,0,1,0,0,19,0,6,12,13,12,12.333333333333334,0,4,11,12,10,12.727272727272728,0,8.9,1.4,3.51,Dropout,Female,No,No,Up to Date,Yes,0.39,-2,1.0,0.9091,11.43,0,2.0,0.39
EDU-004246,1,18,4,9853,1,1,118.0,1,19,37,9,6,111.4,1,0,1,0,0,0,20,0,0,7,9,0,0.0,0,0,6,6,0,0.0,0,11.1,0.6,2.02,Dropout,Female,No,Yes,In Arrears,Yes,0.0,0,0.0,0.0,0.0,1,1.17,0.0
EDU-004247,2,43,1,9991,0,1,150.0,1,38,19,3,3,120.1,0,0,0,0,0,0,39,0,11,15,15,12,11.916666666666666,0,8,13,14,8,11.25,0,10.8,1.4,1.74,Dropout,Female,No,No,In Arrears,No,-0.67,-4,0.8,0.6154,7.09,0,2.5,0.67
EDU-004248,2,39,2,8014,0,19,100.0,1,37,37,4,7,100.0,0,0,1,1,0,0,37,0,0,6,9,6,11.833333333333334,0,0,6,7,6,11.0,0,7.6,2.6,0.32,Graduate,Female,No,Yes,Up to Date,No,-0.83,0,1.0,1.0,11.33,0,1.0,0.83
EDU-004249,2,39,1,9500,1,3,130.0,1,1,1,4,6,140.0,0,0,1,0,0,0,30,0,3,7,11,3,12.333333333333334,0,3,7,9,3,11.666666666666666,0,13.9,-0.3,0.79,Dropout,Female,No,Yes,In Arrears,No,-0.67,0,0.4286,0.4286,5.11,1,1.17,0.67
EDU-004250,2,43,1,9991,0,3,130.0,1,37,37,9,9,130.0,0,0,0,1,0,0,41,0,5,10,11,10,14.3,0,5,10,10,10,14.2,0,12.7,3.7,-1.7,Graduate,Female,No,No,Up to Date,No,-0.1,0,1.0,1.0,14.24,0,1.67,0.1
EDU-004251,4,39,1,9500,1,19,133.1,1,37,37,5,7,100.0,0,0,0,0,0,0,40,0,0,8,11,5,11.832,4,0,8,11,5,11.832,4,9.4,-0.8,-3.12,Dropout,Female,No,No,In Arrears,No,0.0,0,0.625,0.625,7.4,0,1.33,0.0
EDU-004252,1,1,1,9147,1,1,112.0,1,9,22,4,3,106.1,0,0,0,1,0,0,20,0,0,5,13,2,10.0,1,0,5,10,0,0.0,0,9.4,-0.8,-3.12,Dropout,Female,No,No,Up to Date,No,-10.0,-2,0.4,0.0,0.0,0,0.83,10.0
EDU-004253,2,1,1,9991,0,1,144.0,1,19,19,9,9,151.4,0,0,0,1,0,0,28,0,0,5,5,5,12.0,0,0,5,6,5,11.6,0,7.6,2.6,0.32,Graduate,Female,No,No,Up to Date,No,-0.4,0,1.0,1.0,11.76,0,0.83,0.4
EDU-004254,1,18,2,9853,1,1,120.0,1,19,37,9,4,113.7,1,0,1,0,0,0,19,0,0,7,11,5,12.2,0,0,7,13,0,0.0,0,12.4,0.5,1.79,Dropout,Female,No,Yes,In Arrears,Yes,-12.2,-5,0.7143,0.0,0.0,1,1.17,12.2
EDU-004255,1,1,1,9670,1,1,121.0,1,37,37,5,9,116.5,1,0,0,1,0,0,23,0,0,5,7,3,11.333333333333334,0,0,5,5,4,11.25,0,7.6,2.6,0.32,Dropout,Female,No,No,Up to Date,Yes,-0.08,1,0.6,0.8,9.03,0,0.83,0.08
EDU-004256,1,7,1,8014,0,4,120.0,1,2,3,2,2,120.0,0,0,0,1,0,0,18,0,10,16,24,13,13.846153846153848,0,7,11,15,9,12.555555555555555,0,15.5,2.8,-4.06,Dropout,Female,No,No,Up to Date,No,-1.29,-4,0.8125,0.8182,10.7,0,2.67,1.29
EDU-004257,1,39,1,9500,1,1,100.0,1,1,19,4,8,122.0,0,0,0,1,0,0,24,0,0,8,8,7,12.412857142857144,0,0,8,8,7,12.412857142857144,0,10.8,1.4,1.74,Graduate,Female,No,No,Up to Date,No,0.0,0,0.875,0.875,10.86,0,1.33,0.0
EDU-004258,1,17,5,9670,1,1,115.0,1,1,19,5,5,117.1,0,0,0,1,0,0,21,0,0,5,7,3,12.666666666666666,0,0,5,6,4,12.75,1,7.6,2.6,0.32,Enrolled,Female,No,No,Up to Date,No,0.08,1,0.6,0.8,10.17,0,0.83,0.08
EDU-004259,1,1,2,9500,1,1,123.0,1,19,19,7,7,120.8,1,0,0,1,0,0,19,0,0,8,11,7,12.545714285714286,0,0,8,11,7,12.545714285714286,0,10.8,1.4,1.74,Graduate,Female,No,No,Up to Date,Yes,0.0,0,0.875,0.875,10.98,0,1.33,0.0
EDU-004260,1,1,1,9773,1,1,134.0,1,37,19,9,10,141.4,1,0,0,1,0,0,19,0,0,6,12,3,13.0,0,0,6,13,2,14.0,0,9.4,-0.8,-3.12,Dropout,Female,No,No,Up to Date,Yes,1.0,-1,0.5,0.3333,4.53,0,1.0,1.0
EDU-004261,1,39,1,9003,1,1,123.0,1,37,37,9,9,110.0,0,0,1,0,0,0,48,0,0,6,6,0,0.0,0,0,6,6,0,0.0,0,11.1,0.6,2.02,Dropout,Female,No,Yes,In Arrears,No,0.0,0,0.0,0.0,0.0,1,1.0,0.0
EDU-004262,2,43,1,9991,0,2,120.0,1,37,37,9,9,120.0,0,0,0,0,0,0,38,0,9,12,12,9,12.22222222222222,2,9,12,12,9,13.0,0,9.4,-0.8,-3.12,Dropout,Female,No,No,In Arrears,No,0.78,0,0.75,0.75,9.52,0,2.0,0.78
EDU-004263,1,17,1,9147,1,1,131.0,1,1,37,3,7,120.2,0,0,0,1,0,0,19,0,0,5,10,5,13.285714285714286,0,0,5,8,5,13.0,0,12.7,3.7,-1.7,Graduate,Female,No,No,Up to Date,No,-0.29,0,1.0,1.0,13.11,0,0.83,0.29
EDU-004264,2,39,1,9991,0,12,133.1,1,37,1,9,4,138.4,0,0,0,1,1,0,30,0,0,5,7,3,11.666666666666666,0,0,5,8,1,11.0,0,7.6,2.6,0.32,Dropout,Male,No,No,Up to Date,No,-0.67,-2,0.6,0.2,2.25,0,0.83,0.67
EDU-004265,1,44,1,9003,1,39,150.0,1,37,19,9,9,150.0,0,0,0,1,1,1,24,0,0,6,9,6,13.555555555555555,0,0,6,7,6,12.666666666666666,0,13.9,-0.3,0.79,Graduate,Male,Yes,No,Up to Date,No,-0.89,0,1.0,1.0,13.02,0,1.0,0.89
EDU-004266,1,17,5,9773,1,1,134.0,1,1,19,9,5,121.8,1,0,0,1,1,0,19,0,0,6,6,6,13.166666666666666,0,0,6,8,6,12.428571428571429,0,16.2,0.3,-0.92,Graduate,Male,No,No,Up to Date,Yes,-0.74,0,1.0,1.0,12.72,0,1.0,0.74
EDU-004267,1,44,1,171,1,39,140.0,1,1,1,9,9,140.0,0,0,0,1,1,0,21,0,0,0,0,0,0.0,0,0,0,0,0,0.0,0,15.5,2.8,-4.06,Enrolled,Male,No,No,Up to Date,No,0.0,0,0.0,0.0,0.0,0,0.0,0.0
EDU-004268,1,1,1,9254,1,1,117.0,1,1,1,5,5,116.3,1,0,0,1,1,1,21,0,0,6,6,6,11.666666666666666,0,0,6,7,5,12.2,0,10.8,1.4,1.74,Graduate,Male,Yes,No,Up to Date,Yes,0.53,-1,1.0,0.8333,9.99,0,1.0,0.53
EDU-004269,1,1,2,9991,0,1,143.0,1,5,1,4,4,131.5,0,0,0,1,1,0,19,0,0,5,11,4,11.0,0,0,5,8,4,12.25,0,15.5,2.8,-4.06,Dropout,Male,No,No,Up to Date,No,1.25,0,0.8,0.8,9.4,0,0.83,1.25
EDU-004270,1,17,2,9070,1,1,142.0,1,3,1,2,4,141.0,1,0,0,1,1,0,18,0,0,6,6,6,13.0,0,0,6,8,1,10.0,0,10.8,1.4,1.74,Enrolled,Male,No,No,Up to Date,Yes,-3.0,-5,1.0,0.1667,1.87,0,1.0,3.0
EDU-004271,1,17,1,9070,1,1,132.0,1,37,38,9,7,138.0,0,0,0,1,1,1,18,0,0,6,6,6,13.666666666666666,0,0,6,6,6,12.0,0,12.4,0.5,1.79,Graduate,Male,Yes,No,Up to Date,No,-1.67,0,1.0,1.0,12.67,0,1.0,1.67
EDU-004272,1,17,4,9119,1,1,138.0,1,1,3,1,4,127.5,1,0,0,1,1,0,19,0,0,5,6,5,14.6,0,0,5,5,5,15.2,0,8.9,1.4,3.51,Dropout,Male,No,No,Up to Date,Yes,0.6,0,1.0,1.0,14.96,0,0.83,0.6
EDU-004273,1,1,1,9500,1,1,131.0,1,1,19,9,9,127.0,0,0,0,1,1,1,19,0,0,8,8,7,12.514285714285714,0,0,8,8,7,12.514285714285714,0,12.7,3.7,-1.7,Graduate,Male,Yes,No,Up to Date,No,0.0,0,0.875,0.875,10.95,0,1.33,0.0
EDU-004274,1,17,2,9085,1,1,123.0,1,3,19,2,9,118.9,0,0,0,1,1,0,18,0,0,5,5,3,14.0,0,0,5,7,3,12.666666666666666,0,7.6,2.6,0.32,Enrolled,Male,No,No,Up to Date,No,-1.33,0,0.6,0.6,7.92,0,0.83,1.33
EDU-004275,1,1,1,9254,1,1,131.0,1,37,19,9,9,134.5,1,0,0,1,1,0,25,0,0,6,8,6,13.166666666666666,0,0,6,8,5,12.6,0,7.6,2.6,0.32,Enrolled,Male,No,No,Up to Date,Yes,-0.57,-1,1.0,0.8333,10.69,0,1.0,0.57
EDU-004276,1,17,1,9119,1,1,141.0,1,37,1,9,2,133.0,1,0,0,1,1,0,18,0,0,5,10,4,13.0,0,0,5,10,3,12.333333333333334,3,7.6,2.6,0.32,Enrolled,Male,No,No,Up to Date,Yes,-0.67,-1,0.8,0.6,7.56,0,0.83,0.67
EDU-004277,5,39,1,9147,1,1,133.1,1,1,19,4,7,114.0,0,0,0,0,1,0,29,0,0,5,5,1,13.0,0,0,5,5,0,0.0,0,8.9,1.4,3.51,Dropout,Male,No,No,In Arrears,No,-13.0,-1,0.2,0.0,0.0,0,0.83,13.0
EDU-004278,1,17,1,9119,1,1,116.0,1,19,37,90,5,116.7,1,0,0,1,1,0,21,0,0,5,10,1,10.0,0,0,5,8,3,13.666666666666666,3,7.6,2.6,0.32,Dropout,Male,No,No,Up to Date,Yes,3.67,2,0.2,0.6,7.32,0,0.83,3.67
EDU-004279,1,1,3,9773,1,1,123.0,1,1,1,4,7,125.1,1,0,1,1,1,1,18,0,0,6,6,6,14.333333333333334,0,0,6,6,6,15.333333333333334,0,11.1,0.6,2.02,Graduate,Male,Yes,Yes,Up to Date,Yes,1.0,0,1.0,1.0,14.93,0,1.0,1.0
EDU-004280,1,17,1,9254,1,1,133.0,1,19,1,9,9,137.2,0,0,0,1,1,1,20,0,0,6,6,0,0.0,0,0,6,12,0,0.0,0,10.8,1.4,1.74,Dropout,Male,Yes,No,Up to Date,No,0.0,0,0.0,0.0,0.0,0,1.0,0.0
EDU-004281,1,39,1,9991,0,1,133.1,1,19,37,9,7,111.4,0,0,0,1,1,0,27,0,0,5,7,1,11.0,0,0,5,7,0,0.0,0,13.9,-0.3,0.79,Dropout,Male,No,No,Up to Date,No,-11.0,-1,0.2,0.0,0.0,0,0.83,11.0
EDU-004282,1,1,1,9085,1,1,133.1,1,3,1,4,9,105.0,1,0,0,1,1,0,21,0,0,6,15,3,11.25,0,0,6,9,0,0.0,0,12.4,0.5,1.79,Enrolled,Male,No,No,Up to Date,Yes,-11.25,-3,0.5,0.0,0.0,0,1.0,11.25
EDU-004283,1,18,2,9147,1,1,140.0,1,37,37,5,9,124.3,1,0,0,1,1,0,20,0,0,5,7,4,10.75,0,0,5,12,3,10.571428571428571,0,10.8,1.4,1.74,Dropout,Male,No,No,Up to Date,Yes,-0.18,-1,0.8,0.6,6.39,0,0.83,0.18
EDU-004284,1,39,1,9147,1,19,100.0,1,38,19,7,9,132.0,0,0,1,0,1,0,28,0,0,5,7,1,11.0,0,0,5,9,0,0.0,0,10.8,1.4,1.74,Dropout,Male,No,Yes,In Arrears,No,-11.0,-1,0.2,0.0,0.0,1,0.83,11.0
EDU-004285,1,39,2,9556,1,1,130.0,1,37,19,9,8,110.0,0,0,0,1,1,1,24,0,0,7,13,6,10.857142857142858,0,0,7,7,7,11.857142857142858,0,12.7,3.7,-1.7,Enrolled,Male,Yes,No,Up to Date,No,1.0,1,0.8571,1.0,11.46,0,1.17,1.0
EDU-004286,1,1,5,9147,1,1,134.0,1,3,2,2,2,134.7,0,0,0,1,1,0,22,0,1,5,10,4,11.75,0,0,5,10,3,11.0,0,7.6,2.6,0.32,Enrolled,Male,No,No,Up to Date,No,-0.75,-1,0.8,0.6,6.78,0,0.83,0.75
EDU-004287,1,1,1,9085,1,1,134.0,1,37,19,9,9,136.8,1,0,0,1,1,0,20,0,0,5,8,5,12.8,0,0,5,9,4,13.666666666666666,1,10.8,1.4,1.74,Graduate,Male,No,No,Up to Date,Yes,0.87,-1,1.0,0.8,10.66,0,0.83,0.87
EDU-004288,1,44,1,9085,1,39,160.0,1,1,1,4,4,160.0,0,0,0,1,1,0,21,0,1,5,15,3,12.333333333333334,2,0,5,7,5,11.4,0,9.4,-0.8,-3.12,Graduate,Male,No,No,Up to Date,No,-0.93,2,0.6,1.0,11.77,0,0.83,0.93
EDU-004289,1,44,1,9003,1,39,130.0,1,1,3,9,2,130.0,1,0,1,0,1,0,23,0,0,6,12,2,11.333333333333334,0,0,6,8,2,13.0,0,13.9,-0.3,0.79,Dropout,Male,No,Yes,In Arrears,Yes,1.67,0,0.3333,0.3333,4.11,1,1.0,1.67
EDU-004290,1,1,1,9238,1,1,141.0,1,19,1,7,3,128.8,1,0,0,1,1,0,18,0,0,6,10,5,11.6,0,0,6,6,6,11.166666666666666,0,10.8,1.4,1.74,Graduate,Male,No,No,Up to Date,Yes,-0.43,1,0.8333,1.0,11.34,0,1.0,0.43
EDU-004291,1,1,1,171,1,1,147.0,1,1,12,4,4,148.4,1,0,0,1,1,1,20,0,8,14,15,12,10.923076923076923,0,7,13,14,11,12.181818181818182,0,11.1,0.6,2.02,Graduate,Male,Yes,No,Up to Date,Yes,1.26,-1,0.8571,0.8462,9.88,0,2.33,1.26
EDU-004292,1,1,1,171,1,1,137.0,1,1,38,4,5,130.4,1,0,0,1,1,0,19,0,0,0,0,0,0.0,0,0,0,0,0,0.0,0,15.5,2.8,-4.06,Graduate,Male,No,No,Up to Date,Yes,0.0,0,0.0,0.0,0.0,0,0.0,0.0
EDU-004293,2,39,1,9500,1,3,130.0,1,1,1,4,6,126.0,0,0,0,1,1,0,32,0,0,7,7,7,13.62857142857143,0,0,8,8,8,13.9125,0,13.9,-0.3,0.79,Graduate,Male,No,No,Up to Date,No,0.28,1,1.0,1.0,13.8,0,1.17,0.28
EDU-004294,1,1,6,9254,1,1,119.0,1,19,19,9,9,118.7,1,0,0,1,1,0,20,0,0,6,16,3,10.333333333333334,0,0,6,16,1,11.0,0,10.8,1.4,1.74,Dropout,Male,No,No,Up to Date,Yes,0.67,-2,0.5,0.1667,1.79,0,1.0,0.67
EDU-004295,1,39,1,9003,1,1,130.0,1,38,37,7,7,120.0,0,0,0,1,1,0,32,0,12,18,25,18,13.736842105263158,0,10,13,15,12,13.75,1,15.5,2.8,-4.06,Graduate,Male,No,No,Up to Date,No,0.01,-6,1.0,0.9231,12.69,0,3.0,0.01
EDU-004296,1,39,1,9003,1,1,130.0,1,38,19,9,6,120.0,1,0,0,1,1,0,28,0,7,13,19,8,11.625,0,5,10,17,6,11.0,0,15.5,2.8,-4.06,Enrolled,Male,No,No,Up to Date,Yes,-0.62,-2,0.6154,0.6,6.75,0,2.17,0.62
EDU-004297,1,44,1,9070,1,39,120.0,1,1,38,5,5,116.3,1,1,0,1,1,1,21,0,2,7,7,4,11.5,0,5,9,10,7,12.142857142857142,0,12.4,0.5,1.79,Graduate,Male,Yes,No,Up to Date,Yes,0.64,3,0.5714,0.7778,9.24,0,1.17,0.64
EDU-004298,1,1,1,9773,1,1,130.0,1,38,37,9,6,133.9,0,0,0,1,1,1,19,0,0,6,8,5,14.0,0,0,6,8,6,13.0,0,10.8,1.4,1.74,Graduate,Male,Yes,No,Up to Date,No,-1.0,1,0.8333,1.0,13.4,0,1.0,1.0
EDU-004299,1,39,1,9991,0,39,150.0,1,19,19,9,9,150.3,0,0,0,1,1,0,24,0,0,5,7,3,11.333333333333334,0,0,5,6,0,0.0,0,10.8,1.4,1.74,Dropout,Male,No,No,Up to Date,No,-11.33,-3,0.6,0.0,0.0,0,0.83,11.33
EDU-004300,1,17,1,9147,1,1,120.0,1,38,38,9,8,118.3,0,0,0,1,1,0,18,0,0,5,13,1,10.0,0,0,5,5,1,10.0,0,12.7,3.7,-1.7,Dropout,Male,No,No,Up to Date,No,0.0,0,0.2,0.2,2.0,0,0.83,0.0
EDU-004301,1,44,1,9003,1,39,130.0,1,1,37,6,6,130.0,1,0,0,1,1,0,20,0,0,6,14,5,11.714285714285714,0,0,6,15,5,12.0,0,16.2,0.3,-0.92,Graduate,Male,No,No,Up to Date,Yes,0.29,0,0.8333,0.8333,9.9,0,1.0,0.29
EDU-004302,1,43,1,171,1,39,140.0,1,38,37,9,7,140.0,0,0,0,0,1,0,25,0,0,0,0,0,0.0,0,0,0,0,0,0.0,0,15.5,2.8,-4.06,Dropout,Male,No,No,In Arrears,No,0.0,0,0.0,0.0,0.0,0,0.0,0.0
EDU-004303,1,17,6,9147,1,1,130.0,1,37,37,9,9,110.4,1,0,0,1,1,0,25,0,13,15,15,13,10.76923076923077,0,11,14,15,12,11.833333333333334,0,7.6,2.6,0.32,Dropout,Male,No,No,Up to Date,Yes,1.06,-1,0.8667,0.8571,9.78,0,2.5,1.06
EDU-004304,1,17,4,9773,1,1,147.0,1,1,1,4,5,139.7,1,0,0,1,1,0,18,0,0,6,10,5,11.6,0,0,6,6,6,12.0,0,9.4,-0.8,-3.12,Dropout,Male,No,No,Up to Date,Yes,0.4,1,0.8333,1.0,11.84,0,1.0,0.4
EDU-004305,1,1,1,9147,1,1,148.0,1,19,1,7,5,138.3,1,0,0,1,1,0,19,0,0,5,6,4,13.75,0,0,5,5,0,0.0,0,12.4,0.5,1.79,Dropout,Male,No,No,Up to Date,Yes,-13.75,-4,0.8,0.0,0.0,0,0.83,13.75
EDU-004306,1,1,5,9147,1,1,133.0,1,19,3,9,9,123.2,1,0,0,1,1,0,18,0,0,5,14,4,11.0,0,0,5,9,5,10.5,0,13.9,-0.3,0.79,Dropout,Male,No,No,Up to Date,Yes,-0.5,1,0.8,1.0,10.7,0,0.83,0.5
EDU-004307,1,42,1,9147,1,1,135.0,1,19,1,4,4,120.0,0,0,0,0,1,0,25,0,0,5,6,0,0.0,0,0,5,5,0,0.0,0,15.5,2.8,-4.06,Dropout,Male,No,No,In Arrears,No,0.0,0,0.0,0.0,0.0,0,0.83,0.0
EDU-004308,1,39,1,171,1,1,116.0,1,34,34,0,0,127.0,1,0,0,1,1,0,38,0,0,0,0,0,0.0,0,0,0,0,0,0.0,0,7.6,2.6,0.32,Dropout,Male,No,No,Up to Date,Yes,0.0,0,0.0,0.0,0.0,0,0.0,0.0
EDU-004309,1,44,1,171,1,39,110.0,1,1,1,1,7,114.2,0,0,0,1,1,0,19,0,0,0,0,0,0.0,0,0,0,0,0,0.0,0,12.4,0.5,1.79,Dropout,Male,No,No,Up to Date,No,0.0,0,0.0,0.0,0.0,0,0.0,0.0
EDU-004310,1,1,4,9773,1,1,133.0,1,1,19,9,9,119.7,1,0,0,1,1,0,19,0,0,6,7,6,12.333333333333334,0,0,6,10,5,13.2,0,16.2,0.3,-0.92,Graduate,Male,No,No,Up to Date,Yes,0.87,-1,1.0,0.8333,10.71,0,1.0,0.87
EDU-004311,1,44,1,9085,1,39,150.0,1,38,37,9,4,150.0,1,0,0,1,1,1,22,0,0,6,9,6,13.428571428571429,0,1,6,12,6,13.625,0,12.4,0.5,1.79,Graduate,Male,Yes,No,Up to Date,Yes,0.2,0,1.0,1.0,13.55,0,1.0,0.2
EDU-004312,1,1,6,9119,1,1,135.0,1,2,1,3,5,123.5,1,0,0,1,1,0,18,0,0,5,10,0,0.0,0,0,5,10,1,10.0,3,7.6,2.6,0.32,Enrolled,Male,No,No,Up to Date,Yes,10.0,1,0.0,0.2,1.2,0,0.83,10.0
EDU-004313,1,7,1,9991,0,3,130.0,1,19,19,3,9,130.0,0,0,0,0,1,0,32,0,0,5,12,4,14.75,0,0,5,9,2,15.0,0,16.2,0.3,-0.92,Dropout,Male,No,No,In Arrears,No,0.25,-2,0.8,0.4,5.96,0,0.83,0.25
EDU-004314,1,43,1,9853,1,1,130.0,1,2,39,2,5,124.6,0,0,0,1,1,0,37,0,19,21,21,21,12.476190476190476,0,13,19,19,19,12.210526315789474,0,12.4,0.5,1.79,Graduate,Male,No,No,Up to Date,No,-0.27,-2,1.0,1.0,12.32,0,3.5,0.27
EDU-004315,1,17,1,9119,1,1,132.0,1,37,37,9,6,119.4,1,0,0,1,1,0,21,0,0,5,8,0,0.0,0,0,5,5,0,0.0,0,7.6,2.6,0.32,Dropout,Male,No,No,Up to Date,Yes,0.0,0,0.0,0.0,0.0,0,0.83,0.0
EDU-004316,1,1,1,9254,1,1,125.0,1,1,3,4,1,121.9,1,0,0,1,1,0,18,0,0,6,15,3,11.666666666666666,0,0,6,14,2,12.5,0,10.8,1.4,1.74,Dropout,Male,No,No,Up to Date,Yes,0.83,-1,0.5,0.3333,4.06,0,1.0,0.83
EDU-004317,1,1,3,9070,1,1,118.0,1,43,3,123,123,110.0,1,0,1,1,1,0,19,0,0,6,6,6,12.0,0,0,6,7,6,13.571428571428571,0,8.9,1.4,3.51,Graduate,Male,No,Yes,Up to Date,Yes,1.57,0,1.0,1.0,12.94,0,1.0,1.57
EDU-004318,1,17,1,9670,1,1,118.0,1,1,19,4,8,118.7,0,0,0,1,1,1,19,0,0,6,7,6,12.0,0,0,6,6,6,14.0,0,12.4,0.5,1.79,Graduate,Male,Yes,No,Up to Date,No,2.0,0,1.0,1.0,13.2,0,1.0,2.0
EDU-004319,1,1,1,171,1,1,161.0,41,1,1,9,7,163.1,1,0,0,0,0,0,19,1,6,12,12,12,15.25,0,4,11,12,11,15.0,0,8.9,1.4,3.51,Graduate,Female,No,No,In Arrears,Yes,-0.25,-1,1.0,1.0,15.1,0,2.0,0.25
EDU-004320,1,17,1,9773,1,1,136.0,1,19,38,9,9,121.7,1,0,0,1,1,1,19,0,0,6,9,5,12.4,0,0,6,6,6,13.166666666666666,0,12.7,3.7,-1.7,Graduate,Male,Yes,No,Up to Date,Yes,0.77,1,0.8333,1.0,12.86,0,1.0,0.77
EDU-004321,1,15,1,9147,1,1,135.0,26,1,1,9,7,135.0,0,0,1,1,1,0,21,1,0,5,9,3,12.333333333333334,0,0,5,8,4,11.25,0,8.9,1.4,3.51,Enrolled,Male,No,Yes,Up to Date,No,-1.08,1,0.6,0.8,9.35,0,0.83,1.08
EDU-004322,4,39,1,9991,0,1,147.0,1,19,19,7,8,147.9,0,0,0,1,0,0,28,0,0,5,8,4,11.5,0,0,5,7,4,12.0,0,10.8,1.4,1.74,Enrolled,Female,No,No,Up to Date,No,0.5,0,0.8,0.8,9.44,0,0.83,0.5
EDU-004323,1,1,1,9773,1,1,124.0,17,1,1,3,5,118.1,1,0,1,0,0,0,19,1,0,6,8,5,12.2,0,0,6,6,4,11.75,0,16.2,0.3,-0.92,Dropout,Female,No,Yes,In Arrears,Yes,-0.45,-1,0.8333,0.6667,7.95,1,1.0,0.45
EDU-004324,1,39,1,9991,0,19,133.1,1,37,37,9,6,105.3,0,0,1,1,0,0,28,0,0,5,14,2,10.5,0,0,5,6,0,0.0,0,12.4,0.5,1.79,Dropout,Female,No,Yes,Up to Date,No,-10.5,-2,0.4,0.0,0.0,0,0.83,10.5
EDU-004325,1,1,1,9500,1,1,141.0,1,19,19,7,9,139.8,0,0,0,1,0,1,19,0,0,8,8,7,14.4,0,0,8,8,7,14.4,0,12.7,3.7,-1.7,Graduate,Female,Yes,No,Up to Date,No,0.0,0,0.875,0.875,12.6,0,1.33,0.0
EDU-004326,2,7,1,8014,0,3,130.0,1,19,38,3,7,130.0,0,0,0,1,0,0,32,0,8,14,18,13,12.846153846153848,0,7,11,19,10,12.8,0,10.8,1.4,1.74,Graduate,Female,No,No,Up to Date,No,-0.05,-3,0.9286,0.9091,11.65,0,2.33,0.05
EDU-004327,1,39,1,8014,0,39,110.0,1,19,37,9,8,127.5,0,0,1,0,0,0,26,0,0,6,13,4,12.0,0,0,6,7,5,13.2,0,16.2,0.3,-0.92,Dropout,Female,No,Yes,In Arrears,No,1.2,1,0.6667,0.8333,10.6,1,1.0,1.2
EDU-004328,2,39,1,9147,1,12,133.1,1,37,37,9,9,120.0,0,0,0,1,0,0,25,0,0,5,0,0,0.0,0,0,5,0,0,0.0,0,9.4,-0.8,-3.12,Dropout,Female,No,No,Up to Date,No,0.0,0,0.0,0.0,0.0,0,0.83,0.0
EDU-004329,2,43,2,9853,1,1,130.0,1,38,31,4,1,124.2,0,0,0,1,0,0,31,0,3,7,8,6,13.666666666666666,0,1,6,8,5,13.5,0,9.4,-0.8,-3.12,Dropout,Female,No,No,Up to Date,No,-0.17,-1,0.8571,0.8333,11.31,0,1.17,0.17
EDU-004330,1,17,1,9238,1,1,120.0,1,37,1,9,5,113.4,1,0,0,1,0,1,20,0,0,6,10,5,11.857142857142858,0,0,6,8,6,11.666666666666666,0,12.7,3.7,-1.7,Graduate,Female,Yes,No,Up to Date,Yes,-0.19,1,0.8333,1.0,11.74,0,1.0,0.19
EDU-004331,1,1,4,9238,1,1,133.1,1,1,37,8,9,118.0,1,0,0,1,0,0,19,0,0,6,0,0,0.0,0,0,6,0,0,0.0,0,12.7,3.7,-1.7,Dropout,Female,No,No,Up to Date,Yes,0.0,0,0.0,0.0,0.0,0,1.0,0.0
EDU-004332,1,17,1,171,1,1,145.0,1,37,19,5,9,130.0,1,0,0,1,0,0,23,0,0,0,0,0,0.0,0,0,0,0,0,0.0,0,11.1,0.6,2.02,Dropout,Female,No,No,Up to Date,Yes,0.0,0,0.0,0.0,0.0,0,0.0,0.0
EDU-004333,1,1,1,9238,1,1,131.0,1,37,1,9,9,135.9,1,0,0,1,0,0,18,0,0,6,8,5,13.2,0,0,6,6,6,11.333333333333334,0,9.4,-0.8,-3.12,Graduate,Female,No,No,Up to Date,Yes,-1.87,1,0.8333,1.0,12.08,0,1.0,1.87
EDU-004334,1,1,2,9238,1,1,147.0,1,19,38,9,8,135.8,1,0,0,1,0,1,19,0,0,6,8,6,12.714285714285714,0,0,6,12,5,11.0,0,13.9,-0.3,0.79,Dropout,Female,Yes,No,Up to Date,Yes,-1.71,-1,1.0,0.8333,9.74,0,1.0,1.71
EDU-004335,1,1,1,9254,1,1,138.0,1,38,19,9,10,133.1,0,0,0,1,0,0,18,0,0,6,6,6,12.5,0,0,6,6,6,12.666666666666666,0,15.5,2.8,-4.06,Graduate,Female,No,No,Up to Date,No,0.17,0,1.0,1.0,12.6,0,1.0,0.17
EDU-004336,1,1,1,9147,1,1,123.0,1,1,1,4,6,118.8,1,0,0,1,0,0,21,0,0,5,9,3,10.666666666666666,0,0,5,13,2,12.5,0,7.6,2.6,0.32,Enrolled,Female,No,No,Up to Date,Yes,1.83,-1,0.6,0.4,4.71,0,0.83,1.83
EDU-004337,1,1,2,9773,1,1,129.0,1,37,37,9,7,117.1,1,0,0,1,0,0,20,0,0,6,12,1,17.0,0,0,6,12,1,17.0,0,9.4,-0.8,-3.12,Enrolled,Female,No,No,Up to Date,Yes,0.0,0,0.1667,0.1667,2.83,0,1.0,0.0
EDU-004338,1,1,1,9085,1,1,125.0,1,1,19,4,9,114.5,1,0,0,1,0,0,24,0,0,5,6,5,13.0,1,0,5,9,4,13.25,0,12.7,3.7,-1.7,Graduate,Female,No,No,Up to Date,Yes,0.25,-1,1.0,0.8,10.52,0,0.83,0.25
EDU-004339,1,1,1,9670,1,1,131.0,1,37,37,9,6,127.2,0,0,0,1,0,1,18,0,0,5,7,3,12.666666666666666,0,0,5,5,4,12.5,0,9.4,-0.8,-3.12,Enrolled,Female,Yes,No,Up to Date,No,-0.17,1,0.6,0.8,10.05,0,0.83,0.17
EDU-004340,1,42,1,9500,1,1,100.0,1,3,37,2,6,130.0,1,0,0,1,0,0,25,0,0,14,14,12,13.291666666666666,1,0,14,14,12,13.291666666666666,1,7.6,2.6,0.32,Graduate,Female,No,No,Up to Date,Yes,0.0,0,0.8571,0.8571,11.39,0,2.33,0.0
EDU-004341,1,17,1,9085,1,1,120.0,1,2,3,2,2,116.1,0,0,0,1,0,0,20,0,0,5,12,3,11.666666666666666,2,0,5,11,4,11.5,1,9.4,-0.8,-3.12,Graduate,Female,No,No,Up to Date,No,-0.17,1,0.6,0.8,9.25,0,0.83,0.17
EDU-004342,1,17,2,9500,1,1,145.0,1,19,37,5,9,130.5,1,0,0,1,0,0,18,0,0,8,8,7,14.24,0,0,8,8,7,14.24,0,10.8,1.4,1.74,Graduate,Female,No,No,Up to Date,Yes,0.0,0,0.875,0.875,12.46,0,1.33,0.0
EDU-004343,1,39,1,9670,1,1,120.0,1,34,34,0,0,104.0,1,0,0,1,0,0,24,0,0,5,10,3,13.0,0,0,5,11,3,11.333333333333334,0,7.6,2.6,0.32,Dropout,Female,No,No,Up to Date,Yes,-1.67,0,0.6,0.6,7.2,0,0.83,1.67
EDU-004344,1,17,2,9500,1,1,140.0,1,1,1,5,10,128.5,1,0,0,1,0,0,18,0,0,7,9,5,14.06,0,0,7,9,6,12.571428571428571,0,12.4,0.5,1.79,Enrolled,Female,No,No,Up to Date,Yes,-1.49,1,0.7143,0.8571,11.29,0,1.17,1.49
EDU-004345,1,17,5,9238,1,1,134.0,1,38,37,9,9,126.0,0,0,1,0,0,0,21,0,0,6,10,5,11.833333333333334,0,0,6,10,5,13.2,0,13.9,-0.3,0.79,Dropout,Female,No,Yes,In Arrears,No,1.37,0,0.8333,0.8333,10.54,1,1.0,1.37
EDU-004346,1,1,1,9773,1,1,140.0,1,1,19,5,10,141.1,1,0,0,1,0,0,18,0,0,6,6,6,12.833333333333334,0,0,6,6,6,13.333333333333334,0,9.4,-0.8,-3.12,Graduate,Female,No,No,Up to Date,Yes,0.5,0,1.0,1.0,13.13,0,1.0,0.5
EDU-004347,1,17,2,9254,1,1,107.0,1,12,19,5,5,102.8,1,0,0,1,0,0,20,0,0,6,16,1,10.0,0,0,6,12,0,0.0,0,10.8,1.4,1.74,Dropout,Female,No,No,Up to Date,Yes,-10.0,-1,0.1667,0.0,0.0,0,1.0,10.0
EDU-004348,1,17,5,9147,1,1,133.0,1,1,1,4,4,129.2,1,0,0,1,0,0,19,0,0,5,9,2,11.0,0,0,5,12,2,10.0,0,7.6,2.6,0.32,Dropout,Female,No,No,Up to Date,Yes,-1.0,0,0.4,0.4,4.16,0,0.83,1.0
EDU-004349,1,1,1,9500,1,1,127.0,1,3,1,2,9,119.3,1,0,0,1,0,0,20,0,0,7,7,7,14.105714285714289,0,0,8,8,8,13.6625,0,11.1,0.6,2.02,Graduate,Female,No,No,Up to Date,Yes,-0.44,1,1.0,1.0,13.84,0,1.17,0.44
EDU-004350,1,1,5,9500,1,1,141.0,1,38,19,9,6,126.3,1,0,0,1,0,0,20,0,0,8,12,7,12.471428571428572,0,0,8,12,7,12.471428571428572,0,12.7,3.7,-1.7,Graduate,Female,No,No,Up to Date,Yes,0.0,0,0.875,0.875,10.91,0,1.33,0.0
EDU-004351,1,44,1,9085,1,39,140.0,1,3,1,4,3,140.0,1,0,0,1,0,1,20,0,2,6,11,6,11.833333333333334,0,1,6,17,5,11.857142857142858,0,12.4,0.5,1.79,Graduate,Female,Yes,No,Up to Date,Yes,0.02,-1,1.0,0.8333,9.87,0,1.0,0.02
EDU-004352,1,1,3,9070,1,1,150.0,1,1,1,4,8,131.5,1,0,0,1,0,0,20,0,0,6,6,6,12.5,0,0,6,6,6,12.833333333333334,0,7.6,2.6,0.32,Graduate,Female,No,No,Up to Date,Yes,0.33,0,1.0,1.0,12.7,0,1.0,0.33
EDU-004353,1,1,6,9853,1,1,140.0,1,38,38,9,7,137.6,1,0,0,1,0,0,18,0,0,6,7,6,11.666666666666666,0,0,6,7,6,12.333333333333334,0,10.8,1.4,1.74,Dropout,Female,No,No,Up to Date,Yes,0.67,0,1.0,1.0,12.07,0,1.0,0.67
EDU-004354,1,1,1,171,1,1,141.0,1,3,1,4,4,142.8,1,0,0,1,0,0,18,0,0,0,0,0,0.0,0,0,0,0,0,0.0,0,12.4,0.5,1.79,Graduate,Female,No,No,Up to Date,Yes,0.0,0,0.0,0.0,0.0,0,0.0,0.0
EDU-004355,4,39,1,9991,0,1,150.0,1,37,38,9,9,146.2,0,0,0,1,0,0,30,0,0,5,11,3,10.333333333333334,0,0,5,10,4,12.8,0,12.4,0.5,1.79,Enrolled,Female,No,No,Up to Date,No,2.47,1,0.6,0.8,9.45,0,0.83,2.47
EDU-004356,1,1,2,9085,1,1,160.0,1,4,19,2,5,162.1,1,0,0,1,0,0,18,0,0,5,8,5,16.166666666666668,2,0,5,9,5,14.285714285714286,1,9.4,-0.8,-3.12,Graduate,Female,No,No,Up to Date,Yes,-1.88,0,1.0,1.0,15.04,0,0.83,1.88
EDU-004357,1,39,1,9085,1,19,133.1,1,37,37,4,8,140.0,0,0,0,1,0,0,35,0,0,6,11,3,12.666666666666666,0,0,6,7,0,0.0,0,11.1,0.6,2.02,Dropout,Female,No,No,Up to Date,No,-12.67,-3,0.5,0.0,0.0,0,1.0,12.67
EDU-004358,1,39,1,8014,0,1,133.1,1,19,37,7,8,120.0,0,0,1,0,0,0,31,0,0,6,14,2,10.5,0,0,6,6,3,12.333333333333334,0,11.1,0.6,2.02,Dropout,Female,No,Yes,In Arrears,No,1.83,1,0.3333,0.5,5.8,1,1.0,1.83
EDU-004359,1,43,1,9254,1,1,134.0,1,37,37,9,9,133.3,1,0,1,1,0,0,19,0,0,6,13,2,11.5,0,0,6,13,1,11.0,0,7.6,2.6,0.32,Dropout,Female,No,Yes,Up to Date,Yes,-0.5,-1,0.3333,0.1667,1.87,0,1.0,0.5
EDU-004360,1,1,4,9238,1,1,130.0,1,1,19,4,5,124.8,1,0,0,1,0,0,19,0,0,6,6,6,13.0,0,0,6,8,5,13.4,0,8.9,1.4,3.51,Graduate,Female,No,No,Up to Date,Yes,0.4,-1,1.0,0.8333,11.03,0,1.0,0.4
EDU-004361,1,17,4,9500,1,1,140.0,1,19,37,4,8,133.3,1,0,0,1,0,0,19,0,0,7,7,6,11.966666666666669,0,0,7,7,6,11.966666666666669,0,7.6,2.6,0.32,Graduate,Female,No,No,Up to Date,Yes,0.0,0,0.8571,0.8571,10.26,0,1.17,0.0
EDU-004362,1,17,1,9500,1,1,145.0,1,3,3,2,3,141.8,0,0,0,1,0,0,19,0,0,8,8,8,13.3475,0,0,8,8,8,13.3475,0,9.4,-0.8,-3.12,Graduate,Female,No,No,Up to Date,No,0.0,0,1.0,1.0,13.35,0,1.33,0.0
EDU-004363,1,1,3,9085,1,1,133.0,1,1,38,9,90,128.2,0,0,0,1,0,0,21,0,0,5,7,5,12.0,0,0,5,7,4,12.5,0,7.6,2.6,0.32,Graduate,Female,No,No,Up to Date,No,0.5,-1,1.0,0.8,9.84,0,0.83,0.5
EDU-004364,1,17,3,9853,1,1,133.1,1,34,34,0,0,115.0,0,0,0,1,0,0,18,0,0,6,10,2,10.5,0,0,6,13,0,0.0,0,7.6,2.6,0.32,Dropout,Female,No,No,Up to Date,No,-10.5,-2,0.3333,0.0,0.0,0,1.0,10.5
EDU-004365,1,17,1,9238,1,1,132.0,1,37,37,9,9,123.6,1,0,0,1,0,0,18,0,0,6,9,4,11.5,0,0,6,10,4,10.75,0,7.6,2.6,0.32,Enrolled,Female,No,No,Up to Date,Yes,-0.75,0,0.6667,0.6667,7.37,0,1.0,0.75
EDU-004366,1,1,2,171,1,1,117.0,1,38,38,4,9,120.2,1,0,0,1,1,0,19,0,0,0,0,0,0.0,0,0,0,0,0,0.0,0,7.6,2.6,0.32,Graduate,Male,No,No,Up to Date,Yes,0.0,0,0.0,0.0,0.0,0,0.0,0.0
EDU-004367,1,1,1,9670,1,1,127.0,1,3,19,3,9,127.0,1,0,0,1,1,0,18,0,0,6,9,6,13.571428571428571,0,0,6,11,4,14.0,0,12.4,0.5,1.79,Graduate,Male,No,No,Up to Date,Yes,0.43,-2,1.0,0.6667,9.22,0,1.0,0.43
EDU-004368,1,17,1,9085,1,1,134.0,1,19,19,1,1,120.4,1,0,0,1,1,0,18,0,0,6,10,6,14.7,0,0,6,10,6,12.0,0,16.2,0.3,-0.92,Graduate,Male,No,No,Up to Date,Yes,-2.7,0,1.0,1.0,13.08,0,1.0,2.7
EDU-004369,1,39,1,9991,0,1,120.0,1,37,37,9,9,120.0,1,0,0,0,1,0,25,0,0,5,5,0,0.0,0,0,5,5,0,0.0,0,9.4,-0.8,-3.12,Dropout,Male,No,No,In Arrears,Yes,0.0,0,0.0,0.0,0.0,0,0.83,0.0
EDU-004370,1,1,1,9500,1,1,136.0,1,2,2,3,3,120.0,1,0,0,1,1,0,18,0,0,7,8,6,11.833333333333334,0,0,7,8,6,11.833333333333334,0,7.6,2.6,0.32,Enrolled,Male,No,No,Up to Date,Yes,0.0,0,0.8571,0.8571,10.14,0,1.17,0.0
EDU-004371,1,1,3,171,1,1,137.0,1,1,3,5,2,133.9,1,0,0,1,1,0,19,0,0,0,0,0,0.0,0,0,0,0,0,0.0,0,12.7,3.7,-1.7,Graduate,Male,No,No,Up to Date,Yes,0.0,0,0.0,0.0,0.0,0,0.0,0.0
EDU-004372,1,1,6,9500,1,1,118.0,1,38,19,3,3,113.5,1,0,0,1,1,0,18,0,0,7,7,7,13.175714285714289,0,0,8,8,8,14.925,0,12.4,0.5,1.79,Graduate,Male,No,No,Up to Date,Yes,1.75,1,1.0,1.0,14.23,0,1.17,1.75
EDU-004373,1,39,1,9003,1,1,130.0,1,12,12,9,9,126.1,0,0,0,1,1,0,24,0,0,6,7,0,0.0,0,0,6,10,0,0.0,0,12.4,0.5,1.79,Dropout,Male,No,No,Up to Date,No,0.0,0,0.0,0.0,0.0,0,1.0,0.0
EDU-004374,1,1,1,9238,1,1,124.0,1,37,37,7,9,121.2,0,0,0,1,0,0,19,0,0,6,12,2,13.0,0,0,6,9,6,10.833333333333334,0,7.6,2.6,0.32,Enrolled,Female,No,No,Up to Date,No,-2.17,4,0.3333,1.0,11.7,0,1.0,2.17
EDU-004375,5,7,1,9500,1,40,150.0,1,37,37,4,9,150.0,0,0,0,1,0,0,29,0,1,8,11,7,13.742857142857144,0,1,8,11,7,13.742857142857144,0,12.7,3.7,-1.7,Graduate,Female,No,No,Up to Date,No,0.0,0,0.875,0.875,12.02,0,1.33,0.0
EDU-004376,1,43,1,9991,0,1,161.0,1,37,37,9,9,100.0,1,0,0,1,0,0,27,0,0,5,5,0,0.0,0,0,5,5,0,0.0,0,7.6,2.6,0.32,Dropout,Female,No,No,Up to Date,Yes,0.0,0,0.0,0.0,0.0,0,0.83,0.0
EDU-004377,1,17,6,9500,1,1,143.0,1,38,1,9,10,127.3,1,0,0,1,0,0,18,0,0,7,8,7,12.217142857142855,0,0,8,11,7,12.11875,0,11.1,0.6,2.02,Graduate,Female,No,No,Up to Date,Yes,-0.1,0,1.0,0.875,10.64,0,1.17,0.1
EDU-004378,2,43,1,9991,0,1,130.0,1,37,37,9,9,103.8,0,0,0,1,0,0,28,0,14,15,15,14,11.071428571428571,0,12,14,16,12,11.333333333333334,1,9.4,-0.8,-3.12,Dropout,Female,No,No,Up to Date,No,0.26,-2,0.9333,0.8571,9.62,0,2.5,0.26
EDU-004379,2,39,1,9853,1,19,133.1,1,37,37,9,9,131.0,0,0,0,1,0,1,32,0,0,7,10,7,13.428571428571429,0,2,8,8,8,13.25,0,13.9,-0.3,0.79,Graduate,Female,Yes,No,Up to Date,No,-0.18,1,1.0,1.0,13.32,0,1.17,0.18
EDU-004380,1,39,1,9991,0,1,110.0,1,37,37,7,7,133.9,0,0,0,1,0,0,30,0,0,5,7,5,11.4,0,0,5,6,5,13.666666666666666,0,10.8,1.4,1.74,Dropout,Female,No,No,Up to Date,No,2.27,0,1.0,1.0,12.76,0,0.83,2.27
EDU-004381,1,7,1,9500,1,2,140.0,1,38,37,7,8,140.0,0,0,0,1,0,0,29,0,0,8,14,4,11.325,1,0,8,14,4,11.325,1,12.7,3.7,-1.7,Dropout,Female,No,No,Up to Date,No,0.0,0,0.5,0.5,5.66,0,1.33,0.0
EDU-004382,1,1,2,9238,1,1,145.0,1,1,19,4,8,121.4,0,0,0,1,0,0,20,0,0,6,13,0,0.0,0,0,5,11,0,0.0,0,9.4,-0.8,-3.12,Enrolled,Female,No,No,Up to Date,No,0.0,0,0.0,0.0,0.0,0,1.0,0.0
EDU-004383,1,1,1,9500,1,1,131.0,1,1,1,9,9,122.0,0,0,0,1,0,0,19,0,0,8,8,7,15.0,0,0,8,8,7,15.0,0,12.7,3.7,-1.7,Graduate,Female,No,No,Up to Date,No,0.0,0,0.875,0.875,13.12,0,1.33,0.0
EDU-004384,1,39,2,8014,0,1,141.0,1,37,37,9,9,150.5,0,0,0,1,0,0,29,0,0,6,7,6,13.166666666666666,0,0,6,8,6,15.625,0,12.4,0.5,1.79,Graduate,Female,No,No,Up to Date,No,2.46,0,1.0,1.0,14.64,0,1.0,2.46
EDU-004385,2,1,1,9238,1,1,145.0,1,37,34,9,7,139.4,0,0,0,0,0,0,27,0,0,6,12,2,11.0,0,0,6,14,4,10.5,0,9.4,-0.8,-3.12,Dropout,Female,No,No,In Arrears,No,-0.5,2,0.3333,0.6667,7.13,0,1.0,0.5
EDU-004386,1,1,1,9238,1,1,122.0,1,19,19,193,194,112.6,0,0,0,1,0,0,19,0,0,6,0,0,0.0,0,0,6,0,0,0.0,0,12.4,0.5,1.79,Dropout,Female,No,No,Up to Date,No,0.0,0,0.0,0.0,0.0,0,1.0,0.0
EDU-004387,1,17,1,9670,1,1,118.0,1,37,38,8,7,115.2,1,0,0,1,0,1,21,0,0,5,7,3,12.333333333333334,0,0,5,5,2,12.5,0,7.6,2.6,0.32,Dropout,Female,Yes,No,Up to Date,Yes,0.17,-1,0.6,0.4,4.97,0,0.83,0.17
EDU-004388,2,1,1,9991,0,1,150.0,1,37,37,9,9,131.8,0,0,0,0,0,0,29,0,0,5,6,4,12.25,0,0,5,6,5,10.166666666666666,0,10.8,1.4,1.74,Dropout,Female,No,No,In Arrears,No,-2.08,1,0.8,1.0,11.0,0,0.83,2.08
EDU-004389,2,43,1,9147,1,2,120.0,1,37,37,9,9,122.8,0,0,1,0,0,0,42,0,13,13,13,13,11.923076923076923,0,12,12,12,12,12.5,0,15.5,2.8,-4.06,Dropout,Female,No,Yes,In Arrears,No,0.58,-1,1.0,1.0,12.27,1,2.17,0.58
EDU-004390,1,1,1,9238,1,1,167.0,1,19,19,9,7,156.2,0,0,0,1,0,1,18,0,0,6,6,6,14.333333333333334,0,0,6,7,6,14.142857142857142,0,15.5,2.8,-4.06,Graduate,Female,Yes,No,Up to Date,No,-0.19,0,1.0,1.0,14.22,0,1.0,0.19
EDU-004391,1,39,1,9085,1,1,150.0,1,38,38,9,9,132.0,1,0,0,1,0,0,24,0,0,5,6,5,12.0,0,0,5,5,5,13.0,0,10.8,1.4,1.74,Graduate,Female,No,No,Up to Date,Yes,1.0,0,1.0,1.0,12.6,0,0.83,1.0
EDU-004392,2,7,1,9500,1,3,130.0,1,37,37,9,5,130.0,0,0,0,1,0,0,32,0,0,7,9,7,13.761111111111113,0,1,8,11,7,12.06375,0,15.5,2.8,-4.06,Enrolled,Female,No,No,Up to Date,No,-1.7,0,1.0,0.875,11.15,0,1.17,1.7
EDU-004393,1,1,1,9147,1,1,151.0,1,37,1,4,10,138.4,0,0,0,1,0,0,18,0,0,5,6,4,11.25,0,0,5,8,5,11.0,0,10.8,1.4,1.74,Enrolled,Female,No,No,Up to Date,No,-0.25,1,0.8,1.0,11.1,0,0.83,0.25
EDU-004394,1,39,1,9991,0,1,120.0,1,38,38,5,7,146.2,0,0,0,1,0,0,27,0,0,5,10,3,12.333333333333334,0,0,5,10,3,10.666666666666666,0,11.1,0.6,2.02,Graduate,Female,No,No,Up to Date,No,-1.67,0,0.6,0.6,6.8,0,0.83,1.67
EDU-004395,1,1,4,9500,1,1,168.0,1,38,1,9,10,166.0,1,0,0,1,0,0,18,0,0,8,8,8,14.88875,0,0,8,8,8,14.88875,0,9.4,-0.8,-3.12,Graduate,Female,No,No,Up to Date,Yes,0.0,0,1.0,1.0,14.89,0,1.33,0.0
EDU-004396,1,17,3,9773,1,1,153.0,1,34,34,99,99,133.1,1,0,1,1,0,1,19,0,0,6,8,6,12.166666666666666,0,0,6,8,5,12.4,0,9.4,-0.8,-3.12,Dropout,Female,Yes,Yes,Up to Date,Yes,0.23,-1,1.0,0.8333,10.26,0,1.0,0.23
EDU-004397,1,1,2,9773,1,1,131.0,1,19,37,9,10,121.9,1,0,0,1,0,1,18,0,0,6,7,6,12.666666666666666,0,0,6,6,6,13.333333333333334,0,11.1,0.6,2.02,Graduate,Female,Yes,No,Up to Date,Yes,0.67,0,1.0,1.0,13.07,0,1.0,0.67
EDU-004398,1,5,4,9853,1,1,116.0,1,3,38,3,8,110.4,1,0,0,1,0,0,21,0,0,6,9,5,12.6,0,0,6,9,3,11.666666666666666,0,9.4,-0.8,-3.12,Enrolled,Female,No,No,Up to Date,Yes,-0.93,-2,0.8333,0.5,6.02,0,1.0,0.93
EDU-004399,1,39,1,9147,1,1,160.0,1,38,38,7,9,121.4,0,1,0,1,0,1,26,0,0,5,8,4,13.0,0,0,5,10,4,12.25,2,16.2,0.3,-0.92,Graduate,Female,Yes,No,Up to Date,No,-0.75,0,0.8,0.8,10.04,0,0.83,0.75
EDU-004400,1,1,1,9254,1,1,152.0,1,37,19,9,9,137.0,1,0,0,1,0,1,22,0,0,6,9,6,13.875,0,0,6,6,6,14.333333333333334,0,9.4,-0.8,-3.12,Graduate,Female,Yes,No,Up to Date,Yes,0.46,0,1.0,1.0,14.15,0,1.0,0.46
EDU-004401,2,39,1,9991,0,1,133.1,1,37,37,6,3,140.0,0,0,1,1,1,0,37,0,0,5,10,4,10.75,0,0,5,12,3,13.333333333333334,0,9.4,-0.8,-3.12,Dropout,Male,No,Yes,Up to Date,No,2.58,-1,0.8,0.6,7.38,0,0.83,2.58
EDU-004402,1,7,1,9085,1,3,150.0,1,19,37,90,90,140.0,0,0,0,1,1,0,24,0,3,5,10,3,14.666666666666666,1,0,5,5,0,0.0,0,7.6,2.6,0.32,Dropout,Male,No,No,Up to Date,No,-14.67,-3,0.6,0.0,0.0,0,0.83,14.67
EDU-004403,1,18,2,9853,1,1,168.0,1,1,19,3,9,126.8,1,0,0,1,1,0,18,0,0,6,7,5,12.6,0,0,6,6,6,13.0,0,10.8,1.4,1.74,Enrolled,Male,No,No,Up to Date,Yes,0.4,1,0.8333,1.0,12.84,0,1.0,0.4
EDU-004404,1,17,3,9500,1,1,137.0,1,1,1,4,10,124.8,1,0,0,1,1,1,19,0,0,7,11,6,12.4125,0,0,8,12,7,11.2625,0,15.5,2.8,-4.06,Graduate,Male,Yes,No,Up to Date,Yes,-1.15,1,0.8571,0.875,10.26,0,1.17,1.15
EDU-004405,2,39,1,9130,1,19,133.1,1,2,1,8,8,120.0,1,0,1,0,1,0,28,0,0,6,12,1,11.0,0,0,6,9,2,10.5,0,16.2,0.3,-0.92,Dropout,Male,No,Yes,In Arrears,Yes,-0.5,1,0.1667,0.3333,3.57,1,1.0,0.5
EDU-004406,1,1,4,9500,1,1,160.0,1,37,37,7,7,133.0,1,0,0,1,1,1,18,0,0,8,8,7,14.314285714285717,0,0,8,8,7,14.314285714285717,0,12.7,3.7,-1.7,Graduate,Male,Yes,No,Up to Date,Yes,0.0,0,0.875,0.875,12.53,0,1.33,0.0
EDU-004407,1,1,1,9070,1,1,145.0,1,1,38,5,7,127.5,1,0,0,1,1,0,20,0,0,6,6,4,12.0,0,0,6,8,2,11.333333333333334,0,10.8,1.4,1.74,Enrolled,Male,No,No,Up to Date,Yes,-0.67,-2,0.6667,0.3333,3.87,0,1.0,0.67
EDU-004408,1,1,1,9773,1,1,138.0,1,1,19,4,4,131.7,1,0,0,1,1,0,18,0,0,6,6,6,12.833333333333334,0,0,6,7,6,13.285714285714286,0,15.5,2.8,-4.06,Graduate,Male,No,No,Up to Date,Yes,0.45,0,1.0,1.0,13.1,0,1.0,0.45
EDU-004409,2,39,1,9773,1,1,100.0,1,37,37,9,9,133.0,0,0,0,1,1,0,47,0,0,6,8,5,11.4,0,0,6,10,6,11.666666666666666,0,12.7,3.7,-1.7,Dropout,Male,No,No,Up to Date,No,0.27,1,0.8333,1.0,11.56,0,1.0,0.27
EDU-004410,2,43,1,9991,0,1,140.0,1,37,37,4,1,122.7,0,0,0,1,1,0,38,0,0,5,5,5,14.6,0,0,5,6,5,14.333333333333334,0,13.9,-0.3,0.79,Graduate,Male,No,No,Up to Date,No,-0.27,0,1.0,1.0,14.44,0,0.83,0.27
EDU-004411,1,1,1,9070,1,1,124.0,1,37,19,9,4,121.2,0,0,0,1,1,1,20,0,1,6,7,6,13.5,0,1,6,9,5,12.5,0,10.8,1.4,1.74,Graduate,Male,Yes,No,Up to Date,No,-1.0,-1,1.0,0.8333,10.75,0,1.0,1.0
EDU-004412,1,44,1,9130,1,39,150.0,1,37,37,9,3,150.0,1,0,0,1,1,0,21,0,1,6,8,6,12.5,0,0,6,11,3,13.333333333333334,0,13.9,-0.3,0.79,Dropout,Male,No,No,Up to Date,Yes,0.83,-3,1.0,0.5,6.5,0,1.0,0.83
EDU-004413,1,43,1,9070,1,1,125.0,1,19,19,7,8,133.4,1,0,0,1,1,1,19,0,4,6,6,4,13.0,0,2,6,7,5,12.2,0,13.9,-0.3,0.79,Enrolled,Male,Yes,No,Up to Date,Yes,-0.8,1,0.6667,0.8333,10.43,0,1.0,0.8
EDU-004414,1,43,1,33,1,1,143.0,1,37,1,9,10,121.2,1,0,0,1,1,0,25,0,5,10,13,5,11.6,0,2,8,10,2,13.0,0,12.4,0.5,1.79,Enrolled,Male,No,No,Up to Date,Yes,1.4,-3,0.5,0.25,3.11,0,1.67,1.4
EDU-004415,1,1,1,9130,1,1,137.0,1,3,38,3,5,129.3,1,0,0,1,0,0,18,0,0,5,6,5,11.8,1,0,5,8,5,11.6,0,9.4,-0.8,-3.12,Graduate,Female,No,No,Up to Date,Yes,-0.2,0,1.0,1.0,11.68,0,0.83,0.2
EDU-004416,4,39,1,9500,1,19,133.1,1,37,37,6,6,117.8,0,0,1,0,0,0,46,0,0,7,14,3,12.333333333333334,0,0,7,12,3,11.083333333333334,0,11.1,0.6,2.02,Dropout,Female,No,Yes,In Arrears,No,-1.25,0,0.4286,0.4286,4.96,1,1.17,1.25
EDU-004417,1,43,2,9500,1,1,136.0,1,38,38,9,5,131.3,0,0,0,1,0,0,23,0,11,14,15,12,12.625,1,11,14,15,12,12.625,1,7.6,2.6,0.32,Graduate,Female,No,No,Up to Date,No,0.0,0,0.8571,0.8571,10.82,0,2.33,0.0
EDU-004418,1,1,1,9070,1,1,132.0,1,1,1,9,9,133.8,1,0,0,1,0,1,20,0,0,6,6,6,13.833333333333334,0,0,6,6,6,13.5,0,16.2,0.3,-0.92,Graduate,Female,Yes,No,Up to Date,Yes,-0.33,0,1.0,1.0,13.63,0,1.0,0.33
EDU-004419,1,44,1,9070,1,39,120.0,1,3,38,3,9,120.0,0,0,0,1,1,0,20,0,2,7,7,6,12.5,0,5,9,10,7,13.142857142857142,1,16.2,0.3,-0.92,Graduate,Male,No,No,Up to Date,No,0.64,1,0.8571,0.7778,10.02,0,1.17,0.64
EDU-004420,1,1,6,9773,1,1,125.0,1,1,1,5,4,122.2,0,0,0,1,1,0,19,0,0,6,7,5,13.6,0,0,6,8,5,12.666666666666666,0,15.5,2.8,-4.06,Graduate,Male,No,No,Up to Date,No,-0.93,0,0.8333,0.8333,10.87,0,1.0,0.93
EDU-004421,1,1,2,9773,1,1,120.0,105,1,1,9,9,119.0,1,0,1,0,0,0,18,1,0,6,6,6,12.0,0,0,6,6,2,11.0,0,11.1,0.6,2.02,Dropout,Female,No,Yes,In Arrears,Yes,-1.0,-4,1.0,0.3333,3.8,1,1.0,1.0
EDU-004422,1,1,1,9500,1,1,154.0,1,37,37,9,9,149.5,1,0,0,1,0,1,30,0,0,7,8,7,14.9125,0,0,8,9,1,13.5,0,13.9,-0.3,0.79,Dropout,Female,Yes,No,Up to Date,Yes,-1.41,-6,1.0,0.125,1.76,0,1.17,1.41
EDU-004423,1,1,1,9147,1,1,180.0,1,37,37,7,4,153.8,1,0,0,1,0,1,20,0,0,5,5,5,13.8,0,0,5,6,5,12.0,0,9.4,-0.8,-3.12,Graduate,Female,Yes,No,Up to Date,Yes,-1.8,0,1.0,1.0,12.72,0,0.83,1.8
EDU-004424,1,10,1,9773,1,1,152.0,22,38,37,5,9,152.0,1,0,0,1,0,0,22,1,0,6,8,6,11.666666666666666,0,0,6,6,6,13.0,0,12.7,3.7,-1.7,Graduate,Female,No,No,Up to Date,Yes,1.33,0,1.0,1.0,12.47,0,1.0,1.33
