Student_ID,Student_Name,Gender,Age,Department,Semester,Attendance_Percentage,Study_Hours_Per_Day,Sleep_Hours,Stress_Level,Motivation_Level,Assignment_Average,Quiz_Average,Internal_Marks,Practical_Marks,Project_Marks,Previous_CGPA,Current_CGPA,Backlogs,LMS_Login_Count,Library_Visits,Coding_Practice_Hours,AI_Tool_Usage_Hours,Participation_Score,Time_Management_Score,Scholarship_Holder,Tuition_Fees_Up_To_Date,Parent_Education,Family_Income_Category,Internet_Access,Health_Status,Extracurricular_Level,Academic_Consistency_Index,Engagement_Index,Academic_Risk_Level,Assignment_Completion_Rate,Classroom_Participation
EDU00001,Aditya Kumar,Female,20,ECE,3,79.9,4.7,7.4,9,4,80.0,83.8,82.9,83.9,89.6,8.69,8.65,0,134,37,1.4,2.6,88,91,Yes,Yes,UG,Upper-Middle,Yes,Average,Medium,8.22,93.96,Moderate,82.6,75
EDU00002,Aditya Sharma,Female,18,MECH,6,80.6,4.0,7.8,8,4,87.9,89.1,89.0,94.3,98.6,9.62,9.76,0,200,4,0.2,0.7,58,45,Yes,Yes,PG,Upper-Middle,Yes,Good,Low,8.87,95.44,Low,82.6,87
EDU00003,Diya Iyer,Male,21,CSE,3,79.2,3.7,5.9,8,9,80.6,84.6,80.8,85.1,80.9,8.72,9.11,0,122,17,0.3,2.7,76,96,No,Yes,PG,High,Yes,Average,Medium,8.2,86.48,Low,82.2,91
EDU00004,Sai Patel,Female,23,CIVIL,6,100.0,2.1,8.5,9,10,68.2,75.4,67.9,69.9,76.8,6.63,6.2,1,172,29,2.6,2.9,95,100,Yes,Yes,School,Upper-Middle,Yes,Poor,Medium,7.05,112.4,High,100.0,68
EDU00005,Keerthi Reddy,Female,17,EEE,3,91.7,3.5,5.4,5,6,82.4,76.4,79.7,71.7,71.6,7.01,7.53,0,81,3,1.2,1.7,45,45,No,Yes,PhD,Middle,Yes,Excellent,High,7.95,70.88,Low,96.9,61
EDU00006,Rahul Singh,Female,20,ECE,5,95.9,3.0,7.4,6,10,85.6,85.5,83.0,76.0,71.3,8.41,8.56,0,21,4,3.5,0.2,44,97,Yes,Yes,School,Middle,Yes,Excellent,Low,8.47,60.16,Low,100.0,83
EDU00007,Pooja Reddy,Female,20,AIDS,7,72.1,2.0,5.3,7,8,64.4,60.3,67.2,60.8,61.8,6.4,6.85,1,69,12,2.7,0.4,51,57,No,Yes,School,High,Yes,Poor,Low,6.4,63.04,High,72.4,60
EDU00008,Pooja Kumar,Male,20,IT,7,87.2,3.4,5.7,7,3,73.9,81.9,76.8,83.6,90.4,7.25,7.52,1,220,35,3.3,1.5,52,58,Yes,Yes,PhD,Low,Yes,Poor,Low,7.75,99.68,High,94.8,68
EDU00009,Nisha Gupta,Male,17,CSE,3,97.3,1.3,5.2,4,9,62.9,60.2,62.7,61.4,65.2,6.32,6.85,1,191,20,1.2,1.2,82,81,No,Yes,School,Low,Yes,Poor,Low,6.19,109.92,Moderate,100.0,66
EDU00010,Pooja Patel,Female,19,MECH,2,96.4,5.4,6.3,3,10,100.0,95.3,98.8,100.0,100.0,8.9,9.3,0,96,6,4.7,0.4,47,96,Yes,Yes,Diploma,Upper-Middle,Yes,Average,High,9.8,76.56,Low,100.0,100
EDU00011,Ananya Patel,Female,24,EEE,1,99.2,1.5,6.5,5,3,71.2,74.5,75.3,76.1,77.5,6.55,6.13,2,58,34,0.2,1.1,75,49,No,Yes,UG,Upper-Middle,Yes,Good,Low,7.37,81.28,High,100.0,29
EDU00012,Sanjay Sharma,Female,23,IT,4,82.4,5.3,8.4,3,9,84.9,79.6,80.6,87.5,94.5,8.79,9.18,0,88,10,3.9,0.3,95,42,No,Yes,PG,Upper-Middle,Yes,Average,Low,8.17,88.56,Low,79.0,77
EDU00013,Aarav Patel,Female,22,EEE,2,73.7,5.8,6.0,9,9,89.5,97.0,97.0,93.2,96.9,10.0,9.54,0,172,27,1.7,2.4,67,78,Yes,Yes,PhD,Middle,Yes,Poor,High,9.45,90.68,Low,92.0,100
EDU00014,Keerthi Kumar,Male,22,CIVIL,2,64.6,5.7,8.2,10,8,89.6,95.4,96.5,96.6,100.0,9.3,9.57,0,161,8,1.0,2.0,64,83,Yes,Yes,UG,High,Yes,Poor,Medium,9.38,83.64,Moderate,76.9,86
EDU00015,Harish Patel,Female,22,AIDS,8,77.6,3.2,5.7,8,5,75.5,72.4,69.9,77.1,75.6,6.61,7.0,0,26,2,1.2,1.4,94,89,Yes,Yes,PhD,Middle,Yes,Excellent,Medium,7.26,73.84,Moderate,65.0,68
EDU00016,Sanjay Reddy,Male,18,CIVIL,4,75.1,1.9,8.4,9,10,54.7,58.2,59.9,59.2,66.2,6.33,6.92,2,101,28,3.1,2.2,72,67,No,Yes,PG,High,Yes,Average,High,5.76,79.04,High,69.5,65
EDU00017,Nithin Verma,Female,20,EEE,8,76.7,1.4,6.0,5,8,52.8,56.6,56.6,59.9,55.9,5.48,5.58,3,35,13,4.2,1.2,89,77,Yes,Yes,PhD,High,Yes,Poor,Medium,5.53,73.28,Critical,77.6,55
EDU00018,Harish Nair,Female,20,AIDS,4,93.3,2.4,6.7,7,8,76.2,69.8,75.2,80.6,89.4,8.48,8.57,0,120,37,2.8,0.1,81,67,Yes,Yes,Diploma,Low,Yes,Excellent,Medium,7.37,93.72,Low,100.0,65
EDU00019,Karthik Gupta,Female,22,CIVIL,5,65.7,4.8,7.9,5,4,73.7,64.6,66.4,59.5,68.9,5.72,5.25,2,71,1,3.1,0.7,70,82,Yes,Yes,Diploma,High,Yes,Good,Low,6.82,68.48,Critical,69.6,55
EDU00020,Riya Das,Male,19,EEE,2,85.1,3.9,8.3,10,9,80.4,75.5,73.7,76.7,81.1,6.57,6.92,2,173,7,4.0,1.7,42,62,No,Yes,School,Upper-Middle,Yes,Excellent,Medium,7.65,85.44,Critical,82.7,87
EDU00021,Aditya Nair,Female,24,IT,7,63.8,1.9,6.8,5,10,57.8,60.0,56.4,63.4,62.6,5.54,5.87,4,176,24,1.7,1.5,60,51,No,Yes,UG,Upper-Middle,Yes,Good,High,5.81,84.72,Critical,61.5,30
EDU00022,Aarav Verma,Male,18,ECE,7,86.1,3.4,7.7,8,10,77.7,85.4,79.5,78.0,76.6,8.28,8.19,1,155,22,2.1,2.2,61,62,No,Yes,UG,Middle,Yes,Average,Medium,8.09,89.84,Moderate,74.1,80
EDU00023,Aditya Verma,Male,20,ECE,8,100.0,2.4,7.1,9,7,73.6,75.1,72.4,75.7,72.6,6.33,5.89,3,198,8,3.2,2.3,46,95,Yes,Yes,PG,High,Yes,Good,Low,7.37,98.0,Critical,84.3,72
EDU00024,Vihaan Singh,Female,18,CSE,7,79.7,3.5,7.0,1,5,71.1,69.0,68.1,76.0,72.8,7.34,7.51,1,77,33,1.9,2.7,59,95,No,Yes,PhD,Low,No,Poor,Low,6.94,70.88,Moderate,84.3,55
EDU00025,Karthik Singh,Male,19,ECE,3,77.8,3.8,5.5,7,10,70.9,73.7,70.1,75.9,72.0,6.48,6.27,2,170,12,2.1,1.6,81,49,No,Yes,School,Low,Yes,Good,High,7.16,97.52,High,78.4,54
EDU00026,Nisha Singh,Female,18,AIDS,5,71.5,4.5,8.3,9,10,79.7,76.9,82.2,86.0,90.1,7.27,7.02,1,167,37,4.8,3.0,83,92,No,Yes,Diploma,High,Yes,Excellent,Medium,7.96,95.2,High,76.5,62
EDU00027,Rahul Das,Female,24,CSE,8,74.6,2.7,6.2,2,5,64.5,55.5,63.1,63.9,65.7,5.94,5.8,3,151,0,3.3,1.6,66,43,Yes,Yes,PhD,High,Yes,Poor,Low,6.1,86.44,Critical,56.6,54
EDU00028,Nithin Verma,Male,21,AIDS,8,95.5,1.6,8.4,10,6,71.4,73.8,67.7,66.2,64.6,7.45,7.07,0,185,9,2.5,2.1,72,85,No,Yes,PG,High,Yes,Excellent,High,7.1,104.0,Moderate,100.0,63
EDU00029,Sai Nair,Male,19,CSE,5,85.5,4.9,8.0,6,7,87.2,84.6,90.9,90.7,87.9,9.17,9.05,0,161,34,1.9,2.8,95,52,Yes,Yes,Diploma,High,Yes,Good,High,8.76,104.4,Low,87.5,72
EDU00030,Meera Nair,Female,19,AIDS,1,74.6,1.6,8.4,6,4,64.5,64.6,64.8,64.1,69.9,6.3,6.52,1,39,30,3.9,0.8,79,84,No,Yes,UG,High,Yes,Excellent,High,6.46,69.24,High,73.6,83
EDU00031,Vihaan Das,Male,20,EEE,4,67.6,4.7,6.5,2,4,86.6,93.8,93.2,89.9,90.5,8.61,8.69,0,164,11,0.8,0.2,95,64,Yes,Yes,PhD,Middle,Yes,Excellent,High,9.12,97.84,Low,61.5,85
EDU00032,Nithin Gupta,Female,17,AIDS,5,87.3,4.4,5.6,8,8,94.3,96.9,100.0,100.0,100.0,9.6,10.0,0,143,6,1.2,1.7,76,58,No,No,PG,Upper-Middle,Yes,Poor,High,9.71,93.92,Low,78.0,100
EDU00033,Meera Singh,Male,22,ECE,4,93.8,4.1,7.4,3,4,84.6,84.7,85.4,89.1,85.5,8.13,8.45,0,71,8,3.9,2.6,63,73,No,Yes,UG,High,Yes,Good,Low,8.49,76.92,Low,84.7,84
EDU00034,Aishwarya Sharma,Male,20,CIVIL,6,73.8,1.5,6.4,5,4,57.0,52.9,56.7,58.1,65.4,6.55,6.17,1,140,1,3.1,2.8,60,98,Yes,Yes,PG,Upper-Middle,Yes,Poor,Low,5.55,81.52,High,76.3,48
EDU00035,Vihaan Kumar,Female,24,CSE,2,65.2,2.2,6.9,7,10,62.4,60.7,62.4,66.0,74.3,6.55,6.97,2,124,17,0.2,1.1,68,68,Yes,Yes,School,Upper-Middle,Yes,Good,Low,6.18,78.08,High,71.5,57
EDU00036,Priya Singh,Male,18,AIDS,2,99.7,4.3,7.2,10,3,85.0,87.0,90.9,95.5,93.6,9.75,9.86,0,170,13,4.1,0.7,89,49,Yes,Yes,Diploma,Middle,Yes,Good,Low,8.76,109.48,Low,100.0,97
EDU00037,Aditya Kumar,Male,17,MECH,4,89.3,3.9,5.1,5,3,78.1,85.0,81.0,78.8,82.7,8.0,7.74,1,31,33,1.5,1.9,41,43,No,Yes,PG,Low,Yes,Excellent,Low,8.14,58.32,Moderate,88.9,98
EDU00038,Arjun Iyer,Male,18,IT,5,89.5,4.1,7.0,6,9,93.0,91.4,91.7,93.4,89.9,9.57,10.0,0,186,35,3.6,0.6,68,96,Yes,Yes,PG,High,Yes,Poor,Medium,9.2,100.2,Low,85.8,79
EDU00039,Keerthi Iyer,Female,22,IT,8,95.5,1.3,7.9,2,9,70.6,68.6,70.5,71.5,71.4,6.29,6.18,2,212,27,4.3,2.2,58,78,No,Yes,PhD,Middle,Yes,Excellent,Low,6.99,103.8,High,100.0,75
EDU00040,Aditya Iyer,Female,18,EEE,4,91.3,5.0,8.0,10,3,95.2,91.4,95.2,87.7,86.8,10.0,10.0,0,109,0,0.9,0.4,82,65,Yes,Yes,School,Low,Yes,Average,Medium,9.39,91.12,Low,81.8,81
EDU00041,Keerthi Gupta,Female,19,MECH,5,86.3,4.6,7.7,10,4,92.0,99.1,91.4,90.5,91.9,9.35,9.31,0,75,32,0.6,1.3,58,83,No,Yes,UG,Low,Yes,Excellent,High,9.42,72.72,Moderate,94.6,76
EDU00042,Vihaan Kumar,Male,21,ECE,3,78.1,4.8,6.0,2,3,86.0,86.2,82.4,82.9,81.4,8.36,8.59,0,110,4,2.0,2.2,67,41,No,Yes,UG,High,No,Excellent,High,8.49,80.04,Low,78.4,80
EDU00043,Keerthi Singh,Male,23,AI&DS,6,98.4,1.9,8.3,8,8,68.1,65.5,67.0,65.3,65.0,6.38,6.25,1,39,32,3.2,1.6,52,97,No,Yes,Diploma,Middle,Yes,Average,Medium,6.69,67.96,High,97.9,59
EDU00044,Karthik Reddy,Male,18,IT,8,92.1,3.3,7.0,10,10,83.1,75.2,80.6,88.4,88.2,9.0,8.85,0,132,4,2.3,1.9,90,57,Yes,Yes,School,Upper-Middle,Yes,Excellent,Low,7.96,99.24,Low,92.2,59
EDU00045,Vihaan Iyer,Female,18,CSE,7,93.0,3.3,6.9,1,10,76.1,73.2,74.7,82.0,83.8,8.09,8.51,0,202,5,2.5,0.5,55,85,No,Yes,PhD,Middle,Yes,Good,Medium,7.47,99.6,Low,91.2,84
EDU00046,Priya Nair,Female,17,MECH,2,75.0,2.6,7.0,7,7,63.3,56.0,64.3,65.9,63.2,5.59,5.82,3,99,25,0.6,2.1,45,59,No,Yes,UG,Middle,Yes,Poor,High,6.12,67.8,Critical,76.0,48
EDU00047,Keerthi Verma,Female,17,MECH,5,82.8,1.9,5.7,8,6,58.6,51.4,51.0,55.3,62.8,5.87,5.41,3,216,39,0.7,1.1,50,51,Yes,Yes,School,High,Yes,Average,Medium,5.37,96.32,Critical,84.2,51
EDU00048,Riya Singh,Female,20,ECE,5,87.4,5.8,7.7,4,8,100.0,97.7,98.3,100.0,100.0,9.84,9.8,0,61,12,4.0,0.4,56,43,No,Yes,PhD,Low,Yes,Poor,Medium,9.87,69.56,Low,76.7,100
EDU00049,Arjun Reddy,Female,24,IT,7,91.4,1.5,8.2,8,8,64.1,65.4,63.6,56.9,55.3,6.0,5.61,4,186,21,4.0,0.4,58,98,No,Yes,Diploma,High,Yes,Poor,Low,6.44,96.96,Critical,79.8,38
EDU00050,Aarav Singh,Male,19,CIVIL,2,77.6,4.9,5.8,2,3,82.7,79.2,82.2,75.2,82.8,8.22,8.31,1,151,36,1.2,0.4,67,40,No,Yes,PG,Middle,Yes,Good,Low,8.14,88.04,Moderate,73.6,69
EDU00051,Sneha Verma,Male,23,AIDS,1,79.7,4.2,8.4,5,3,78.1,74.3,72.2,73.5,79.9,6.49,6.38,1,184,11,4.2,2.1,84,70,Yes,Yes,School,High,Yes,Good,Low,7.49,102.28,High,85.6,71
EDU00052,Vihaan Patel,Male,22,EEE,7,84.9,5.9,6.9,5,3,100.0,100.0,98.6,100.0,100.0,9.52,9.16,0,114,27,4.4,2.2,97,64,No,Yes,PG,High,Yes,Good,Low,9.95,95.56,Low,84.9,97
EDU00053,Keerthi Sharma,Female,19,EEE,6,67.0,1.5,6.1,5,7,49.6,49.6,49.1,52.7,61.4,5.14,5.12,4,34,4,3.4,1.2,72,91,Yes,Yes,Diploma,High,Yes,Average,Low,4.94,62.4,Critical,72.1,56
EDU00054,Sanjay Iyer,Female,23,AI&DS,3,87.3,4.4,8.3,6,10,90.9,88.6,90.0,88.4,93.1,8.5,8.12,1,67,31,2.6,2.7,47,56,No,Yes,Diploma,Upper-Middle,Yes,Average,Low,8.98,67.12,Moderate,92.7,73
EDU00055,Sai Sharma,Female,19,AIDS,2,78.8,5.1,8.4,6,8,85.6,88.2,83.5,86.9,92.4,7.7,7.6,0,51,12,4.0,0.7,71,41,No,Yes,UG,High,Yes,Average,High,8.58,70.12,Moderate,86.6,68
EDU00056,Arjun Sharma,Female,23,AIDS,7,69.8,4.8,7.9,2,5,89.4,85.8,87.1,90.0,90.2,9.47,9.83,0,183,37,0.9,2.9,67,72,Yes,Yes,PhD,Middle,Yes,Average,Low,8.74,91.32,Low,86.4,89
EDU00057,Ananya Patel,Female,21,CSE,5,72.2,2.0,8.3,5,5,54.9,51.4,54.1,55.4,53.0,5.66,6.15,1,164,2,4.1,0.1,42,100,No,Yes,PhD,High,No,Poor,Medium,5.35,78.48,High,88.2,43
EDU00058,Pooja Singh,Female,24,ECE,7,72.2,2.5,5.3,1,5,64.1,63.4,60.8,62.5,62.2,6.52,6.83,1,122,8,3.8,1.5,46,60,Yes,Yes,UG,High,Yes,Average,Low,6.28,71.68,Moderate,63.3,45
EDU00059,Vihaan Singh,Female,23,ECE,3,83.0,5.1,8.3,6,6,90.9,89.9,88.5,80.9,90.1,8.86,9.42,0,75,37,1.8,0.2,71,78,No,Yes,School,Low,Yes,Average,Medium,8.98,76.6,Low,72.3,82
EDU00060,Diya Nair,Female,17,CIVIL,1,70.3,3.9,5.7,9,7,68.9,67.8,71.0,67.5,77.3,7.46,7.09,0,120,23,4.0,1.0,100,63,Yes,Yes,PhD,High,Yes,Poor,Low,6.92,92.12,Moderate,68.4,94
EDU00061,Vihaan Reddy,Female,24,AIDS,3,98.0,4.0,6.8,6,8,92.2,94.8,91.9,97.2,100.0,9.61,9.44,0,24,23,1.7,0.3,66,77,No,Yes,School,High,Yes,Average,High,9.3,70.4,Low,83.8,91
EDU00062,Vihaan Das,Female,19,CIVIL,3,100.0,5.1,5.8,10,4,93.7,93.8,92.9,91.5,89.6,9.29,9.46,0,140,3,3.5,1.6,75,60,No,Yes,UG,Middle,Yes,Good,High,9.35,98.0,Low,99.8,81
EDU00063,Diya Singh,Female,20,ECE,5,77.7,3.8,5.8,5,7,77.7,77.1,78.0,85.0,90.8,7.38,7.51,1,117,25,4.1,2.9,91,49,No,No,School,Upper-Middle,Yes,Good,High,7.76,90.88,Moderate,79.9,49
EDU00064,Meera Patel,Male,21,EEE,3,67.3,1.5,7.6,4,6,48.0,39.7,41.1,40.0,45.0,4.5,4.52,4,217,8,0.0,1.7,99,50,No,Yes,PG,High,Yes,Good,Medium,4.29,109.92,Critical,67.9,35
EDU00065,Harish Kumar,Male,20,AI&DS,3,83.5,3.1,7.9,1,9,78.6,70.9,72.6,65.2,64.7,7.47,7.99,0,92,29,4.9,1.6,71,96,Yes,Yes,PG,Upper-Middle,Yes,Poor,Medium,7.4,80.2,Low,90.8,60
EDU00066,Rahul Gupta,Female,19,AI&DS,6,75.8,5.0,7.0,4,5,88.3,84.8,85.6,84.4,84.3,8.36,7.96,0,142,20,4.7,0.0,64,55,No,Yes,UG,Upper-Middle,No,Poor,Medium,8.62,84.32,Low,85.9,79
EDU00067,Diya Patel,Male,18,AIDS,5,66.7,1.8,7.4,5,4,54.9,58.9,61.5,61.2,63.0,7.13,7.04,1,160,30,3.8,2.4,92,53,Yes,Yes,PhD,Low,Yes,Excellent,High,5.84,95.48,High,68.1,52
EDU00068,Diya Sharma,Male,17,ECE,3,63.8,1.8,8.0,8,4,58.3,53.4,55.7,62.1,63.8,4.68,4.33,3,136,36,0.3,1.4,91,59,Yes,Yes,School,Middle,No,Poor,Low,5.58,89.12,Critical,62.6,45
EDU00069,Keerthi Iyer,Male,17,CSE,8,67.2,1.2,6.4,3,9,51.6,43.1,46.1,40.0,49.5,5.36,5.01,3,50,11,5.0,1.2,48,86,Yes,Yes,School,Upper-Middle,Yes,Excellent,High,4.69,56.08,Critical,61.7,51
EDU00070,Priya Patel,Male,24,MECH,3,96.9,2.4,8.3,2,3,79.9,80.4,82.8,88.9,84.1,7.69,7.3,0,134,38,3.4,2.6,55,87,Yes,Yes,Diploma,Middle,Yes,Average,High,8.1,87.56,Low,87.0,53
EDU00071,Harish Patel,Female,22,ECE,5,75.1,5.4,8.4,9,6,90.3,87.6,91.3,86.1,91.3,9.24,8.79,0,108,24,3.9,1.0,66,66,Yes,Yes,Diploma,High,Yes,Average,Medium,8.97,78.04,Moderate,75.0,77
EDU00072,Sai Gupta,Male,23,CIVIL,3,86.1,2.9,5.9,6,4,80.8,73.6,73.1,76.7,74.6,6.85,7.09,1,30,4,0.9,2.3,86,82,Yes,Yes,UG,Upper-Middle,Yes,Average,Low,7.58,74.84,High,94.3,61
EDU00073,Aditya Gupta,Male,20,CIVIL,4,72.8,3.8,7.7,7,10,72.1,70.9,71.5,65.1,74.8,7.09,7.51,0,114,20,2.1,1.7,54,87,Yes,No,PhD,High,Yes,Average,Low,7.15,73.52,Moderate,69.8,88
EDU00074,Ananya Patel,Female,20,AIDS,6,80.0,2.3,7.9,8,10,61.9,55.6,55.4,58.9,61.2,6.37,6.47,2,35,33,0.2,2.5,100,92,Yes,Yes,PG,Middle,Yes,Poor,High,5.76,79.0,High,76.5,54
EDU00075,Sai Kumar,Male,24,MECH,1,81.0,4.1,7.3,10,10,82.2,82.8,77.7,81.3,84.3,7.34,7.39,1,192,27,4.0,2.7,46,98,Yes,Yes,Diploma,Middle,No,Good,Medium,8.09,89.2,High,84.9,58
EDU00076,Nithin Nair,Male,22,CIVIL,8,80.5,3.8,8.5,4,7,81.9,74.6,79.8,85.5,91.9,7.17,7.09,1,141,3,3.2,2.1,45,71,No,Yes,UG,Low,Yes,Poor,Low,7.88,78.4,Moderate,72.5,70
EDU00077,Karthik Das,Female,21,AI&DS,2,90.4,4.4,6.0,9,3,81.1,85.4,79.7,84.8,92.1,8.83,8.66,0,164,15,2.8,2.5,83,97,No,Yes,Diploma,Low,Yes,Good,Low,8.21,102.16,Moderate,78.9,100
EDU00078,Aditya Nair,Male,18,MECH,7,99.6,5.8,6.1,5,10,100.0,100.0,100.0,98.9,100.0,10.0,9.59,0,178,18,4.0,2.1,45,57,Yes,Yes,Diploma,High,Yes,Good,Low,10.0,93.44,Low,100.0,79
EDU00079,Arjun Kumar,Female,24,MECH,5,70.8,1.5,5.3,7,10,50.4,56.8,54.1,55.7,62.5,6.14,5.65,3,119,5,3.6,1.7,55,76,Yes,Yes,Diploma,Middle,Yes,Good,Medium,5.38,74.12,Critical,76.7,43
EDU00080,Meera Reddy,Male,19,CIVIL,5,77.8,3.1,6.7,2,8,68.6,72.2,71.7,73.2,71.1,6.38,6.22,1,105,39,1.9,2.6,68,61,No,Yes,PhD,Middle,Yes,Good,High,7.08,79.32,Moderate,61.7,36
EDU00081,Karthik Gupta,Female,19,CIVIL,6,78.3,2.5,7.4,8,6,72.0,73.4,77.0,72.2,82.2,7.06,7.4,0,206,29,4.7,0.6,91,58,Yes,Yes,PG,High,Yes,Good,Low,7.41,108.92,Moderate,71.2,53
EDU00082,Nithin Reddy,Female,23,CSE,8,89.2,6.0,6.7,7,9,100.0,93.8,95.5,100.0,100.0,9.83,9.42,0,216,15,3.3,1.1,81,79,Yes,Yes,PG,Upper-Middle,Yes,Poor,Low,9.64,111.28,Low,89.6,83
EDU00083,Aditya Singh,Male,20,AIDS,6,80.7,3.0,7.7,10,5,66.9,67.4,71.8,65.7,74.8,6.46,6.3,1,220,13,2.6,1.0,46,68,No,Yes,UG,Low,Yes,Poor,Medium,6.87,94.68,High,89.9,38
EDU00084,Aditya Reddy,Male,19,IT,6,83.8,3.8,8.4,4,9,82.6,87.2,86.5,84.8,90.9,9.42,9.41,0,129,24,0.0,0.6,57,88,Yes,Yes,PhD,Middle,Yes,Good,Low,8.54,82.12,Low,81.2,53
EDU00085,Aishwarya Sharma,Female,24,MECH,7,89.8,4.1,7.1,6,8,90.4,85.7,86.0,87.8,84.1,7.87,7.5,0,49,11,1.9,0.4,64,66,Yes,Yes,PG,Middle,Yes,Average,High,8.74,71.32,Low,84.7,65
EDU00086,Rahul Gupta,Female,19,IT,6,70.6,5.2,7.2,6,3,85.6,90.1,86.7,87.7,92.5,8.49,8.53,0,201,28,2.4,0.2,41,90,Yes,Yes,UG,Middle,Yes,Good,Low,8.75,84.84,Moderate,70.4,91
EDU00087,Aishwarya Das,Female,18,CSE,5,82.7,4.9,7.9,6,3,84.7,85.0,87.2,89.7,88.4,9.47,9.01,0,87,22,4.3,0.3,95,47,Yes,Yes,PhD,Upper-Middle,No,Excellent,Low,8.56,88.48,Low,80.6,90
EDU00088,Riya Reddy,Male,20,AI&DS,6,71.2,3.7,7.1,3,8,81.3,84.0,83.4,90.6,93.3,9.14,9.54,0,54,26,4.6,3.0,95,81,Yes,Yes,Diploma,Middle,Yes,Good,Low,8.29,77.28,Low,72.2,93
EDU00089,Priya Gupta,Male,21,CIVIL,7,74.0,3.3,7.2,2,9,78.7,80.1,83.9,81.1,76.1,8.94,9.25,0,207,29,3.2,2.1,94,44,No,Yes,PG,Middle,Yes,Good,Medium,8.09,108.6,Low,78.7,73
EDU00090,Harish Iyer,Male,24,MECH,1,81.2,1.2,7.2,8,3,53.0,45.6,48.7,40.7,50.1,4.5,4.76,2,186,19,0.8,2.8,57,45,No,Yes,UG,Middle,Yes,Excellent,High,4.91,92.48,Critical,75.3,32
EDU00091,Harish Patel,Female,18,CSE,1,71.2,2.1,5.3,10,6,54.0,55.8,51.1,56.9,62.3,5.07,4.82,2,207,6,0.5,1.1,59,48,No,Yes,Diploma,Middle,Yes,Poor,High,5.36,93.48,Critical,66.0,63
EDU00092,Rahul Gupta,Female,20,IT,7,80.7,4.1,6.5,4,4,87.6,93.1,86.6,90.3,90.6,8.52,8.89,0,83,17,3.2,0.7,78,78,No,Yes,School,Upper-Middle,Yes,Average,High,8.91,80.08,Low,73.4,71
EDU00093,Priya Singh,Male,20,AIDS,7,54.9,1.6,6.7,10,4,57.3,48.5,49.2,55.0,58.5,4.65,4.9,3,217,4,0.1,0.2,56,53,Yes,Yes,PG,Upper-Middle,Yes,Excellent,Medium,5.17,87.76,Critical,45.1,47
EDU00094,Priya Sharma,Male,21,CSE,5,77.1,1.4,8.2,3,8,56.8,53.4,58.4,61.3,57.3,6.24,6.54,1,34,15,0.4,1.3,69,79,Yes,Yes,Diploma,Low,Yes,Average,High,5.62,65.24,Moderate,59.7,65
EDU00095,Aarav Reddy,Female,22,EEE,3,82.3,2.9,7.6,5,4,77.3,80.4,74.5,77.9,81.5,6.6,6.6,1,34,31,4.3,0.5,50,56,Yes,Yes,School,Middle,Yes,Poor,Low,7.74,59.72,High,86.6,85
EDU00096,Aarav Patel,Male,24,MECH,7,79.6,5.6,5.6,1,9,89.0,92.5,94.9,92.0,99.4,9.63,9.26,0,192,3,0.9,2.4,42,65,Yes,Yes,UG,Upper-Middle,Yes,Poor,High,9.21,87.04,Low,89.5,65
EDU00097,Aishwarya Kumar,Female,20,EEE,5,99.3,4.7,5.8,6,10,98.3,96.5,100.0,94.4,100.0,9.05,9.15,0,182,0,4.8,0.0,82,64,No,Yes,PhD,Middle,Yes,Excellent,Low,9.83,108.92,Low,100.0,57
EDU00098,Sai Singh,Male,17,ECE,7,81.8,4.5,6.3,2,4,85.4,81.9,82.6,84.1,80.0,8.58,8.22,0,86,20,4.6,1.2,93,87,No,Yes,UG,Middle,Yes,Average,Low,8.33,87.12,Low,94.2,70
EDU00099,Nisha Sharma,Male,18,IT,8,88.7,3.3,6.4,9,8,75.9,79.1,73.7,68.2,73.5,8.02,8.29,0,75,20,0.7,2.1,62,65,Yes,Yes,UG,Middle,Yes,Excellent,Medium,7.62,75.28,Moderate,96.6,74
EDU00100,Pooja Verma,Male,18,AIDS,2,80.5,5.0,5.5,1,3,93.7,84.0,85.2,90.4,91.0,8.78,8.99,0,169,37,1.3,2.4,41,44,Yes,Yes,PG,Middle,Yes,Good,Low,8.76,82.4,Low,74.6,100
EDU00101,Vihaan Gupta,Male,19,CIVIL,7,68.7,3.5,6.3,7,5,68.0,68.0,64.5,66.3,70.6,6.74,6.79,2,142,3,0.4,1.1,66,52,Yes,Yes,PhD,Low,Yes,Good,Medium,6.68,82.28,Critical,70.2,70
EDU00102,Pooja Gupta,Female,22,CIVIL,5,99.4,1.9,6.1,4,3,78.4,72.4,71.0,78.9,81.8,7.63,8.23,0,45,15,3.3,0.8,92,90,Yes,Yes,Diploma,High,Yes,Average,Low,7.39,85.56,Low,100.0,93
EDU00103,Sanjay Das,Female,22,AI&DS,6,91.4,5.7,7.0,10,6,100.0,98.2,95.9,88.5,84.3,9.79,9.31,0,142,0,1.7,1.8,91,48,No,Yes,UG,Low,Yes,Average,High,9.8,101.36,Low,100.0,87
EDU00104,Sai Sharma,Female,18,MECH,7,66.4,3.9,6.2,6,5,80.7,75.5,77.5,79.7,82.0,7.38,7.66,1,197,39,3.9,0.7,77,92,Yes,Yes,UG,Middle,Yes,Poor,High,7.79,96.76,High,66.9,72
EDU00105,Nisha Nair,Male,19,MECH,4,80.0,4.2,5.4,8,5,79.8,82.0,82.3,89.7,97.0,8.57,8.87,0,105,28,0.1,0.6,84,44,No,Yes,School,Low,Yes,Excellent,Medium,8.14,86.6,Moderate,87.3,83
EDU00106,Keerthi Reddy,Female,24,CIVIL,6,85.5,3.7,5.4,8,6,75.5,82.2,82.3,79.0,78.8,9.13,8.71,0,63,24,0.8,0.2,100,97,Yes,Yes,PhD,High,Yes,Excellent,High,8.0,86.8,Moderate,77.5,73
EDU00107,Rahul Das,Female,19,AI&DS,2,77.5,2.7,8.4,7,7,62.9,63.8,63.8,63.7,59.5,5.39,4.99,4,180,38,2.4,0.3,53,50,No,Yes,PG,Low,Yes,Excellent,Medium,6.35,88.2,Critical,70.7,31
EDU00108,Meera Singh,Male,23,IT,6,74.9,5.4,6.3,8,3,85.9,85.5,83.0,79.3,75.2,8.8,9.03,0,41,22,4.0,1.2,88,77,Yes,Yes,PG,High,Yes,Excellent,High,8.48,73.36,Moderate,66.9,79
EDU00109,Sanjay Gupta,Female,18,CIVIL,1,94.2,3.5,8.2,10,5,78.0,68.3,77.9,82.8,79.7,7.64,8.23,0,71,40,0.7,1.8,60,98,Yes,Yes,PhD,High,Yes,Good,Medium,7.47,75.88,Moderate,83.6,69
EDU00110,Sneha Gupta,Male,23,CSE,7,93.5,1.7,7.0,10,4,74.5,72.4,69.5,66.1,69.1,6.64,6.59,1,187,31,2.9,1.4,51,57,No,Yes,PhD,High,Yes,Excellent,Medium,7.21,95.2,High,97.4,48
EDU00111,Sanjay Kumar,Female,21,MECH,1,92.9,2.7,7.8,5,7,78.7,69.2,71.2,68.0,74.2,7.67,7.52,1,126,38,3.2,0.6,53,98,No,Yes,PhD,Upper-Middle,Yes,Average,Low,7.3,83.56,Moderate,89.1,60
EDU00112,Harish Verma,Female,19,AI&DS,3,65.5,2.0,7.9,1,6,51.0,58.1,53.2,48.4,48.9,5.25,5.19,2,194,1,1.2,1.5,68,51,No,Yes,UG,Upper-Middle,Yes,Good,High,5.41,92.2,High,56.4,31
EDU00113,Arjun Singh,Male,23,AI&DS,3,73.0,5.3,7.7,4,6,84.3,84.9,79.8,84.3,90.8,7.0,7.5,1,64,38,4.0,0.7,78,91,No,Yes,UG,High,Yes,Good,Medium,8.3,73.2,Moderate,86.6,68
EDU00114,Nithin Patel,Female,21,CIVIL,2,70.0,1.0,8.5,6,7,49.0,55.1,47.7,55.5,60.1,5.49,5.28,4,186,19,0.9,1.6,55,97,Yes,Yes,PhD,High,Yes,Average,High,5.06,87.2,Critical,66.4,49
EDU00115,Aarav Gupta,Female,21,CIVIL,7,73.3,2.9,5.1,10,6,71.5,68.0,69.5,76.6,77.0,6.55,6.24,2,162,11,1.5,1.4,87,56,Yes,Yes,UG,Low,Yes,Good,Low,6.97,96.52,Critical,75.0,62
EDU00116,Harish Nair,Female,22,EEE,5,95.2,3.3,5.4,1,4,81.3,85.8,79.7,82.6,85.5,7.8,8.26,0,55,12,1.7,3.0,97,98,No,Yes,Diploma,Low,Yes,Good,High,8.23,87.88,Low,89.2,75
EDU00117,Rahul Iyer,Male,17,AIDS,5,65.1,2.0,7.7,10,5,51.6,48.5,51.4,49.9,59.4,4.91,4.45,2,207,23,4.8,2.7,88,93,Yes,No,School,Middle,Yes,Good,Medium,5.05,102.64,Critical,56.5,54
EDU00118,Sai Sharma,Female,21,IT,2,83.1,5.1,6.0,5,10,94.1,91.4,91.1,97.3,100.0,8.8,9.29,0,111,12,0.8,2.7,91,65,Yes,Yes,Diploma,Middle,Yes,Average,Low,9.22,91.84,Low,86.6,79
EDU00119,Diya Kumar,Female,21,AI&DS,1,78.2,4.3,7.3,1,3,80.3,78.4,79.1,73.6,79.0,8.17,8.0,1,45,33,1.3,1.8,48,66,Yes,Yes,PhD,Low,Yes,Poor,Low,7.93,59.48,Moderate,92.2,59
EDU00120,Meera Patel,Male,21,ECE,6,72.4,4.5,6.0,1,10,87.2,82.8,84.8,80.6,75.8,7.66,7.28,1,191,31,0.7,0.3,72,44,Yes,Yes,Diploma,High,Yes,Good,Medium,8.49,95.96,Moderate,61.3,71
EDU00121,Vihaan Sharma,Male,17,EEE,6,94.5,5.0,6.1,2,4,87.7,93.2,91.9,89.2,97.6,10.0,9.8,0,207,5,1.9,1.0,47,65,No,Yes,UG,High,Yes,Excellent,High,9.09,98.0,Low,90.7,94
EDU00122,Rahul Sharma,Male,17,IT,2,65.1,3.1,7.1,10,10,61.8,63.0,61.0,53.5,58.8,6.78,7.35,0,143,31,0.6,1.2,42,44,No,Yes,School,Middle,Yes,Poor,Medium,6.19,71.44,Moderate,67.4,72
EDU00123,Sanjay Gupta,Female,23,IT,1,94.1,1.1,8.3,9,10,57.3,56.5,54.3,61.8,57.6,4.88,5.09,3,80,5,2.3,2.4,68,45,No,Yes,School,High,Yes,Poor,Medium,5.6,80.84,Critical,94.5,23
EDU00124,Keerthi Kumar,Male,18,EEE,4,65.8,4.3,6.6,6,8,81.4,74.7,81.5,78.8,85.3,8.35,8.64,0,113,28,0.6,2.3,54,40,No,Yes,UG,Upper-Middle,Yes,Poor,Low,7.92,70.52,Low,73.7,74
EDU00125,Meera Reddy,Female,18,EEE,4,65.2,1.9,8.3,7,6,60.3,66.4,62.5,69.3,76.9,6.43,6.78,1,137,37,4.8,0.4,71,40,Yes,Yes,PG,High,Yes,Average,High,6.31,81.88,High,79.4,73
EDU00126,Nisha Reddy,Male,18,CIVIL,6,86.6,3.5,6.3,10,6,76.1,66.8,76.2,75.4,72.4,7.45,7.72,1,151,19,4.2,1.6,60,85,Yes,Yes,PhD,Upper-Middle,Yes,Average,High,7.3,88.84,High,90.9,64
EDU00127,Rahul Verma,Female,18,MECH,8,89.5,3.9,8.3,7,7,76.7,82.8,78.6,71.4,67.2,7.39,7.75,0,194,16,0.7,0.2,90,58,Yes,Yes,School,Upper-Middle,Yes,Poor,High,7.94,110.6,Moderate,84.6,71
EDU00128,Pooja Patel,Female,20,EEE,1,74.7,5.6,6.4,6,3,83.6,87.1,86.6,91.1,99.2,9.32,9.82,0,200,23,3.8,1.6,78,52,Yes,Yes,Diploma,Low,Yes,Average,High,8.58,101.08,Low,69.0,91
EDU00129,Sneha Sharma,Female,17,CIVIL,5,93.2,3.8,5.5,10,7,91.4,98.7,99.3,100.0,100.0,10.0,10.0,0,97,31,3.9,1.7,44,90,No,Yes,Diploma,Low,Yes,Average,Medium,9.65,74.28,Low,100.0,81
EDU00130,Pooja Verma,Female,18,MECH,4,82.4,5.4,7.3,6,8,89.7,80.6,86.3,85.9,89.3,9.13,9.34,0,49,22,2.2,2.7,79,98,Yes,Yes,UG,High,Yes,Excellent,Medium,8.55,74.36,Low,88.8,68
EDU00131,Pooja Singh,Male,22,AIDS,8,57.8,1.2,8.1,4,8,43.1,35.0,39.4,40.0,45.0,4.5,4.85,4,128,6,1.0,2.5,96,87,No,Yes,School,Middle,Yes,Excellent,High,3.92,87.12,Critical,52.7,40
EDU00132,Ananya Kumar,Male,18,AI&DS,3,79.9,5.0,7.0,10,6,94.6,95.3,94.5,93.0,92.7,9.23,8.86,0,21,39,0.3,2.2,42,84,Yes,Yes,PhD,Low,Yes,Good,High,9.48,52.96,Moderate,93.6,96
EDU00133,Arjun Singh,Female,23,CIVIL,1,87.6,3.4,6.9,3,9,76.0,72.6,72.3,78.5,88.0,7.96,8.17,0,161,35,0.7,0.1,76,78,No,Yes,School,Upper-Middle,Yes,Good,Low,7.36,97.64,Low,84.2,84
EDU00134,Keerthi Verma,Male,19,IT,4,63.4,4.1,5.9,2,5,76.4,74.2,70.8,74.8,84.7,7.18,7.39,0,94,4,1.3,0.6,77,71,No,Yes,Diploma,Low,Yes,Poor,Low,7.38,74.96,Moderate,57.2,67
EDU00135,Ananya Gupta,Female,22,EEE,3,86.2,3.8,6.3,6,9,86.0,81.2,85.0,81.4,81.8,8.86,8.72,0,142,29,2.2,2.3,71,75,Yes,Yes,PhD,Low,Yes,Average,High,8.41,91.28,Low,100.0,69
EDU00136,Karthik Singh,Male,18,AI&DS,1,89.6,5.1,7.0,10,6,99.7,97.8,99.2,100.0,100.0,10.0,9.9,0,77,37,3.7,0.9,69,72,Yes,Yes,PhD,Low,Yes,Average,High,9.89,78.84,Low,89.6,98
EDU00137,Sai Gupta,Male,19,IT,8,90.9,5.7,5.1,8,6,92.1,96.4,98.3,96.1,98.1,9.74,9.29,0,186,20,0.5,2.9,80,93,No,Yes,UG,Middle,Yes,Excellent,Medium,9.56,105.56,Low,94.6,56
EDU00138,Nisha Sharma,Female,23,ECE,7,85.7,2.8,8.0,8,10,79.3,87.2,87.1,86.1,84.5,8.74,8.55,0,58,11,0.8,1.8,92,47,Yes,Yes,UG,Low,Yes,Excellent,Medium,8.45,82.68,Low,88.0,75
EDU00139,Karthik Das,Male,23,AI&DS,4,80.1,1.2,7.0,3,5,59.2,66.2,60.3,55.2,64.6,6.23,6.35,1,204,18,4.7,0.6,78,70,No,Yes,PG,Middle,No,Average,High,6.19,104.04,Moderate,86.0,71
EDU00140,Sneha Singh,Male,22,AIDS,2,79.9,2.1,6.3,2,3,60.8,53.3,57.1,55.8,53.0,4.9,4.92,4,173,2,4.4,1.6,88,47,Yes,Yes,Diploma,Low,Yes,Excellent,Medium,5.71,101.76,Critical,78.5,55
EDU00141,Vihaan Verma,Female,20,AIDS,7,75.2,2.8,7.8,10,4,72.7,64.3,64.3,65.9,69.1,5.95,5.46,4,21,36,2.6,1.6,64,81,Yes,Yes,UG,High,Yes,Poor,Low,6.71,59.88,Critical,84.1,67
EDU00142,Keerthi Das,Female,21,CIVIL,6,85.5,4.1,8.5,7,6,82.5,76.4,79.3,77.2,80.5,7.44,7.28,0,218,25,3.7,2.6,82,47,Yes,Yes,Diploma,Low,Yes,Excellent,Medium,7.94,110.6,Moderate,83.8,71
EDU00143,Pooja Das,Male,19,CIVIL,1,88.6,5.0,7.9,8,9,90.4,87.4,91.1,98.0,99.0,9.42,9.24,0,172,3,4.7,2.5,80,71,No,No,PhD,Upper-Middle,Yes,Poor,High,8.96,101.84,Low,73.8,82
EDU00144,Sneha Verma,Male,19,AI&DS,6,86.1,2.2,5.0,3,4,76.3,70.3,71.8,70.1,73.9,7.22,7.53,0,43,35,1.4,2.5,98,77,No,Yes,UG,Middle,No,Average,Medium,7.28,82.24,Low,84.9,48
EDU00145,Priya Das,Male,21,IT,7,79.3,3.5,7.0,9,7,76.4,79.8,78.5,83.2,82.0,7.74,7.65,0,217,15,3.8,2.9,69,83,No,Yes,School,High,Yes,Good,Low,7.82,102.72,Moderate,92.1,60
EDU00146,Priya Patel,Male,22,CIVIL,6,86.2,3.6,5.0,5,6,76.9,77.7,79.8,77.3,80.6,7.34,7.19,0,166,17,0.9,2.2,99,98,Yes,Yes,Diploma,Middle,Yes,Good,Low,7.81,107.28,Moderate,80.3,66
EDU00147,Sanjay Patel,Male,22,IT,2,83.1,1.6,5.3,8,3,55.8,55.1,56.7,56.6,66.4,6.46,6.92,1,66,32,1.4,0.7,76,48,Yes,Yes,PG,High,Yes,Poor,High,5.59,76.84,High,93.2,73
EDU00148,Diya Nair,Male,24,CSE,8,69.6,2.6,5.0,4,9,65.8,67.9,68.0,64.2,67.4,6.27,6.29,2,107,23,0.9,1.3,66,84,No,Yes,PG,Upper-Middle,Yes,Average,High,6.72,75.64,High,69.1,41
EDU00149,Sai Das,Male,18,EEE,4,87.1,3.8,8.0,4,5,81.7,89.5,84.8,79.0,87.4,8.74,8.83,0,100,31,1.5,1.7,76,43,No,Yes,Diploma,Low,Yes,Good,Medium,8.53,85.24,Low,76.2,77
EDU00150,Aditya Gupta,Female,21,MECH,6,66.4,3.8,8.3,5,8,65.6,71.4,72.2,79.6,77.6,7.37,7.58,0,219,18,1.8,2.0,71,89,No,Yes,PG,Upper-Middle,Yes,Average,Low,6.97,98.76,Moderate,76.6,55
EDU00151,Ananya Nair,Female,18,CSE,3,74.1,2.7,6.1,5,7,73.3,67.2,74.6,78.6,81.4,7.36,7.04,0,52,15,3.3,2.8,84,87,Yes,Yes,PG,Low,Yes,Poor,Medium,7.17,73.64,Moderate,86.8,57
EDU00152,Pooja Kumar,Male,23,CSE,2,75.8,2.3,5.5,7,7,61.0,55.7,57.8,51.8,54.7,5.12,4.66,3,103,30,2.3,2.6,99,57,No,Yes,PhD,Middle,No,Excellent,High,5.82,90.52,Critical,67.0,32
EDU00153,Nisha Nair,Female,22,AIDS,4,81.5,5.0,6.5,6,9,81.7,75.0,81.8,79.3,81.3,7.2,7.71,0,96,0,3.8,2.4,78,54,Yes,Yes,Diploma,High,Yes,Excellent,Medium,7.95,83.0,Low,81.0,32
EDU00154,Sanjay Reddy,Female,23,ECE,5,90.5,1.4,7.2,9,7,61.2,55.8,61.6,60.2,68.0,5.52,5.34,4,136,39,2.3,2.1,71,52,No,No,School,Low,Yes,Poor,Medium,5.95,91.8,Critical,97.5,67
EDU00155,Nithin Reddy,Female,17,ECE,2,75.2,1.8,6.7,6,9,68.2,67.9,71.0,68.3,76.0,8.0,7.56,0,38,34,2.4,0.6,93,56,No,Yes,School,Middle,Yes,Excellent,Low,6.9,74.88,Moderate,82.7,84
EDU00156,Vihaan Patel,Female,18,ECE,8,98.6,2.9,8.4,6,5,82.0,89.2,90.0,90.3,89.1,9.28,9.0,0,33,13,4.9,0.7,67,60,Yes,Yes,UG,Low,Yes,Average,Low,8.71,72.84,Low,100.0,66
EDU00157,Vihaan Das,Female,19,MECH,2,100.0,2.2,6.7,10,8,77.0,83.9,81.9,85.1,92.0,7.44,7.2,1,185,22,4.0,1.3,52,41,No,Yes,Diploma,Upper-Middle,Yes,Excellent,High,8.09,97.8,High,86.5,68
EDU00158,Aishwarya Verma,Female,24,ECE,3,67.7,3.7,6.1,8,7,78.1,75.3,80.3,74.9,77.9,7.93,8.33,1,113,29,0.0,1.9,64,86,Yes,Yes,PhD,Upper-Middle,No,Average,Medium,7.79,75.28,High,69.9,88
EDU00159,Arjun Verma,Female,20,AIDS,3,94.1,4.1,6.1,6,4,80.8,71.9,73.1,65.6,62.2,6.69,6.22,2,119,31,2.6,2.1,56,43,No,Yes,School,Low,Yes,Excellent,Low,7.53,83.84,High,88.6,42
EDU00160,Aishwarya Kumar,Female,23,MECH,1,90.3,5.1,5.9,1,4,99.0,100.0,96.7,97.0,93.5,9.13,9.05,0,69,33,3.3,1.7,100,51,No,Yes,PhD,Upper-Middle,Yes,Excellent,Low,9.86,89.92,Low,87.1,74
EDU00161,Rahul Reddy,Female,22,IT,8,87.8,5.7,8.2,9,8,99.6,92.7,94.4,90.3,93.5,9.19,9.3,0,210,16,1.8,1.4,65,40,Yes,Yes,PhD,Low,Yes,Average,Medium,9.56,103.12,Low,74.0,87
EDU00162,Aarav Singh,Male,20,MECH,1,73.5,4.9,8.3,5,5,78.7,78.4,75.1,71.3,79.6,7.01,6.79,1,43,36,2.0,2.8,86,44,No,Yes,Diploma,High,No,Poor,High,7.74,72.4,High,62.3,55
EDU00163,Harish Kumar,Female,18,AI&DS,6,86.9,2.7,7.9,7,4,75.5,72.7,69.2,73.6,74.3,6.53,6.08,2,164,9,1.6,2.1,49,43,No,Yes,PhD,Low,Yes,Excellent,Medium,7.25,87.16,Critical,78.3,62
EDU00164,Priya Reddy,Male,22,CSE,8,76.8,3.9,5.2,7,7,72.0,71.0,74.2,68.3,65.3,7.54,7.58,1,166,12,2.8,3.0,73,55,Yes,No,PG,Upper-Middle,No,Poor,Low,7.24,93.12,Moderate,69.7,63
EDU00165,Keerthi Nair,Female,22,ECE,6,95.8,2.7,7.3,5,5,84.6,84.6,81.1,73.8,81.1,7.51,7.42,1,41,7,3.7,0.7,79,99,Yes,Yes,UG,Low,Yes,Poor,Medium,8.34,78.12,Moderate,96.0,74
EDU00166,Aishwarya Gupta,Male,22,ECE,4,80.9,2.0,6.8,5,10,66.8,56.9,63.8,66.5,67.1,7.19,7.27,0,63,3,1.4,2.4,79,57,Yes,Yes,School,Low,Yes,Good,High,6.25,76.56,Low,80.3,80
EDU00167,Diya Sharma,Male,21,CIVIL,4,68.6,5.9,6.8,2,8,84.4,88.8,91.3,92.3,98.0,8.21,8.72,0,98,21,2.4,2.2,41,62,No,Yes,UG,Middle,Yes,Good,Low,8.82,63.44,Low,63.5,56
EDU00168,Nithin Nair,Male,21,ECE,3,83.3,2.7,6.4,3,4,75.0,73.6,76.1,82.1,87.4,7.44,7.57,0,99,38,1.6,1.6,53,81,Yes,Yes,Diploma,Middle,Yes,Average,Medium,7.49,74.32,Low,78.5,65
EDU00169,Sai Das,Male,22,CSE,2,84.0,1.9,7.9,3,3,64.2,64.8,63.9,70.8,79.2,7.26,7.06,0,47,8,0.9,2.3,79,79,No,Yes,PhD,Middle,No,Average,Low,6.43,74.6,Moderate,91.9,68
EDU00170,Aarav Iyer,Male,24,IT,8,61.5,4.6,6.3,7,10,76.6,81.7,76.4,74.9,84.4,8.49,9.04,0,76,12,3.8,0.2,99,68,No,Yes,PG,Middle,Yes,Excellent,Low,7.82,79.4,Low,66.2,68
EDU00171,Riya Nair,Female,23,AI&DS,2,72.0,3.3,7.9,1,6,74.8,72.8,74.0,76.1,71.8,6.98,6.92,1,218,18,2.3,1.3,79,98,Yes,Yes,Diploma,High,Yes,Poor,High,7.39,104.0,Moderate,71.5,52
EDU00172,Sneha Sharma,Male,19,CIVIL,7,80.8,2.6,5.1,8,6,75.4,81.8,76.8,79.2,84.9,7.01,7.32,0,49,28,3.2,0.3,85,64,Yes,Yes,PG,Low,Yes,Good,High,7.8,76.12,Moderate,91.3,73
EDU00173,Sai Reddy,Male,19,AI&DS,7,78.5,2.5,7.6,8,7,62.3,66.6,65.7,61.7,63.6,7.28,7.38,0,175,31,1.2,1.8,70,69,No,Yes,PhD,Low,Yes,Good,High,6.49,94.4,Moderate,67.2,61
EDU00174,Pooja Patel,Male,19,IT,1,78.4,4.3,5.1,1,7,79.6,86.0,78.9,86.8,84.2,7.46,7.69,1,172,36,3.9,0.5,69,87,No,Yes,School,Upper-Middle,Yes,Good,Medium,8.15,93.36,Moderate,82.1,80
EDU00175,Arjun Nair,Male,21,AIDS,3,66.8,1.6,8.0,6,9,57.0,63.0,62.3,64.4,74.2,6.2,6.46,2,93,27,3.0,0.9,73,76,No,Yes,PhD,High,Yes,Excellent,Medium,6.08,74.52,High,66.5,65
EDU00176,Rahul Das,Male,21,ECE,1,79.6,1.6,6.6,2,6,65.6,55.6,59.7,57.0,60.4,6.25,5.76,2,196,18,1.3,0.2,59,72,No,Yes,School,Upper-Middle,Yes,Excellent,High,6.03,94.64,High,75.5,57
EDU00177,Nisha Das,Male,19,ECE,6,86.2,5.2,8.2,8,10,92.6,89.3,94.9,95.5,95.5,10.0,9.96,0,210,3,4.2,0.9,86,83,No,Yes,School,Middle,No,Good,Medium,9.23,110.88,Low,89.6,85
EDU00178,Arjun Reddy,Female,17,MECH,7,68.2,4.1,7.9,10,9,71.3,77.2,77.1,74.0,81.9,8.13,7.93,0,147,15,1.9,2.5,59,53,No,Yes,UG,Low,Yes,Poor,Medium,7.52,80.28,Moderate,67.6,67
EDU00179,Sneha Kumar,Female,19,ECE,6,82.9,5.6,7.6,9,7,100.0,93.2,100.0,100.0,97.0,10.0,10.0,0,202,33,0.6,0.9,42,83,Yes,Yes,School,Low,Yes,Good,Low,9.77,90.36,Low,81.3,80
EDU00180,Nisha Singh,Male,22,ECE,4,76.5,2.4,6.9,8,4,62.7,67.9,61.4,68.7,72.1,5.34,5.44,4,101,17,0.7,2.1,58,76,Yes,Yes,UG,Upper-Middle,Yes,Excellent,Low,6.4,74.0,Critical,68.6,53
EDU00181,Sai Kumar,Female,17,CSE,7,75.6,1.3,6.5,3,10,61.7,56.9,61.0,61.5,71.1,6.61,6.62,1,43,29,0.5,0.9,81,85,No,Yes,Diploma,Middle,No,Good,Medium,5.99,71.24,Moderate,75.7,35
EDU00182,Priya Reddy,Female,22,AIDS,8,76.2,1.2,6.7,6,10,55.8,60.7,60.9,62.6,59.5,5.3,5.7,2,103,35,3.2,2.4,74,69,No,Yes,Diploma,Middle,Yes,Average,Medium,5.91,80.68,High,71.2,58
EDU00183,Priya Sharma,Female,20,CIVIL,7,79.9,3.8,6.2,4,5,85.3,83.0,84.0,85.5,87.4,8.51,8.91,0,65,19,4.8,0.2,46,83,No,Yes,School,Low,Yes,Average,High,8.41,63.36,Low,83.6,100
EDU00184,Aarav Reddy,Male,24,EEE,7,78.6,4.1,6.6,4,8,77.7,71.4,76.3,83.0,92.1,8.07,8.58,0,42,37,0.0,3.0,65,94,Yes,Yes,School,Upper-Middle,Yes,Poor,Low,7.51,65.84,Low,88.9,100
EDU00185,Pooja Iyer,Male,21,AI&DS,4,73.1,3.2,7.1,6,9,66.7,71.6,65.5,66.4,74.0,6.27,6.23,1,191,8,0.7,0.2,41,49,No,Yes,Diploma,Low,Yes,Excellent,Medium,6.79,83.84,High,68.0,64
EDU00186,Riya Nair,Male,24,CIVIL,8,88.0,2.9,5.8,7,3,76.5,69.3,70.3,70.3,71.5,7.12,7.02,0,165,30,3.5,0.3,70,84,Yes,Yes,PhD,Upper-Middle,Yes,Poor,High,7.2,96.2,Moderate,88.2,80
EDU00187,Riya Sharma,Male,24,CSE,5,70.2,4.1,8.2,9,3,76.4,71.2,73.0,80.4,87.4,6.88,6.42,2,211,19,3.6,1.7,43,80,No,Yes,PhD,Low,Yes,Poor,Medium,7.35,87.48,Critical,67.5,59
EDU00188,Meera Sharma,Male,18,EEE,5,84.3,1.7,6.0,5,3,67.7,64.8,70.4,74.2,79.1,6.78,6.47,2,80,31,0.9,1.6,42,61,Yes,Yes,PhD,Middle,Yes,Excellent,Medium,6.76,66.52,High,83.3,68
EDU00189,Sanjay Gupta,Male,20,MECH,1,87.0,4.2,7.6,2,3,82.3,76.9,82.1,82.6,83.3,8.62,8.64,0,57,33,4.4,0.0,99,91,No,Yes,UG,Low,Yes,Good,Medium,8.04,85.8,Low,92.8,71
EDU00190,Riya Singh,Female,21,EEE,2,90.8,2.3,7.0,8,6,75.3,72.7,70.9,68.3,73.7,6.45,6.55,2,22,4,0.1,0.3,46,83,No,Yes,UG,Upper-Middle,Yes,Poor,Low,7.3,59.12,High,81.0,57
EDU00191,Riya Sharma,Male,20,CSE,2,94.2,1.4,7.1,7,5,62.4,62.0,66.6,68.8,77.6,6.21,6.18,2,217,20,1.3,2.3,57,89,Yes,Yes,UG,Low,Yes,Good,Low,6.37,103.88,High,100.0,72
EDU00192,Aishwarya Sharma,Female,20,CIVIL,3,72.6,4.2,5.4,9,9,74.5,70.9,76.8,80.2,76.7,6.83,6.96,1,218,28,0.1,1.5,81,80,Yes,Yes,PG,Upper-Middle,Yes,Good,Medium,7.41,105.04,High,75.5,76
EDU00193,Nisha Kumar,Female,24,CIVIL,7,100.0,5.2,7.7,2,6,100.0,99.3,100.0,100.0,100.0,10.0,9.94,0,181,5,1.8,2.6,61,45,No,Yes,UG,Middle,Yes,Poor,Medium,9.98,100.6,Low,100.0,70
EDU00194,Karthik Singh,Female,18,MECH,8,82.5,1.4,7.2,4,5,53.9,61.4,62.6,58.4,59.2,6.85,7.06,0,156,28,4.8,0.0,61,43,No,Yes,School,High,Yes,Average,High,5.93,88.6,Moderate,85.3,68
EDU00195,Sneha Gupta,Male,20,CSE,1,93.6,4.7,6.7,1,10,88.4,84.7,81.7,83.8,92.4,8.81,8.42,1,63,37,0.3,2.5,47,71,Yes,No,Diploma,High,Yes,Excellent,Medium,8.49,68.84,Low,100.0,94
EDU00196,Aditya Das,Male,22,ECE,1,74.4,4.0,6.2,2,7,72.6,73.1,74.8,75.7,77.3,8.33,7.87,0,181,39,1.9,0.5,96,71,Yes,No,Diploma,Low,No,Good,Medium,7.35,104.36,Low,78.7,52
EDU00197,Meera Reddy,Male,19,EEE,8,68.9,3.1,8.3,10,3,70.0,76.4,76.5,73.3,74.6,7.77,7.48,1,44,39,1.8,2.3,74,72,Yes,Yes,Diploma,Upper-Middle,Yes,Average,Low,7.43,65.96,High,54.3,69
EDU00198,Sai Gupta,Female,19,IT,1,73.0,1.3,6.3,4,9,52.0,48.9,54.4,53.7,50.3,4.54,4.63,2,27,31,2.6,0.2,55,86,No,Yes,UG,High,Yes,Good,Low,5.18,56.6,Critical,74.7,54
EDU00199,Aditya Iyer,Male,18,ECE,7,70.7,5.3,6.3,4,4,92.6,98.0,99.6,98.9,99.7,9.23,9.52,0,181,22,4.9,0.6,48,42,Yes,Yes,School,High,Yes,Excellent,Low,9.67,83.68,Low,65.9,90
EDU00200,Ananya Patel,Female,19,IT,4,84.1,1.4,8.0,8,6,62.9,55.8,57.1,60.8,66.8,5.2,5.06,4,76,37,4.7,2.7,97,40,No,Yes,School,High,Yes,Poor,Medium,5.86,87.64,Critical,74.3,45
EDU00201,Sneha Nair,Female,18,AIDS,8,87.1,2.2,7.0,1,9,66.2,62.5,60.3,60.0,59.6,6.44,6.88,2,169,1,4.9,1.4,48,95,No,Yes,UG,High,Yes,Poor,Medium,6.3,87.84,High,99.9,55
EDU00202,Ananya Verma,Male,21,CIVIL,5,80.3,4.5,7.1,10,6,89.0,95.5,96.1,99.9,95.7,10.0,10.0,0,33,7,1.9,1.4,42,63,No,Yes,PhD,Low,Yes,Average,Low,9.35,55.52,Low,76.4,74
EDU00203,Ananya Patel,Male,24,ECE,4,81.4,2.6,8.1,9,9,67.6,66.8,67.5,61.5,67.1,7.11,7.2,0,135,39,1.8,2.0,84,91,Yes,Yes,PG,Low,Yes,Excellent,Low,6.73,93.16,Moderate,62.0,60
EDU00204,Harish Sharma,Male,19,EEE,2,85.6,4.5,6.7,4,3,83.9,74.4,79.6,73.7,73.9,7.85,8.06,0,68,4,0.1,2.4,93,100,No,Yes,UG,Upper-Middle,Yes,Excellent,Medium,7.93,85.04,Low,84.8,71
EDU00205,Harish Das,Male,21,IT,5,86.9,2.1,6.3,5,3,75.2,72.1,70.3,70.9,68.6,6.38,6.66,2,59,10,1.2,0.1,60,76,Yes,Yes,UG,Middle,Yes,Poor,High,7.25,70.56,High,70.9,47
EDU00206,Ananya Iyer,Male,22,AIDS,3,88.6,3.7,5.4,1,9,88.4,82.6,90.0,96.8,94.1,9.94,10.0,0,149,21,3.2,0.9,97,58,Yes,Yes,PG,Upper-Middle,Yes,Excellent,Low,8.7,104.04,Low,89.1,96
EDU00207,Sai Verma,Male,21,AI&DS,7,75.7,4.1,5.8,6,4,74.8,73.3,76.9,81.2,79.1,6.86,7.29,1,191,5,4.9,1.2,71,60,Yes,Yes,UG,High,Yes,Excellent,Medium,7.5,96.88,High,66.3,94
EDU00208,Priya Iyer,Male,21,MECH,6,94.1,2.5,6.6,9,4,70.6,62.6,69.0,67.6,69.2,6.23,6.53,1,206,26,0.7,1.8,45,49,Yes,Yes,PhD,Upper-Middle,Yes,Excellent,Low,6.74,96.84,High,94.9,59
EDU00209,Aarav Nair,Female,23,IT,8,85.8,4.6,7.6,3,6,88.7,95.9,95.6,100.0,99.6,9.68,9.69,0,26,0,0.8,0.9,80,93,No,Yes,UG,High,Yes,Excellent,High,9.34,71.52,Low,74.1,82
EDU00210,Sanjay Kumar,Male,21,AIDS,2,91.0,4.0,6.3,8,9,91.0,87.7,89.1,92.2,89.0,8.94,9.07,0,86,10,2.9,0.4,69,96,Yes,Yes,School,Upper-Middle,Yes,Excellent,High,8.93,81.2,Low,97.2,54
EDU00211,Diya Kumar,Female,21,CSE,4,62.5,4.8,5.6,2,5,83.9,79.6,79.8,82.8,88.1,7.17,7.31,0,23,8,2.6,1.1,71,66,No,Yes,Diploma,Low,Yes,Average,High,8.11,58.0,Moderate,55.8,47
EDU00212,Sanjay Patel,Male,23,AIDS,2,76.5,1.6,5.5,1,10,57.4,53.0,51.6,50.7,60.5,5.21,5.78,2,201,19,0.1,2.4,54,48,Yes,Yes,UG,Middle,Yes,Average,Low,5.4,92.4,High,71.0,41
EDU00213,Keerthi Sharma,Male,17,AIDS,7,60.5,1.2,5.4,9,3,42.5,45.1,38.9,40.0,45.0,4.5,4.65,2,67,22,0.1,0.4,87,100,No,Yes,UG,Upper-Middle,Yes,Average,High,4.22,72.4,Critical,75.1,36
EDU00214,Nisha Sharma,Male,17,ECE,4,86.2,5.8,5.6,9,3,100.0,100.0,97.1,97.2,100.0,9.44,9.59,0,132,6,0.9,1.1,64,67,Yes,Yes,PG,Low,Yes,Poor,Medium,9.9,86.48,Moderate,88.7,76
EDU00215,Aditya Verma,Male,24,MECH,5,88.1,3.8,5.1,6,10,84.1,86.5,90.1,89.2,92.5,8.59,9.03,0,68,4,4.5,2.4,100,83,No,Yes,PG,Low,Yes,Excellent,High,8.69,88.84,Low,79.1,81
EDU00216,Arjun Sharma,Male,23,CIVIL,2,87.4,4.7,8.1,3,4,87.4,91.8,86.6,92.1,93.2,8.13,8.1,0,91,37,3.0,2.3,91,81,No,Yes,PhD,High,Yes,Good,Low,8.86,89.56,Low,74.6,52
EDU00217,Aishwarya Sharma,Male,21,AIDS,8,80.6,2.2,8.3,1,4,66.3,73.8,66.8,68.5,68.4,6.29,6.48,1,189,33,3.8,2.4,52,58,No,Yes,UG,Upper-Middle,Yes,Poor,Low,6.9,90.84,Moderate,78.2,85
EDU00218,Keerthi Sharma,Female,24,MECH,7,63.2,3.2,5.1,3,7,72.3,77.3,74.1,71.1,71.9,7.94,8.07,0,188,35,3.4,1.7,70,75,Yes,Yes,PG,Upper-Middle,Yes,Excellent,High,7.46,90.88,Low,51.8,70
EDU00219,Diya Singh,Female,17,AI&DS,1,83.3,1.6,6.3,10,3,61.0,61.3,66.1,64.7,60.5,6.1,5.86,3,171,5,4.6,0.2,59,47,No,Yes,PhD,Upper-Middle,Yes,Excellent,High,6.28,91.12,Critical,76.7,78
EDU00220,Keerthi Das,Female,21,AI&DS,8,68.1,3.9,8.5,7,9,71.7,77.9,74.7,77.8,75.9,7.46,7.85,1,106,10,3.1,1.1,67,52,No,Yes,School,Middle,Yes,Good,Low,7.48,75.24,Moderate,60.7,83
EDU00221,Harish Das,Female,20,CSE,2,73.7,4.0,6.0,10,10,71.3,64.5,67.9,64.7,69.7,6.42,6.38,1,179,32,2.3,2.3,51,96,Yes,Yes,PhD,Middle,No,Excellent,Low,6.79,85.68,High,81.6,52
EDU00222,Aishwarya Singh,Female,17,ECE,6,86.1,3.3,5.8,5,9,76.3,68.8,76.7,78.8,86.5,7.2,7.02,0,85,38,1.2,0.7,49,52,Yes,Yes,UG,High,Yes,Excellent,Medium,7.39,71.04,Low,83.4,64
EDU00223,Vihaan Patel,Male,21,IT,1,80.2,2.3,7.8,9,5,70.3,64.2,62.8,69.1,68.8,5.88,5.45,3,113,5,2.0,2.5,93,48,Yes,Yes,PhD,Low,Yes,Good,Medium,6.58,91.88,Critical,83.5,41
EDU00224,Arjun Patel,Male,22,MECH,7,79.7,5.0,7.6,7,6,83.0,87.8,90.1,89.1,87.9,9.19,9.23,0,115,7,1.6,1.3,83,55,No,Yes,Diploma,Upper-Middle,Yes,Good,Medium,8.7,88.08,Low,77.6,100
EDU00225,Aarav Das,Male,17,ECE,5,74.8,3.8,6.1,6,4,75.7,83.6,84.3,91.1,99.9,8.03,8.56,0,213,15,1.5,2.6,50,98,No,Yes,PG,Low,Yes,Poor,Medium,8.12,92.52,Moderate,71.9,89
EDU00226,Meera Nair,Female,23,CSE,3,80.4,4.5,6.8,6,9,86.2,79.6,85.3,84.6,80.0,7.63,7.84,1,133,8,0.0,0.6,59,60,Yes,Yes,Diploma,Middle,No,Excellent,Medium,8.37,82.36,Moderate,76.0,79
EDU00227,Aishwarya Gupta,Male,21,IT,6,90.5,5.0,5.7,7,8,99.9,92.0,93.2,100.0,100.0,9.61,9.8,0,42,29,1.0,2.1,50,43,No,Yes,PhD,Upper-Middle,Yes,Poor,Medium,9.5,64.6,Low,96.8,93
EDU00228,Rahul Das,Male,17,CIVIL,8,100.0,5.1,6.7,4,6,93.7,86.2,92.8,89.4,91.8,8.54,8.98,0,173,13,5.0,0.8,83,52,No,Yes,Diploma,Low,Yes,Good,Low,9.09,107.8,Low,96.8,65
EDU00229,Riya Gupta,Male,22,AIDS,2,75.9,1.1,5.5,6,9,58.6,53.4,53.6,47.1,45.0,5.03,4.79,3,175,38,3.5,2.4,40,56,No,Yes,PG,Upper-Middle,Yes,Poor,High,5.52,81.36,Critical,67.5,41
EDU00230,Rahul Singh,Male,24,MECH,8,67.4,1.7,6.1,9,9,51.1,57.0,49.5,43.5,51.6,5.62,5.94,3,92,16,3.1,2.3,56,73,No,Yes,Diploma,Upper-Middle,Yes,Average,High,5.25,67.76,Critical,73.4,44
EDU00231,Aishwarya Kumar,Male,19,AI&DS,4,51.9,1.9,6.6,3,10,57.5,64.8,59.7,63.0,65.3,5.96,6.39,1,51,22,0.5,2.6,51,93,Yes,Yes,UG,Middle,No,Poor,High,6.07,51.36,High,61.0,48
EDU00232,Nisha Reddy,Female,18,ECE,8,94.7,4.4,8.1,1,7,93.0,88.7,89.8,91.2,100.0,9.65,9.32,0,40,29,4.2,2.0,69,80,No,Yes,School,Upper-Middle,Yes,Excellent,Medium,9.05,73.48,Low,83.6,100
EDU00233,Nisha Reddy,Male,17,EEE,6,88.4,5.0,7.6,9,9,88.4,82.5,84.4,76.7,74.8,8.22,8.16,1,212,9,0.6,1.5,67,87,No,Yes,PhD,Middle,Yes,Poor,Medium,8.51,104.56,Moderate,77.6,86
EDU00234,Sneha Patel,Female,24,CIVIL,8,86.2,2.3,7.1,2,9,74.4,71.4,72.2,71.0,66.6,6.9,6.91,1,185,9,4.7,1.6,81,73,Yes,Yes,PG,Low,Yes,Good,Low,7.27,103.88,Moderate,78.7,66
EDU00235,Sai Singh,Male,23,EEE,1,71.7,3.8,8.2,9,4,74.6,69.6,75.2,72.9,76.7,8.06,7.58,1,189,29,0.9,0.5,65,42,Yes,Yes,UG,Upper-Middle,No,Excellent,High,7.31,92.48,High,85.9,76
EDU00236,Aishwarya Das,Female,22,IT,4,81.3,1.9,7.6,10,7,69.9,76.0,73.3,65.4,62.2,6.67,6.69,2,123,38,3.6,0.9,92,79,No,Yes,PG,Upper-Middle,Yes,Average,Low,7.31,93.92,Critical,78.5,64
EDU00237,Aarav Patel,Male,17,ECE,1,92.8,2.0,7.3,4,9,70.8,77.3,76.7,71.1,72.4,6.9,7.39,1,199,28,4.8,1.4,95,68,Yes,Yes,PhD,High,Yes,Good,Low,7.49,114.92,Moderate,95.0,39
EDU00238,Aditya Nair,Female,24,EEE,1,65.5,3.4,6.7,10,10,65.2,72.1,63.8,65.0,68.3,5.92,6.13,1,49,31,3.1,1.9,68,84,No,No,UG,Middle,Yes,Good,Medium,6.7,63.2,High,61.5,48
EDU00239,Sanjay Verma,Male,22,AIDS,3,89.5,5.4,7.5,7,9,99.5,93.2,99.3,100.0,100.0,9.49,9.81,0,190,30,0.6,0.6,78,71,Yes,Yes,PG,Upper-Middle,Yes,Average,High,9.73,105.0,Low,93.1,81
EDU00240,Vihaan Kumar,Female,21,MECH,3,69.0,1.9,8.0,9,3,63.4,65.3,60.5,56.1,59.5,6.02,6.61,1,216,2,3.9,1.7,97,49,Yes,Yes,PG,High,Yes,Poor,High,6.31,109.6,High,62.7,71
EDU00241,Riya Sharma,Male,18,IT,2,77.6,5.4,8.2,3,7,90.6,82.9,83.3,81.1,88.4,7.58,7.3,0,216,0,1.2,2.4,61,58,Yes,Yes,UG,High,Yes,Average,Low,8.56,98.64,Low,82.6,74
EDU00242,Sneha Nair,Male,19,CIVIL,7,65.6,5.6,8.1,9,8,93.5,93.5,96.2,99.7,100.0,8.76,8.63,0,122,10,2.2,1.2,42,82,Yes,Yes,School,Upper-Middle,Yes,Excellent,High,9.44,67.44,Moderate,61.6,93
EDU00243,Pooja Singh,Female,22,AI&DS,5,75.6,5.5,7.1,3,9,91.2,85.0,89.6,92.8,100.0,9.52,9.46,0,70,19,0.4,1.6,64,86,Yes,Yes,PhD,Upper-Middle,Yes,Poor,High,8.86,69.84,Low,79.9,96
EDU00244,Pooja Singh,Female,19,AI&DS,1,84.2,5.5,6.9,5,6,99.4,100.0,98.9,99.0,100.0,10.0,9.79,0,149,22,0.6,2.3,100,47,No,Yes,School,High,Yes,Average,High,9.94,103.48,Low,85.9,88
EDU00245,Nisha Das,Male,22,EEE,5,79.3,4.3,7.9,10,5,78.8,80.9,80.7,85.9,86.3,7.27,7.55,0,40,5,0.3,2.7,70,53,No,No,PhD,High,No,Excellent,Medium,8.01,67.72,Moderate,75.6,85
EDU00246,Nisha Gupta,Female,24,AIDS,7,70.2,5.1,5.5,3,10,88.1,93.8,93.0,98.8,95.6,8.73,8.75,0,211,10,4.7,1.1,100,47,No,Yes,UG,Upper-Middle,Yes,Average,Low,9.16,110.28,Low,73.9,88
EDU00247,Diya Singh,Female,21,EEE,8,100.0,1.1,5.5,10,9,72.1,76.2,77.3,77.1,73.9,7.43,7.89,0,143,36,1.5,1.4,61,90,No,Yes,PhD,Middle,Yes,Excellent,Medium,7.52,93.0,Moderate,100.0,73
EDU00248,Aishwarya Reddy,Female,18,CIVIL,7,88.4,2.2,6.4,9,3,76.8,68.8,75.2,77.5,85.5,7.93,8.06,1,99,35,3.2,1.9,45,52,Yes,Yes,PhD,Middle,Yes,Poor,Low,7.36,73.16,High,89.9,83
EDU00249,Pooja Reddy,Male,21,ECE,4,92.6,5.1,7.9,10,10,92.3,89.7,90.9,97.8,97.9,8.45,7.98,1,101,24,1.3,0.3,46,74,Yes,Yes,Diploma,Upper-Middle,Yes,Average,Medium,9.1,75.64,Moderate,100.0,70
EDU00250,Keerthi Reddy,Male,22,IT,1,88.3,4.6,6.0,2,8,83.7,75.6,77.2,84.3,92.8,6.82,6.58,2,170,15,2.5,2.3,64,100,Yes,Yes,UG,High,Yes,Excellent,Low,7.88,94.92,High,92.3,56
EDU00251,Meera Kumar,Female,20,AI&DS,5,83.2,3.8,7.1,2,6,74.7,72.5,73.1,78.6,81.1,7.88,7.54,1,63,15,2.7,1.3,98,75,No,No,PG,Upper-Middle,Yes,Poor,Low,7.34,85.08,Moderate,72.4,73
EDU00252,Meera Singh,Female,23,MECH,4,67.5,3.9,6.8,1,5,77.7,75.6,74.7,73.0,69.8,6.75,6.86,1,130,13,3.1,2.9,60,96,No,Yes,PG,Upper-Middle,Yes,Good,Medium,7.6,77.0,Moderate,81.3,61
EDU00253,Karthik Gupta,Female,17,IT,1,63.8,4.0,5.0,1,5,76.3,70.6,73.8,78.4,83.1,6.54,6.07,2,133,7,1.8,2.4,92,78,No,Yes,School,Low,Yes,Good,Low,7.36,88.92,High,58.8,54
EDU00254,Aishwarya Kumar,Male,17,EEE,6,93.0,2.0,7.9,5,6,66.4,65.5,64.6,61.1,69.7,6.87,6.6,1,183,25,0.6,0.8,72,71,Yes,Yes,PhD,Middle,Yes,Average,High,6.55,102.6,Moderate,96.5,64
EDU00255,Arjun Reddy,Female,20,EEE,4,73.3,5.2,5.1,9,7,79.6,79.9,81.5,83.9,91.7,7.8,8.23,0,90,7,3.4,1.4,63,73,Yes,Yes,Diploma,Low,Yes,Excellent,High,8.03,72.52,Moderate,71.7,70
EDU00256,Aishwarya Iyer,Male,23,ECE,6,63.2,1.4,7.0,1,6,59.3,59.7,55.2,51.2,48.7,5.14,5.33,2,27,30,2.2,0.1,91,80,No,Yes,Diploma,Low,Yes,Average,Medium,5.81,67.08,High,67.3,45
EDU00257,Vihaan Iyer,Male,18,AIDS,2,90.4,4.1,7.0,2,3,91.8,87.3,92.4,85.4,92.4,8.35,8.52,0,130,4,0.5,0.2,43,58,No,Yes,PhD,High,Yes,Poor,Medium,9.05,79.36,Low,92.2,95
EDU00258,Priya Gupta,Female,18,MECH,1,77.1,3.3,6.1,4,4,67.6,64.9,61.9,66.5,64.4,6.34,6.54,1,110,26,2.4,1.9,51,55,Yes,Yes,School,Middle,Yes,Excellent,High,6.48,73.24,High,76.7,51
EDU00259,Diya Singh,Male,19,AIDS,5,93.1,4.0,6.0,1,5,91.4,83.9,86.9,82.0,80.0,9.51,9.87,0,107,12,3.3,2.1,69,78,No,Yes,PhD,Upper-Middle,No,Good,Medium,8.74,86.24,Low,92.1,80
EDU00260,Ananya Reddy,Male,24,AI&DS,8,86.2,2.1,5.0,4,6,67.6,71.8,69.5,73.8,81.0,7.56,7.47,0,67,0,1.8,0.2,41,75,Yes,Yes,PG,Middle,No,Good,Low,6.96,64.28,Low,89.3,69
EDU00261,Aarav Patel,Male,21,IT,4,82.9,5.4,7.5,6,6,98.1,89.7,89.1,91.9,92.6,9.48,9.1,0,73,19,2.3,1.1,63,82,Yes,Yes,PhD,High,Yes,Poor,Low,9.23,72.96,Low,72.7,65
EDU00262,Sai Patel,Male,23,MECH,6,83.9,4.0,8.4,4,3,86.2,83.6,88.4,85.1,82.3,8.33,8.52,0,91,8,4.3,2.9,96,71,Yes,Yes,PG,Low,Yes,Excellent,High,8.61,90.16,Low,83.8,100
EDU00263,Sneha Iyer,Female,24,IT,6,69.0,4.6,6.8,8,10,82.4,76.2,80.8,76.1,84.5,7.98,7.74,0,98,27,4.4,1.7,99,93,No,Yes,School,Middle,Yes,Good,Medium,7.98,86.8,Moderate,92.3,76
EDU00264,Sneha Iyer,Male,17,AIDS,6,84.2,3.1,6.6,7,8,79.8,82.1,79.8,74.7,73.2,8.27,8.17,0,95,32,2.6,1.9,90,57,Yes,Yes,School,Upper-Middle,Yes,Average,Medium,8.06,88.68,Low,84.4,82
EDU00265,Karthik Iyer,Female,21,EEE,4,90.4,4.5,8.5,9,7,94.0,87.9,90.0,88.5,92.2,9.31,9.33,0,151,9,4.3,0.7,86,87,Yes,Yes,PhD,High,Yes,Good,Low,9.06,100.76,Low,79.7,96
EDU00266,Ananya Patel,Female,23,ECE,8,82.5,3.2,7.0,6,5,76.4,82.1,83.7,75.9,83.1,9.04,8.91,0,127,27,3.4,1.2,89,84,No,Yes,School,Low,Yes,Average,Medium,8.07,94.0,Low,74.7,65
EDU00267,Nisha Das,Female,23,ECE,7,69.8,1.3,6.4,8,4,56.4,58.9,54.4,57.2,54.9,6.09,6.25,1,67,12,0.3,2.9,58,53,Yes,Yes,PhD,Low,Yes,Poor,Medium,5.66,64.52,High,77.1,43
EDU00268,Sneha Kumar,Male,22,CIVIL,7,100.0,1.8,5.4,9,9,71.6,78.4,79.6,85.5,82.4,7.37,7.35,1,190,30,0.8,1.7,59,77,Yes,Yes,PG,Upper-Middle,Yes,Poor,Low,7.65,101.6,Moderate,100.0,47
EDU00269,Aishwarya Sharma,Female,20,MECH,8,68.4,3.3,7.0,2,7,67.4,60.2,66.7,65.0,72.4,7.37,7.33,0,178,27,2.3,2.7,51,84,Yes,Yes,School,Middle,Yes,Good,High,6.48,83.36,Low,68.7,70
EDU00270,Pooja Singh,Male,20,AIDS,7,64.2,6.0,6.9,6,4,93.2,92.1,95.4,94.0,91.5,8.95,8.5,0,26,4,3.2,2.0,69,64,No,Yes,Diploma,High,Yes,Poor,Medium,9.36,58.48,Moderate,53.9,70
EDU00271,Aditya Reddy,Female,24,AIDS,8,93.8,1.3,6.9,4,10,70.2,75.1,67.8,61.4,60.8,6.85,6.78,1,191,0,3.4,0.5,62,51,Yes,Yes,PhD,Middle,Yes,Poor,High,7.1,100.52,Moderate,97.7,51
EDU00272,Sneha Sharma,Female,21,AIDS,1,96.3,4.0,5.2,7,6,94.3,95.6,92.3,85.8,87.1,10.0,9.87,0,69,4,1.1,2.6,91,93,Yes,Yes,School,High,Yes,Poor,Medium,9.41,88.72,Low,90.1,71
EDU00273,Ananya Verma,Male,20,CIVIL,7,86.7,1.6,5.7,6,8,61.6,62.6,61.7,54.8,62.0,6.47,6.38,1,75,26,1.5,1.8,46,85,Yes,Yes,School,Upper-Middle,Yes,Average,Medium,6.2,68.08,High,94.3,64
EDU00274,Rahul Iyer,Female,18,MECH,1,91.0,4.0,7.0,7,6,85.5,80.8,78.3,70.6,77.0,7.08,6.84,1,213,15,3.1,0.2,63,71,No,Yes,PG,Middle,Yes,Average,High,8.15,104.2,High,94.1,58
EDU00275,Riya Gupta,Female,19,EEE,6,77.1,4.2,7.7,9,9,73.7,66.5,68.4,64.3,67.4,7.65,7.88,0,195,14,3.0,1.1,60,51,No,Yes,School,High,Yes,Average,Low,6.95,93.84,Moderate,77.5,84
EDU00276,Sai Patel,Male,18,IT,4,75.4,2.2,5.3,8,7,59.0,63.4,60.4,62.1,61.6,6.19,6.75,1,89,30,0.4,2.9,65,64,Yes,Yes,PG,High,Yes,Excellent,Low,6.09,73.96,High,66.8,62
EDU00277,Priya Nair,Male,21,IT,3,72.3,2.3,6.6,8,7,57.0,62.5,59.4,53.9,51.7,4.97,5.02,4,115,31,2.0,1.2,65,87,No,Yes,UG,Low,Yes,Poor,Low,5.96,77.92,Critical,87.3,60
EDU00278,Priya Das,Male,20,CIVIL,5,91.6,4.9,7.6,6,10,94.9,96.3,91.2,89.4,90.8,8.61,8.64,0,112,40,3.5,0.1,82,81,Yes,Yes,PG,Middle,Yes,Average,High,9.41,91.84,Low,92.9,66
EDU00279,Nisha Reddy,Male,18,CSE,7,86.3,3.0,7.1,2,6,74.2,69.7,72.0,72.5,80.8,7.37,7.68,1,42,6,3.2,2.3,62,92,Yes,Yes,Diploma,High,Yes,Poor,Low,7.2,67.72,Moderate,85.7,69
EDU00280,Meera Kumar,Male,18,CIVIL,7,77.8,4.3,7.6,3,5,80.0,75.3,74.6,69.5,78.7,7.36,7.76,0,71,3,3.7,2.4,52,56,No,Yes,PhD,Low,Yes,Poor,Medium,7.66,66.12,Low,69.5,79
EDU00281,Arjun Nair,Male,21,CSE,6,89.9,1.1,5.8,8,4,68.6,64.6,69.5,62.2,60.4,7.53,7.44,1,214,17,4.7,1.4,61,78,No,Yes,UG,Upper-Middle,Yes,Good,High,6.76,103.16,High,89.1,74
EDU00282,Priya Nair,Male,22,MECH,2,82.5,1.0,8.0,7,5,50.5,56.3,53.7,60.9,67.2,4.87,4.87,4,188,30,2.6,2.0,40,80,No,No,UG,Low,Yes,Excellent,Low,5.35,86.6,Critical,84.5,37
EDU00283,Riya Gupta,Female,18,MECH,7,81.2,5.7,8.3,8,4,90.1,95.5,93.0,94.2,100.0,9.31,8.95,0,42,19,4.2,3.0,95,69,Yes,Yes,School,High,Yes,Average,Low,9.29,78.88,Moderate,92.2,95
EDU00284,Karthik Reddy,Male,18,CIVIL,1,73.7,1.8,8.3,7,7,55.9,59.3,57.4,63.8,60.6,5.01,5.1,4,145,5,4.0,1.0,54,99,Yes,Yes,PG,High,Yes,Excellent,Low,5.75,80.08,Critical,76.6,60
EDU00285,Sanjay Singh,Male,21,CSE,2,77.3,1.4,7.6,4,4,55.7,56.9,58.7,55.7,59.6,5.25,5.18,3,101,23,4.0,2.8,48,73,Yes,Yes,School,High,Yes,Average,Medium,5.71,70.32,Critical,82.4,55
EDU00286,Sanjay Gupta,Female,19,EEE,3,79.7,4.7,8.0,1,8,83.1,73.3,74.4,82.3,87.9,7.4,7.81,0,94,24,0.3,2.4,49,92,Yes,Yes,Diploma,Low,Yes,Excellent,High,7.69,70.28,Low,81.3,64
EDU00287,Priya Singh,Male,17,CIVIL,6,72.5,3.1,6.7,6,9,66.7,62.2,61.4,67.1,68.0,5.4,5.73,4,33,19,2.3,0.5,48,68,No,Yes,Diploma,Middle,Yes,Average,High,6.34,54.8,Critical,77.7,38
EDU00288,Aarav Iyer,Male,19,CIVIL,7,89.7,4.4,5.6,1,4,85.9,85.4,90.1,84.0,86.7,8.69,8.67,0,58,40,3.6,0.7,47,55,No,Yes,PhD,Middle,Yes,Poor,Medium,8.71,66.28,Low,72.1,66
EDU00289,Priya Singh,Female,22,AI&DS,2,94.9,1.6,5.4,9,6,69.1,72.2,73.1,77.8,75.5,7.28,7.49,0,96,36,0.6,1.0,85,98,Yes,Yes,School,High,Yes,Excellent,Low,7.15,91.16,Moderate,100.0,73
EDU00290,Sneha Das,Male,20,CSE,3,83.9,5.3,7.4,1,10,97.2,100.0,94.9,90.2,87.6,9.61,10.0,0,28,5,4.9,1.5,63,74,Yes,Yes,School,Middle,Yes,Poor,High,9.74,64.36,Low,100.0,93
EDU00291,Harish Verma,Female,19,AIDS,6,76.4,3.6,8.5,6,6,68.9,76.2,69.0,74.7,72.9,6.17,6.28,2,111,17,0.6,1.9,44,75,No,Yes,Diploma,High,Yes,Poor,Medium,7.14,70.36,Critical,80.7,61
EDU00292,Keerthi Reddy,Male,18,EEE,4,68.4,4.6,7.0,9,5,78.9,84.1,86.4,85.3,80.7,8.85,8.44,0,156,7,3.4,1.2,61,80,Yes,Yes,UG,Upper-Middle,Yes,Average,Medium,8.31,82.96,Moderate,75.3,71
EDU00293,Aarav Sharma,Female,20,CIVIL,2,66.6,4.9,5.4,9,7,75.6,77.3,77.2,73.7,72.8,6.92,6.47,1,212,24,0.9,2.4,83,90,No,Yes,Diploma,Upper-Middle,Yes,Average,High,7.67,102.24,High,67.9,55
EDU00294,Sai Reddy,Female,21,AI&DS,6,72.4,4.5,5.9,10,9,84.2,88.9,91.4,96.2,98.7,8.69,8.66,0,203,14,1.5,2.6,100,59,No,Yes,School,Low,Yes,Average,Low,8.82,109.56,Moderate,81.4,89
EDU00295,Rahul Das,Male,18,EEE,8,70.1,5.0,5.0,7,5,91.5,83.5,89.5,88.0,92.2,9.77,10.0,0,202,27,3.5,2.2,55,87,Yes,Yes,Diploma,Middle,Yes,Poor,Medium,8.82,90.44,Low,83.5,100
EDU00296,Sai Verma,Female,17,CIVIL,8,83.5,2.9,6.3,2,8,79.5,83.0,81.6,85.9,82.7,7.76,7.58,0,20,40,2.8,0.7,59,99,Yes,Yes,PhD,High,Yes,Good,Low,8.14,61.0,Low,79.3,63
EDU00297,Riya Gupta,Female,21,MECH,2,79.2,1.0,8.1,3,9,56.0,62.5,59.4,53.9,50.8,5.91,5.58,4,84,14,2.4,1.1,63,67,Yes,Yes,UG,Low,Yes,Excellent,Low,5.93,73.68,Critical,81.2,32
EDU00298,Sai Iyer,Female,17,MECH,4,85.7,1.6,6.0,3,9,62.7,64.7,59.0,61.7,70.9,6.82,7.4,0,127,31,2.8,2.4,85,48,No,Yes,PG,High,Yes,Poor,Low,6.21,93.68,Low,87.4,80
EDU00299,Aarav Reddy,Male,22,AI&DS,4,74.4,1.3,7.9,7,3,56.2,50.5,50.8,45.2,47.9,4.58,4.92,3,199,15,3.3,1.3,70,85,Yes,Yes,PhD,Middle,Yes,Average,Low,5.25,97.56,Critical,74.4,48
EDU00300,Aditya Reddy,Female,17,EEE,4,85.3,5.6,6.5,10,6,89.5,96.6,92.1,89.0,93.5,8.67,8.54,0,142,3,2.5,1.9,59,47,No,Yes,UG,High,Yes,Good,Low,9.27,86.12,Moderate,78.0,88
EDU00301,Rahul Kumar,Male,17,MECH,4,75.1,2.4,6.0,10,4,65.4,67.4,62.5,65.2,70.4,6.79,6.43,1,209,23,3.7,1.8,78,63,Yes,Yes,Diploma,High,Yes,Poor,Low,6.51,103.04,High,73.1,64
EDU00302,Riya Sharma,Male,20,ECE,8,85.2,5.6,5.3,9,8,92.7,92.2,95.1,95.6,92.9,8.77,8.73,0,202,16,4.5,2.3,94,98,No,Yes,PG,Low,Yes,Poor,Medium,9.33,112.08,Moderate,76.0,75
EDU00303,Keerthi Verma,Male,19,EEE,3,81.4,2.4,8.3,1,6,71.1,63.4,72.0,66.6,72.9,6.97,7.33,0,175,17,1.0,0.0,76,53,Yes,Yes,PhD,High,Yes,Good,Medium,6.88,97.96,Low,86.0,64
EDU00304,Sanjay Singh,Female,18,IT,4,72.0,1.2,5.8,1,5,61.1,64.1,58.9,64.9,60.7,6.85,7.44,0,156,7,0.0,1.0,78,63,No,Yes,PhD,Upper-Middle,Yes,Excellent,High,6.14,91.2,Low,76.3,59
EDU00305,Harish Iyer,Male,17,MECH,4,55.0,4.7,6.0,5,3,79.0,73.0,72.1,76.0,76.7,7.52,7.98,1,174,35,1.0,1.3,60,57,Yes,Yes,PG,Middle,Yes,Average,High,7.47,80.8,High,68.4,68
EDU00306,Keerthi Iyer,Male,24,CSE,8,75.5,1.9,5.6,3,6,62.7,53.7,55.0,51.5,51.2,6.27,6.67,2,175,12,0.3,0.2,55,69,No,Yes,PhD,Middle,Yes,Poor,Medium,5.71,87.2,High,69.6,61
EDU00307,Priya Kumar,Male,17,AI&DS,3,82.4,2.2,5.3,3,3,71.6,69.8,73.9,79.5,75.8,6.67,7.01,0,61,19,1.7,0.5,43,74,No,Yes,School,Low,Yes,Poor,High,7.18,62.36,Moderate,76.8,80
EDU00308,Harish Sharma,Female,19,AI&DS,4,80.7,1.1,6.5,3,8,59.9,63.8,65.6,63.8,72.1,7.21,6.83,1,48,14,0.5,2.9,62,44,No,Yes,School,Low,No,Average,Low,6.31,66.68,Moderate,64.4,58
EDU00309,Keerthi Verma,Female,19,CIVIL,3,79.3,5.5,7.4,10,7,98.4,94.5,100.0,100.0,100.0,9.15,8.65,0,58,9,1.6,1.2,86,90,No,Yes,School,High,Yes,Average,Low,9.76,77.72,Moderate,76.4,78
EDU00310,Ananya Reddy,Male,23,MECH,6,85.8,3.5,6.7,7,8,73.7,64.7,73.4,71.5,74.7,7.42,7.46,1,78,24,0.4,2.1,73,76,Yes,Yes,Diploma,Upper-Middle,Yes,Average,Low,7.06,79.12,Moderate,60.5,52
EDU00311,Diya Verma,Female,19,CSE,1,63.6,5.6,6.3,3,7,86.7,77.9,81.5,76.9,75.3,8.64,8.27,1,200,9,1.9,0.1,67,63,Yes,Yes,PhD,Low,Yes,Average,Low,8.2,92.24,Moderate,60.6,51
EDU00312,Sai Iyer,Male,18,ECE,2,86.7,1.1,7.9,7,5,64.3,63.8,60.5,60.9,70.1,5.99,6.28,1,220,0,1.4,0.5,96,81,Yes,Yes,Diploma,Middle,Yes,Excellent,Medium,6.29,117.08,High,75.2,84
EDU00313,Aishwarya Verma,Female,21,ECE,7,87.1,5.7,6.0,2,9,93.0,89.9,88.6,83.5,89.7,8.98,9.41,0,197,29,2.4,2.0,65,92,No,Yes,UG,High,Yes,Good,Low,9.05,100.24,Low,80.3,81
EDU00314,Aditya Sharma,Female,22,AI&DS,4,81.3,2.4,6.9,2,6,69.7,64.1,65.0,65.8,70.4,5.56,5.36,4,164,2,2.8,2.4,42,43,No,Yes,UG,Low,Yes,Good,Medium,6.63,82.12,Critical,78.4,51
EDU00315,Sneha Patel,Female,23,MECH,3,64.7,4.5,5.3,7,4,70.5,64.2,67.1,73.0,68.6,6.03,6.28,1,180,5,4.8,0.7,53,91,Yes,Yes,Diploma,Upper-Middle,Yes,Average,Medium,6.73,83.08,High,63.5,63
EDU00316,Harish Iyer,Female,17,CIVIL,4,81.8,2.0,7.1,2,5,66.3,56.4,57.3,49.5,56.0,5.35,5.8,2,147,6,2.3,0.5,58,50,Yes,Yes,UG,Upper-Middle,Yes,Poor,Low,6.0,85.32,High,83.9,64
EDU00317,Aishwarya Singh,Female,21,AIDS,3,76.6,5.7,8.4,8,3,91.2,88.0,91.4,90.5,93.2,9.39,9.24,0,41,26,2.5,0.8,96,83,Yes,Yes,School,Middle,Yes,Poor,Low,9.02,77.24,Moderate,72.3,97
EDU00318,Aditya Singh,Female,19,CIVIL,2,88.2,2.1,8.1,2,8,68.5,64.9,70.7,70.1,66.4,7.53,8.04,0,216,27,1.0,1.0,60,61,No,Yes,PG,Low,Yes,Excellent,Low,6.8,102.48,Low,99.1,69
EDU00319,Pooja Reddy,Female,19,ECE,6,90.7,3.8,8.5,7,3,82.7,82.2,78.0,83.9,93.2,8.17,7.97,1,65,5,0.7,0.8,45,59,No,Yes,PhD,Middle,Yes,Average,Low,8.1,67.28,Moderate,97.8,63
EDU00320,Arjun Nair,Female,21,IT,4,78.3,2.7,6.5,8,5,76.3,76.4,80.5,81.6,88.9,8.17,8.65,0,70,4,3.6,1.7,49,60,No,No,PG,Middle,Yes,Good,Low,7.77,64.92,Moderate,83.7,100
EDU00321,Keerthi Singh,Male,24,IT,8,81.8,4.2,7.0,1,6,85.9,80.0,84.0,79.5,77.6,7.78,8.03,0,114,23,0.1,2.7,72,92,Yes,Yes,PG,High,Yes,Good,Medium,8.33,84.32,Low,81.9,87
EDU00322,Pooja Nair,Female,18,IT,8,75.6,3.1,5.6,10,5,72.0,73.1,76.0,79.0,80.6,7.17,7.35,0,42,6,0.4,0.0,99,66,Yes,Yes,PhD,Low,Yes,Poor,High,7.37,78.24,Moderate,70.4,59
EDU00323,Harish Nair,Male,20,AIDS,7,100.0,1.6,8.0,2,8,69.0,62.2,67.6,71.5,66.6,6.51,6.26,1,88,16,1.5,2.7,98,66,Yes,No,PG,Low,Yes,Poor,Low,6.63,96.8,Moderate,88.2,65
EDU00324,Diya Verma,Female,22,IT,7,77.5,2.2,8.4,4,9,69.9,63.5,67.5,61.6,66.1,7.7,7.39,0,152,10,2.2,0.3,91,48,Yes,Yes,PG,Upper-Middle,Yes,Average,Medium,6.7,97.8,Low,67.4,66
EDU00325,Karthik Sharma,Male,17,CIVIL,1,80.0,4.1,7.1,1,4,84.8,75.1,81.3,85.7,83.5,8.44,8.18,0,157,15,3.6,2.4,64,89,No,Yes,UG,Low,Yes,Poor,High,8.04,89.0,Low,83.5,64
EDU00326,Nisha Sharma,Male,24,CSE,2,81.0,1.7,5.9,3,4,56.2,49.0,56.7,52.0,48.5,6.26,6.22,1,180,4,1.1,1.3,96,60,No,Yes,Diploma,Upper-Middle,Yes,Average,High,5.4,106.8,High,93.2,51
EDU00327,Nisha Das,Male,18,MECH,6,91.0,3.4,7.1,9,3,87.0,91.5,84.5,76.9,79.6,7.75,8.2,0,75,1,1.6,0.7,86,84,Yes,Yes,PG,Middle,Yes,Good,High,8.77,85.8,Moderate,75.6,87
EDU00328,Pooja Singh,Female,24,CIVIL,7,95.8,5.6,5.9,4,7,100.0,100.0,100.0,100.0,97.5,9.41,9.7,0,130,28,2.1,2.2,92,60,Yes,Yes,PG,Middle,No,Good,Medium,10.0,101.12,Low,100.0,83
EDU00329,Arjun Gupta,Male,17,EEE,7,78.0,2.5,7.9,9,8,72.2,72.5,69.2,65.1,63.3,6.66,6.32,1,51,0,1.6,0.0,61,53,No,Yes,UG,Middle,Yes,Poor,Medium,7.13,65.8,High,73.7,35
EDU00330,Harish Das,Male,20,CSE,5,84.9,4.6,8.3,2,9,90.2,90.4,93.4,88.6,84.3,9.33,8.88,0,90,26,0.6,1.4,78,60,No,Yes,School,Upper-Middle,Yes,Poor,Medium,9.13,83.16,Low,79.9,100
EDU00331,Harish Reddy,Female,17,AI&DS,6,80.7,4.2,5.2,2,9,86.2,87.0,87.2,84.2,88.4,8.51,8.78,0,136,31,4.2,2.9,47,93,No,Yes,School,Low,Yes,Poor,Low,8.68,78.28,Low,75.6,81
EDU00332,Sai Sharma,Female,23,ECE,3,74.1,1.4,7.5,6,3,63.6,56.0,57.4,62.0,58.7,6.63,6.21,1,196,39,4.0,1.1,84,50,Yes,Yes,School,Middle,Yes,Average,High,5.9,102.44,High,80.8,38
EDU00333,Keerthi Gupta,Male,20,AIDS,8,96.3,5.9,6.1,8,6,100.0,100.0,100.0,95.9,100.0,10.0,10.0,0,39,31,0.3,0.0,53,69,No,Yes,School,Upper-Middle,Yes,Good,Medium,10.0,67.52,Low,100.0,87
EDU00334,Aishwarya Reddy,Male,19,ECE,6,91.3,2.9,6.6,10,6,81.0,85.6,81.1,75.7,75.3,8.85,9.06,0,57,29,4.4,2.2,55,41,No,Yes,School,High,Yes,Excellent,Medium,8.26,69.92,Moderate,88.7,89
EDU00335,Nithin Sharma,Male,22,CIVIL,4,89.5,1.8,6.8,9,8,61.1,57.4,61.6,60.4,59.8,5.97,6.12,2,175,31,2.6,0.3,43,81,Yes,Yes,Diploma,Low,Yes,Poor,High,6.0,88.0,Critical,83.5,88
EDU00336,Nithin Patel,Male,18,EEE,4,84.6,5.4,7.4,7,9,92.2,96.2,97.4,100.0,100.0,9.08,8.8,0,183,18,3.5,0.9,40,46,Yes,Yes,PhD,High,Yes,Average,Low,9.53,86.44,Low,79.9,78
EDU00337,Ananya Sharma,Male,19,MECH,8,78.8,1.7,5.0,8,9,58.0,64.6,63.1,68.7,72.6,7.25,7.39,0,83,30,0.5,2.5,76,83,No,Yes,PhD,Middle,Yes,Poor,Low,6.19,78.52,Moderate,83.2,64
EDU00338,Harish Iyer,Female,24,MECH,5,87.4,4.3,5.9,8,3,91.1,93.7,90.7,91.0,96.0,9.8,10.0,0,143,7,1.3,1.6,80,41,Yes,Yes,Diploma,Middle,Yes,Excellent,Low,9.18,95.56,Low,80.0,82
EDU00339,Sanjay Das,Female,22,ECE,2,92.8,2.0,8.3,2,7,76.2,76.1,80.7,81.1,80.1,8.43,8.91,0,120,37,2.1,3.0,59,52,Yes,Yes,UG,Low,Yes,Excellent,High,7.77,84.72,Low,89.4,83
EDU00340,Diya Singh,Male,17,AIDS,3,71.5,3.3,5.5,5,5,68.1,70.9,72.5,64.7,60.3,6.82,6.97,1,145,19,0.0,1.1,93,40,Yes,Yes,UG,Upper-Middle,Yes,Average,Low,7.05,94.8,High,70.7,70
EDU00341,Nithin Reddy,Male,23,CSE,5,87.4,2.1,6.7,6,6,67.5,58.1,58.8,55.0,54.5,5.5,5.62,4,102,37,0.7,2.3,56,48,No,Yes,UG,Upper-Middle,Yes,Good,High,6.15,77.76,Critical,99.3,72
EDU00342,Aishwarya Verma,Male,23,CIVIL,2,68.8,1.7,6.5,6,8,56.6,56.9,56.0,54.6,50.0,5.72,6.27,1,42,8,3.1,0.9,55,77,No,Yes,PhD,Upper-Middle,Yes,Excellent,Low,5.65,57.92,High,68.6,69
EDU00343,Priya Kumar,Female,24,AI&DS,2,66.6,1.3,7.9,2,8,53.9,49.5,55.3,49.2,53.0,5.55,5.84,4,72,33,0.7,2.2,71,48,Yes,Yes,Diploma,Upper-Middle,Yes,Poor,Medium,5.29,69.44,Critical,61.6,72
EDU00344,Riya Patel,Male,18,AI&DS,3,71.6,4.0,5.4,2,6,72.3,71.8,75.4,74.5,70.3,6.78,6.73,1,80,34,1.3,1.8,68,94,Yes,Yes,School,Middle,Yes,Average,Low,7.32,71.84,Moderate,59.8,81
EDU00345,Sneha Verma,Male,24,AIDS,5,76.6,2.4,5.4,10,10,64.5,58.1,60.9,65.9,63.1,5.66,5.29,3,22,37,1.5,1.9,97,82,No,No,UG,Middle,Yes,Excellent,Medium,6.12,73.84,Critical,80.2,53
EDU00346,Aarav Reddy,Female,20,MECH,7,87.9,3.6,5.6,3,8,83.2,81.1,81.7,87.4,84.5,8.74,8.96,0,120,4,4.6,1.9,64,70,Yes,Yes,PhD,Upper-Middle,Yes,Good,High,8.2,84.76,Low,91.8,85
EDU00347,Nisha Iyer,Female,18,AI&DS,1,66.9,5.3,5.6,2,4,82.4,86.2,87.0,93.7,100.0,7.91,8.38,1,118,26,4.6,0.2,56,47,Yes,Yes,School,High,Yes,Poor,Low,8.52,72.76,Moderate,70.3,72
EDU00348,Ananya Sharma,Female,23,IT,4,82.1,2.0,6.7,5,6,61.0,66.1,66.7,71.6,69.5,6.83,7.02,1,44,13,0.2,0.4,40,63,No,Yes,School,Upper-Middle,Yes,Excellent,Low,6.46,57.64,Moderate,61.8,59
EDU00349,Karthik Das,Female,22,MECH,3,77.3,5.0,6.5,7,4,87.5,93.7,90.6,83.4,86.5,8.11,8.51,0,94,16,2.0,1.1,95,95,Yes,Yes,School,Middle,Yes,Good,Medium,9.06,87.72,Moderate,73.8,85
EDU00350,Riya Kumar,Male,24,EEE,1,79.8,1.2,6.5,4,8,63.8,70.7,64.3,69.4,69.3,6.94,7.44,0,80,31,0.4,2.8,97,79,Yes,Yes,School,High,No,Poor,High,6.63,86.72,Low,82.0,59
EDU00351,Meera Reddy,Female,17,CSE,1,64.7,3.5,5.8,6,9,75.3,79.2,81.6,74.0,80.7,7.55,7.72,0,194,1,2.8,0.2,89,64,Yes,Yes,PG,Middle,Yes,Excellent,Low,7.87,100.28,Moderate,50.8,48
EDU00352,Riya Iyer,Female,20,MECH,7,84.4,5.6,5.8,2,3,91.2,85.7,92.3,97.0,100.0,10.0,9.52,0,204,15,4.1,0.2,48,68,Yes,Yes,UG,Upper-Middle,No,Average,Medium,8.97,93.76,Low,84.3,98
EDU00353,Sai Das,Female,24,CSE,2,76.9,1.4,8.3,4,10,64.3,56.8,60.0,56.8,57.3,6.1,6.56,1,154,17,1.6,1.6,46,43,No,Yes,PhD,High,Yes,Poor,Low,6.04,79.96,Moderate,75.2,63
EDU00354,Sai Verma,Male,21,ECE,2,64.4,2.9,7.9,3,3,71.8,67.2,71.0,70.3,67.0,7.1,6.64,1,170,24,1.5,2.9,43,57,No,Yes,PG,High,Yes,Poor,Low,7.0,76.96,High,64.7,49
EDU00355,Karthik Nair,Male,23,AI&DS,5,100.0,1.2,7.7,1,8,71.8,69.2,73.1,70.6,78.0,7.18,7.15,1,208,3,4.0,1.7,100,86,No,Yes,PhD,High,Yes,Good,Low,7.14,121.6,Moderate,100.0,65
EDU00356,Priya Gupta,Male,19,AI&DS,5,71.8,5.0,8.3,2,6,88.9,91.6,91.0,83.6,82.7,8.64,8.42,1,217,38,0.1,0.9,82,60,No,Yes,PG,High,Yes,Excellent,Low,9.05,104.92,Moderate,71.0,52
EDU00357,Aishwarya Kumar,Female,24,ECE,7,92.3,1.3,8.3,5,8,60.8,54.6,55.3,55.2,53.6,4.88,5.34,4,32,14,0.6,0.1,83,72,No,Yes,School,Middle,Yes,Good,Medium,5.69,76.52,Critical,98.5,48
EDU00358,Aarav Iyer,Male,20,MECH,2,78.9,1.4,6.6,9,4,55.3,57.4,55.1,60.3,61.5,5.79,6.25,1,26,20,3.0,1.1,66,97,No,Yes,UG,Low,Yes,Good,Low,5.59,63.16,High,67.5,67
EDU00359,Harish Reddy,Male,18,ECE,6,91.1,3.6,7.7,9,8,83.5,79.7,78.1,82.3,87.0,8.72,9.27,0,77,36,2.5,1.7,75,86,No,Yes,School,Low,No,Excellent,High,8.04,81.84,Low,91.6,100
EDU00360,Sneha Verma,Female,22,EEE,4,78.4,5.2,6.0,4,8,85.5,79.7,81.2,80.5,86.7,7.35,7.12,1,124,23,0.4,1.7,44,98,No,Yes,PhD,Middle,Yes,Excellent,Low,8.21,73.76,Moderate,73.6,59
EDU00361,Nisha Reddy,Male,23,IT,5,72.0,5.0,6.2,2,4,79.6,78.7,83.0,78.2,75.9,8.21,7.89,0,87,35,3.6,1.4,46,48,Yes,Yes,School,Middle,Yes,Average,High,8.04,64.6,Low,83.5,85
EDU00362,Sneha Nair,Female,22,IT,7,88.4,4.5,5.8,5,4,85.8,79.0,80.8,82.5,79.1,8.52,8.1,0,134,26,3.2,2.2,67,58,No,Yes,Diploma,Low,Yes,Poor,High,8.19,88.96,Low,84.3,73
EDU00363,Nisha Iyer,Female,23,MECH,8,83.3,1.9,7.5,5,4,58.4,57.1,58.0,58.1,67.0,5.37,5.29,2,56,2,4.1,2.2,86,53,No,Yes,PhD,Upper-Middle,Yes,Good,Medium,5.78,78.92,Critical,80.7,51
EDU00364,Rahul Sharma,Female,21,AIDS,8,93.6,2.1,5.6,5,4,77.8,73.8,72.2,67.5,75.1,7.73,7.26,0,158,34,4.0,0.0,93,92,Yes,Yes,UG,High,Yes,Average,Medium,7.46,106.24,Moderate,100.0,86
EDU00365,Harish Sharma,Male,24,CIVIL,8,99.7,2.3,8.0,5,4,79.4,83.4,77.1,71.6,71.6,7.62,7.93,1,218,4,3.5,0.9,99,42,No,Yes,PhD,Upper-Middle,Yes,Poor,High,8.0,123.08,Moderate,100.0,58
EDU00366,Aarav Patel,Male,23,ECE,4,78.4,2.3,5.5,3,10,62.9,67.3,68.9,76.1,84.0,7.39,6.89,1,145,35,3.1,2.1,42,66,No,Yes,PhD,Middle,Yes,Excellent,High,6.64,77.16,Moderate,78.3,68
EDU00367,Rahul Singh,Male,21,AIDS,8,80.0,5.0,6.4,6,10,95.4,87.3,94.0,92.7,94.4,8.89,8.86,0,65,29,4.8,2.0,62,84,No,Yes,PG,High,No,Excellent,High,9.22,69.8,Low,69.0,89
EDU00368,Sanjay Kumar,Female,21,ECE,7,88.7,1.3,7.7,5,8,61.5,54.9,57.5,53.7,49.5,5.72,5.46,4,31,19,2.2,0.7,96,50,Yes,Yes,School,Upper-Middle,Yes,Poor,High,5.8,80.08,Critical,79.5,63
EDU00369,Aarav Nair,Male,22,MECH,2,100.0,4.3,6.8,6,6,90.3,85.4,85.8,80.4,81.0,8.41,8.52,0,83,0,0.2,0.1,100,73,Yes,Yes,PG,Low,Yes,Good,Medium,8.72,96.6,Low,100.0,63
EDU00370,Aarav Patel,Male,17,EEE,2,80.2,5.1,6.3,7,5,94.2,86.4,93.9,87.1,89.7,9.8,10.0,0,25,0,3.7,1.6,98,49,Yes,Yes,PG,Middle,No,Good,Medium,9.15,76.28,Low,81.4,76
EDU00371,Keerthi Verma,Male,21,EEE,8,74.4,2.0,5.9,10,10,57.8,58.5,55.9,52.5,58.0,5.6,5.52,3,206,25,4.8,2.3,85,46,No,Yes,School,High,Yes,Excellent,Medium,5.74,104.96,Critical,77.0,20
EDU00372,Meera Das,Male,21,MECH,3,89.4,5.0,8.4,2,5,88.3,79.3,84.7,78.0,79.0,9.15,9.23,0,165,14,0.3,1.5,66,59,No,Yes,School,Upper-Middle,No,Excellent,Low,8.41,95.16,Low,81.0,100
EDU00373,Nithin Patel,Female,24,MECH,4,91.3,2.6,7.5,9,4,68.0,73.7,66.0,66.3,63.1,5.99,6.45,1,29,27,2.5,1.9,73,71,Yes,Yes,PhD,High,Yes,Poor,Medium,6.92,71.52,High,100.0,45
EDU00374,Aditya Nair,Female,21,MECH,6,77.0,3.8,5.6,5,6,82.1,73.0,76.3,78.0,80.1,7.05,6.91,2,204,8,0.8,2.1,70,40,No,Yes,Diploma,High,Yes,Poor,Medium,7.71,99.6,High,86.9,62
EDU00375,Karthik Patel,Male,24,MECH,2,74.4,1.3,6.6,3,4,52.3,49.0,54.9,51.3,58.6,6.23,6.37,1,114,39,3.8,2.8,75,74,Yes,No,Diploma,Low,Yes,Good,Low,5.21,82.56,High,62.3,80
EDU00376,Nithin Das,Male,19,CIVIL,6,92.3,3.9,8.0,10,7,92.2,86.9,90.7,97.2,95.3,8.08,7.84,0,43,39,0.7,0.5,95,40,No,No,School,Middle,Yes,Excellent,Medium,8.99,83.52,Moderate,94.6,75
EDU00377,Meera Iyer,Female,18,ECE,7,77.4,2.9,6.3,8,8,71.0,63.1,70.5,77.8,87.0,7.72,8.0,0,163,28,2.5,2.4,83,47,No,Yes,Diploma,Low,Yes,Excellent,High,6.82,96.76,Moderate,89.3,56
EDU00378,Diya Nair,Male,20,CIVIL,6,93.2,1.9,7.6,1,6,68.8,67.3,63.1,60.1,56.5,6.05,5.83,2,175,17,0.2,0.8,70,65,Yes,Yes,UG,Upper-Middle,Yes,Poor,High,6.64,100.28,High,100.0,54
EDU00379,Meera Das,Female,24,IT,8,84.3,4.7,7.3,9,4,93.9,99.1,98.9,100.0,97.0,9.73,10.0,0,34,28,3.2,0.2,46,94,No,Yes,Diploma,Low,Yes,Good,High,9.73,58.92,Low,89.5,93
EDU00380,Rahul Das,Female,17,CIVIL,7,82.6,5.2,7.3,2,6,96.1,95.1,97.9,91.2,92.9,9.34,9.06,0,149,26,0.9,2.2,93,100,Yes,Yes,PhD,Upper-Middle,Yes,Good,Medium,9.64,100.04,Low,68.9,67
EDU00381,Nisha Sharma,Female,18,CSE,2,83.8,1.9,5.3,6,3,61.2,62.5,57.7,61.3,60.0,6.44,6.65,1,211,8,1.6,1.1,58,51,No,Yes,UG,High,Yes,Average,Medium,6.05,98.92,High,83.6,55
EDU00382,Karthik Reddy,Female,21,AIDS,5,64.5,1.5,6.2,6,8,57.6,56.2,60.2,63.2,60.8,6.92,7.06,0,157,36,1.1,2.1,62,81,No,Yes,PhD,Upper-Middle,Yes,Average,Medium,5.8,82.0,Moderate,70.5,79
EDU00383,Karthik Gupta,Female,17,CSE,3,68.5,3.4,6.6,6,8,76.5,78.7,73.6,71.3,79.8,6.68,6.7,1,185,6,0.9,1.1,50,69,Yes,Yes,PG,High,No,Excellent,High,7.63,84.4,High,79.0,51
EDU00384,Priya Gupta,Male,21,MECH,6,76.3,3.4,6.4,1,6,78.0,69.8,74.0,72.7,79.3,8.31,8.25,0,61,32,0.8,0.9,78,84,Yes,Yes,PhD,Middle,Yes,Good,Low,7.39,73.92,Low,65.8,69
EDU00385,Arjun Singh,Male,22,AIDS,7,88.3,1.8,5.0,3,6,60.3,64.0,59.2,52.6,51.3,6.29,6.72,1,21,30,0.8,0.3,75,83,No,Yes,PG,High,Yes,Average,Low,6.12,69.52,Moderate,90.6,41
EDU00386,Priya Reddy,Female,19,CIVIL,6,76.3,5.5,7.9,7,9,91.3,93.1,93.9,100.0,95.4,10.0,9.7,0,80,23,1.8,1.5,40,79,No,Yes,Diploma,Middle,Yes,Average,Low,9.28,62.52,Low,71.6,68
EDU00387,Karthik Singh,Female,18,MECH,7,67.9,4.3,6.5,5,7,70.5,61.2,65.1,59.7,64.9,7.18,7.19,0,108,6,3.3,1.2,91,40,Yes,Yes,PhD,High,Yes,Poor,Medium,6.56,85.16,Moderate,69.3,63
EDU00388,Priya Nair,Male,21,CIVIL,5,94.1,4.7,5.4,8,8,96.7,91.9,97.7,100.0,96.7,9.13,9.1,0,214,24,4.4,0.2,40,61,No,Yes,PhD,High,Yes,Poor,Medium,9.54,96.44,Low,100.0,83
EDU00389,Harish Kumar,Male,24,AIDS,6,68.6,1.3,7.1,6,7,57.8,65.4,59.3,56.0,57.3,5.82,5.65,2,172,7,1.8,0.1,87,65,Yes,Yes,PhD,Low,Yes,Average,High,6.08,96.64,Critical,61.1,42
EDU00390,Meera Nair,Female,22,AIDS,4,88.7,5.6,8.2,9,10,90.3,92.4,86.7,88.4,94.3,9.29,8.9,0,151,5,1.7,1.9,59,67,No,No,UG,Low,Yes,Poor,Low,8.98,89.28,Low,99.8,99
EDU00391,Nisha Singh,Female,20,AI&DS,6,81.7,3.9,5.8,7,7,77.1,73.0,76.1,82.7,87.9,7.16,7.11,0,220,26,3.3,0.8,69,78,No,Yes,Diploma,Low,Yes,Average,Low,7.54,104.28,Moderate,86.9,75
EDU00392,Riya Singh,Female,23,MECH,7,64.6,3.4,7.0,6,8,66.1,59.3,59.2,64.9,67.4,5.98,5.67,3,85,25,0.2,2.6,45,80,No,Yes,UG,Low,Yes,Good,Medium,6.15,60.84,Critical,49.7,59
EDU00393,Harish Iyer,Female,24,AI&DS,3,67.3,4.1,5.6,6,9,79.4,82.3,83.3,91.1,91.7,8.41,8.33,0,44,25,1.1,3.0,76,58,Yes,Yes,PG,High,Yes,Average,Medium,8.17,66.12,Low,59.6,87
EDU00394,Riya Singh,Female,22,CSE,6,90.6,3.5,6.9,4,9,81.2,80.8,84.3,83.5,92.4,7.79,7.61,1,105,29,3.3,2.1,46,64,No,Yes,PG,Middle,Yes,Average,Low,8.21,75.64,Moderate,93.7,85
EDU00395,Riya Das,Male,23,AI&DS,6,84.0,4.0,5.6,8,4,83.8,77.6,79.6,79.8,77.7,8.79,8.79,0,205,15,0.9,2.8,98,52,No,Yes,School,Low,Yes,Excellent,Medium,8.03,113.8,Moderate,88.8,65
EDU00396,Sanjay Das,Female,20,IT,8,81.4,3.5,5.4,10,8,82.7,74.3,75.9,79.5,75.5,8.09,8.34,0,153,30,4.3,0.2,66,56,Yes,Yes,PhD,Low,Yes,Excellent,High,7.76,89.56,Moderate,87.4,90
EDU00397,Vihaan Singh,Female,17,MECH,7,83.1,4.6,6.8,8,9,91.9,86.3,89.9,94.6,100.0,8.72,8.94,0,56,15,4.0,0.6,46,61,Yes,Yes,PG,Middle,Yes,Good,Medium,8.94,62.84,Low,95.8,75
EDU00398,Aishwarya Iyer,Female,21,EEE,1,77.5,4.8,5.5,5,3,81.6,82.9,80.9,77.6,86.8,7.41,7.61,0,202,28,3.4,0.5,91,84,Yes,Yes,UG,High,Yes,Average,Low,8.18,107.8,Moderate,66.0,73
EDU00399,Karthik Das,Female,19,AI&DS,5,60.8,2.8,6.8,9,9,69.3,65.7,68.4,68.4,71.3,6.6,7.12,1,63,33,2.4,1.5,64,40,Yes,Yes,UG,Middle,Yes,Average,Medium,6.78,62.52,High,61.8,72
EDU00400,Riya Sharma,Male,22,AIDS,8,85.1,3.8,7.2,1,6,84.8,86.3,80.9,82.9,92.2,8.1,7.9,1,209,34,4.4,2.9,43,68,Yes,Yes,Diploma,Middle,Yes,Excellent,Low,8.4,93.04,Moderate,83.4,75
EDU00401,Vihaan Das,Female,21,CSE,4,88.7,4.7,8.2,3,7,91.3,88.8,89.7,90.3,97.0,8.61,8.81,0,70,30,0.6,0.3,52,46,Yes,Yes,UG,Low,No,Excellent,Low,8.99,70.28,Low,90.5,68
EDU00402,Aishwarya Patel,Female,17,EEE,7,84.7,4.0,6.7,3,8,82.7,81.4,86.6,83.4,91.4,8.16,7.96,1,148,19,3.1,0.3,88,100,Yes,Yes,UG,High,Yes,Average,Low,8.36,98.68,Moderate,73.5,74
EDU00403,Arjun Nair,Female,18,AIDS,6,85.1,4.2,6.9,3,6,80.1,79.1,77.8,78.3,74.8,7.38,7.55,1,192,9,1.6,0.6,65,90,Yes,Yes,PhD,Middle,Yes,Excellent,High,7.9,98.44,Moderate,91.0,76
EDU00404,Riya Nair,Female,20,EEE,8,65.3,5.7,7.9,6,5,84.6,79.5,85.3,82.3,81.9,8.66,9.0,0,21,25,0.3,1.2,81,91,Yes,Yes,UG,Low,Yes,Average,High,8.31,62.72,Moderate,62.2,90
EDU00405,Nithin Singh,Female,17,MECH,7,86.1,5.0,6.1,9,6,90.3,93.4,87.6,82.2,88.0,9.64,9.79,0,31,24,3.4,2.7,71,55,No,Yes,PhD,High,Yes,Poor,Low,9.04,69.04,Low,86.4,90
EDU00406,Ananya Singh,Female,24,EEE,2,68.7,3.4,8.1,2,8,77.8,72.6,78.4,84.4,88.2,7.99,8.11,0,82,20,2.9,2.3,56,75,No,Yes,Diploma,Low,Yes,Good,Medium,7.63,66.28,Low,67.3,63
EDU00407,Karthik Reddy,Female,24,ECE,8,63.5,2.8,5.7,5,7,58.1,54.5,55.6,60.5,67.5,6.22,5.79,4,115,1,2.8,3.0,72,95,No,Yes,PG,Upper-Middle,No,Good,High,5.61,77.2,Critical,51.8,53
EDU00408,Arjun Sharma,Male,18,IT,2,67.9,3.9,6.6,4,4,78.3,78.5,76.2,75.4,83.6,8.1,8.32,0,66,36,1.7,1.6,84,87,No,Yes,PG,Upper-Middle,Yes,Excellent,Low,7.77,73.96,Moderate,73.1,78
EDU00409,Aarav Patel,Female,23,IT,5,78.2,5.3,7.0,6,10,94.9,86.2,94.5,97.9,100.0,8.83,8.49,0,66,6,0.1,1.8,94,42,Yes,Yes,School,Upper-Middle,Yes,Average,High,9.19,82.08,Low,92.2,68
EDU00410,Karthik Patel,Female,19,CIVIL,5,76.5,2.2,8.2,6,3,59.1,50.9,54.4,59.7,60.3,5.33,5.65,4,73,24,0.2,1.3,52,53,No,Yes,School,Low,Yes,Poor,Low,5.48,66.0,Critical,70.7,55
EDU00411,Karthik Sharma,Female,22,MECH,7,70.2,2.0,8.4,9,8,66.8,74.5,69.5,68.2,77.6,6.15,6.05,1,36,27,4.7,2.0,54,84,Yes,Yes,PG,High,Yes,Good,High,7.03,56.88,High,61.8,37
EDU00412,Ananya Kumar,Male,20,IT,1,83.6,1.6,5.5,8,3,56.3,49.9,56.8,59.4,60.0,5.51,5.18,2,64,33,4.8,2.2,91,82,Yes,Yes,School,Middle,Yes,Excellent,Low,5.43,82.64,Critical,89.9,44
EDU00413,Harish Nair,Female,21,MECH,1,81.5,4.9,6.2,8,3,87.0,85.3,88.8,92.4,89.9,8.08,7.96,0,43,26,4.9,0.3,70,69,No,Yes,PhD,High,Yes,Poor,Medium,8.7,69.2,Moderate,76.2,82
EDU00414,Meera Gupta,Female,19,MECH,6,76.4,5.8,7.3,2,10,93.2,86.2,90.4,84.4,87.1,9.65,9.31,0,188,5,3.7,2.2,58,96,Yes,Yes,UG,Middle,Yes,Good,High,8.99,91.36,Low,78.1,96
EDU00415,Aishwarya Das,Female,19,MECH,7,70.0,2.9,5.5,1,9,74.4,82.1,79.6,85.0,83.6,7.75,7.26,0,143,22,0.9,2.6,76,65,No,Yes,PG,Upper-Middle,Yes,Excellent,Low,7.87,87.0,Low,82.0,68
EDU00416,Nithin Verma,Female,22,IT,5,68.9,2.7,8.1,9,10,67.6,63.6,64.0,64.3,60.2,6.13,6.34,2,52,6,1.1,1.4,47,47,No,Yes,UG,Upper-Middle,Yes,Excellent,High,6.51,56.76,Critical,62.1,84
EDU00417,Arjun Verma,Male,23,ECE,3,81.0,5.2,5.8,1,6,92.1,97.4,98.3,98.7,100.0,9.56,9.31,0,155,10,1.9,0.3,50,80,Yes,Yes,Diploma,High,Yes,Good,Low,9.59,83.4,Low,88.9,89
EDU00418,Priya Singh,Female,23,AIDS,8,72.7,2.6,7.5,5,3,59.6,54.8,58.9,54.2,60.2,6.08,5.65,3,55,9,2.4,0.5,91,100,Yes,Yes,Diploma,High,Yes,Average,Low,5.78,76.48,Critical,86.8,46
EDU00419,Diya Sharma,Male,21,IT,7,68.0,1.6,7.6,3,6,59.8,67.6,59.9,56.9,53.4,6.25,6.27,2,132,19,4.1,1.6,79,69,Yes,No,UG,Upper-Middle,Yes,Excellent,Medium,6.24,85.2,High,44.8,78
EDU00420,Aditya Gupta,Female,19,AIDS,5,87.2,2.1,5.4,10,8,64.7,57.4,61.0,64.2,65.7,5.21,4.83,3,205,17,4.5,1.9,61,66,No,Yes,School,Low,Yes,Excellent,Low,6.1,100.28,Critical,100.0,32
EDU00421,Nisha Gupta,Male,23,EEE,2,66.2,6.0,7.9,8,9,92.8,100.0,92.5,97.9,100.0,8.45,8.05,0,112,37,3.4,2.7,66,92,No,Yes,School,Upper-Middle,Yes,Excellent,High,9.51,75.28,Moderate,54.4,81
EDU00422,Sneha Kumar,Female,23,AI&DS,4,69.4,3.8,5.1,6,4,71.0,71.6,66.6,65.9,74.3,6.38,6.63,1,83,17,2.2,0.1,69,84,No,Yes,Diploma,Middle,Yes,Good,High,6.97,71.96,High,58.6,52
EDU00423,Priya Iyer,Male,24,CSE,6,84.2,2.8,6.9,4,8,76.1,72.6,72.5,72.5,70.3,7.02,6.81,2,144,22,1.7,1.3,63,88,Yes,Yes,UG,Low,Yes,Average,High,7.37,87.68,High,91.3,64
EDU00424,Harish Verma,Female,19,CIVIL,2,77.9,2.0,5.3,10,9,68.8,74.2,69.9,67.6,64.6,6.76,7.19,1,95,39,2.9,0.2,54,68,Yes,Yes,Diploma,Upper-Middle,Yes,Excellent,Low,7.1,71.76,High,86.4,72
EDU00425,Sanjay Patel,Male,24,ECE,3,87.4,1.1,5.9,1,10,61.4,59.2,59.4,65.0,68.7,6.19,6.67,1,211,16,3.5,2.9,91,91,No,Yes,UG,Middle,Yes,Good,Low,6.0,113.56,Moderate,77.8,47
EDU00426,Sai Iyer,Male,19,CSE,8,73.2,3.7,5.4,10,6,78.3,73.4,77.3,78.2,88.0,7.66,7.79,0,137,39,2.2,1.8,44,50,Yes,Yes,PhD,Low,Yes,Excellent,High,7.63,74.28,Moderate,66.6,79
EDU00427,Sai Sharma,Female,18,EEE,5,66.6,5.7,7.5,10,10,82.6,83.5,84.7,81.7,87.2,8.08,7.84,1,124,9,3.8,2.9,77,60,Yes,Yes,School,Upper-Middle,No,Poor,Low,8.36,82.24,High,63.7,73
EDU00428,Riya Sharma,Female,19,ECE,4,89.2,5.9,7.7,3,5,92.8,84.1,90.7,88.0,84.4,8.88,9.15,0,195,24,4.0,1.1,70,48,No,Yes,UG,Upper-Middle,Yes,Excellent,Medium,8.92,102.68,Low,86.2,92
EDU00429,Meera Sharma,Male,21,CIVIL,4,77.8,2.1,8.4,2,8,60.7,52.9,52.4,53.3,58.5,4.5,4.0,4,23,0,1.6,0.9,91,97,No,Yes,Diploma,Middle,No,Excellent,Low,5.53,72.12,Critical,78.8,38
EDU00430,Pooja Patel,Female,18,IT,6,83.3,3.9,8.1,3,5,85.9,85.9,87.1,94.1,100.0,9.3,8.93,0,99,18,0.5,2.0,77,73,Yes,Yes,PG,Middle,No,Average,High,8.63,83.92,Low,91.4,81
EDU00431,Ananya Gupta,Female,24,CSE,2,85.8,2.7,6.3,4,10,70.6,62.1,70.6,75.6,84.2,7.48,7.9,0,153,5,3.3,1.0,73,76,No,Yes,Diploma,Upper-Middle,Yes,Average,Medium,6.78,94.12,Low,88.1,83
EDU00432,Karthik Singh,Female,23,CIVIL,7,91.4,1.4,5.1,2,8,65.7,62.7,62.3,70.2,76.8,6.77,7.04,1,30,12,4.7,0.9,77,87,Yes,Yes,School,Low,Yes,Good,Medium,6.36,73.36,Moderate,82.0,62
EDU00433,Karthik Iyer,Male,23,IT,6,75.8,4.4,5.2,4,4,77.6,79.8,80.8,80.7,84.3,8.31,7.86,0,72,7,4.6,0.0,55,82,No,Yes,PG,Middle,Yes,Excellent,Low,7.94,66.72,Moderate,80.3,39
EDU00434,Sai Reddy,Male,21,CIVIL,5,83.7,2.0,8.1,5,9,69.0,69.5,68.4,64.8,73.3,7.47,7.51,1,22,40,3.5,0.1,89,68,Yes,Yes,Diploma,Low,Yes,Poor,Low,6.9,73.48,Moderate,74.5,58
EDU00435,Meera Sharma,Male,22,IT,5,74.0,5.8,7.5,7,7,93.3,99.3,92.5,97.7,100.0,10.0,10.0,0,147,12,0.6,3.0,70,70,Yes,Yes,School,High,Yes,Poor,High,9.5,87.0,Low,66.9,88
EDU00436,Arjun Patel,Female,22,AIDS,3,80.2,3.2,7.7,9,6,78.2,73.2,71.1,63.3,60.6,7.83,7.61,0,109,29,1.0,1.9,65,64,Yes,Yes,PhD,Low,Yes,Average,High,7.42,79.88,Moderate,97.3,68
EDU00437,Karthik Iyer,Female,17,AIDS,2,98.0,5.2,7.1,5,5,91.6,87.3,88.5,89.0,93.3,8.19,8.72,0,114,2,0.7,0.3,54,40,No,No,School,High,No,Poor,Low,8.91,83.6,Low,90.6,88
EDU00438,Vihaan Das,Male,17,AIDS,7,100.0,2.4,7.2,8,6,79.4,76.4,76.4,84.2,86.0,8.48,8.15,1,112,14,0.7,1.9,51,64,No,Yes,UG,Low,Yes,Good,Low,7.74,82.8,Moderate,100.0,70
EDU00439,Vihaan Gupta,Female,20,CIVIL,3,90.3,5.2,6.2,7,9,94.0,84.9,89.1,86.5,91.5,8.18,8.26,0,75,12,2.8,2.8,86,82,No,Yes,PhD,High,Yes,Good,Low,8.93,85.52,Low,83.1,72
EDU00440,Priya Reddy,Female,18,AIDS,5,74.6,5.5,8.3,10,9,83.3,87.4,85.9,80.4,81.2,8.63,8.33,0,26,13,1.9,2.0,57,87,Yes,Yes,PhD,Middle,Yes,Excellent,Medium,8.55,57.84,Moderate,73.1,74
EDU00441,Aishwarya Patel,Male,24,MECH,1,100.0,4.4,7.8,2,3,86.0,78.7,80.5,86.9,84.9,7.35,7.08,0,112,39,4.5,1.8,93,68,No,Yes,Diploma,Upper-Middle,Yes,Poor,High,8.17,99.6,Low,86.2,54
EDU00442,Rahul Reddy,Male,23,CSE,7,83.1,1.8,6.9,8,7,67.1,58.8,67.7,70.3,67.5,6.66,6.99,1,117,30,1.9,0.5,41,77,No,Yes,PhD,Middle,Yes,Poor,Medium,6.45,73.04,High,91.1,67
EDU00443,Nisha Iyer,Female,18,MECH,2,99.9,1.9,7.2,7,5,79.6,84.1,83.2,79.9,86.8,8.89,8.78,0,146,1,3.1,1.8,50,63,No,Yes,UG,Low,Yes,Good,Low,8.23,89.16,Low,86.6,45
EDU00444,Vihaan Patel,Female,21,AIDS,7,97.0,2.7,6.0,8,4,75.2,82.6,82.6,89.4,84.6,8.41,8.24,0,140,24,1.9,2.1,57,84,No,Yes,PhD,High,Yes,Good,Low,8.01,89.6,Moderate,100.0,74
EDU00445,Diya Singh,Male,24,EEE,5,95.7,1.4,6.6,2,8,59.6,65.3,65.1,61.0,58.7,5.64,5.77,2,219,5,4.3,0.0,40,87,No,Yes,PhD,Low,Yes,Excellent,High,6.33,98.08,High,93.5,54
EDU00446,Ananya Sharma,Male,17,IT,4,65.7,5.6,8.2,3,4,90.1,96.5,92.6,95.6,93.8,9.69,9.62,0,180,33,1.0,2.5,85,71,Yes,Yes,PhD,Low,Yes,Average,High,9.31,96.28,Low,63.3,88
EDU00447,Aarav Sharma,Male,20,EEE,3,80.8,5.4,7.0,4,4,87.4,89.6,93.4,88.0,92.5,9.52,9.68,0,149,40,1.4,1.3,92,62,Yes,Yes,UG,Upper-Middle,Yes,Poor,Low,9.01,98.92,Low,76.5,92
EDU00448,Arjun Gupta,Female,17,CIVIL,2,78.2,4.4,8.1,8,3,90.0,85.9,86.1,90.4,99.1,9.01,9.18,0,36,36,1.3,2.5,68,62,No,Yes,UG,High,Yes,Average,Low,8.73,65.68,Moderate,75.4,99
EDU00449,Nisha Reddy,Male,22,CIVIL,8,89.6,5.4,6.1,7,10,90.8,85.5,87.0,94.2,100.0,9.28,9.2,0,181,9,2.0,0.0,90,92,Yes,Yes,Diploma,Middle,Yes,Poor,Medium,8.78,108.04,Low,82.1,79
EDU00450,Meera Reddy,Female,22,ECE,1,73.8,3.5,5.6,9,7,69.6,68.8,71.4,70.3,79.5,6.46,7.03,0,110,6,0.3,1.0,70,78,No,Yes,PhD,High,Yes,Excellent,Medium,6.99,79.52,Moderate,73.6,57
EDU00451,Aarav Singh,Male,22,EEE,7,76.8,4.1,7.1,9,7,82.7,88.4,86.2,85.8,81.1,8.36,8.13,0,196,14,4.6,2.7,80,98,No,Yes,PhD,Upper-Middle,No,Good,High,8.58,101.92,Moderate,71.4,62
EDU00452,Karthik Reddy,Female,20,ECE,4,90.1,3.4,6.6,1,8,80.4,86.7,86.1,88.1,84.3,8.59,8.75,0,206,17,0.3,1.2,52,90,No,Yes,UG,Low,Yes,Average,Low,8.44,98.04,Low,87.2,82
EDU00453,Aarav Iyer,Female,24,IT,5,88.5,5.8,6.7,6,6,100.0,97.2,94.8,98.5,100.0,8.87,9.25,0,92,15,4.0,1.3,92,94,Yes,Yes,Diploma,Middle,Yes,Poor,Low,9.73,90.6,Low,83.2,80
EDU00454,Keerthi Sharma,Female,24,IT,8,69.1,4.1,6.9,10,10,80.3,86.4,81.1,77.5,83.1,8.02,7.7,0,102,1,0.6,2.6,75,70,No,Yes,PG,Low,Yes,Good,Medium,8.26,78.04,Moderate,71.6,71
EDU00455,Rahul Iyer,Male,21,MECH,1,85.5,5.4,5.2,3,10,88.9,87.5,92.6,88.4,94.7,10.0,9.87,0,125,21,3.8,1.5,74,43,No,Yes,PG,Middle,Yes,Poor,Low,8.97,88.8,Low,85.3,97
EDU00456,Aishwarya Reddy,Male,21,ECE,4,83.5,1.3,7.4,1,3,62.6,58.0,60.1,52.8,59.2,6.91,7.46,0,148,20,1.6,2.3,82,65,Yes,Yes,UG,High,Yes,Excellent,High,6.02,95.8,Low,77.5,63
EDU00457,Arjun Kumar,Male,17,ECE,4,63.2,3.9,5.0,2,8,70.6,75.9,68.3,70.3,74.6,6.36,6.27,1,60,12,3.8,0.8,52,60,No,Yes,UG,High,Yes,Excellent,High,7.16,58.08,Moderate,54.8,62
EDU00458,Sneha Nair,Male,19,CSE,1,80.9,2.9,5.4,4,6,76.0,70.8,71.4,74.4,72.6,7.33,7.16,0,33,40,1.1,2.7,93,56,Yes,Yes,UG,Low,Yes,Average,Medium,7.27,76.16,Moderate,71.1,61
EDU00459,Karthik Gupta,Female,22,AIDS,7,74.4,4.0,5.6,8,10,85.3,77.9,79.1,81.0,89.3,8.62,8.8,0,22,17,4.7,0.9,64,86,Yes,Yes,UG,Middle,Yes,Excellent,High,8.08,59.76,Low,76.2,78
EDU00460,Diya Sharma,Female,23,AI&DS,5,78.9,4.9,8.1,5,5,83.6,74.9,83.1,87.9,86.0,9.15,9.47,0,194,1,4.4,2.8,51,40,Yes,Yes,Diploma,High,No,Good,Medium,8.05,90.76,Low,85.7,82
EDU00461,Aarav Das,Female,18,IT,4,63.2,1.3,7.4,1,3,50.0,40.5,46.0,40.0,45.0,5.14,4.95,3,204,30,1.0,0.8,82,57,Yes,Yes,PG,Low,Yes,Excellent,High,4.55,98.88,Critical,46.1,50
EDU00462,Meera Patel,Male,21,MECH,2,82.3,4.0,6.6,8,5,79.6,71.4,77.8,78.5,78.3,8.06,8.01,1,122,23,2.3,1.0,58,49,No,Yes,PG,Upper-Middle,Yes,Poor,High,7.63,80.52,High,89.1,90
EDU00463,Nithin Reddy,Female,22,AIDS,8,69.6,4.8,8.0,3,3,89.5,94.9,90.6,92.7,98.9,9.76,9.89,0,72,25,0.4,1.3,47,72,Yes,Yes,PhD,Low,Yes,Average,High,9.17,61.04,Low,78.6,82
EDU00464,Sanjay Iyer,Female,18,MECH,6,100.0,3.7,6.4,7,6,88.3,82.8,87.4,95.2,93.6,9.03,8.7,0,197,12,3.6,2.7,72,91,Yes,Yes,School,Upper-Middle,Yes,Excellent,Medium,8.62,108.2,Low,86.1,84
EDU00465,Karthik Verma,Male,20,AI&DS,1,92.0,1.2,5.4,3,4,57.8,48.8,54.9,47.1,51.1,5.18,5.09,3,129,39,2.9,1.4,79,77,Yes,Yes,School,High,Yes,Good,Low,5.38,94.2,Critical,100.0,58
EDU00466,Nithin Gupta,Female,18,CIVIL,6,86.5,5.7,7.4,1,9,90.1,89.3,93.8,93.4,96.6,8.55,8.85,0,203,40,4.6,1.4,87,61,Yes,Yes,PG,Low,Yes,Good,High,9.11,110.0,Low,80.8,76
EDU00467,Aishwarya Patel,Female,18,AI&DS,3,87.7,4.0,7.4,1,10,80.6,78.4,82.5,83.1,89.0,7.76,7.39,1,145,11,4.5,0.9,50,42,No,Yes,PG,Low,Yes,Poor,Low,8.05,84.08,Moderate,73.9,72
EDU00468,Meera Gupta,Male,17,CIVIL,3,84.7,4.9,5.2,3,6,87.4,83.1,88.7,84.4,86.1,9.27,9.77,0,45,10,0.7,2.2,100,78,Yes,Yes,UG,High,Yes,Good,High,8.64,82.88,Low,84.8,88
EDU00469,Pooja Sharma,Female,24,AI&DS,5,99.5,3.2,7.5,2,4,85.3,84.8,85.1,81.0,89.9,7.79,7.32,0,166,11,3.3,1.3,74,63,No,Yes,Diploma,High,Yes,Poor,Low,8.51,102.6,Low,98.0,55
EDU00470,Karthik Reddy,Female,19,CIVIL,1,92.7,2.9,6.8,1,4,77.8,81.0,79.7,76.6,83.8,7.61,7.38,0,74,12,3.3,1.4,53,46,Yes,Yes,PhD,Low,Yes,Average,High,7.95,73.08,Low,95.1,69
EDU00471,Sai Sharma,Female,18,IT,4,86.8,4.1,6.4,6,6,88.1,95.3,89.9,88.2,86.1,9.44,9.35,0,135,38,4.2,0.7,98,48,No,Yes,PhD,High,Yes,Average,High,9.11,100.92,Low,99.1,93
EDU00472,Sneha Singh,Female,18,CIVIL,1,73.0,3.1,7.0,3,3,68.2,69.1,68.3,73.2,82.0,6.44,6.53,1,98,30,2.6,1.2,95,93,Yes,Yes,School,High,Yes,Poor,Medium,6.85,86.8,High,60.1,72
EDU00473,Nithin Singh,Female,20,MECH,6,85.2,5.5,7.0,6,7,97.5,100.0,99.7,100.0,97.8,10.0,10.0,0,217,18,0.9,2.1,85,74,No,Yes,PG,Middle,Yes,Good,High,9.91,111.48,Low,87.9,100
EDU00474,Sanjay Patel,Female,19,AIDS,6,90.4,2.2,6.7,5,10,71.3,76.7,75.1,71.1,80.6,8.14,8.72,0,20,4,0.9,2.8,99,71,No,Yes,PhD,Upper-Middle,Yes,Excellent,Low,7.44,79.76,Low,100.0,73
EDU00475,Nithin Kumar,Female,24,CSE,8,94.1,3.2,6.1,3,5,87.9,95.2,87.3,81.0,84.0,7.98,7.59,1,195,27,1.0,2.7,76,43,Yes,Yes,PhD,Upper-Middle,Yes,Excellent,Low,9.01,107.04,Moderate,97.8,43
EDU00476,Sanjay Patel,Female,22,ECE,3,93.8,1.1,7.0,4,5,68.1,61.2,61.7,63.6,72.9,5.35,5.66,3,144,7,0.5,2.5,54,55,No,Yes,Diploma,Middle,Yes,Poor,Low,6.37,87.92,Critical,89.5,48
EDU00477,Sanjay Singh,Female,23,AIDS,4,66.7,2.2,8.0,7,10,58.4,55.3,55.7,56.4,55.5,6.33,6.37,2,107,20,0.1,1.5,64,93,No,Yes,UG,Middle,Yes,Excellent,Low,5.65,73.68,Critical,67.5,50
EDU00478,Priya Patel,Male,22,MECH,7,87.8,2.4,7.5,4,9,72.7,72.2,67.7,74.7,73.4,7.17,7.17,0,119,36,1.7,1.1,71,67,No,Yes,School,High,Yes,Good,Low,7.09,87.32,Low,79.3,67
EDU00479,Nithin Iyer,Female,24,IT,3,97.8,2.1,7.0,9,6,71.3,65.6,64.3,71.0,67.4,6.82,6.38,1,154,16,2.3,0.9,94,67,No,Yes,Diploma,Middle,Yes,Good,Low,6.71,107.52,High,100.0,67
EDU00480,Sneha Sharma,Male,18,AI&DS,3,59.1,2.4,6.6,7,5,54.3,47.8,48.0,51.4,47.4,4.5,4.9,2,156,7,3.9,1.7,63,86,Yes,Yes,Diploma,Middle,Yes,Good,Low,5.0,80.04,Critical,70.5,57
EDU00481,Nithin Verma,Male,17,CIVIL,3,94.2,1.8,6.6,3,6,70.4,73.4,69.4,64.2,60.8,6.44,6.64,1,37,24,0.7,0.9,73,91,No,Yes,PG,High,Yes,Excellent,High,7.11,74.28,Moderate,95.8,51
EDU00482,Sneha Iyer,Female,21,CIVIL,3,67.5,3.5,6.7,1,6,64.5,54.6,63.0,56.8,65.4,6.07,5.9,2,100,31,1.0,0.0,67,89,Yes,Yes,PhD,Middle,Yes,Excellent,Low,6.07,73.8,High,71.5,57
EDU00483,Sai Kumar,Male,24,EEE,8,71.9,3.0,7.5,6,6,62.1,53.0,61.5,68.3,67.7,5.26,5.27,3,187,27,0.4,0.9,92,72,No,No,PG,Low,Yes,Good,Low,5.89,102.96,Critical,68.5,34
EDU00484,Harish Verma,Male,17,CSE,3,84.4,4.7,7.0,1,3,88.2,84.8,85.2,84.4,84.4,8.75,8.63,0,103,18,1.8,2.4,77,47,No,Yes,PG,Low,Yes,Poor,Low,8.61,85.16,Low,97.7,87
EDU00485,Priya Iyer,Female,21,IT,3,80.9,4.8,5.7,10,9,80.5,88.3,80.7,79.4,77.3,8.67,9.14,0,129,35,2.8,3.0,53,40,Yes,Yes,School,Upper-Middle,Yes,Poor,Low,8.32,79.36,Moderate,96.9,71
EDU00486,Aishwarya Reddy,Female,18,CSE,8,89.0,5.1,6.2,6,10,100.0,100.0,100.0,100.0,100.0,9.66,9.89,0,154,9,3.3,2.5,77,73,No,Yes,Diploma,Middle,Yes,Excellent,Medium,10.0,97.2,Low,84.8,87
EDU00487,Nithin Iyer,Female,24,CIVIL,1,87.7,5.8,6.1,5,4,100.0,100.0,100.0,99.4,96.7,9.2,9.3,0,112,26,3.7,1.3,61,59,Yes,Yes,PhD,High,Yes,Good,Low,10.0,81.88,Low,100.0,71
EDU00488,Keerthi Nair,Female,19,CIVIL,8,70.6,5.9,6.2,6,4,88.6,87.8,93.2,100.0,100.0,8.75,8.72,0,80,18,1.2,2.4,61,50,No,Yes,School,Low,Yes,Poor,High,8.99,68.64,Moderate,65.1,85
EDU00489,Aarav Reddy,Female,24,CSE,3,100.0,6.0,5.0,3,3,100.0,95.7,100.0,97.7,100.0,9.08,9.56,0,104,6,0.2,1.7,42,79,Yes,Yes,Diploma,Middle,Yes,Excellent,Low,9.86,77.6,Low,87.8,100
EDU00490,Nithin Das,Female,18,EEE,3,100.0,1.3,7.1,5,5,70.1,65.5,63.8,65.5,70.8,5.44,5.88,4,61,30,4.1,1.1,72,59,No,Yes,PG,High,Yes,Good,High,6.65,81.0,Critical,89.3,59
EDU00491,Ananya Patel,Male,24,IT,3,90.5,1.2,5.2,2,5,57.6,64.3,63.7,66.7,70.4,6.81,6.79,1,184,35,3.6,0.9,85,53,No,Yes,UG,Middle,Yes,Average,Medium,6.19,107.0,Moderate,97.1,53
EDU00492,Arjun Kumar,Male,21,CIVIL,3,88.8,5.1,6.6,7,8,92.5,85.8,91.6,94.9,99.8,10.0,10.0,0,199,11,0.0,2.3,56,66,Yes,Yes,UG,Middle,Yes,Average,Low,9.0,97.72,Low,90.8,72
EDU00493,Sneha Das,Female,21,ECE,3,85.0,3.1,7.7,6,8,68.1,67.4,71.0,71.0,69.2,6.77,6.99,2,210,32,1.4,1.2,73,77,Yes,Yes,School,High,No,Good,High,6.88,105.2,High,86.0,60
EDU00494,Aishwarya Kumar,Female,22,AI&DS,7,72.8,3.9,8.4,2,10,81.4,81.9,81.3,87.4,91.0,8.98,9.4,0,77,28,1.3,2.7,94,42,Yes,Yes,PhD,Upper-Middle,Yes,Good,Low,8.15,82.12,Low,72.0,90
EDU00495,Sneha Patel,Male,20,AIDS,4,61.1,3.0,6.5,2,7,70.6,78.3,78.1,81.8,88.3,8.39,8.74,0,189,3,2.5,1.7,74,82,No,Yes,Diploma,High,Yes,Good,Low,7.57,91.84,Low,50.5,57
EDU00496,Pooja Patel,Male,23,CSE,6,77.3,4.2,8.3,1,4,75.3,69.8,70.1,72.6,77.7,6.84,7.34,0,206,10,1.8,2.3,58,59,Yes,No,Diploma,Low,Yes,Average,Low,7.17,95.32,Low,80.8,71
EDU00497,Nithin Reddy,Male,24,MECH,2,70.6,3.5,7.9,9,10,74.0,67.9,69.5,63.0,60.6,7.56,7.66,0,205,1,4.6,1.9,90,89,Yes,Yes,Diploma,Middle,Yes,Average,High,7.05,105.24,Moderate,71.8,55
EDU00498,Pooja Patel,Female,22,AI&DS,6,81.2,5.3,7.8,7,4,96.0,90.0,92.0,86.7,91.0,9.17,9.31,0,198,4,4.9,2.2,93,82,No,Yes,PG,High,Yes,Good,Low,9.27,109.28,Low,72.1,81
EDU00499,Vihaan Kumar,Female,20,AI&DS,6,65.6,1.1,7.3,6,8,57.9,50.4,50.0,55.5,59.4,5.12,4.75,2,141,31,2.8,1.7,88,61,Yes,Yes,School,Upper-Middle,Yes,Good,High,5.28,89.64,Critical,75.6,22
EDU00500,Keerthi Singh,Male,18,AI&DS,5,91.6,4.3,8.5,5,9,95.6,98.5,100.0,100.0,100.0,9.73,9.78,0,209,19,2.0,0.1,58,60,Yes,Yes,Diploma,Low,Yes,Poor,Low,9.8,101.64,Low,87.6,98
EDU00501,Nithin Iyer,Female,18,IT,4,75.6,3.9,5.3,1,7,81.5,73.1,73.1,76.5,85.5,8.05,8.15,1,188,19,0.5,1.2,99,42,No,Yes,PG,Low,Yes,Good,High,7.59,107.44,Moderate,65.9,74
EDU00502,Vihaan Reddy,Male,18,AI&DS,2,97.7,5.5,5.1,6,9,100.0,100.0,100.0,100.0,100.0,9.16,8.85,0,186,36,3.5,0.3,91,41,No,Yes,Diploma,Middle,Yes,Average,Medium,10.0,112.68,Low,91.5,63
EDU00503,Aarav Verma,Female,20,AIDS,4,85.8,1.3,5.7,7,6,56.1,46.6,50.5,51.8,50.8,5.28,5.76,4,127,16,3.2,1.5,47,65,Yes,Yes,Diploma,Middle,No,Poor,High,5.11,78.52,Critical,85.4,50
EDU00504,Sanjay Reddy,Male,20,ECE,1,74.6,4.7,7.4,3,6,80.3,86.3,78.3,73.7,70.4,8.22,8.17,0,72,28,0.7,2.2,90,47,No,Yes,PG,High,Yes,Good,Medium,8.16,80.24,Low,66.3,79
EDU00505,Karthik Reddy,Male,23,MECH,4,74.0,5.3,8.0,4,10,81.4,89.3,85.0,78.0,86.3,7.62,7.62,0,72,26,0.6,0.9,58,57,Yes,Yes,School,High,Yes,Poor,High,8.52,67.2,Low,62.7,75
EDU00506,Aishwarya Iyer,Female,20,AIDS,4,82.6,4.4,6.0,8,9,81.4,80.8,80.5,74.6,81.3,8.34,8.26,1,150,9,0.5,2.2,73,56,Yes,Yes,PhD,Upper-Middle,Yes,Poor,Low,8.09,92.24,Moderate,88.3,84
EDU00507,Nisha Sharma,Male,21,EEE,4,62.8,4.8,7.3,9,5,71.7,62.4,65.3,68.3,71.6,6.67,6.17,1,67,6,3.7,2.2,67,56,No,Yes,PG,Upper-Middle,Yes,Excellent,Medium,6.65,65.32,High,49.6,58
EDU00508,Riya Patel,Male,22,AI&DS,6,62.2,2.8,7.7,9,8,62.8,63.0,63.5,66.5,63.0,7.14,6.89,1,72,29,2.1,3.0,44,46,No,Yes,Diploma,Middle,Yes,Good,Low,6.31,56.88,High,67.5,62
EDU00509,Vihaan Singh,Male,23,CSE,5,78.0,4.2,8.1,4,4,75.5,69.0,75.2,75.8,80.2,8.04,7.59,1,90,34,0.8,2.3,86,40,No,Yes,Diploma,High,Yes,Poor,Low,7.32,83.6,Moderate,72.8,87
EDU00510,Sneha Das,Male,21,AI&DS,7,88.2,4.5,8.3,8,5,81.1,87.3,85.5,77.8,76.9,7.89,7.56,1,31,11,1.0,0.6,48,58,No,No,PG,Middle,No,Average,Low,8.46,60.68,High,86.3,67
EDU00511,Aditya Patel,Female,21,CIVIL,3,77.6,4.4,7.9,3,10,75.6,80.4,81.4,80.1,76.4,7.46,7.04,0,47,27,1.1,2.4,57,85,No,Yes,Diploma,Middle,Yes,Excellent,Low,7.91,63.24,Low,85.3,79
EDU00512,Riya Gupta,Female,22,EEE,4,86.3,5.6,7.8,1,6,94.7,95.9,95.7,100.0,100.0,8.8,9.06,0,33,14,3.7,1.6,94,47,No,Yes,PhD,Middle,Yes,Average,High,9.54,78.72,Low,88.6,76
EDU00513,Sanjay Reddy,Male,17,CSE,4,81.5,3.7,5.3,9,4,73.3,78.1,75.0,80.6,78.7,8.11,7.85,1,42,33,0.7,1.3,67,86,Yes,Yes,UG,High,Yes,Good,Medium,7.55,67.8,High,83.5,69
EDU00514,Aarav Kumar,Male,17,AI&DS,1,91.0,1.4,5.6,10,4,58.4,63.0,65.2,58.8,65.6,6.6,6.51,2,211,38,0.1,0.4,62,60,No,Yes,PhD,Upper-Middle,Yes,Good,Low,6.22,103.4,Critical,87.0,43
EDU00515,Arjun Verma,Male,24,EEE,8,85.7,3.6,7.7,3,5,81.7,88.9,84.1,76.7,78.2,7.46,7.62,0,189,16,4.4,1.1,80,61,Yes,Yes,PhD,Upper-Middle,Yes,Average,Medium,8.49,104.08,Low,92.1,62
EDU00516,Priya Das,Male,20,CIVIL,3,74.6,5.0,6.8,6,8,88.5,89.9,92.4,97.0,97.6,8.32,8.61,0,180,30,0.3,0.6,66,78,No,Yes,School,Middle,Yes,Poor,Low,9.03,92.24,Low,70.4,88
EDU00517,Nithin Kumar,Male,23,EEE,2,76.5,5.5,8.2,1,7,96.3,100.0,100.0,100.0,100.0,10.0,9.92,0,215,12,2.6,0.2,57,55,Yes,Yes,Diploma,High,No,Good,High,9.88,96.4,Low,79.1,68
EDU00518,Rahul Verma,Female,23,EEE,3,76.5,1.1,8.1,3,8,59.1,51.9,54.8,48.5,57.9,4.98,4.99,2,119,18,4.7,1.9,50,62,No,Yes,School,Middle,Yes,Average,High,5.53,74.4,High,85.4,40
EDU00519,Diya Iyer,Male,21,ECE,1,87.2,4.3,6.6,5,9,86.3,77.0,82.0,88.7,84.0,7.65,7.27,0,162,32,2.6,2.5,57,61,Yes,Yes,School,Upper-Middle,Yes,Good,High,8.18,90.08,Low,89.3,54
EDU00520,Vihaan Singh,Male,20,ECE,4,62.8,5.8,7.9,4,7,88.5,80.6,80.8,84.5,91.6,8.69,8.29,1,173,29,2.6,2.2,90,47,Yes,Yes,Diploma,Middle,No,Poor,High,8.33,95.72,Moderate,57.4,81
EDU00521,Karthik Gupta,Male,19,CIVIL,6,77.8,6.0,5.1,7,3,100.0,97.0,98.5,100.0,99.9,9.63,9.64,0,148,26,3.9,2.2,73,97,Yes,No,Diploma,Middle,Yes,Poor,High,9.85,89.92,Low,94.1,73
EDU00522,Aditya Iyer,Female,18,IT,1,57.3,2.2,6.3,8,10,52.3,55.2,58.5,52.4,58.3,5.68,5.18,4,194,13,2.0,1.8,62,48,Yes,No,PhD,Low,Yes,Good,Low,5.53,86.52,Critical,60.8,58
EDU00523,Pooja Singh,Male,20,CIVIL,8,88.3,2.7,5.1,3,9,68.7,72.8,71.8,66.2,64.8,6.73,6.6,1,43,16,4.7,2.1,94,86,No,Yes,PhD,High,Yes,Good,High,7.11,81.52,Moderate,97.6,68
EDU00524,Aarav Iyer,Male,24,CIVIL,7,99.3,3.2,7.8,1,4,77.0,82.7,82.7,75.0,70.6,7.66,8.25,1,72,23,2.0,2.7,45,92,Yes,Yes,PG,Low,Yes,Average,Low,8.08,72.12,Moderate,95.1,83
EDU00525,Rahul Patel,Female,22,MECH,1,71.6,5.1,6.8,3,9,90.7,91.1,91.5,97.9,100.0,10.0,10.0,0,94,2,0.6,0.9,75,40,No,Yes,UG,Upper-Middle,Yes,Excellent,High,9.11,77.44,Low,79.7,95
EDU00526,Pooja Verma,Male,23,AI&DS,4,77.0,2.2,6.3,2,3,58.8,60.1,61.4,53.7,61.0,6.15,6.74,2,201,4,4.0,0.9,51,99,Yes,Yes,PG,Upper-Middle,No,Average,Medium,6.01,91.4,High,87.3,64
EDU00527,Riya Das,Female,23,EEE,8,69.5,1.4,6.8,3,8,56.0,61.4,59.4,56.1,62.7,6.71,6.84,1,64,12,0.5,2.5,91,92,Yes,Yes,Diploma,High,Yes,Poor,Medium,5.89,77.0,Moderate,64.4,43
EDU00528,Riya Kumar,Female,19,CIVIL,2,75.2,3.3,6.5,1,10,67.8,71.9,70.5,78.4,76.8,7.26,7.12,1,174,23,3.3,2.7,73,48,Yes,Yes,UG,Low,Yes,Excellent,High,7.01,94.08,Moderate,87.9,53
EDU00529,Aditya Reddy,Female,22,AI&DS,3,74.8,3.0,7.7,9,5,74.4,75.5,73.7,72.2,68.3,8.03,7.55,0,129,6,3.4,2.1,49,89,Yes,Yes,UG,Upper-Middle,Yes,Good,Low,7.45,75.32,Moderate,68.1,75
EDU00530,Nithin Nair,Male,20,EEE,5,85.2,4.1,5.1,1,5,83.3,87.3,80.4,86.0,87.5,7.82,8.29,0,34,7,4.2,2.3,72,52,Yes,Yes,Diploma,Upper-Middle,Yes,Poor,Low,8.37,69.68,Low,88.6,62
EDU00531,Priya Verma,Male,21,CSE,5,65.5,4.1,5.3,6,3,80.2,78.8,83.2,90.4,95.0,8.57,8.13,0,76,40,1.4,0.1,71,68,No,Yes,PG,Middle,Yes,Excellent,Low,8.07,69.8,Moderate,53.3,86
EDU00532,Priya Nair,Male,19,MECH,1,87.0,3.8,5.3,8,10,88.4,79.8,88.9,89.9,98.9,8.02,8.38,0,121,33,3.4,0.8,52,52,Yes,Yes,School,Middle,Yes,Good,High,8.57,79.8,Low,94.7,74
EDU00533,Rahul Patel,Female,23,CSE,8,94.5,3.7,5.3,1,6,79.6,85.8,83.7,75.7,72.4,8.87,8.63,0,151,20,0.7,1.5,76,62,No,Yes,Diploma,High,Yes,Good,Medium,8.3,98.4,Low,96.1,64
EDU00534,Nithin Das,Male,19,MECH,1,64.6,1.7,6.4,9,3,62.3,68.6,63.2,71.1,69.6,5.73,5.51,2,121,30,2.7,2.8,97,69,No,Yes,Diploma,Middle,Yes,Poor,Low,6.47,88.84,Critical,76.4,50
EDU00535,Arjun Gupta,Male,18,ECE,5,80.9,3.6,8.4,3,8,81.2,78.3,77.1,75.9,83.3,8.46,8.55,0,49,32,0.9,2.0,60,66,Yes,Yes,PhD,High,Yes,Excellent,High,7.89,66.16,Low,76.2,89
EDU00536,Nisha Verma,Female,23,CSE,8,70.4,3.4,5.2,8,6,77.4,76.1,79.8,85.6,80.8,8.51,8.42,0,41,10,0.9,1.9,60,83,Yes,Yes,PG,Upper-Middle,Yes,Good,High,7.78,60.36,Moderate,74.2,70
EDU00537,Aishwarya Sharma,Female,23,IT,2,87.4,3.6,7.7,3,4,81.6,72.2,79.4,86.7,90.1,8.01,8.26,0,130,39,3.0,0.9,74,95,Yes,Yes,Diploma,Low,Yes,Poor,High,7.77,90.56,Low,92.1,80
EDU00538,Sanjay Verma,Female,21,EEE,3,81.4,2.5,7.1,10,4,71.3,74.2,72.3,73.0,74.9,7.85,8.35,1,187,28,0.5,2.8,55,97,No,Yes,PG,Middle,Yes,Average,Low,7.26,91.96,High,70.8,80
EDU00539,Riya Gupta,Female,23,CSE,2,73.0,4.6,7.3,8,10,82.8,75.4,79.8,78.8,81.3,8.67,9.09,0,53,20,2.6,0.6,87,42,No,Yes,School,High,Yes,Average,Medium,7.93,74.6,Low,68.8,81
EDU00540,Vihaan Singh,Male,22,CIVIL,7,74.6,4.6,6.2,8,3,75.8,81.6,76.5,77.2,83.9,7.34,7.25,0,66,33,2.0,1.8,52,48,No,Yes,PhD,Upper-Middle,Yes,Average,High,7.8,63.84,Moderate,82.4,53
EDU00541,Sai Verma,Female,23,ECE,4,78.8,3.7,8.2,10,4,71.3,67.1,67.5,68.0,68.1,7.73,7.76,0,119,10,4.8,0.5,100,77,Yes,Yes,Diploma,Upper-Middle,Yes,Good,Low,6.86,95.32,Moderate,92.6,66
EDU00542,Sanjay Verma,Male,23,MECH,6,87.1,1.1,7.3,9,7,67.3,58.2,63.3,55.6,55.4,6.31,6.56,1,77,0,1.0,1.9,47,96,Yes,Yes,School,High,No,Excellent,Low,6.29,69.04,High,82.6,51
EDU00543,Vihaan Patel,Female,20,EEE,1,89.1,1.4,6.3,7,7,57.9,51.0,51.5,47.0,45.0,5.39,5.13,3,141,33,0.5,2.4,68,94,No,No,PhD,Upper-Middle,Yes,Poor,Medium,5.35,91.04,Critical,96.0,51
EDU00544,Arjun Kumar,Female,19,AIDS,7,86.4,4.1,8.3,2,10,85.1,82.2,87.0,91.1,86.2,8.42,8.18,1,154,35,4.3,1.0,50,96,Yes,Yes,PhD,High,Yes,Poor,Medium,8.48,85.36,Moderate,97.3,72
EDU00545,Nisha Verma,Female,24,AIDS,5,53.5,2.5,5.6,8,8,62.5,65.5,65.3,69.0,70.3,6.26,6.71,2,177,18,0.9,0.4,79,98,Yes,Yes,PG,Upper-Middle,Yes,Average,Low,6.44,88.4,Critical,63.3,62
EDU00546,Vihaan Kumar,Male,21,MECH,4,80.2,3.9,8.1,2,6,74.3,66.5,74.2,79.4,86.4,8.16,7.74,0,102,21,2.4,1.6,80,80,No,Yes,Diploma,Low,Yes,Good,Medium,7.17,84.48,Low,81.1,73
EDU00547,Sneha Verma,Female,23,AIDS,3,68.5,3.5,8.0,4,9,70.4,61.3,67.3,61.7,56.8,6.46,6.53,2,200,10,4.6,0.9,100,44,Yes,Yes,Diploma,Low,Yes,Average,Low,6.63,107.4,High,59.8,76
EDU00548,Sai Patel,Male,17,EEE,2,86.5,1.3,7.6,2,6,60.6,59.8,57.2,58.0,58.2,5.79,6.13,1,152,5,3.3,0.5,51,97,No,Yes,UG,Upper-Middle,Yes,Good,Medium,5.92,85.4,Moderate,97.3,61
EDU00549,Sai Nair,Male,17,MECH,3,92.3,4.1,6.8,8,9,90.3,91.2,91.2,86.1,87.7,8.36,8.38,0,137,13,1.0,2.4,86,53,Yes,Yes,School,Upper-Middle,Yes,Average,Low,9.09,98.72,Low,100.0,74
EDU00550,Nisha Das,Male,23,IT,2,74.5,4.7,7.8,10,4,85.7,89.4,88.1,83.9,81.4,9.12,9.39,0,82,36,4.3,1.6,60,75,No,Yes,School,High,Yes,Excellent,Low,8.77,70.2,Moderate,82.3,87
EDU00551,Rahul Nair,Female,20,AI&DS,6,86.6,2.3,5.9,8,4,74.7,67.2,70.3,65.3,62.9,6.17,5.73,2,190,38,2.3,1.6,71,86,Yes,Yes,UG,Middle,No,Average,Low,7.07,101.04,Critical,78.9,41
EDU00552,Sai Kumar,Male,19,MECH,7,91.9,4.6,7.5,1,6,85.8,77.9,79.5,80.4,84.5,8.83,9.3,0,152,32,2.5,1.7,62,83,Yes,Yes,UG,Upper-Middle,Yes,Average,High,8.11,91.96,Low,93.1,84
EDU00553,Pooja Nair,Male,17,ECE,1,89.8,2.4,6.1,7,4,73.2,79.2,71.9,77.3,74.7,6.61,6.91,1,25,9,3.2,0.5,99,86,No,Yes,School,Upper-Middle,Yes,Excellent,Medium,7.48,80.52,High,99.6,63
EDU00554,Sneha Patel,Male,20,AI&DS,7,63.9,6.0,5.3,10,10,83.1,73.7,74.9,67.7,65.0,6.79,6.52,1,195,29,2.1,2.3,48,43,Yes,Yes,School,Low,Yes,Excellent,Medium,7.72,83.76,High,60.4,67
EDU00555,Aditya Reddy,Male,17,CSE,1,88.1,3.2,7.5,9,10,79.6,74.5,72.4,73.6,75.1,6.91,7.0,1,65,29,3.3,2.0,59,89,Yes,Yes,UG,Middle,Yes,Poor,Medium,7.55,71.84,High,92.3,47
EDU00556,Aarav Verma,Female,19,MECH,1,79.3,3.9,6.1,3,5,80.8,82.0,76.6,81.8,79.7,8.35,8.94,0,109,24,4.2,0.2,87,87,Yes,Yes,Diploma,Upper-Middle,Yes,Excellent,Low,7.98,88.32,Low,74.2,83
EDU00557,Aditya Patel,Female,18,IT,5,72.4,2.0,8.3,9,8,65.0,70.7,71.3,67.4,63.5,7.62,7.29,0,143,3,2.1,1.1,50,70,Yes,Yes,UG,Low,Yes,Poor,Medium,6.9,77.56,Moderate,67.7,48
EDU00558,Arjun Nair,Female,17,CIVIL,4,79.6,1.6,8.0,9,4,58.8,62.1,64.1,69.3,74.6,6.69,6.43,2,93,2,1.2,0.4,79,63,No,Yes,PhD,High,Yes,Excellent,Medium,6.17,82.04,Critical,88.2,55
EDU00559,Riya Sharma,Female,24,MECH,6,77.3,2.4,8.0,4,7,71.5,75.0,72.6,66.4,69.7,7.8,8.18,1,51,2,1.0,2.4,87,90,No,Yes,School,High,Yes,Good,Low,7.3,75.92,Moderate,71.3,79
EDU00560,Meera Reddy,Female,17,AI&DS,2,82.6,5.1,7.3,8,4,85.2,92.7,91.1,98.7,100.0,9.04,8.76,0,30,26,2.3,0.7,69,85,Yes,Yes,School,Upper-Middle,Yes,Good,Medium,8.97,66.64,Moderate,95.2,63
EDU00561,Harish Patel,Female,19,CSE,4,70.0,1.1,7.0,3,8,50.6,50.9,50.0,46.1,45.0,4.5,4.01,2,191,12,3.0,0.5,91,98,No,Yes,PG,High,Yes,Average,Low,5.05,102.6,Critical,76.3,48
EDU00562,Diya Das,Male,20,IT,8,79.6,1.1,5.2,5,9,55.8,62.0,63.6,65.6,61.0,5.5,5.13,3,170,31,3.3,0.4,56,42,Yes,Yes,UG,Middle,Yes,Poor,High,6.05,88.24,Critical,77.9,56
EDU00563,Nisha Singh,Male,22,ECE,2,85.0,2.6,5.6,5,3,76.5,69.7,77.4,75.7,79.8,8.72,8.92,0,185,4,1.0,1.8,83,47,No,Yes,PhD,Upper-Middle,Yes,Excellent,Medium,7.45,104.2,Low,92.3,89
EDU00564,Aditya Reddy,Male,24,EEE,1,74.1,3.4,7.0,4,6,78.0,72.3,74.5,69.9,75.2,7.48,7.63,0,169,36,4.6,3.0,68,91,Yes,No,UG,Middle,Yes,Average,Low,7.49,90.64,Moderate,79.0,57
EDU00565,Karthik Gupta,Male,24,IT,2,72.0,1.4,5.2,3,3,52.5,45.2,52.9,53.6,63.2,4.5,4.41,4,212,39,2.9,1.8,96,89,No,Yes,School,Low,Yes,Poor,High,5.02,109.6,Critical,65.4,51
EDU00566,Pooja Verma,Female,17,CSE,7,71.2,5.5,6.1,3,5,92.4,92.3,96.2,93.9,96.6,10.0,10.0,0,132,32,1.9,2.8,74,51,Yes,Yes,UG,Low,Yes,Excellent,Medium,9.36,84.48,Low,83.9,86
EDU00567,Meera Sharma,Male,20,CIVIL,2,70.3,2.5,6.4,2,5,68.9,72.0,67.1,69.8,73.2,6.72,6.73,1,168,30,3.3,0.2,42,77,No,Yes,School,Upper-Middle,Yes,Excellent,Low,6.93,78.52,Moderate,81.0,70
EDU00568,Diya Nair,Male,24,ECE,3,81.2,3.4,7.4,9,6,73.7,74.9,70.4,77.3,81.0,7.76,7.98,1,121,11,1.5,0.1,78,99,No,Yes,UG,High,Yes,Average,High,7.3,87.88,High,73.6,85
EDU00569,Nithin Das,Female,17,EEE,8,87.2,3.6,5.5,8,3,78.8,83.9,85.7,87.0,85.6,8.83,8.63,0,159,8,0.0,2.9,90,89,Yes,Yes,PG,Middle,No,Poor,Medium,8.28,102.68,Moderate,97.4,70
EDU00570,Sai Singh,Female,24,IT,8,89.4,4.0,5.2,1,4,78.6,85.3,86.9,80.7,89.1,9.68,9.45,0,189,38,3.2,0.5,92,95,Yes,Yes,School,Middle,Yes,Excellent,High,8.36,110.36,Low,99.6,87
EDU00571,Keerthi Kumar,Female,19,ECE,1,67.9,5.6,6.1,9,4,90.9,82.5,85.3,92.6,98.9,8.52,8.31,1,44,27,1.6,0.1,52,84,No,Yes,PhD,High,Yes,Poor,Medium,8.62,56.76,High,66.3,75
EDU00572,Meera Sharma,Male,21,AI&DS,1,92.2,5.3,6.6,9,5,90.3,96.9,91.3,91.6,100.0,9.7,10.0,0,179,11,4.6,1.9,100,56,No,Yes,PhD,Middle,No,Excellent,High,9.28,112.68,Low,94.5,68
EDU00573,Riya Verma,Female,21,CIVIL,5,58.4,4.4,8.0,6,8,78.5,85.6,78.3,72.5,76.5,7.19,7.62,0,112,15,3.5,1.1,84,42,No,Yes,PG,Low,Yes,Poor,Low,8.08,79.36,Moderate,59.0,89
EDU00574,Riya Verma,Female,20,CIVIL,6,67.4,2.2,8.4,3,4,60.7,64.0,61.1,54.0,56.3,5.21,5.36,4,166,19,4.0,0.9,77,56,Yes,No,PG,High,Yes,Excellent,Medium,6.19,90.96,Critical,63.2,64
EDU00575,Meera Nair,Male,22,CIVIL,5,73.6,1.8,7.9,5,8,63.9,65.8,68.8,69.9,76.6,6.5,6.35,1,69,32,4.0,0.1,48,55,No,Yes,PG,High,Yes,Average,Medium,6.62,62.44,High,67.5,43
EDU00576,Ananya Singh,Male,18,CIVIL,6,86.4,4.0,6.2,1,3,86.3,82.1,80.8,75.8,73.4,7.67,8.23,0,129,30,3.5,1.4,65,48,No,Yes,PG,Low,Yes,Poor,Low,8.31,86.36,Low,95.8,80
EDU00577,Nithin Sharma,Male,22,EEE,7,92.4,6.0,5.0,9,3,100.0,99.3,99.6,100.0,97.9,9.12,9.26,0,111,28,4.7,2.7,99,91,No,Yes,PG,Upper-Middle,Yes,Excellent,Low,9.96,98.76,Moderate,95.4,72
EDU00578,Sai Sharma,Male,17,ECE,5,90.4,2.1,7.7,8,8,65.9,67.7,67.7,65.9,72.2,5.87,5.98,4,63,23,4.9,2.8,51,59,Yes,Yes,PhD,Middle,Yes,Good,Medium,6.71,69.16,Critical,96.3,67
EDU00579,Diya Singh,Male,17,CIVIL,5,80.7,2.5,6.3,8,8,74.0,80.6,73.7,68.8,77.8,8.34,8.15,1,177,31,3.4,1.9,92,45,No,Yes,PG,Middle,Yes,Good,High,7.61,104.48,Moderate,76.9,70
EDU00580,Rahul Gupta,Male,17,ECE,7,61.8,4.4,7.9,8,8,78.7,74.9,72.4,77.9,82.0,7.01,6.78,1,85,21,3.6,0.6,64,78,Yes,Yes,PhD,Middle,Yes,Average,Medium,7.53,67.32,High,57.5,58
EDU00581,Sanjay Singh,Male,17,CSE,2,78.3,4.6,6.4,8,7,83.4,73.6,76.3,72.4,77.5,7.35,7.14,0,156,13,4.1,2.6,84,44,No,Yes,Diploma,High,Yes,Poor,Low,7.78,96.12,Moderate,75.1,74
EDU00582,Ananya Patel,Male,19,AIDS,5,81.7,5.4,7.6,10,9,99.8,98.3,100.0,100.0,100.0,10.0,9.84,0,100,30,2.9,0.4,70,46,No,Yes,Diploma,Upper-Middle,Yes,Average,Low,9.94,80.68,Low,70.6,79
EDU00583,Arjun Das,Female,21,IT,5,77.0,1.7,5.7,9,6,56.8,54.6,51.7,59.3,69.1,5.49,5.54,3,60,36,1.1,0.5,95,72,Yes,Yes,PhD,Middle,Yes,Average,Low,5.44,80.8,Critical,92.0,56
EDU00584,Vihaan Sharma,Male,19,ECE,3,78.7,5.4,5.1,9,9,90.5,91.7,86.6,79.1,86.7,8.85,9.3,0,193,30,3.6,0.4,75,45,No,Yes,PG,Low,Yes,Poor,High,8.96,100.08,Low,73.7,73
EDU00585,Sanjay Verma,Female,22,ECE,2,67.3,3.9,7.6,8,7,79.3,75.8,74.5,71.4,79.4,7.63,8.05,0,28,0,1.0,2.3,41,69,No,Yes,School,Upper-Middle,Yes,Good,High,7.65,48.92,Moderate,67.6,65
EDU00586,Nisha Nair,Female,18,MECH,1,89.9,5.5,5.2,7,9,95.8,100.0,93.0,95.4,100.0,8.9,8.5,0,43,14,4.9,0.0,68,74,No,Yes,PhD,Upper-Middle,No,Excellent,Low,9.63,71.76,Low,85.7,82
EDU00587,Sneha Das,Male,22,ECE,7,70.4,3.1,5.7,9,5,69.9,70.6,69.1,68.4,63.6,6.38,6.36,2,153,40,2.8,1.4,83,82,No,Yes,School,Upper-Middle,Yes,Good,High,6.99,91.96,Critical,77.2,53
EDU00588,Keerthi Reddy,Female,24,CSE,8,93.2,5.5,5.1,10,6,92.8,83.8,84.6,90.7,97.2,8.18,8.61,0,181,33,2.9,2.5,51,64,Yes,Yes,School,Low,No,Good,Low,8.71,93.88,Moderate,98.6,77
EDU00589,Arjun Gupta,Female,22,MECH,2,72.2,3.3,6.6,2,5,66.7,73.4,70.5,75.3,80.0,6.34,5.94,4,171,25,4.7,1.3,51,50,Yes,Yes,PG,Upper-Middle,Yes,Poor,Medium,7.02,83.48,Critical,93.3,50
EDU00590,Vihaan Singh,Female,21,IT,2,82.7,5.1,6.2,5,8,90.3,83.3,85.0,89.5,86.4,9.19,8.85,0,113,31,4.2,2.1,41,100,Yes,No,PG,Middle,Yes,Excellent,Medium,8.62,72.08,Low,89.2,75
EDU00591,Vihaan Gupta,Male,20,IT,5,94.0,5.2,6.6,3,5,100.0,92.1,93.8,86.7,89.0,9.68,10.0,0,152,11,0.8,0.8,68,55,Yes,Yes,PG,Low,Yes,Good,Low,9.53,95.2,Low,97.3,88
EDU00592,Meera Sharma,Male,22,AI&DS,2,75.3,1.6,6.3,1,5,64.3,56.4,56.4,61.5,57.8,5.01,4.6,2,210,23,1.1,2.5,90,68,Yes,Yes,Diploma,Middle,Yes,Poor,Medium,5.9,108.12,Critical,70.8,70
EDU00593,Arjun Nair,Female,17,AI&DS,8,73.8,2.3,7.5,2,7,61.0,54.4,54.1,55.2,57.2,5.6,5.73,3,108,8,3.0,0.8,70,89,Yes,Yes,School,Middle,Yes,Average,Medium,5.65,79.12,Critical,60.7,58
EDU00594,Pooja Sharma,Male,18,AI&DS,5,78.6,2.7,5.5,9,9,65.3,70.0,67.3,64.0,73.6,7.3,7.6,0,85,33,3.8,2.5,61,95,Yes,Yes,School,High,Yes,Excellent,Low,6.75,72.84,Moderate,86.9,75
EDU00595,Keerthi Gupta,Male,20,EEE,5,90.6,5.7,6.8,9,7,94.8,86.2,93.5,95.6,100.0,9.16,8.81,0,32,21,1.7,1.3,68,99,No,Yes,PG,Upper-Middle,Yes,Good,Medium,9.15,69.84,Low,100.0,79
EDU00596,Arjun Iyer,Female,19,ECE,3,80.2,4.6,5.0,1,8,91.4,93.6,87.9,90.0,89.6,7.85,8.44,0,79,6,4.8,3.0,69,89,No,Yes,School,Middle,Yes,Good,High,9.1,75.48,Low,83.5,65
EDU00597,Aishwarya Nair,Male,19,IT,1,91.6,3.0,7.2,4,8,80.7,87.2,80.7,72.7,68.9,7.34,7.32,0,220,36,1.8,2.9,40,50,No,Yes,School,Low,Yes,Poor,Medium,8.29,96.64,Low,92.2,65
EDU00598,Karthik Reddy,Female,21,AIDS,6,60.9,1.2,6.0,8,4,53.5,48.8,54.6,54.0,57.3,6.32,6.6,2,192,23,3.2,2.7,82,88,Yes,No,PG,Upper-Middle,No,Average,Medium,5.23,95.56,Critical,58.6,68
EDU00599,Aarav Patel,Male,17,EEE,6,95.2,1.6,5.1,4,9,75.2,78.1,72.4,69.2,73.4,6.43,6.17,2,106,39,3.1,0.5,74,62,No,Yes,Diploma,Upper-Middle,No,Good,Low,7.52,88.88,High,88.9,56
EDU00600,Vihaan Iyer,Female,18,AI&DS,1,85.9,3.0,6.7,10,3,77.3,78.1,77.0,83.6,91.0,6.82,6.92,2,132,30,1.3,2.3,97,55,No,Yes,Diploma,Middle,Yes,Good,Medium,7.75,99.56,Critical,89.0,69
EDU00601,Nisha Iyer,Male,17,AI&DS,7,78.7,3.5,6.3,3,8,77.9,71.0,70.2,65.6,66.3,6.53,7.02,0,93,6,2.3,0.8,77,43,Yes,Yes,PhD,Middle,Yes,Average,Medium,7.3,80.88,Low,65.1,67
EDU00602,Ananya Sharma,Male,17,AI&DS,1,88.2,4.2,8.1,1,8,82.0,78.5,84.8,85.7,86.9,7.99,7.51,0,42,24,2.0,0.7,48,79,Yes,Yes,UG,High,Yes,Excellent,Medium,8.18,62.88,Low,83.4,82
EDU00603,Nisha Reddy,Male,19,CIVIL,5,72.2,1.8,5.2,4,9,63.9,56.0,56.4,54.3,57.1,4.8,4.81,3,26,38,0.6,2.7,47,45,No,Yes,Diploma,Low,Yes,Average,Medium,5.88,52.88,Critical,75.3,52
EDU00604,Rahul Sharma,Male,18,MECH,2,63.8,3.6,8.2,1,8,71.0,71.2,73.8,73.9,72.1,7.12,7.23,0,206,37,4.4,1.7,69,84,No,Yes,School,High,Yes,Poor,High,7.2,94.32,Low,51.0,76
EDU00605,Vihaan Iyer,Male,24,ECE,2,96.5,3.7,6.3,3,10,82.2,72.9,75.7,68.6,65.0,7.6,7.28,0,61,0,0.3,1.7,79,58,Yes,Yes,Diploma,Middle,Yes,Poor,Medium,7.69,82.4,Low,100.0,50
EDU00606,Arjun Singh,Female,24,EEE,4,71.3,4.7,8.2,9,4,75.7,66.2,75.5,76.7,82.4,7.95,8.19,1,180,0,0.6,1.9,43,57,Yes,Yes,Diploma,Middle,Yes,Excellent,Medium,7.25,81.72,High,74.9,78
EDU00607,Sai Sharma,Male,22,ECE,1,63.9,5.5,7.7,9,4,83.9,84.8,79.4,87.1,83.0,8.37,8.52,0,132,29,2.3,1.2,77,46,Yes,Yes,School,Low,Yes,Poor,Medium,8.27,82.76,Moderate,67.6,81
EDU00608,Arjun Gupta,Female,23,AI&DS,3,92.3,3.9,8.3,4,4,91.9,99.4,93.1,100.0,100.0,8.86,9.04,0,120,10,0.8,0.2,95,52,Yes,Yes,School,Low,Yes,Excellent,High,9.48,98.92,Low,95.9,88
EDU00609,Diya Nair,Female,24,AI&DS,7,65.7,2.2,6.4,3,4,57.6,64.5,61.9,66.4,73.1,5.79,5.33,3,120,12,3.4,1.8,52,85,Yes,Yes,UG,Low,Yes,Excellent,Low,6.13,71.08,Critical,63.0,32
EDU00610,Aishwarya Patel,Male,19,CIVIL,3,74.3,3.2,7.9,2,7,78.6,82.0,83.2,85.8,94.6,8.8,9.33,0,162,20,1.3,0.5,83,72,Yes,Yes,PG,Low,No,Excellent,Low,8.13,95.32,Low,76.6,95
EDU00611,Sanjay Singh,Male,23,EEE,4,77.2,2.0,6.2,4,5,60.0,59.7,64.4,70.6,75.6,6.17,5.93,2,86,12,4.7,0.1,84,55,Yes,No,UG,High,Yes,Poor,Medium,6.14,81.68,High,69.9,63
EDU00612,Nithin Iyer,Female,23,EEE,8,56.8,2.7,6.6,10,7,63.0,54.0,62.7,60.1,58.1,7.2,7.18,1,140,17,2.0,2.8,78,89,No,Yes,School,High,Yes,Good,Low,5.99,81.92,High,59.6,79
EDU00613,Arjun Reddy,Female,21,MECH,1,100.0,3.7,8.2,10,8,93.4,95.9,90.5,88.0,94.4,9.24,9.1,0,115,36,1.9,0.9,68,51,Yes,Yes,Diploma,Low,Yes,Good,Low,9.33,90.2,Low,94.4,94
EDU00614,Sanjay Iyer,Male,21,IT,7,71.4,1.6,7.8,1,7,59.7,57.2,55.9,62.3,71.4,6.22,6.05,1,99,13,3.6,0.2,76,66,Yes,Yes,PG,Middle,Yes,Poor,Low,5.76,78.76,Moderate,59.5,76
EDU00615,Pooja Sharma,Female,22,IT,3,100.0,5.7,5.3,9,10,99.8,100.0,98.5,100.0,99.2,10.0,9.98,0,149,29,1.3,2.5,81,96,No,No,PG,Middle,Yes,Poor,High,9.94,102.2,Low,91.3,100
EDU00616,Sneha Nair,Female,19,ECE,8,94.7,3.3,5.5,7,9,84.2,84.9,81.5,73.6,72.8,7.27,7.68,1,199,22,4.1,2.4,99,74,Yes,No,UG,Upper-Middle,Yes,Poor,Low,8.35,117.28,Moderate,100.0,68
EDU00617,Aarav Reddy,Female,19,IT,2,69.9,2.5,6.1,4,4,59.9,57.6,61.7,66.0,64.3,5.97,6.36,2,42,31,5.0,2.7,52,47,Yes,Yes,UG,Upper-Middle,Yes,Excellent,Low,5.97,57.16,High,59.1,48
EDU00618,Aarav Das,Male,24,ECE,6,88.1,1.6,6.3,10,8,69.9,62.4,68.0,74.6,71.8,6.1,6.36,1,78,39,1.0,1.6,78,51,Yes,Yes,PG,Middle,Yes,Average,Low,6.68,82.04,High,90.5,64
EDU00619,Sanjay Nair,Female,18,MECH,1,88.2,3.3,5.3,1,10,80.2,74.0,73.3,73.4,70.8,8.04,7.96,0,23,31,0.6,1.2,62,81,Yes,Yes,PhD,Middle,Yes,Excellent,High,7.58,64.68,Low,90.8,72
EDU00620,Keerthi Singh,Female,23,AIDS,4,83.8,2.6,7.6,3,5,66.7,57.2,59.1,62.2,59.5,6.81,7.32,1,24,40,0.5,1.8,56,49,No,Yes,PhD,Middle,Yes,Average,High,6.1,60.72,Moderate,90.2,70
EDU00621,Diya Nair,Male,23,IT,6,89.1,2.1,7.3,7,6,72.7,65.1,66.3,72.0,68.7,5.74,5.68,3,90,6,4.1,0.0,82,60,Yes,Yes,UG,Low,Yes,Good,Low,6.8,86.44,Critical,99.1,60
EDU00622,Aarav Sharma,Male,23,IT,7,69.7,4.3,6.8,5,9,74.2,67.3,70.5,68.3,64.2,7.51,7.88,0,112,20,1.3,0.2,51,99,Yes,Yes,PG,Upper-Middle,Yes,Poor,High,7.07,70.68,Low,64.4,65
EDU00623,Ananya Iyer,Female,21,AI&DS,2,70.8,3.9,6.3,4,8,80.1,87.0,86.6,91.6,86.9,8.0,8.57,0,190,0,0.4,2.6,71,46,Yes,Yes,School,Middle,Yes,Poor,Low,8.46,94.72,Low,65.3,88
EDU00624,Nisha Patel,Female,23,AIDS,8,85.6,3.0,7.0,9,10,70.8,75.8,73.2,72.9,69.1,7.52,7.87,0,132,24,3.4,0.1,61,84,No,Yes,PG,Upper-Middle,Yes,Average,High,7.33,85.04,Moderate,91.3,80
EDU00625,Nisha Singh,Male,18,CSE,7,84.1,2.6,5.7,9,8,64.3,70.1,62.9,68.4,75.0,6.26,6.18,1,164,40,2.3,2.8,70,40,Yes,No,PG,High,Yes,Good,Medium,6.58,94.44,High,86.6,54
EDU00626,Pooja Nair,Female,23,EEE,8,86.7,4.0,8.2,2,9,88.3,89.4,87.3,90.4,85.9,9.45,8.99,0,124,15,1.8,2.1,70,52,Yes,Yes,PG,Upper-Middle,No,Excellent,High,8.83,87.48,Low,85.4,51
EDU00627,Rahul Gupta,Female,18,CSE,6,86.2,1.7,7.4,4,8,66.3,61.4,60.6,58.2,55.6,5.38,5.33,2,129,19,1.2,0.2,60,79,No,Yes,PhD,Upper-Middle,No,Excellent,Medium,6.28,84.28,High,81.3,52
EDU00628,Harish Nair,Female,20,EEE,6,96.8,4.8,8.1,5,6,91.6,95.0,89.0,95.3,99.5,8.69,9.21,0,170,15,3.8,0.7,85,100,No,Yes,PG,Upper-Middle,Yes,Good,Medium,9.19,106.72,Low,100.0,81
EDU00629,Nithin Kumar,Male,19,ECE,1,80.8,4.0,6.8,3,10,82.0,75.3,80.1,86.2,89.9,8.88,8.49,0,46,0,5.0,2.3,68,48,Yes,Yes,School,High,Yes,Excellent,Medium,7.91,68.72,Low,86.8,96
EDU00630,Harish Verma,Female,20,EEE,7,75.1,2.9,6.7,10,5,74.9,80.6,75.2,67.9,67.1,7.39,7.22,0,57,39,1.1,0.2,41,49,No,Yes,School,Middle,Yes,Good,Medium,7.69,57.84,Moderate,66.0,70
EDU00631,Diya Verma,Female,20,MECH,6,86.0,4.1,7.9,1,9,85.1,89.2,82.8,86.1,89.4,7.66,7.93,0,119,14,0.4,0.7,74,75,No,No,Diploma,Upper-Middle,Yes,Average,Medium,8.57,87.8,Low,92.8,79
EDU00632,Rahul Reddy,Male,20,ECE,5,81.3,3.3,5.6,7,6,77.8,85.5,79.0,78.2,81.9,7.91,8.17,1,121,34,4.2,0.1,90,97,No,Yes,Diploma,Upper-Middle,Yes,Poor,Low,8.08,92.72,Moderate,71.8,64
EDU00633,Arjun Gupta,Female,21,CSE,8,83.9,2.3,8.5,5,6,64.6,58.3,64.8,72.0,69.5,7.11,7.28,0,128,25,1.7,1.3,61,86,Yes,Yes,Diploma,Middle,No,Average,Low,6.26,83.56,Moderate,77.6,74
EDU00634,Sai Kumar,Male,22,CIVIL,2,79.1,2.1,8.1,4,3,60.7,64.1,62.1,55.2,60.6,6.55,6.52,1,113,0,2.2,1.3,89,70,No,Yes,UG,Middle,Yes,Average,Medium,6.23,89.84,High,83.0,61
EDU00635,Diya Patel,Male,18,IT,4,83.2,4.7,6.9,5,10,84.1,75.6,82.8,75.5,78.6,8.2,8.74,0,168,1,0.5,2.2,50,82,Yes,Yes,UG,Low,Yes,Excellent,Medium,8.08,86.88,Low,87.2,84
EDU00636,Pooja Gupta,Male,24,AIDS,6,84.1,5.1,6.4,10,5,97.5,100.0,97.3,98.0,100.0,10.0,9.67,0,193,30,3.1,1.0,95,99,Yes,Yes,UG,Low,No,Good,Medium,9.83,110.24,Moderate,93.5,100
EDU00637,Priya Verma,Female,21,IT,4,83.3,3.4,7.2,8,4,71.0,61.4,62.4,61.7,64.4,5.71,5.59,4,161,26,4.0,2.2,43,82,Yes,Yes,School,High,Yes,Poor,High,6.49,82.72,Critical,85.8,51
EDU00638,Sanjay Das,Male,22,CSE,5,77.6,4.5,5.6,6,4,83.3,88.2,82.2,82.1,82.9,7.73,7.47,0,66,10,0.1,2.6,49,49,Yes,Yes,PG,Upper-Middle,Yes,Excellent,Low,8.46,63.84,Moderate,77.9,72
EDU00639,Karthik Kumar,Male,20,EEE,5,69.9,2.5,8.1,1,7,64.1,61.7,61.2,57.5,52.8,5.45,5.9,4,194,24,3.8,2.1,44,79,No,Yes,PG,High,Yes,Average,Medium,6.23,84.36,Critical,79.5,47
EDU00640,Keerthi Patel,Male,22,CIVIL,4,81.8,2.3,6.6,8,10,65.0,69.9,71.6,72.7,68.0,6.32,6.26,2,41,9,4.0,0.4,81,63,Yes,Yes,UG,Low,Yes,Good,Medium,6.88,73.32,High,73.4,79
EDU00641,Karthik Kumar,Male,22,MECH,7,88.5,2.2,5.9,3,9,66.9,61.1,60.8,59.7,55.8,6.41,6.6,1,185,35,1.7,0.6,86,46,Yes,Yes,School,Low,Yes,Average,High,6.29,106.8,Moderate,94.9,78
EDU00642,Rahul Sharma,Male,19,IT,2,94.3,5.7,5.6,2,8,100.0,98.8,100.0,93.8,94.4,9.31,9.29,0,126,34,2.5,1.2,97,40,Yes,Yes,School,Upper-Middle,Yes,Poor,Medium,9.96,101.72,Low,95.9,99
EDU00643,Harish Singh,Male,17,AI&DS,7,74.6,1.9,8.2,8,10,66.2,64.8,68.3,75.7,80.3,6.39,6.85,2,99,7,3.0,2.2,53,58,Yes,Yes,Diploma,High,Yes,Average,Low,6.64,70.84,High,77.2,70
EDU00644,Karthik Reddy,Male,21,CSE,1,73.3,2.4,7.1,9,6,69.1,75.1,74.4,81.4,90.2,7.58,8.03,0,43,30,4.3,1.3,92,88,No,Yes,PhD,Upper-Middle,No,Poor,High,7.29,74.72,Moderate,83.2,85
EDU00645,Rahul Verma,Male,18,AI&DS,1,80.7,2.1,6.5,7,3,68.7,75.6,70.6,65.7,63.1,6.73,6.83,1,44,0,1.6,0.1,91,51,No,Yes,PhD,Middle,Yes,Poor,Medium,7.16,77.48,High,77.7,53
EDU00646,Pooja Reddy,Female,19,AI&DS,1,65.5,3.3,6.9,7,5,73.2,67.6,74.7,80.4,78.1,7.58,8.06,1,176,24,3.4,2.6,53,53,No,Yes,School,Upper-Middle,Yes,Excellent,Low,7.18,82.6,High,55.8,81
EDU00647,Priya Gupta,Male,20,CIVIL,5,88.7,5.8,5.4,2,6,93.7,85.5,91.8,86.2,91.3,9.88,10.0,0,77,22,4.5,1.4,78,86,Yes,Yes,UG,Low,Yes,Excellent,Medium,9.03,82.08,Low,95.3,99
EDU00648,Priya Sharma,Male,23,MECH,3,91.8,1.0,8.1,9,4,67.2,60.6,61.4,54.6,51.5,6.35,6.9,1,137,32,3.5,1.1,77,66,Yes,Yes,UG,Upper-Middle,Yes,Average,High,6.31,94.92,High,98.5,68
EDU00649,Aarav Reddy,Female,23,MECH,7,78.0,3.7,7.7,10,8,74.6,78.9,77.9,79.4,87.8,7.12,6.98,2,89,27,3.1,0.0,68,87,No,Yes,PhD,Low,Yes,Good,High,7.71,76.2,Critical,88.2,46
EDU00650,Meera Reddy,Female,23,EEE,2,80.0,4.8,7.0,7,10,79.7,87.6,86.5,85.8,91.1,8.65,8.77,0,195,39,4.3,0.9,57,44,Yes,Yes,PhD,Upper-Middle,Yes,Excellent,Medium,8.46,93.8,Low,79.8,59
EDU00651,Sanjay Singh,Female,22,ECE,7,90.3,4.7,6.9,9,4,92.0,99.5,93.7,85.9,90.0,9.7,9.77,0,120,0,1.6,0.5,93,96,Yes,Yes,Diploma,High,Yes,Excellent,Medium,9.51,97.32,Low,99.6,95
EDU00652,Harish Verma,Male,17,IT,5,81.9,3.7,5.9,9,4,83.0,91.0,90.8,92.0,89.8,9.41,8.96,0,143,19,3.3,1.6,55,79,No,Yes,School,Upper-Middle,Yes,Average,Low,8.83,83.36,Moderate,88.4,75
EDU00653,Sai Gupta,Female,17,AI&DS,1,98.8,2.1,7.4,7,9,77.9,79.5,75.7,82.3,91.6,7.34,6.95,1,216,36,1.0,1.3,74,82,No,Yes,PhD,Low,Yes,Excellent,High,7.77,112.32,Moderate,90.5,62
EDU00654,Aarav Sharma,Female,19,CIVIL,1,94.5,1.2,7.2,4,9,62.7,58.3,56.0,52.3,51.7,6.5,6.28,2,172,2,2.0,0.8,61,67,No,Yes,UG,Middle,Yes,Poor,Medium,5.9,96.6,High,94.0,62
EDU00655,Sai Reddy,Male,22,MECH,7,89.9,5.4,5.5,7,5,90.5,98.4,91.8,98.7,100.0,8.77,9.14,0,86,31,1.5,2.7,59,74,No,Yes,UG,Upper-Middle,No,Average,High,9.36,76.76,Low,79.1,90
EDU00656,Keerthi Iyer,Male,18,ECE,4,100.0,2.6,6.7,2,5,75.1,70.0,69.7,64.4,71.8,7.77,7.33,1,83,25,0.6,0.6,45,99,Yes,Yes,PG,Middle,Yes,Excellent,Medium,7.16,74.6,Moderate,94.6,39
EDU00657,Rahul Nair,Female,20,MECH,6,88.2,4.6,6.1,6,5,84.0,76.8,76.8,82.5,79.0,6.91,6.96,1,114,39,0.4,0.2,61,98,Yes,Yes,School,Upper-Middle,Yes,Poor,Medium,7.92,82.48,High,92.2,80
EDU00658,Aishwarya Gupta,Female,21,AIDS,4,95.5,4.8,7.2,6,5,90.8,83.1,89.3,95.0,94.4,9.6,10.0,0,50,22,2.9,2.1,76,69,Yes,Yes,PhD,Middle,Yes,Good,Low,8.77,78.6,Low,94.9,97
EDU00659,Meera Verma,Male,20,ECE,2,82.9,3.6,6.5,2,6,84.9,75.3,79.4,72.0,74.1,8.01,7.7,1,37,22,4.0,1.4,70,52,Yes,Yes,PhD,High,Yes,Good,High,7.99,68.56,Moderate,87.2,71
EDU00660,Arjun Iyer,Male,18,AIDS,5,96.3,3.0,7.9,4,8,83.3,82.6,86.0,86.2,82.7,8.73,8.35,0,195,30,0.9,0.8,64,71,Yes,Yes,PG,High,Yes,Excellent,High,8.4,103.12,Low,88.5,61
EDU00661,Arjun Singh,Male,20,CIVIL,3,80.4,3.9,7.0,7,9,73.2,70.6,72.8,65.3,60.9,6.38,6.54,1,142,14,2.9,1.6,54,93,No,Yes,School,High,Yes,Good,Medium,7.22,82.16,High,85.1,57
EDU00662,Rahul Singh,Female,21,EEE,8,100.0,3.9,6.5,9,8,93.6,85.6,87.9,91.3,91.5,8.83,9.37,0,209,7,4.2,0.2,49,44,No,Yes,PG,Low,Yes,Good,High,8.9,101.4,Low,100.0,72
EDU00663,Pooja Patel,Female,18,AIDS,1,88.7,5.6,7.6,9,7,94.6,100.0,95.0,100.0,100.0,10.0,9.68,0,120,33,0.5,0.5,53,80,Yes,Yes,PhD,Upper-Middle,Yes,Poor,Low,9.65,80.68,Low,91.1,100
EDU00664,Nisha Patel,Female,18,EEE,6,78.1,3.9,8.1,1,5,83.8,83.8,84.6,82.5,79.7,9.18,9.7,0,169,13,1.1,2.4,45,80,No,Yes,PhD,Low,Yes,Poor,High,8.41,83.04,Low,67.2,77
EDU00665,Ananya Patel,Male,23,AI&DS,2,100.0,1.6,5.8,10,4,70.8,63.4,71.9,68.8,73.5,6.82,6.45,2,129,2,2.9,2.1,60,92,Yes,Yes,School,Low,Yes,Good,Low,6.87,89.8,Critical,98.8,87
EDU00666,Sai Singh,Male,24,ECE,7,83.7,1.3,6.2,9,10,56.1,50.5,49.7,48.7,47.0,4.67,4.96,3,165,15,1.0,0.7,79,43,Yes,Yes,PhD,Upper-Middle,Yes,Poor,Medium,5.21,98.08,Critical,86.6,50
EDU00667,Harish Gupta,Male,18,MECH,7,71.0,5.1,5.8,8,5,79.5,80.7,77.6,84.9,89.1,8.08,8.5,0,81,30,2.4,1.4,94,50,No,Yes,PG,High,Yes,Good,Low,7.93,82.2,Moderate,66.5,89
EDU00668,Harish Reddy,Male,23,EEE,5,95.8,1.3,7.5,7,4,59.0,65.1,67.0,66.4,75.6,6.97,6.7,2,182,19,2.0,0.8,63,47,Yes,Yes,PhD,Low,Yes,Excellent,Low,6.37,99.92,High,83.9,68
EDU00669,Aarav Singh,Male,24,CIVIL,4,81.4,3.1,8.3,9,4,70.5,76.4,76.0,71.7,71.5,7.02,6.54,1,167,2,2.1,1.2,84,88,Yes,Yes,Diploma,Upper-Middle,No,Excellent,Medium,7.43,99.56,High,79.6,44
EDU00670,Ananya Iyer,Male,20,MECH,8,89.7,1.7,6.7,8,7,72.3,79.9,80.8,85.7,95.1,9.05,9.42,0,213,24,4.2,2.5,89,86,Yes,Yes,Diploma,Low,Yes,Excellent,Low,7.77,114.08,Low,100.0,92
EDU00671,Pooja Gupta,Female,22,ECE,4,89.6,2.1,6.0,8,10,65.6,73.4,64.6,71.2,80.3,6.16,6.22,2,127,1,0.9,0.4,48,62,No,Yes,School,Upper-Middle,Yes,Average,Low,6.79,80.44,High,99.4,50
EDU00672,Arjun Das,Male,22,AIDS,8,82.7,1.7,5.9,5,4,56.1,51.4,53.7,55.2,60.8,4.57,4.31,3,115,15,4.2,1.9,43,79,No,Yes,UG,Low,Yes,Average,Medium,5.37,73.28,Critical,86.0,64
EDU00673,Pooja Gupta,Male,24,IT,7,83.8,5.9,8.0,10,9,91.1,90.2,88.6,82.9,82.2,8.39,8.87,0,185,13,0.9,0.3,74,93,Yes,No,UG,High,Yes,Excellent,Low,9.0,100.12,Moderate,99.6,82
EDU00674,Priya Patel,Male,24,AI&DS,3,88.0,3.7,6.6,3,3,88.2,93.5,86.2,87.7,94.4,8.09,8.57,0,126,8,0.4,1.1,66,74,Yes,No,PG,High,No,Good,Low,8.93,86.8,Low,91.6,59
EDU00675,Vihaan Sharma,Female,20,IT,6,84.1,5.8,7.0,1,3,96.2,100.0,100.0,100.0,97.6,9.19,8.91,0,117,36,0.2,1.5,96,44,No,Yes,Diploma,Low,Yes,Good,Medium,9.87,95.44,Low,76.4,75
EDU00676,Nithin Nair,Male,24,CSE,3,75.3,3.7,8.5,2,10,81.0,80.8,79.0,77.5,87.2,7.19,6.94,1,95,8,0.9,0.4,81,65,Yes,Yes,Diploma,Middle,No,Good,Low,8.03,81.52,Moderate,78.8,54
EDU00677,Sai Kumar,Female,21,AIDS,8,77.2,5.4,6.3,1,6,92.3,94.6,90.7,84.8,85.9,9.37,9.53,0,96,35,0.1,2.9,48,57,No,Yes,UG,Upper-Middle,Yes,Excellent,Low,9.25,69.28,Low,75.5,88
EDU00678,Sai Sharma,Male,18,MECH,2,72.7,1.9,6.5,7,7,63.9,57.5,64.5,60.6,63.9,7.03,7.53,1,192,26,0.6,1.4,43,98,Yes,Yes,UG,Upper-Middle,Yes,Good,Low,6.2,84.68,High,59.0,70
EDU00679,Sneha Patel,Female,18,CSE,1,89.3,3.5,7.2,10,5,73.9,71.6,75.0,75.5,82.9,8.29,8.86,0,120,38,4.8,1.9,93,52,No,Yes,UG,Upper-Middle,Yes,Excellent,Medium,7.35,96.92,Moderate,83.1,66
EDU00680,Aishwarya Kumar,Male,18,ECE,7,86.3,2.6,6.5,3,3,67.2,57.2,59.2,62.8,68.1,6.41,6.86,1,104,0,4.4,2.3,40,43,Yes,No,PhD,High,Yes,Good,High,6.12,71.32,Moderate,78.1,62
EDU00681,Priya Gupta,Male,18,AI&DS,1,85.6,3.6,7.0,10,4,84.3,91.9,92.6,98.2,99.0,9.77,9.96,0,80,8,3.4,0.6,69,87,No,Yes,PhD,Low,Yes,Poor,High,8.96,77.84,Low,85.1,86
EDU00682,Ananya Singh,Male,23,AIDS,5,85.5,2.9,5.1,1,7,76.9,80.4,74.8,68.3,75.8,8.39,7.98,0,153,5,1.6,2.0,75,81,No,Yes,UG,Middle,No,Good,Low,7.74,94.8,Low,91.9,79
EDU00683,Aarav Patel,Female,17,CSE,6,72.8,2.0,7.7,5,9,59.4,57.1,59.2,55.7,64.1,5.47,5.41,3,57,3,0.5,1.7,57,96,Yes,Yes,PhD,Low,Yes,Average,Low,5.86,63.32,Critical,77.5,45
EDU00684,Sanjay Verma,Female,21,AI&DS,3,87.8,5.8,6.4,1,8,98.4,100.0,96.8,94.0,91.0,9.13,9.63,0,183,12,2.1,0.5,99,54,No,Yes,School,Low,Yes,Poor,Low,9.84,111.32,Low,65.8,83
EDU00685,Riya Sharma,Male,22,CSE,2,80.9,4.4,8.3,3,8,86.6,78.5,78.7,71.2,73.2,7.22,6.78,1,124,1,0.3,0.4,55,73,Yes,Yes,School,Low,Yes,Average,Low,8.13,79.16,Moderate,82.5,74
EDU00686,Nisha Nair,Male,22,CSE,3,83.6,1.1,8.2,9,8,51.6,46.4,48.4,45.6,54.9,5.38,5.68,3,99,24,3.6,2.9,59,81,Yes,Yes,PG,High,Yes,Good,Medium,4.88,76.84,Critical,99.3,53
EDU00687,Aarav Sharma,Male,22,ECE,1,76.3,2.8,7.5,4,7,65.3,63.2,63.5,63.4,64.5,5.69,6.22,1,211,8,4.1,2.0,51,65,No,Yes,PhD,High,Yes,Excellent,Medium,6.4,93.12,High,61.5,63
EDU00688,Priya Reddy,Male,21,CSE,8,82.3,5.4,6.4,9,10,92.9,85.7,92.2,88.9,90.9,8.38,8.06,0,183,13,1.8,0.1,99,46,No,Yes,PG,Upper-Middle,Yes,Average,Low,9.03,109.12,Moderate,71.2,79
EDU00689,Ananya Singh,Male,21,AI&DS,5,87.4,4.6,8.1,7,5,86.2,82.7,87.9,89.6,95.9,8.12,7.9,0,24,25,3.3,0.8,58,81,Yes,Yes,School,High,Yes,Poor,High,8.56,62.96,Moderate,85.2,79
EDU00690,Sai Gupta,Male,17,CIVIL,4,80.1,2.5,6.2,10,7,68.6,61.0,67.9,71.5,74.4,6.34,6.72,2,25,25,2.0,2.6,41,62,Yes,Yes,School,Middle,Yes,Average,Medium,6.58,53.44,Critical,86.7,63
EDU00691,Harish Patel,Female,18,IT,4,75.8,5.3,5.4,7,3,89.4,97.3,97.8,97.7,94.2,10.0,10.0,0,118,3,4.9,0.6,43,84,Yes,Yes,PG,Low,Yes,Poor,Medium,9.48,71.12,Low,68.8,66
EDU00692,Vihaan Kumar,Male,21,AIDS,2,97.3,2.2,7.6,8,4,75.2,74.8,76.5,75.1,81.8,6.86,7.05,0,59,22,3.4,1.9,88,43,No,Yes,UG,High,Yes,Good,Medium,7.55,85.92,Moderate,100.0,51
EDU00693,Aarav Sharma,Male,20,AIDS,6,76.1,2.1,6.9,2,3,64.0,56.4,59.6,63.5,65.6,6.52,6.68,1,203,14,2.3,2.8,46,67,Yes,Yes,PhD,Low,No,Excellent,Low,6.0,89.44,Moderate,86.7,58
EDU00694,Sai Patel,Female,21,AIDS,8,83.0,4.9,6.9,8,8,94.1,100.0,100.0,100.0,96.6,10.0,9.7,0,93,35,0.1,2.2,75,63,No,Yes,PhD,Low,Yes,Average,High,9.8,81.8,Low,82.2,96
EDU00695,Nithin Singh,Male,19,ECE,7,66.8,5.8,5.6,2,9,87.2,83.2,84.0,81.6,83.4,8.2,8.22,0,133,22,0.3,1.9,47,55,No,Yes,Diploma,Low,Yes,Poor,High,8.48,72.12,Low,69.6,66
EDU00696,Aditya Nair,Female,19,CIVIL,2,73.0,1.0,8.2,4,6,51.3,41.7,51.0,53.4,59.9,5.89,5.56,2,199,7,3.1,2.6,76,48,No,Yes,UG,Low,Yes,Poor,Low,4.8,99.4,Critical,71.0,79
EDU00697,Harish Sharma,Female,18,AI&DS,6,90.3,5.3,5.2,2,8,98.8,93.1,98.1,100.0,100.0,9.62,9.99,0,79,39,4.3,0.7,75,45,Yes,No,School,Low,Yes,Excellent,Medium,9.67,81.92,Low,100.0,81
EDU00698,Nithin Reddy,Female,23,CSE,6,76.9,3.4,6.9,6,4,68.9,63.0,70.0,76.5,76.4,6.2,5.96,3,215,36,2.5,0.3,63,56,Yes,Yes,School,High,Yes,Average,High,6.73,98.96,Critical,71.7,73
EDU00699,Priya Kumar,Male,21,EEE,7,72.1,4.8,7.9,6,7,78.0,79.6,78.2,70.6,68.7,8.47,8.48,0,118,16,3.8,1.4,81,88,Yes,Yes,School,Middle,Yes,Excellent,Medium,7.86,84.84,Low,82.4,90
EDU00700,Harish Patel,Male,19,AIDS,5,87.2,5.1,7.9,9,8,95.6,91.5,92.4,87.0,84.6,8.76,9.09,0,195,33,2.0,0.4,68,51,No,Yes,PG,High,Yes,Good,Low,9.32,101.08,Low,81.3,72
EDU00701,Aarav Gupta,Female,20,IT,8,85.3,5.7,8.0,4,8,100.0,99.4,100.0,97.7,94.6,10.0,9.97,0,149,30,3.0,1.2,82,84,Yes,Yes,PhD,High,No,Average,Low,9.98,96.72,Low,86.9,100
EDU00702,Vihaan Iyer,Female,20,EEE,1,94.2,2.7,5.1,9,5,76.1,73.7,77.3,84.6,84.5,8.44,8.41,0,218,0,1.6,2.0,87,60,No,Yes,PG,High,Yes,Good,Medium,7.57,116.08,Moderate,89.3,63
EDU00703,Nithin Reddy,Female,18,AI&DS,4,62.4,5.2,6.8,3,5,85.9,91.6,91.0,85.9,91.5,8.45,8.66,0,143,6,0.5,0.2,69,93,No,Yes,PG,High,No,Poor,Medium,8.95,81.16,Low,71.2,91
EDU00704,Aditya Nair,Male,17,EEE,3,84.9,4.1,6.9,2,7,80.0,78.1,79.8,75.5,76.1,8.86,9.28,0,168,0,1.0,2.6,51,51,Yes,Yes,PG,Low,Yes,Good,Low,7.93,87.96,Low,71.5,73
EDU00705,Priya Singh,Female,18,AI&DS,7,94.6,3.7,8.0,8,10,91.0,84.5,83.6,90.4,92.1,8.92,9.4,0,195,0,4.7,0.9,52,53,Yes,Yes,PG,Middle,Yes,Good,Medium,8.64,97.64,Low,91.6,85
EDU00706,Nisha Patel,Male,24,IT,5,70.7,4.9,6.5,4,3,84.1,74.9,74.8,73.2,82.1,7.0,6.67,1,177,39,4.1,1.7,46,84,Yes,Yes,Diploma,Middle,Yes,Average,Medium,7.79,82.08,High,66.6,48
EDU00707,Rahul Verma,Male,19,CSE,7,99.5,2.1,7.3,5,9,77.4,77.3,78.8,84.0,85.8,7.21,7.42,0,72,37,2.4,1.9,80,77,No,No,School,High,Yes,Poor,Medium,7.78,86.2,Low,97.5,69
EDU00708,Meera Iyer,Female,17,IT,1,88.9,3.7,7.3,2,5,83.5,88.5,88.7,95.2,100.0,9.76,10.0,0,80,39,0.2,0.8,76,98,Yes,Yes,Diploma,Middle,Yes,Average,Low,8.69,81.96,Low,84.7,90
EDU00709,Karthik Reddy,Male,19,ECE,6,67.0,1.3,5.5,6,8,47.3,39.4,40.6,40.0,45.0,4.5,4.99,2,123,37,2.5,1.7,75,58,Yes,Yes,Diploma,Middle,Yes,Good,Low,4.24,81.4,Critical,64.2,54
EDU00710,Priya Reddy,Female,19,AI&DS,1,100.0,2.7,7.6,9,6,73.4,66.4,72.8,76.8,73.2,8.04,7.6,0,212,38,2.0,2.7,79,78,Yes,Yes,School,Middle,Yes,Excellent,Medium,7.09,114.0,Moderate,100.0,74
EDU00711,Karthik Sharma,Female,24,EEE,6,89.1,2.4,5.2,1,9,68.3,74.6,68.5,67.7,72.0,7.44,7.58,0,121,28,0.4,0.7,70,63,Yes,Yes,Diploma,High,Yes,Excellent,Medium,7.05,87.84,Low,89.5,79
EDU00712,Sai Verma,Female,21,CIVIL,2,97.7,5.5,5.5,1,9,94.8,88.2,88.8,80.9,84.8,9.2,9.67,0,88,20,4.4,0.8,52,50,Yes,No,Diploma,Upper-Middle,Yes,Poor,Medium,9.06,77.48,Low,90.1,93
EDU00713,Aditya Singh,Male,19,CSE,2,68.7,2.5,7.3,1,10,65.5,68.8,68.2,62.2,67.6,6.32,5.96,2,148,34,1.2,2.5,80,91,No,Yes,PhD,Low,No,Average,High,6.75,89.08,High,74.5,50
EDU00714,Aarav Singh,Female,24,AI&DS,7,83.2,3.5,6.3,10,6,84.9,77.0,83.5,84.9,94.7,8.21,7.81,1,34,10,1.7,2.1,82,58,No,Yes,PhD,Upper-Middle,Yes,Good,High,8.18,72.88,High,77.2,55
EDU00715,Sneha Verma,Male,19,MECH,7,93.8,4.6,6.7,7,5,90.0,95.7,93.7,88.4,88.0,8.8,9.16,0,101,23,0.4,1.8,50,75,Yes,Yes,UG,Low,Yes,Average,Medium,9.31,77.72,Low,90.8,94
EDU00716,Priya Reddy,Female,24,IT,7,83.3,1.9,7.7,3,3,59.0,50.0,57.4,53.3,52.4,5.31,5.44,4,22,0,3.0,2.0,65,50,No,No,PG,High,Yes,Good,Medium,5.55,63.72,Critical,95.0,52
EDU00717,Vihaan Das,Female,23,ECE,3,79.2,1.3,7.9,1,3,51.8,46.1,49.7,45.6,52.0,5.05,4.75,2,96,29,0.5,2.8,54,64,Yes,Yes,PG,Low,Yes,Average,Medium,4.92,72.48,Critical,86.8,67
EDU00718,Meera Kumar,Female,23,EEE,7,68.5,1.6,7.4,7,3,55.7,55.9,52.1,48.6,54.2,5.64,5.53,2,166,20,1.1,0.5,57,67,Yes,Yes,PG,Middle,Yes,Poor,Low,5.46,83.4,Critical,71.7,53
EDU00719,Karthik Nair,Male,17,EEE,5,96.7,4.6,8.4,5,5,91.2,94.2,95.9,89.8,96.0,9.51,9.52,0,188,24,2.6,1.4,66,97,Yes,Yes,Diploma,Upper-Middle,No,Good,Low,9.38,102.68,Low,89.5,81
EDU00720,Riya Kumar,Female,23,CSE,8,76.0,2.6,6.2,9,10,60.3,66.7,67.0,68.9,72.4,6.04,6.31,1,63,18,2.8,1.3,57,89,No,No,PG,Middle,Yes,Good,Medium,6.47,65.8,High,69.9,44
EDU00721,Keerthi Iyer,Male,23,EEE,8,94.1,3.9,8.5,3,8,84.1,88.0,89.5,83.7,87.1,8.03,8.29,0,70,33,2.2,2.1,44,81,Yes,Yes,School,Upper-Middle,Yes,Good,High,8.72,69.24,Low,88.4,86
EDU00722,Ananya Gupta,Female,19,CSE,7,69.8,4.6,5.8,10,3,85.7,93.1,92.2,91.8,88.0,9.56,9.11,0,145,40,2.1,0.3,54,69,No,Yes,PG,Low,Yes,Excellent,Low,9.03,78.52,Moderate,52.8,76
EDU00723,Pooja Gupta,Female,23,EEE,7,63.3,5.2,5.5,7,6,88.6,82.5,84.2,81.0,86.4,8.46,8.86,0,211,38,2.9,2.8,49,68,No,Yes,Diploma,Low,Yes,Good,Medium,8.51,87.12,Moderate,65.1,88
EDU00724,Vihaan Gupta,Female,17,EEE,4,94.9,2.8,7.6,7,3,75.2,82.5,80.9,80.0,88.7,8.27,8.04,0,121,30,3.2,2.0,41,92,No,Yes,School,Middle,Yes,Average,Medium,7.95,78.56,Moderate,96.3,86
EDU00725,Keerthi Gupta,Female,18,AI&DS,8,73.1,3.5,6.8,6,6,74.9,68.0,70.3,74.3,77.9,6.44,6.69,1,198,32,3.5,2.6,72,88,No,Yes,School,Upper-Middle,Yes,Poor,High,7.11,97.64,High,70.9,54
EDU00726,Harish Das,Male,19,CSE,8,81.9,1.3,7.3,9,9,63.7,57.9,61.3,59.7,65.5,5.19,5.12,2,35,4,2.0,0.5,99,83,Yes,Yes,PhD,Middle,Yes,Poor,High,6.1,79.36,Critical,80.4,57
EDU00727,Nisha Verma,Male,24,CSE,3,71.2,3.1,6.1,4,6,75.6,83.5,78.8,84.1,88.3,7.22,7.37,0,27,13,3.6,1.8,83,82,Yes,Yes,School,Middle,Yes,Good,High,7.93,67.08,Moderate,60.1,63
EDU00728,Riya Kumar,Male,21,MECH,7,84.5,3.2,8.5,10,5,69.6,71.5,70.9,65.9,66.4,8.08,8.16,0,79,35,4.6,2.2,57,82,Yes,Yes,Diploma,Low,Yes,Poor,Medium,7.07,72.4,Moderate,85.6,57
EDU00729,Meera Verma,Male,23,CIVIL,5,93.6,4.3,7.4,6,3,85.3,79.4,86.6,89.1,97.6,8.97,8.57,0,20,12,4.7,2.3,47,70,Yes,Yes,Diploma,High,Yes,Poor,Medium,8.38,60.24,Low,81.5,100
EDU00730,Vihaan Patel,Male,17,CSE,8,90.7,1.8,5.5,3,9,68.5,64.8,69.4,74.7,82.3,6.59,7.13,1,24,29,0.7,1.5,77,61,Yes,Yes,PG,Upper-Middle,Yes,Poor,Medium,6.76,71.88,Moderate,91.6,67
EDU00731,Pooja Kumar,Female,18,CIVIL,2,84.6,1.9,6.7,7,5,60.3,68.0,65.4,64.7,69.2,7.15,7.74,0,69,16,1.4,0.7,91,78,No,Yes,Diploma,Upper-Middle,Yes,Excellent,Low,6.46,84.04,Moderate,97.5,83
EDU00732,Arjun Reddy,Male,21,IT,5,82.3,1.8,8.1,4,9,65.4,62.9,68.5,63.0,61.3,6.58,6.09,2,88,36,2.3,2.5,99,85,Yes,Yes,PG,High,Yes,Average,Medium,6.56,90.12,High,67.9,43
EDU00733,Sanjay Nair,Female,19,EEE,1,77.9,2.8,5.8,7,7,70.4,70.5,69.1,76.2,81.4,7.85,8.31,1,89,32,2.7,0.4,95,85,No,Yes,Diploma,Upper-Middle,Yes,Excellent,Medium,7.0,86.96,Moderate,70.8,94
EDU00734,Sai Patel,Male,20,CIVIL,1,82.0,2.9,7.8,10,9,69.4,76.1,71.5,68.5,75.7,8.09,8.53,0,190,11,0.7,0.2,56,51,No,Yes,PG,Middle,Yes,Excellent,Medium,7.23,93.2,Moderate,88.8,79
EDU00735,Priya Sharma,Female,23,IT,4,68.1,5.5,6.3,10,5,91.5,86.3,86.4,83.5,86.8,8.59,9.16,0,162,32,2.3,1.5,79,51,No,Yes,PG,Low,Yes,Poor,Low,8.81,91.24,Moderate,63.6,79
EDU00736,Nithin Verma,Male,17,EEE,4,73.4,1.5,5.7,9,6,64.7,61.9,59.8,53.8,48.9,4.99,4.56,3,32,29,4.6,0.4,79,86,Yes,Yes,UG,Middle,Yes,Good,High,6.21,67.36,Critical,62.8,57
EDU00737,Nisha Sharma,Male,21,CSE,1,90.2,2.0,7.8,8,8,69.7,75.3,73.4,74.0,78.7,8.01,7.93,0,210,8,1.5,0.0,79,85,Yes,No,Diploma,Middle,Yes,Average,Low,7.28,109.68,Moderate,98.8,91
EDU00738,Nisha Gupta,Female,23,CSE,5,93.6,3.8,7.2,3,3,87.3,79.9,82.6,76.7,71.8,8.21,8.11,1,20,28,3.1,1.2,99,73,No,Yes,PG,Middle,Yes,Poor,Medium,8.33,81.04,Moderate,88.0,75
EDU00739,Sanjay Singh,Female,21,CSE,3,77.4,2.6,8.4,4,10,66.7,74.5,70.6,70.5,75.1,6.21,6.8,1,35,14,2.1,2.3,88,82,Yes,Yes,Diploma,Upper-Middle,No,Poor,High,7.06,73.16,Moderate,78.1,59
EDU00740,Karthik Verma,Female,20,ECE,8,74.6,1.2,6.0,3,7,60.9,63.3,65.6,62.2,66.3,7.12,7.16,0,133,34,2.1,0.4,54,60,Yes,Yes,School,High,Yes,Good,Low,6.33,78.04,Low,82.7,59
EDU00741,Riya Sharma,Female,17,MECH,2,90.2,3.4,5.8,3,8,75.7,79.1,78.5,71.7,78.6,7.87,7.75,1,209,5,3.6,2.4,60,97,No,Yes,PhD,High,Yes,Average,High,7.78,101.88,Moderate,100.0,63
EDU00742,Aditya Nair,Male,24,AIDS,1,86.4,1.3,5.0,4,3,65.0,67.3,64.3,64.9,74.7,7.42,7.19,1,159,9,0.9,2.4,41,83,Yes,Yes,PG,Middle,Yes,Average,High,6.55,82.76,Moderate,91.8,75
EDU00743,Diya Verma,Female,21,AI&DS,8,90.5,3.7,5.0,7,8,76.7,68.5,70.4,69.4,73.4,7.77,8.06,0,204,26,0.7,0.2,52,78,No,Yes,School,Low,Yes,Excellent,Low,7.19,97.8,Low,90.2,88
EDU00744,Sneha Das,Female,17,IT,1,94.9,5.9,7.5,10,4,100.0,95.0,99.4,100.0,99.2,9.38,8.98,0,194,9,4.1,1.1,46,61,No,Yes,PhD,Low,Yes,Average,Medium,9.81,95.16,Moderate,83.2,83
EDU00745,Sanjay Reddy,Male,18,CIVIL,1,89.1,2.5,6.6,3,5,78.7,74.5,76.4,83.6,84.1,7.2,7.23,1,34,34,3.4,2.0,48,98,Yes,No,School,Upper-Middle,Yes,Poor,High,7.65,61.64,Moderate,89.8,81
EDU00746,Nisha Iyer,Male,21,CIVIL,8,82.8,5.0,8.5,3,9,85.0,87.1,88.6,86.6,81.6,8.32,7.83,1,118,4,3.7,0.9,48,63,No,Yes,PG,Low,Yes,Excellent,High,8.69,75.92,Moderate,80.8,78
EDU00747,Priya Kumar,Female,17,CIVIL,4,78.4,1.2,6.4,7,3,57.8,54.3,57.5,56.4,64.0,6.0,6.15,1,75,37,0.2,0.4,50,43,Yes,Yes,Diploma,Upper-Middle,Yes,Poor,High,5.65,66.36,High,89.6,60
EDU00748,Nithin Iyer,Male,20,AIDS,6,85.8,3.8,7.4,6,6,86.9,84.6,89.0,96.5,92.1,9.15,9.24,0,31,8,4.3,1.4,98,92,No,Yes,UG,Upper-Middle,Yes,Average,Low,8.68,79.72,Low,81.9,62
EDU00749,Ananya Singh,Female,21,MECH,4,79.3,3.6,5.4,1,4,74.7,76.4,72.7,78.9,86.6,7.79,7.73,0,60,10,3.0,2.1,49,47,No,Yes,School,Upper-Middle,Yes,Excellent,Low,7.46,63.32,Low,83.4,82
EDU00750,Sanjay Nair,Male,23,IT,5,68.8,3.7,5.1,1,7,72.3,68.8,73.1,79.5,80.6,6.57,6.46,1,113,32,1.8,0.2,52,83,Yes,No,Diploma,Low,Yes,Excellent,Low,7.14,70.92,Moderate,59.9,55
EDU00751,Ananya Nair,Male,22,AIDS,1,85.4,2.9,5.6,5,4,71.2,69.0,65.7,63.7,62.7,7.06,6.8,2,101,29,2.9,1.0,69,47,Yes,Yes,PhD,High,Yes,Good,High,6.86,81.96,High,83.5,64
EDU00752,Priya Das,Male,23,MECH,7,94.9,5.4,6.9,4,8,100.0,99.1,100.0,100.0,100.0,10.0,9.91,0,139,3,3.9,2.9,87,84,No,Yes,School,Upper-Middle,Yes,Poor,High,9.97,100.56,Low,87.8,91
EDU00753,Aditya Das,Male,19,AI&DS,6,77.0,3.2,5.8,4,5,72.4,66.2,65.6,66.6,74.5,6.14,5.68,4,54,20,1.2,0.5,65,99,No,Yes,PhD,Middle,Yes,Average,Medium,6.81,67.6,Critical,69.0,57
EDU00754,Meera Patel,Male,20,MECH,3,69.3,1.2,5.8,3,3,54.4,57.9,61.1,54.1,58.4,5.57,5.95,4,91,18,0.7,2.9,71,82,Yes,Yes,PhD,Middle,No,Poor,High,5.78,74.32,Critical,74.6,43
EDU00755,Meera Iyer,Female,18,MECH,5,91.3,4.5,5.4,7,3,88.6,84.2,87.6,82.8,92.2,8.01,7.51,0,92,15,1.1,0.5,89,88,No,Yes,Diploma,Middle,Yes,Excellent,Medium,8.68,90.52,Moderate,88.1,76
EDU00756,Aishwarya Patel,Male,18,CIVIL,1,76.5,5.8,6.4,5,10,86.2,79.8,78.0,78.9,74.7,7.56,7.1,1,100,10,3.1,2.4,48,80,No,Yes,School,High,Yes,Poor,Low,8.13,69.8,Moderate,77.4,58
EDU00757,Meera Singh,Male,23,AIDS,6,66.2,3.5,6.5,7,5,75.4,75.7,72.1,77.6,76.3,7.02,7.41,1,111,40,4.2,2.4,65,96,No,Yes,School,Upper-Middle,No,Excellent,Medium,7.44,74.68,High,52.7,75
EDU00758,Ananya Das,Female,20,CSE,4,98.5,5.9,7.4,10,10,100.0,92.9,98.5,100.0,100.0,9.0,9.16,0,200,32,2.1,1.8,79,96,No,Yes,School,Upper-Middle,No,Average,Low,9.71,111.0,Low,97.0,84
EDU00759,Keerthi Nair,Female,20,IT,3,85.7,4.7,8.4,5,9,91.9,89.4,95.0,95.5,100.0,9.82,10.0,0,104,39,1.4,2.8,54,56,Yes,No,School,Middle,Yes,Excellent,High,9.21,76.68,Low,78.3,100
EDU00760,Rahul Reddy,Male,21,AIDS,5,84.7,1.9,8.1,3,8,64.3,64.0,64.2,64.1,71.8,6.97,7.05,0,72,28,2.6,1.6,70,43,No,Yes,UG,Low,Yes,Poor,Medium,6.42,76.28,Low,73.3,55
EDU00761,Arjun Patel,Female,22,CIVIL,5,69.0,3.3,8.4,10,7,67.3,67.6,66.9,63.2,69.8,6.46,6.93,2,81,0,4.3,2.6,68,49,Yes,Yes,School,Low,Yes,Poor,High,6.73,71.0,Critical,61.5,45
EDU00762,Sai Nair,Male,23,CIVIL,3,92.5,1.0,6.5,6,8,65.6,61.3,62.5,58.9,61.4,7.1,7.64,0,103,22,4.4,1.1,51,56,No,Yes,School,Low,Yes,Excellent,High,6.31,78.0,Low,84.6,74
EDU00763,Aishwarya Iyer,Female,19,EEE,1,79.4,2.8,6.5,6,7,76.5,69.0,70.4,74.7,78.5,6.98,6.81,1,71,12,2.6,2.7,67,41,Yes,Yes,PG,Low,Yes,Excellent,Low,7.2,72.76,High,98.0,61
EDU00764,Sanjay Nair,Male,17,EEE,5,87.1,1.8,5.7,7,3,61.2,54.8,56.3,49.1,53.3,5.7,5.23,4,218,17,3.7,0.6,82,77,Yes,Yes,PG,Low,No,Excellent,High,5.74,111.24,Critical,83.1,62
EDU00765,Meera Das,Female,19,EEE,6,73.1,6.0,6.9,2,6,93.8,96.4,99.2,98.6,98.9,10.0,10.0,0,145,19,4.9,2.9,40,76,No,Yes,Diploma,Upper-Middle,Yes,Good,High,9.65,74.24,Low,61.6,72
EDU00766,Pooja Kumar,Male,23,AI&DS,3,92.4,4.6,5.9,3,3,95.4,85.9,89.2,89.7,99.3,8.2,8.27,1,24,29,1.0,0.9,42,54,Yes,Yes,PG,High,Yes,Good,High,9.02,58.56,Moderate,94.2,57
EDU00767,Keerthi Gupta,Female,22,CSE,5,85.5,1.3,8.1,5,5,65.2,70.9,69.1,73.7,76.5,6.7,6.77,1,47,36,2.1,0.7,89,54,Yes,Yes,PG,Low,Yes,Excellent,High,6.84,79.2,Moderate,81.6,45
EDU00768,Riya Singh,Male,24,CIVIL,8,93.2,2.5,6.8,2,10,69.8,77.8,72.8,78.3,76.5,8.21,8.72,0,42,23,0.5,2.4,99,97,Yes,Yes,PhD,Middle,Yes,Average,Medium,7.35,85.28,Low,100.0,53
EDU00769,Diya Iyer,Female,23,AI&DS,7,84.1,5.6,5.8,8,5,94.4,93.4,94.7,100.0,100.0,8.93,9.18,0,166,3,0.2,2.4,88,67,No,Yes,PhD,High,Yes,Good,Medium,9.42,102.04,Low,82.4,75
EDU00770,Aishwarya Das,Female,21,CSE,8,93.1,3.1,6.1,4,4,86.5,78.7,83.0,85.0,80.6,8.2,7.93,1,36,22,2.9,1.0,78,43,No,Yes,PhD,High,Yes,Excellent,High,8.27,75.64,Moderate,96.3,88
EDU00771,Karthik Verma,Female,24,CIVIL,4,77.4,3.6,8.0,1,10,77.5,73.2,72.2,79.2,86.0,7.43,7.63,0,208,5,2.7,2.4,46,49,No,Yes,School,Middle,Yes,Excellent,Low,7.43,90.96,Low,72.8,55
EDU00772,Priya Nair,Male,18,AI&DS,8,85.4,3.9,5.8,3,5,80.4,77.5,76.3,72.7,78.3,7.96,8.39,1,97,38,4.5,2.8,55,85,No,No,PG,Upper-Middle,Yes,Excellent,High,7.81,75.56,Moderate,85.3,89
EDU00773,Sanjay Patel,Female,22,AIDS,1,89.8,5.0,6.5,2,5,98.6,100.0,97.6,99.7,100.0,10.0,9.98,0,28,22,0.6,0.3,70,79,Yes,Yes,UG,Upper-Middle,Yes,Good,Medium,9.87,69.52,Low,93.5,84
EDU00774,Sneha Verma,Male,18,CSE,5,69.6,1.3,8.1,1,4,58.0,49.1,58.3,63.0,70.8,5.23,5.32,3,49,20,3.1,1.2,99,89,Yes,Yes,PhD,High,Yes,Excellent,High,5.51,77.24,Critical,70.0,47
EDU00775,Vihaan Reddy,Male,21,EEE,6,74.6,3.1,6.0,7,10,77.1,67.3,75.4,74.2,82.0,8.45,8.85,0,36,27,1.1,0.4,60,70,Yes,Yes,PhD,Middle,Yes,Good,High,7.33,61.04,Low,69.3,80
EDU00776,Meera Iyer,Female,19,IT,8,78.2,2.2,6.8,9,6,68.5,74.0,74.5,71.8,72.3,7.86,7.69,0,78,14,0.9,0.3,94,87,No,No,UG,Upper-Middle,Yes,Average,High,7.23,84.48,Moderate,57.0,66
EDU00777,Keerthi Nair,Male,24,ECE,5,69.7,2.5,6.3,8,7,61.5,58.1,58.4,54.9,51.1,6.09,5.88,4,49,27,0.3,0.0,40,100,Yes,Yes,School,Low,Yes,Poor,High,5.93,53.68,Critical,73.8,64
EDU00778,Harish Sharma,Male,21,EEE,8,92.4,2.9,8.1,10,7,82.0,86.3,84.0,83.2,78.6,9.39,9.54,0,204,8,2.7,0.9,80,55,Yes,Yes,School,Middle,Yes,Good,High,8.41,109.76,Low,94.1,90
EDU00779,Aarav Das,Female,19,CSE,4,92.3,3.1,6.6,2,9,85.6,93.6,94.6,98.5,100.0,9.02,9.41,0,28,8,4.0,2.5,48,83,Yes,Yes,PhD,Low,Yes,Average,High,9.13,61.72,Low,90.3,86
EDU00780,Aishwarya Nair,Male,23,AIDS,6,81.3,4.1,5.1,8,10,83.6,85.7,86.0,82.4,83.5,8.15,7.68,0,74,15,3.9,1.1,69,59,No,Yes,PG,Upper-Middle,Yes,Excellent,Low,8.51,74.92,Moderate,90.9,43
EDU00781,Aditya Verma,Female,20,AIDS,3,80.7,2.9,5.2,10,8,77.9,74.5,74.8,78.9,83.5,7.45,7.43,0,43,19,3.0,0.1,99,94,No,No,Diploma,Upper-Middle,Yes,Poor,High,7.57,80.48,Moderate,85.9,76
EDU00782,Karthik Singh,Female,21,CIVIL,8,67.7,1.7,6.9,9,6,57.7,60.3,61.6,68.9,64.9,7.01,6.81,2,209,5,1.9,1.4,77,93,Yes,Yes,School,Low,Yes,Excellent,High,5.99,99.68,Critical,47.3,65
EDU00783,Sneha Gupta,Female,20,CSE,3,79.6,5.4,5.0,1,8,93.8,94.2,94.1,86.9,89.8,9.16,8.72,0,45,34,2.4,0.7,59,53,Yes,Yes,School,Upper-Middle,Yes,Excellent,Medium,9.4,64.44,Low,74.9,83
EDU00784,Pooja Nair,Male,18,AI&DS,8,92.5,5.0,5.3,8,4,87.3,83.2,86.6,83.7,83.2,8.32,8.32,0,124,35,3.3,0.0,95,67,Yes,Yes,School,Upper-Middle,Yes,Average,High,8.57,99.8,Moderate,90.5,76
EDU00785,Karthik Kumar,Female,17,AI&DS,3,100.0,2.0,5.6,9,9,76.4,78.4,79.4,82.2,90.9,7.22,7.04,0,44,18,3.9,0.1,66,70,Yes,Yes,School,Upper-Middle,Yes,Average,Low,7.81,75.2,Moderate,100.0,80
EDU00786,Aditya Nair,Female,20,ECE,3,62.5,1.6,8.0,5,3,46.4,48.6,51.2,52.6,50.4,4.5,4.41,2,187,1,0.5,2.0,79,88,Yes,Yes,School,Middle,Yes,Good,Low,4.87,94.0,Critical,61.7,47
EDU00787,Sanjay Das,Male,20,ECE,3,90.9,2.8,6.8,2,6,72.1,65.1,67.7,64.2,61.1,6.38,6.43,1,217,19,3.0,1.3,40,51,No,Yes,PG,High,Yes,Good,Low,6.83,95.76,Moderate,100.0,60
EDU00788,Vihaan Das,Female,20,CIVIL,8,95.6,4.2,6.7,4,7,91.5,89.6,91.8,86.6,88.7,8.64,8.59,0,218,5,1.7,0.5,64,65,No,Yes,PhD,Low,Yes,Excellent,Medium,9.1,107.44,Low,93.7,71
EDU00789,Rahul Iyer,Male,17,CIVIL,7,82.1,2.5,5.9,6,6,72.4,77.5,78.7,83.1,92.3,8.72,8.65,0,204,20,3.3,1.0,75,77,No,Yes,PhD,Upper-Middle,Yes,Average,Medium,7.62,103.64,Low,69.1,79
EDU00790,Karthik Nair,Female,19,EEE,2,100.0,2.7,5.3,8,9,85.9,80.5,83.7,79.3,78.4,9.25,9.07,0,160,21,2.5,1.3,82,76,Yes,Yes,School,High,Yes,Average,Medium,8.34,104.8,Low,96.2,80
EDU00791,Nisha Gupta,Male,18,CIVIL,2,99.1,2.8,5.8,9,4,79.7,84.2,81.6,74.1,69.4,8.77,8.79,0,117,3,2.4,0.5,93,89,Yes,Yes,UG,High,Yes,Poor,High,8.18,100.24,Moderate,94.5,80
EDU00792,Sai Nair,Female,20,CSE,3,94.7,5.9,8.4,7,6,100.0,100.0,100.0,98.3,98.1,9.56,9.22,0,168,40,0.8,2.5,58,62,No,Yes,Diploma,Low,Yes,Average,High,10.0,94.68,Low,88.2,72
EDU00793,Nisha Das,Female,17,ECE,7,86.3,5.1,5.9,2,4,98.3,93.4,96.5,89.9,91.0,10.0,9.53,0,194,35,1.1,1.0,78,47,Yes,Yes,PG,Low,Yes,Good,High,9.61,104.52,Low,80.6,100
EDU00794,Aarav Sharma,Female,20,EEE,1,91.4,4.8,5.3,4,6,88.6,91.7,89.9,92.6,100.0,9.3,9.03,0,195,17,2.7,0.3,42,92,No,Yes,School,Low,Yes,Excellent,High,9.01,92.36,Low,90.9,100
EDU00795,Karthik Kumar,Male,21,CSE,2,82.4,3.0,8.4,10,4,70.8,62.6,63.3,69.9,67.2,6.45,6.92,1,50,25,4.6,3.0,87,44,Yes,Yes,Diploma,Low,Yes,Good,High,6.56,77.76,High,79.8,40
EDU00796,Ananya Singh,Female,19,AI&DS,4,78.9,2.6,5.3,1,10,69.8,65.7,67.6,74.6,78.5,6.17,6.27,1,40,20,3.9,0.3,84,96,Yes,Yes,School,Middle,Yes,Poor,High,6.77,73.16,Moderate,64.2,51
EDU00797,Harish Kumar,Male,21,AIDS,1,80.8,1.8,8.3,9,4,68.4,68.1,69.6,66.7,75.3,7.83,7.41,1,74,27,2.4,1.5,71,64,No,Yes,Diploma,Low,Yes,Poor,Low,6.87,75.52,High,75.7,47
EDU00798,Meera Singh,Male,23,CSE,5,86.9,1.8,7.2,2,8,62.8,69.9,68.4,61.7,61.7,6.5,6.45,2,130,11,1.9,1.2,56,92,No,Yes,UG,Middle,Yes,Good,Low,6.7,83.16,High,86.8,52
EDU00799,Aarav Reddy,Female,21,AIDS,2,60.0,5.7,6.6,9,7,83.0,84.0,81.3,82.4,91.6,7.57,7.13,0,47,37,5.0,2.1,61,67,No,Yes,PG,Middle,Yes,Good,High,8.28,57.8,Moderate,52.7,71
EDU00800,Harish Reddy,Male,24,CSE,8,79.1,1.8,6.4,6,9,60.5,63.8,65.9,65.5,70.5,5.76,6.2,2,90,7,4.2,0.0,92,64,No,Yes,UG,Low,Yes,Excellent,Low,6.34,86.44,High,80.2,66
EDU00801,Aarav Kumar,Female,23,AI&DS,5,85.6,5.9,7.8,2,10,97.8,100.0,98.9,92.7,93.0,10.0,9.68,0,78,9,2.8,0.5,75,49,No,No,UG,High,Yes,Average,High,9.89,79.84,Low,89.0,79
EDU00802,Karthik Iyer,Female,17,AI&DS,5,86.1,1.5,7.5,9,7,62.5,56.1,56.6,62.8,59.3,4.89,4.66,4,27,20,1.0,2.9,100,68,Yes,Yes,PhD,Middle,Yes,Excellent,Medium,5.84,79.84,Critical,86.1,20
EDU00803,Aditya Iyer,Female,17,AIDS,4,90.4,1.1,8.2,1,4,63.8,55.4,61.7,59.0,58.5,6.4,6.86,1,215,32,3.8,0.3,81,56,No,Yes,PG,High,Yes,Average,High,6.03,111.56,Moderate,98.6,57
EDU00804,Vihaan Reddy,Male,20,AI&DS,7,83.3,2.1,6.2,9,3,69.4,73.3,71.9,76.3,81.3,6.38,6.79,2,205,28,1.3,2.8,55,92,No,Yes,School,Upper-Middle,Yes,Good,Medium,7.15,96.32,Critical,81.3,56
EDU00805,Meera Iyer,Female,17,EEE,3,79.1,3.9,7.6,7,9,76.3,68.2,72.4,77.2,78.6,6.99,7.29,0,104,26,2.3,0.7,88,57,No,Yes,School,Low,Yes,Good,Low,7.23,87.64,Moderate,66.2,63
EDU00806,Aishwarya Nair,Male,20,CIVIL,2,80.7,2.5,8.1,1,5,66.7,63.3,65.1,60.2,66.0,6.74,6.42,2,121,18,1.3,1.4,93,71,Yes,Yes,School,Upper-Middle,Yes,Average,High,6.5,93.68,High,89.6,81
EDU00807,Sai Singh,Male,20,EEE,1,76.3,4.8,6.0,8,5,82.9,73.9,77.4,71.1,74.1,7.37,7.18,1,27,24,0.9,1.5,91,64,Yes,Yes,Diploma,Upper-Middle,Yes,Poor,Low,7.81,72.32,High,70.0,62
EDU00808,Karthik Patel,Male,22,EEE,6,96.9,1.9,5.8,2,8,73.4,64.8,65.5,63.7,59.4,5.59,6.0,2,131,25,0.9,2.6,79,78,Yes,Yes,School,High,Yes,Average,High,6.79,96.56,High,96.2,59
EDU00809,Sai Reddy,Male,21,CSE,7,77.3,3.3,8.2,3,4,68.8,69.5,70.2,69.8,79.7,6.03,5.77,2,110,2,4.9,0.4,54,77,Yes,Yes,UG,Upper-Middle,Yes,Average,Low,6.95,74.52,High,73.5,31
EDU00810,Vihaan Nair,Male,17,CSE,4,87.7,4.2,5.7,10,6,85.4,84.6,86.0,78.0,82.7,7.97,8.11,0,130,6,1.9,0.6,61,64,No,Yes,School,Upper-Middle,Yes,Good,Low,8.53,85.48,Moderate,87.9,84
EDU00811,Aishwarya Das,Male,20,AI&DS,5,81.8,5.0,6.2,4,5,87.6,84.3,85.6,90.1,96.6,8.13,8.04,0,207,18,4.2,1.3,90,87,Yes,Yes,UG,Middle,No,Poor,Low,8.58,110.12,Low,81.4,78
EDU00812,Aishwarya Gupta,Female,23,CIVIL,6,77.8,1.3,5.6,8,9,51.4,58.9,55.9,56.8,64.1,5.89,5.91,2,124,4,4.0,1.9,49,48,Yes,No,School,High,Yes,Excellent,Low,5.54,75.52,Critical,90.2,42
EDU00813,Priya Gupta,Female,20,MECH,4,69.1,1.7,5.7,8,4,50.8,56.3,56.7,57.0,56.3,5.7,5.66,3,41,5,1.4,0.5,59,52,Yes,No,Diploma,High,Yes,Average,High,5.46,59.44,Critical,78.1,55
EDU00814,Pooja Das,Male,20,CSE,4,78.8,1.7,6.5,10,9,59.8,64.0,66.6,70.7,73.7,6.18,6.22,2,71,31,2.1,1.7,96,61,Yes,Yes,Diploma,Low,Yes,Poor,Medium,6.35,84.12,Critical,68.2,73
EDU00815,Aarav Nair,Female,19,CIVIL,7,87.1,2.5,6.5,4,8,66.9,69.9,72.8,68.3,75.4,6.78,7.33,0,192,25,1.6,2.3,79,70,No,Yes,PG,Upper-Middle,No,Excellent,Low,6.99,104.84,Low,79.1,71
EDU00816,Rahul Singh,Female,22,CSE,1,84.2,2.5,7.2,6,3,77.3,74.9,80.8,79.5,80.2,8.94,9.38,0,56,3,4.3,2.3,88,68,No,Yes,Diploma,Middle,Yes,Poor,High,7.77,80.08,Low,98.5,70
EDU00817,Aishwarya Das,Male,21,EEE,3,91.9,1.4,7.0,5,9,71.1,75.8,76.3,73.0,75.4,7.73,8.17,1,191,0,1.4,1.0,71,86,No,Yes,Diploma,Upper-Middle,Yes,Good,High,7.44,103.36,Moderate,83.1,100
EDU00818,Vihaan Gupta,Male,20,ECE,3,71.3,1.5,6.6,3,6,52.0,48.4,54.0,57.1,66.0,5.8,5.6,2,203,25,2.4,2.3,68,40,No,Yes,Diploma,Middle,Yes,Excellent,Low,5.15,96.32,High,78.5,57
EDU00819,Aarav Sharma,Male,19,IT,1,74.1,5.1,7.9,9,7,85.0,88.4,91.3,92.0,90.1,9.64,9.61,0,135,36,1.9,2.8,72,50,No,Yes,School,Middle,Yes,Poor,Medium,8.82,85.44,Low,66.1,100
EDU00820,Nithin Das,Female,23,IT,1,81.8,3.8,6.3,7,7,80.7,73.7,73.3,68.3,67.2,7.07,7.52,1,75,23,0.2,2.0,96,95,Yes,No,UG,Upper-Middle,Yes,Poor,Medium,7.59,86.12,Moderate,82.2,59
EDU00821,Diya Verma,Male,17,ECE,1,88.9,2.4,7.2,1,7,69.4,70.5,70.0,63.2,61.4,6.66,6.73,2,46,17,2.6,0.7,59,69,No,Yes,School,Middle,Yes,Poor,Low,7.0,68.36,High,76.2,73
EDU00822,Priya Verma,Female,23,EEE,8,84.8,1.5,7.9,8,7,55.7,46.4,52.1,46.6,48.5,6.03,5.64,4,154,35,3.2,0.6,84,46,No,Yes,UG,High,Yes,Excellent,Low,5.14,98.32,Critical,87.4,53
EDU00823,Arjun Das,Female,23,AIDS,6,84.0,3.9,7.5,4,6,87.0,82.1,88.2,85.5,95.2,8.23,7.94,0,184,34,0.3,1.0,60,68,Yes,Yes,Diploma,Upper-Middle,Yes,Average,High,8.58,94.4,Low,70.2,77
EDU00824,Nisha Verma,Male,21,IT,7,85.1,3.0,5.5,8,10,72.3,79.5,77.7,78.3,77.3,7.62,7.72,1,73,0,4.1,2.3,40,49,No,Yes,PG,Middle,Yes,Excellent,Medium,7.65,64.64,Moderate,96.1,68
EDU00825,Nisha Verma,Male,21,MECH,2,73.3,4.2,7.8,1,5,77.1,79.7,74.5,70.3,77.4,7.38,7.09,0,157,36,4.6,0.4,86,93,Yes,Yes,Diploma,Middle,Yes,Excellent,Medium,7.71,95.12,Low,68.2,54
EDU00826,Aishwarya Sharma,Male,21,IT,6,100.0,1.6,7.6,9,9,65.8,59.8,58.4,57.5,53.7,4.99,5.4,4,91,9,1.0,2.0,71,53,Yes,Yes,PG,High,Yes,Poor,High,6.13,86.6,Critical,100.0,45
EDU00827,Keerthi Sharma,Female,18,CIVIL,6,83.3,4.5,6.5,7,9,79.1,76.1,79.4,79.8,78.3,7.52,7.31,0,177,23,0.8,2.8,93,58,Yes,Yes,PG,Upper-Middle,Yes,Excellent,High,7.82,105.92,Moderate,87.2,59
EDU00828,Karthik Reddy,Male,18,CSE,5,71.9,2.2,7.2,1,10,55.3,50.8,52.8,48.7,45.0,4.51,4.55,4,170,7,0.4,2.8,42,87,Yes,No,PG,Middle,Yes,Poor,Low,5.3,79.56,Critical,72.5,31
EDU00829,Sneha Kumar,Male,23,MECH,4,96.7,4.3,8.0,6,10,86.0,88.3,87.2,90.6,91.0,9.51,9.67,0,47,18,2.9,1.4,45,92,No,Yes,PhD,High,Yes,Good,High,8.72,66.08,Low,100.0,100
EDU00830,Sanjay Reddy,Male,20,CSE,8,65.1,4.5,7.9,7,9,75.8,69.8,69.2,67.5,67.5,7.64,7.79,0,204,31,3.3,0.9,42,91,Yes,Yes,Diploma,Low,Yes,Excellent,High,7.16,83.64,Moderate,68.9,79
EDU00831,Vihaan Sharma,Female,23,AI&DS,6,83.4,1.4,5.1,6,7,66.9,67.7,68.8,72.5,80.7,7.27,6.99,1,101,26,4.2,2.7,64,78,Yes,Yes,School,Low,Yes,Poor,High,6.78,79.16,Moderate,66.3,75
EDU00832,Vihaan Verma,Male,18,AIDS,2,87.4,4.6,7.8,5,3,83.7,80.1,86.4,83.8,93.1,7.77,7.87,1,213,11,3.1,0.2,87,54,Yes,Yes,Diploma,High,Yes,Excellent,Low,8.34,112.36,Moderate,84.1,83
EDU00833,Sanjay Nair,Female,19,AI&DS,2,65.3,1.7,5.5,7,4,59.4,61.9,60.2,63.4,62.2,5.94,5.44,3,203,14,0.4,2.5,45,42,No,Yes,Diploma,Middle,Yes,Excellent,Medium,6.05,84.72,Critical,60.7,68
EDU00834,Karthik Das,Female,21,IT,2,100.0,3.8,8.5,5,5,90.4,87.5,88.7,87.2,95.2,9.17,9.5,0,46,25,4.1,1.3,84,95,Yes,Yes,PG,High,Yes,Average,Medium,8.89,82.8,Low,87.3,80
EDU00835,Sanjay Nair,Female,17,CSE,7,87.5,5.4,7.7,3,10,90.0,90.3,89.5,89.7,95.1,7.97,8.24,0,134,25,0.4,1.2,92,60,Yes,Yes,PhD,Low,Yes,Good,High,8.99,98.6,Low,99.9,79
EDU00836,Nisha Patel,Female,18,IT,6,79.2,2.7,6.7,8,5,68.7,59.2,67.3,65.4,60.8,7.41,7.91,0,209,34,0.1,0.1,44,98,No,Yes,PG,Low,Yes,Good,Medium,6.51,91.08,Moderate,77.5,68
EDU00837,Pooja Das,Male,18,IT,6,86.3,5.3,6.2,2,10,100.0,98.5,94.6,100.0,100.0,8.55,8.84,0,67,16,1.3,2.1,51,73,No,Yes,PG,Upper-Middle,Yes,Poor,High,9.77,68.32,Low,83.1,85
EDU00838,Sanjay Kumar,Male,20,AI&DS,2,84.4,1.5,8.1,6,3,55.9,54.8,58.7,51.3,50.4,6.01,6.58,1,189,38,1.7,3.0,50,54,Yes,Yes,Diploma,Low,Yes,Poor,Medium,5.65,91.56,High,90.2,53
EDU00839,Rahul Kumar,Male,24,ECE,1,75.9,5.7,7.8,3,9,88.6,82.1,84.9,80.7,89.9,8.96,8.78,0,26,20,2.5,2.3,45,91,No,Yes,PhD,Upper-Middle,Yes,Excellent,Medium,8.52,53.56,Low,79.8,90
EDU00840,Vihaan Nair,Female,20,MECH,5,73.5,2.3,6.3,5,8,67.3,70.2,70.3,76.6,86.2,7.36,7.32,1,70,17,2.5,2.4,75,87,Yes,Yes,UG,High,Yes,Excellent,Medium,6.93,73.4,Moderate,69.4,81
EDU00841,Karthik Nair,Female,21,MECH,4,74.5,1.8,8.0,8,10,66.8,58.6,60.6,55.1,63.4,5.88,6.26,2,75,16,1.5,2.6,86,67,No,Yes,School,Upper-Middle,Yes,Good,Medium,6.2,79.2,Critical,86.9,59
EDU00842,Vihaan Iyer,Male,19,EEE,7,90.5,3.3,7.6,1,3,79.0,82.0,84.7,88.8,95.2,8.6,8.87,0,134,14,4.6,1.5,49,94,No,Yes,UG,Low,Yes,Poor,Low,8.19,82.6,Low,73.4,96
EDU00843,Keerthi Reddy,Female,22,CSE,6,84.2,1.2,5.5,1,7,55.3,53.2,52.4,49.9,58.2,4.52,4.53,3,217,14,4.1,2.3,79,94,No,Yes,School,Low,Yes,Average,High,5.36,108.68,Critical,95.6,52
EDU00844,Diya Das,Male,21,IT,7,81.9,2.8,8.1,5,5,72.5,65.4,67.8,62.7,67.7,6.0,5.56,3,146,14,2.6,1.7,83,62,No,Yes,School,Upper-Middle,Yes,Poor,High,6.86,95.16,Critical,73.4,51
EDU00845,Arjun Das,Male,22,CSE,2,86.1,3.4,8.2,5,8,81.2,76.8,81.0,87.8,89.1,8.05,8.15,0,126,29,1.0,1.3,64,46,Yes,Yes,UG,High,Yes,Excellent,High,7.97,85.24,Low,97.3,70
EDU00846,Rahul Nair,Female,18,IT,7,74.4,1.1,5.9,2,10,53.2,60.9,58.3,51.2,54.8,5.0,5.42,2,25,15,4.6,1.8,100,44,No,Yes,School,Upper-Middle,Yes,Poor,High,5.75,74.76,High,63.6,28
EDU00847,Ananya Das,Male,19,CIVIL,8,80.6,2.1,7.8,3,6,69.7,61.1,65.7,58.3,60.8,7.27,6.87,1,186,9,0.3,1.1,92,55,No,Yes,School,Middle,Yes,Average,High,6.55,106.24,Moderate,60.9,53
EDU00848,Sanjay Sharma,Male,21,IT,8,89.1,2.8,6.3,7,10,70.3,67.3,64.9,62.2,66.1,6.99,7.18,0,41,33,4.3,0.6,59,55,No,Yes,UG,Middle,Yes,Poor,High,6.75,67.44,Moderate,94.1,64
EDU00849,Rahul Das,Female,24,CSE,2,100.0,2.6,6.4,10,4,79.9,80.9,83.2,80.6,76.6,8.22,8.66,0,150,7,4.2,0.4,79,45,Yes,Yes,PG,Middle,No,Average,Low,8.13,101.6,Moderate,100.0,62
EDU00850,Aditya Das,Male,23,CSE,6,74.6,3.2,7.4,7,10,65.9,73.4,66.0,66.2,68.0,5.6,5.81,3,172,39,4.2,0.2,95,52,Yes,Yes,UG,Low,Yes,Average,Low,6.84,102.24,Critical,78.6,52
EDU00851,Sai Nair,Male,24,AI&DS,4,86.2,4.7,6.1,6,3,87.4,81.7,80.0,82.4,78.1,7.02,7.38,0,89,26,3.4,1.4,62,59,Yes,Yes,Diploma,Middle,Yes,Poor,Low,8.3,77.08,Moderate,92.7,69
EDU00852,Arjun Patel,Male,24,IT,2,89.6,1.2,7.6,2,6,58.6,59.8,55.2,52.2,49.4,4.72,4.81,4,63,23,4.0,0.5,89,75,Yes,Yes,School,High,Yes,Poor,High,5.79,84.04,Critical,92.1,39
EDU00853,Keerthi Patel,Female,17,ECE,2,72.9,4.2,7.5,4,9,79.1,74.4,78.2,77.1,74.9,6.91,6.8,1,85,6,3.9,2.9,98,40,No,Yes,Diploma,Upper-Middle,Yes,Good,Low,7.72,85.36,Moderate,72.2,67
EDU00854,Pooja Das,Female,18,IT,4,75.4,3.3,6.9,2,4,78.6,76.1,73.2,69.4,74.0,7.04,7.57,0,175,30,0.7,1.2,61,64,Yes,Yes,PG,High,Yes,Poor,Low,7.6,89.56,Low,73.8,71
EDU00855,Aishwarya Gupta,Male,23,IT,7,81.2,2.2,6.2,2,5,64.9,58.9,62.3,69.3,69.9,6.22,6.22,1,159,33,2.4,0.9,42,50,Yes,Yes,UG,High,Yes,Good,Medium,6.2,81.08,Moderate,85.8,38
EDU00856,Priya Nair,Male,24,CIVIL,4,65.0,4.6,5.0,2,4,83.1,83.6,79.3,76.1,80.5,7.13,6.83,2,78,7,3.0,3.0,87,66,Yes,Yes,PG,Upper-Middle,Yes,Poor,Medium,8.2,76.4,High,62.7,64
EDU00857,Priya Iyer,Female,23,AIDS,1,94.3,2.1,6.9,4,3,71.5,68.6,71.5,69.9,68.3,7.84,8.18,1,66,9,3.9,2.1,100,78,Yes,Yes,Diploma,High,Yes,Excellent,Medium,7.05,90.92,Moderate,94.5,80
EDU00858,Riya Patel,Female,18,AI&DS,5,84.2,1.2,7.6,3,4,53.7,53.6,49.9,44.4,46.6,5.03,4.55,4,49,28,3.5,2.3,100,65,Yes,Yes,PG,Upper-Middle,Yes,Good,High,5.24,83.48,Critical,80.4,47
EDU00859,Meera Singh,Female,17,MECH,3,91.7,5.6,5.5,8,4,97.2,99.2,97.4,97.7,94.1,9.98,10.0,0,22,27,0.4,0.6,91,83,No,Yes,Diploma,Low,Yes,Average,Low,9.79,77.48,Low,86.0,83
EDU00860,Rahul Das,Female,22,MECH,8,90.0,5.1,7.6,7,4,92.6,95.1,93.0,92.8,96.2,8.44,8.57,0,74,33,4.3,2.1,81,77,Yes,Yes,Diploma,Low,Yes,Average,High,9.36,83.2,Low,88.6,68
EDU00861,Aarav Gupta,Male,23,AIDS,6,68.2,1.9,7.4,3,4,61.3,61.7,57.7,63.1,59.3,6.0,6.08,1,168,2,3.8,0.1,84,78,Yes,Yes,Diploma,Upper-Middle,Yes,Good,High,6.02,94.48,High,71.3,69
EDU00862,Ananya Verma,Male,22,CIVIL,4,93.6,4.4,8.2,9,4,84.6,77.3,85.9,81.4,85.9,7.88,7.73,0,47,28,4.0,0.2,78,84,Yes,Yes,School,Upper-Middle,Yes,Excellent,Low,8.26,78.04,Moderate,87.2,57
EDU00863,Aditya Reddy,Male,23,AI&DS,2,79.2,4.5,6.4,10,7,79.8,73.9,74.4,70.1,69.8,6.88,6.44,1,22,30,3.0,1.6,87,61,Yes,Yes,PG,Upper-Middle,Yes,Excellent,Low,7.6,70.88,High,88.2,72
EDU00864,Nithin Kumar,Male,18,AIDS,8,85.5,4.2,8.1,6,4,83.4,82.3,78.5,73.8,83.2,7.79,8.32,0,27,30,3.5,0.4,82,54,No,Yes,Diploma,Upper-Middle,Yes,Average,High,8.14,72.4,Moderate,78.5,69
EDU00865,Rahul Singh,Male,20,AI&DS,7,73.7,4.4,5.9,4,9,74.8,73.0,75.4,72.4,71.4,7.13,7.7,0,59,1,0.8,0.8,91,93,No,No,PhD,Upper-Middle,Yes,Excellent,Medium,7.44,77.68,Low,84.9,97
EDU00866,Arjun Sharma,Female,18,MECH,7,100.0,5.9,5.0,10,7,98.7,97.8,95.2,95.8,100.0,10.0,10.0,0,101,19,4.2,0.4,93,60,Yes,Yes,PhD,Low,Yes,Average,Medium,9.72,97.4,Low,100.0,100
EDU00867,Arjun Sharma,Male,20,MECH,7,100.0,2.6,5.9,10,5,74.4,75.5,73.8,75.1,84.1,7.23,6.92,1,165,22,1.2,1.6,45,76,No,Yes,School,Middle,No,Poor,High,7.46,91.0,High,99.5,54
EDU00868,Sanjay Singh,Male,21,IT,5,87.5,1.0,6.5,3,6,56.4,61.0,61.8,64.6,67.7,5.64,5.4,2,140,23,0.5,2.9,73,64,No,Yes,UG,Low,Yes,Excellent,Medium,5.97,92.2,High,86.8,56
EDU00869,Harish Reddy,Female,20,IT,7,75.9,5.7,8.3,9,8,87.8,81.0,79.6,85.4,82.8,8.48,8.6,0,153,39,4.9,1.8,96,98,No,Yes,School,Middle,No,Excellent,High,8.28,99.36,Moderate,74.0,73
EDU00870,Keerthi Singh,Female,20,MECH,2,91.1,5.2,6.6,6,3,91.5,97.3,94.9,90.1,85.7,9.67,9.82,0,90,8,2.8,2.8,53,99,No,Yes,PhD,High,Yes,Excellent,Medium,9.46,75.64,Low,96.8,91
EDU00871,Aishwarya Das,Female,24,AI&DS,7,78.4,4.5,6.6,1,9,80.2,80.3,76.1,68.5,74.9,8.21,8.0,1,134,6,1.7,1.4,62,66,No,Yes,School,Upper-Middle,Yes,Excellent,Low,7.89,82.96,Moderate,76.1,68
EDU00872,Aditya Nair,Female,21,EEE,3,79.9,2.0,7.4,6,9,65.6,67.7,70.5,78.4,77.6,7.57,7.09,0,220,26,2.0,2.1,90,100,Yes,Yes,UG,Low,Yes,Good,Low,6.79,111.96,Moderate,82.4,73
EDU00873,Pooja Nair,Male,24,IT,6,68.4,5.0,5.4,1,5,86.0,89.7,86.1,89.4,91.8,9.1,9.43,0,97,32,5.0,0.2,66,88,Yes,Yes,UG,Middle,Yes,Poor,High,8.73,73.16,Low,68.2,70
EDU00874,Priya Patel,Female,22,ECE,1,100.0,4.6,5.3,2,5,93.4,91.0,93.2,86.5,93.6,9.62,9.12,0,95,32,4.3,0.4,95,97,No,Yes,PhD,High,Yes,Poor,Low,9.25,97.0,Low,100.0,86
EDU00875,Priya Iyer,Female,19,AI&DS,4,85.2,4.7,5.8,5,7,87.0,80.9,82.7,86.5,85.2,7.48,7.06,0,70,14,1.9,2.0,45,70,Yes,Yes,Diploma,Low,Yes,Good,Medium,8.35,66.08,Moderate,88.6,46
EDU00876,Diya Gupta,Female,23,IT,7,95.1,5.5,6.4,7,10,99.9,95.4,97.7,100.0,100.0,10.0,10.0,0,146,16,3.9,2.9,94,63,No,Yes,Diploma,Upper-Middle,Yes,Good,Low,9.77,104.84,Low,97.9,89
EDU00877,Nisha Iyer,Male,24,AIDS,5,74.0,5.4,8.0,4,10,88.6,96.1,96.1,88.5,96.5,9.45,9.34,0,98,38,2.2,0.6,45,44,No,Yes,Diploma,Middle,Yes,Poor,Low,9.36,67.2,Low,72.8,93
EDU00878,Vihaan Das,Female,17,CIVIL,6,88.7,3.0,7.5,3,6,80.1,75.1,76.0,76.4,85.8,7.27,7.49,0,82,21,4.8,2.7,95,83,Yes,Yes,PG,Low,Yes,Poor,Medium,7.71,89.88,Low,100.0,74
EDU00879,Aishwarya Kumar,Male,18,AI&DS,4,94.0,5.1,7.0,6,9,99.6,98.6,100.0,98.4,98.1,9.16,9.26,0,194,20,2.5,2.2,68,90,No,Yes,School,Upper-Middle,Yes,Excellent,Medium,9.94,103.6,Low,89.5,79
EDU00880,Keerthi Sharma,Female,24,AI&DS,5,88.4,4.6,7.6,7,9,91.6,84.1,91.2,92.0,89.2,9.35,9.66,0,202,8,1.8,1.0,78,77,No,No,PhD,Low,Yes,Average,High,8.9,106.96,Low,85.6,89
EDU00881,Sanjay Patel,Male,19,IT,8,80.0,3.1,6.0,1,8,69.4,67.8,65.3,59.8,58.6,6.24,5.98,2,156,24,1.9,0.9,59,68,Yes,Yes,PhD,Low,Yes,Excellent,High,6.75,86.8,High,85.7,73
EDU00882,Sneha Iyer,Male,21,AIDS,5,93.3,5.3,7.9,1,6,94.3,97.6,92.0,98.9,100.0,9.54,10.0,0,77,32,2.4,0.7,62,45,No,Yes,PG,High,Yes,Poor,Low,9.46,77.52,Low,90.3,100
EDU00883,Arjun Patel,Female,18,ECE,1,100.0,1.7,6.8,4,7,75.2,73.6,70.2,65.6,69.9,7.07,7.16,1,62,7,2.4,1.8,61,96,Yes,Yes,PhD,Upper-Middle,Yes,Average,High,7.3,76.8,Moderate,100.0,59
EDU00884,Priya Iyer,Female,18,CIVIL,8,66.5,2.7,7.2,4,6,70.7,77.0,71.1,71.6,80.9,6.29,6.77,1,207,3,5.0,2.9,44,92,No,Yes,Diploma,Upper-Middle,Yes,Average,Medium,7.29,85.6,High,65.7,91
EDU00885,Rahul Sharma,Female,24,ECE,1,90.0,5.2,7.6,2,5,94.2,98.7,92.4,85.8,91.7,8.42,8.19,0,184,22,1.8,2.5,100,44,No,Yes,Diploma,Low,Yes,Good,Low,9.51,112.8,Low,87.0,47
EDU00886,Aishwarya Gupta,Male,18,AI&DS,7,85.4,2.8,6.9,6,8,72.7,67.4,72.1,67.9,74.9,6.86,7.33,0,220,35,3.7,0.6,77,46,Yes,Yes,PhD,Upper-Middle,Yes,Average,Low,7.07,108.96,Moderate,74.5,49
EDU00887,Keerthi Singh,Male,18,AI&DS,7,80.4,5.9,8.2,7,9,89.3,83.7,89.9,93.1,96.0,8.25,8.48,0,209,7,2.0,0.4,92,72,Yes,Yes,School,High,Yes,Excellent,Low,8.76,110.76,Low,70.8,81
EDU00888,Priya Das,Female,19,AI&DS,4,77.9,4.2,6.7,2,3,73.8,71.6,69.1,73.9,78.4,7.78,7.98,0,53,8,2.8,1.4,85,52,Yes,Yes,School,High,Yes,Good,High,7.15,75.76,Low,78.0,75
EDU00889,Meera Reddy,Female,20,AIDS,2,88.2,1.7,6.2,5,8,59.0,54.8,57.0,63.8,68.4,6.11,5.77,4,152,25,0.1,1.1,58,75,Yes,Yes,Diploma,Upper-Middle,Yes,Excellent,Medium,5.69,88.88,Critical,98.1,53
EDU00890,Harish Gupta,Female,24,CIVIL,6,96.6,1.2,7.0,5,4,67.6,58.1,63.7,61.0,61.9,6.75,6.47,1,119,21,3.1,1.1,91,48,Yes,Yes,PG,High,Yes,Good,Medium,6.31,98.84,Moderate,100.0,57
EDU00891,Riya Das,Male,18,ECE,7,83.2,4.3,5.2,3,5,78.2,84.4,83.6,78.7,79.4,9.2,9.23,0,170,17,3.3,1.3,96,45,Yes,Yes,School,Middle,Yes,Poor,High,8.21,105.68,Low,91.6,94
EDU00892,Nithin Verma,Female,20,IT,5,80.2,2.5,7.1,2,7,68.0,65.9,62.4,60.2,59.8,5.5,5.26,3,43,26,2.4,1.9,92,76,No,Yes,Diploma,High,Yes,Poor,High,6.54,77.48,Critical,79.7,47
EDU00893,Nithin Verma,Female,23,MECH,7,85.6,4.4,5.5,3,8,86.7,91.4,92.9,93.3,90.8,9.36,8.86,0,215,7,2.6,0.5,63,53,Yes,Yes,PhD,Upper-Middle,Yes,Good,High,9.03,102.44,Low,87.1,79
EDU00894,Keerthi Gupta,Female,24,AI&DS,7,58.6,2.4,7.8,4,10,65.2,60.0,63.3,68.6,70.7,5.62,5.37,4,71,5,4.7,1.0,62,83,No,Yes,Diploma,High,Yes,Excellent,Medium,6.28,62.44,Critical,66.9,48
EDU00895,Arjun Sharma,Female,23,IT,7,74.0,3.2,7.7,2,10,67.9,68.6,71.1,64.3,64.7,7.39,7.23,0,176,25,2.2,1.8,55,99,Yes,Yes,School,Middle,Yes,Average,Low,6.92,86.8,Low,69.9,74
EDU00896,Aditya Nair,Male,17,CSE,6,86.1,3.9,7.3,3,5,88.8,94.2,91.7,95.8,100.0,8.6,8.95,0,173,10,2.4,1.2,43,76,No,Yes,School,Low,Yes,Poor,Medium,9.16,86.24,Low,88.3,86
EDU00897,Aarav Patel,Male,21,AI&DS,2,81.9,5.2,6.2,4,10,96.7,97.5,100.0,99.8,100.0,9.65,9.45,0,24,22,1.2,0.5,65,42,No,Yes,UG,High,Yes,Excellent,Low,9.81,63.56,Low,79.9,99
EDU00898,Vihaan Iyer,Male,23,EEE,2,72.3,1.5,7.4,9,8,55.7,50.4,57.3,51.8,54.3,6.21,5.9,2,111,20,3.6,2.5,81,93,Yes,Yes,School,High,Yes,Good,Medium,5.45,83.52,Critical,82.5,36
EDU00899,Pooja Reddy,Male,19,CIVIL,3,70.5,3.1,5.8,10,8,65.5,60.0,57.8,58.8,65.5,4.82,4.85,3,41,36,3.5,2.8,78,72,Yes,Yes,UG,Upper-Middle,Yes,Average,High,6.11,67.6,Critical,66.3,48
EDU00900,Nithin Singh,Male,21,IT,6,90.6,2.0,5.4,5,5,69.6,65.5,65.0,69.5,69.5,6.64,6.44,1,131,22,1.9,1.0,97,42,No,No,UG,Upper-Middle,No,Good,High,6.67,101.24,High,92.2,50
EDU00901,Karthik Singh,Male,23,AIDS,8,97.3,1.5,8.0,10,5,73.2,76.4,75.9,82.3,84.6,8.48,8.74,0,96,7,1.7,1.1,69,69,Yes,Yes,School,Low,Yes,Good,High,7.52,85.72,Moderate,100.0,95
EDU00902,Nithin Gupta,Female,20,EEE,5,77.1,2.2,5.3,5,10,59.3,61.0,58.8,66.2,66.3,5.39,5.14,3,185,40,2.4,0.3,74,61,No,Yes,PhD,Upper-Middle,Yes,Average,Low,5.97,97.44,Critical,66.4,38
EDU00903,Pooja Iyer,Female,22,AI&DS,6,86.1,3.4,7.1,8,8,77.1,84.3,83.6,90.2,96.8,7.88,8.08,0,125,10,1.2,2.2,81,90,No,Yes,UG,Low,Yes,Poor,Medium,8.17,91.84,Moderate,81.9,69
EDU00904,Priya Das,Female,18,EEE,8,80.0,4.3,6.7,4,7,77.3,79.0,76.3,73.7,69.3,8.06,8.11,0,115,25,0.2,1.4,52,78,No,Yes,School,High,Yes,Poor,High,7.75,75.8,Low,59.8,74
EDU00905,Vihaan Sharma,Female,17,CIVIL,8,71.4,3.9,7.3,10,3,77.3,68.3,70.9,73.8,74.8,7.5,7.12,0,168,15,3.3,2.3,99,77,No,Yes,Diploma,Upper-Middle,Yes,Excellent,Medium,7.22,101.76,Moderate,75.7,67
EDU00906,Sanjay Iyer,Female,23,AI&DS,8,82.7,1.3,5.4,9,6,56.7,63.2,57.1,61.9,69.2,6.22,6.39,1,89,12,0.2,1.4,94,59,Yes,Yes,UG,Middle,Yes,Excellent,High,5.9,88.48,High,80.6,67
EDU00907,Sanjay Iyer,Female,23,AIDS,2,76.4,5.8,5.9,1,6,99.1,100.0,95.1,94.4,100.0,10.0,10.0,0,131,23,2.8,0.5,92,41,Yes,Yes,UG,Middle,Yes,Average,High,9.81,93.56,Low,67.9,79
EDU00908,Meera Das,Female,18,IT,7,63.2,3.1,7.0,2,5,68.3,59.1,66.7,61.4,60.4,6.99,6.84,1,116,5,4.6,1.8,90,81,Yes,Yes,PhD,Upper-Middle,Yes,Good,Medium,6.47,84.48,Moderate,63.6,69
EDU00909,Nithin Singh,Female,22,ECE,3,86.3,2.9,7.9,5,7,68.5,62.6,65.9,71.5,80.1,6.28,6.02,1,68,32,4.8,2.1,49,43,Yes,Yes,PhD,Low,No,Average,Medium,6.57,67.72,High,75.1,68
EDU00910,Keerthi Verma,Female,18,EEE,8,79.8,5.7,5.9,3,5,86.9,93.6,91.9,87.8,86.4,8.72,8.29,0,48,11,2.2,1.6,98,64,Yes,Yes,PhD,High,Yes,Good,Medium,9.08,80.72,Low,76.5,89
EDU00911,Meera Kumar,Male,23,AIDS,7,90.4,1.5,6.9,8,9,57.7,58.1,57.7,63.1,67.6,5.14,4.74,2,30,18,2.7,2.5,65,75,Yes,Yes,School,High,No,Average,Low,5.78,68.16,Critical,85.9,62
EDU00912,Sanjay Reddy,Female,21,MECH,7,92.7,2.3,6.5,5,4,73.9,80.4,72.5,76.0,81.3,6.71,6.96,1,220,16,4.0,1.7,76,86,No,Yes,Diploma,Upper-Middle,Yes,Good,High,7.56,111.48,Moderate,100.0,60
EDU00913,Aditya Das,Female,17,CSE,2,94.1,4.7,6.3,10,4,87.1,88.1,92.1,91.5,89.1,10.0,10.0,0,37,38,1.2,2.7,86,48,No,Yes,PG,Low,Yes,Average,Low,8.91,79.44,Low,100.0,84
EDU00914,Keerthi Das,Male,24,MECH,5,100.0,3.6,5.5,10,6,81.8,71.9,77.3,81.4,88.8,7.11,7.53,1,41,0,2.0,1.3,96,91,No,Yes,PG,Upper-Middle,Yes,Good,Medium,7.7,86.6,High,95.1,51
EDU00915,Nisha Patel,Female,18,AI&DS,3,88.3,4.7,6.1,2,5,83.6,85.7,84.8,87.0,92.6,8.61,8.12,0,106,38,2.3,1.5,71,45,No,Yes,Diploma,Low,Yes,Excellent,High,8.47,84.92,Low,90.5,89
EDU00916,Aishwarya Kumar,Female,18,IT,5,78.0,5.6,7.4,1,8,86.3,87.2,87.2,82.9,87.4,8.83,8.68,0,81,28,1.9,0.8,88,75,No,Yes,PG,High,Yes,Excellent,Low,8.69,82.6,Low,76.1,71
EDU00917,Aarav Nair,Female,20,EEE,6,75.4,5.7,7.3,10,10,88.0,94.6,93.9,98.1,93.8,8.84,8.63,0,127,28,1.7,2.3,71,97,No,Yes,UG,Low,Yes,Good,High,9.22,83.96,Moderate,61.0,87
EDU00918,Nithin Verma,Male,21,AIDS,4,68.7,5.2,6.9,6,9,77.8,79.7,76.6,76.3,78.1,8.22,8.36,0,168,19,4.0,1.2,47,46,Yes,No,PhD,High,Yes,Good,Medium,7.8,79.88,Low,72.6,58
EDU00919,Diya Singh,Female,23,MECH,8,89.6,1.7,7.0,8,5,62.1,61.0,59.2,67.0,62.4,5.33,4.84,4,86,24,2.6,1.0,66,40,No,Yes,PhD,Middle,Yes,Poor,Low,6.08,79.44,Critical,73.5,42
EDU00920,Sneha Reddy,Female,24,AI&DS,8,95.1,5.4,8.1,8,8,98.0,92.4,92.3,93.3,100.0,8.52,8.27,0,170,11,4.4,2.4,99,68,Yes,Yes,School,Low,Yes,Average,Medium,9.42,111.64,Low,98.9,68
EDU00921,Aditya Reddy,Female,19,IT,1,84.2,3.0,8.4,3,7,77.2,71.2,69.7,64.0,68.3,7.83,7.61,0,25,25,4.1,2.7,93,94,No,Yes,UG,Middle,Yes,Excellent,High,7.27,75.88,Low,81.9,90
EDU00922,Diya Reddy,Male,22,AIDS,7,88.9,2.6,5.5,5,4,67.9,69.7,68.6,74.0,69.5,6.63,7.16,0,155,35,1.7,1.6,89,100,No,Yes,School,Low,Yes,Average,Medium,6.87,102.16,Moderate,75.5,71
EDU00923,Diya Singh,Male,17,MECH,4,70.1,5.9,6.4,5,5,90.9,83.4,91.7,92.5,97.1,9.06,9.0,0,193,11,0.2,2.2,100,48,Yes,Yes,School,High,Yes,Poor,High,8.87,106.64,Low,62.6,85
EDU00924,Ananya Verma,Female,23,ECE,3,95.5,3.7,6.7,9,10,80.0,72.1,76.0,81.2,86.7,7.1,6.77,1,165,23,4.0,0.5,92,47,No,Yes,PhD,High,Yes,Good,Low,7.6,108.0,High,95.4,57
EDU00925,Keerthi Kumar,Male,20,IT,1,87.0,3.4,5.1,2,3,76.4,83.0,84.1,78.5,75.9,8.82,9.15,0,41,31,1.8,1.1,57,44,No,Yes,PG,Middle,Yes,Poor,Medium,8.12,65.8,Low,87.9,80
EDU00926,Priya Nair,Male,24,MECH,1,92.4,4.9,6.2,7,10,89.6,94.5,87.6,93.5,94.5,8.72,9.22,0,107,18,3.7,2.8,91,52,Yes,No,UG,High,Yes,Average,High,9.06,94.76,Low,100.0,84
EDU00927,Pooja Patel,Female,17,CIVIL,1,87.7,5.0,8.0,6,10,86.5,85.8,83.8,86.4,86.5,8.79,8.97,0,137,0,0.5,0.1,46,76,No,Yes,PG,Middle,Yes,Average,Medium,8.54,80.88,Low,73.3,92
EDU00928,Arjun Das,Male,17,CSE,3,81.2,3.7,7.5,3,6,74.5,79.8,77.8,83.3,90.8,7.93,8.37,0,169,21,2.5,1.8,46,61,No,Yes,School,Low,Yes,Average,High,7.74,84.68,Low,84.5,69
EDU00929,Aishwarya Sharma,Female,19,AI&DS,8,100.0,2.7,8.3,5,4,85.3,87.9,89.7,94.9,98.6,8.29,7.93,1,40,33,4.6,0.7,44,51,No,Yes,PG,High,Yes,Excellent,High,8.76,65.6,Moderate,98.4,65
EDU00930,Aishwarya Gupta,Male,21,EEE,4,81.2,4.2,5.7,6,7,84.5,84.2,84.3,86.0,94.0,8.15,7.77,0,212,19,1.1,1.6,83,81,Yes,Yes,PhD,Low,Yes,Good,High,8.43,108.08,Moderate,77.5,79
EDU00931,Aarav Singh,Male,21,AIDS,7,85.7,5.8,7.2,1,7,100.0,99.3,99.4,93.4,100.0,9.75,10.0,0,197,8,0.6,0.8,49,99,Yes,Yes,PhD,Middle,Yes,Poor,High,9.96,93.28,Low,82.8,77
EDU00932,Nithin Kumar,Male,22,IT,8,82.2,2.2,8.3,2,10,62.4,67.1,62.9,56.0,58.4,7.02,6.98,1,22,40,0.3,0.8,98,79,Yes,Yes,UG,Upper-Middle,Yes,Good,Low,6.41,76.48,Moderate,85.0,53
EDU00933,Rahul Das,Male,22,CIVIL,7,89.5,5.6,6.7,8,4,99.0,92.8,92.6,96.9,94.4,8.86,9.16,0,80,25,1.6,0.1,52,49,Yes,Yes,School,High,Yes,Excellent,Medium,9.48,72.6,Low,100.0,74
EDU00934,Arjun Singh,Female,19,AIDS,8,81.2,2.2,7.6,6,8,63.0,54.1,60.7,57.2,61.8,5.32,5.5,4,56,3,3.7,1.3,63,91,No,Yes,Diploma,Middle,Yes,Average,High,5.93,68.88,Critical,79.6,90
EDU00935,Nisha Nair,Male,21,MECH,4,87.1,4.7,7.4,3,8,92.2,94.2,90.2,95.4,100.0,8.22,7.96,0,143,14,1.4,0.7,97,93,Yes,No,Diploma,High,Yes,Poor,Low,9.22,102.24,Low,87.8,86
EDU00936,Sai Singh,Female,21,AI&DS,6,92.0,2.0,7.9,3,3,66.0,67.8,65.1,58.3,54.0,6.01,5.66,2,27,31,3.5,1.1,62,60,No,No,PhD,Upper-Middle,Yes,Good,Low,6.63,67.0,High,89.4,52
EDU00937,Sai Singh,Female,23,EEE,2,85.3,1.4,7.2,6,8,58.1,51.7,50.3,50.1,52.9,5.2,5.63,4,108,1,1.7,2.2,86,84,No,Yes,UG,Low,No,Excellent,Low,5.34,90.12,Critical,77.2,56
EDU00938,Ananya Gupta,Female,22,AIDS,2,77.8,5.5,6.4,4,5,98.4,95.0,93.0,89.4,88.1,9.98,9.95,0,210,26,0.7,2.6,82,82,No,Yes,PG,Middle,Yes,Average,Low,9.55,105.92,Low,72.4,100
EDU00939,Aarav Gupta,Female,18,MECH,1,72.6,2.4,5.2,10,9,66.7,64.0,65.0,58.2,56.0,5.93,6.49,1,149,2,3.7,1.8,46,42,Yes,Yes,PG,Low,Yes,Average,High,6.52,77.24,High,63.3,48
EDU00940,Sai Gupta,Male,20,AI&DS,5,81.9,5.0,8.1,2,9,95.9,93.9,91.0,98.5,100.0,9.17,9.06,0,155,22,4.7,2.8,42,62,Yes,Yes,PG,Upper-Middle,Yes,Average,Medium,9.36,80.56,Low,87.2,92
EDU00941,Meera Reddy,Male,17,AIDS,3,70.9,4.6,5.5,1,4,78.1,83.3,77.6,73.0,74.3,6.8,6.87,2,205,1,4.8,0.7,89,65,No,Yes,PhD,Upper-Middle,Yes,Good,Medium,7.97,104.96,High,66.6,65
EDU00942,Harish Das,Male,23,AIDS,2,60.8,2.3,6.7,10,3,64.9,66.1,65.7,64.4,65.0,7.31,7.18,0,45,5,2.1,1.1,42,62,No,Yes,Diploma,Upper-Middle,Yes,Poor,High,6.56,50.12,High,53.5,54
EDU00943,Vihaan Gupta,Male,19,AI&DS,1,73.4,1.7,6.9,6,9,55.2,54.7,54.7,59.4,54.7,4.87,4.79,4,162,30,0.5,2.3,93,66,Yes,Yes,PhD,High,Yes,Poor,Low,5.49,98.96,Critical,79.9,47
EDU00944,Sai Singh,Male,19,MECH,5,97.4,2.7,5.1,1,8,74.9,65.0,70.0,73.9,69.4,7.13,7.64,0,165,31,2.0,1.4,73,72,No,Yes,PG,Low,Yes,Average,Low,7.0,101.16,Low,100.0,64
EDU00945,Karthik Singh,Male,20,AI&DS,1,86.7,1.1,5.3,4,8,66.9,57.2,62.0,69.6,68.8,6.08,6.2,2,125,20,5.0,1.2,64,49,No,Yes,UG,Low,Yes,Excellent,Low,6.2,85.28,High,83.4,37
EDU00946,Sai Iyer,Male,24,MECH,7,89.2,1.3,5.6,4,3,57.5,49.4,51.3,49.3,55.5,5.03,5.46,2,67,23,0.4,1.1,76,87,Yes,Yes,School,Middle,Yes,Poor,Medium,5.27,79.48,Critical,88.1,52
EDU00947,Arjun Nair,Female,23,AI&DS,2,73.8,5.2,5.8,3,10,83.9,80.5,77.5,78.4,85.4,7.58,7.44,0,120,39,1.6,1.7,91,94,No,Yes,Diploma,Low,Yes,Average,Medium,8.06,89.92,Low,85.9,76
EDU00948,Pooja Reddy,Female,23,ECE,2,80.6,2.2,6.6,8,4,63.4,70.7,71.5,76.9,85.0,7.98,7.51,0,117,24,3.2,2.4,98,56,Yes,Yes,Diploma,High,Yes,Excellent,Low,6.85,94.84,Moderate,77.3,72
EDU00949,Aarav Singh,Female,18,CSE,2,80.0,5.1,7.8,10,5,87.5,83.7,86.6,92.8,98.7,8.48,8.59,0,218,13,1.4,2.9,54,56,Yes,Yes,Diploma,Low,Yes,Poor,Low,8.59,97.2,Moderate,79.1,100
EDU00950,Pooja Sharma,Female,17,MECH,2,62.7,4.5,5.8,6,4,75.9,73.3,69.6,66.6,62.2,6.68,6.18,2,90,3,4.0,2.7,69,46,No,Yes,PhD,High,Yes,Average,Low,7.29,70.68,Critical,68.5,75
EDU00951,Aarav Patel,Male,21,MECH,7,69.1,2.4,6.7,3,10,64.3,58.1,60.7,57.0,55.3,6.79,7.32,0,86,39,3.1,1.8,73,68,Yes,Yes,Diploma,Middle,No,Poor,High,6.1,74.04,Low,58.8,50
EDU00952,Sanjay Nair,Female,18,IT,7,100.0,5.8,5.2,7,3,99.8,100.0,100.0,97.6,100.0,10.0,10.0,0,109,31,4.6,1.2,45,83,Yes,Yes,PhD,High,Yes,Good,Medium,9.99,79.8,Low,84.8,78
EDU00953,Aditya Reddy,Female,20,CIVIL,1,59.2,2.9,6.0,1,7,60.8,58.0,63.2,61.3,65.8,6.49,6.56,1,150,16,2.6,1.4,97,81,Yes,Yes,School,Low,Yes,Excellent,Medium,6.07,92.48,Moderate,61.4,67
EDU00954,Aarav Sharma,Female,24,ECE,8,90.9,2.6,8.2,10,6,78.8,72.1,79.8,78.9,75.4,8.84,8.42,0,166,27,4.2,3.0,57,79,Yes,Yes,School,Upper-Middle,Yes,Good,Low,7.69,92.36,Moderate,96.3,83
EDU00955,Diya Iyer,Female,24,EEE,4,73.6,2.2,7.3,9,7,70.5,61.8,64.9,59.5,63.0,5.71,6.06,1,74,14,1.8,2.7,96,99,Yes,Yes,PhD,Middle,Yes,Excellent,Medium,6.57,82.64,High,72.8,48
EDU00956,Karthik Nair,Male,24,AIDS,4,68.1,1.5,6.6,10,7,59.1,54.6,53.4,53.5,59.3,4.64,5.15,4,163,22,4.2,1.1,61,82,Yes,Yes,Diploma,High,Yes,Excellent,High,5.57,84.24,Critical,68.8,43
EDU00957,Arjun Singh,Male,20,EEE,4,79.6,5.0,8.1,8,9,80.9,82.4,83.1,82.7,81.1,7.95,8.12,0,203,7,1.9,1.0,65,84,Yes,Yes,UG,Upper-Middle,Yes,Good,Medium,8.21,98.44,Moderate,77.0,73
EDU00958,Karthik Das,Female,17,CSE,5,83.0,4.3,7.2,6,8,84.0,76.8,77.7,81.2,80.0,7.03,7.3,0,205,34,4.9,1.2,87,77,Yes,Yes,Diploma,Low,Yes,Poor,High,7.95,109.0,Moderate,73.8,50
EDU00959,Rahul Nair,Male,17,AI&DS,2,89.7,4.9,7.8,2,3,85.7,92.4,89.9,85.0,83.9,8.49,8.84,0,179,40,2.6,0.4,45,94,Yes,No,PhD,Middle,Yes,Good,High,8.93,89.68,Low,93.1,82
EDU00960,Priya Das,Male,23,AIDS,3,86.4,2.0,8.3,2,3,63.8,67.1,61.7,64.5,73.7,6.1,6.29,2,125,23,4.8,2.2,44,78,Yes,Yes,School,Middle,Yes,Poor,Medium,6.42,77.16,High,90.3,53
EDU00961,Karthik Sharma,Female,21,CSE,8,87.8,2.9,7.2,4,3,79.2,74.8,76.4,72.2,74.8,7.27,7.46,1,36,26,4.2,1.3,40,93,Yes,Yes,PhD,Low,No,Average,High,7.68,58.32,Moderate,81.9,69
EDU00962,Rahul Iyer,Male,19,CIVIL,8,90.6,5.6,5.6,10,6,97.5,100.0,100.0,100.0,100.0,9.33,9.04,0,67,39,2.1,0.8,59,83,No,Yes,Diploma,High,Yes,Excellent,High,9.92,73.24,Moderate,88.1,80
EDU00963,Aditya Sharma,Male,21,ECE,4,77.0,1.2,5.9,10,3,50.5,52.5,53.5,55.0,59.9,5.74,6.09,1,198,10,3.9,1.6,99,79,Yes,Yes,UG,Low,Yes,Poor,High,5.22,110.0,High,77.1,64
EDU00964,Nithin Nair,Male,24,IT,2,92.6,3.1,8.1,7,9,82.3,86.4,81.3,81.4,77.5,8.72,8.41,0,108,39,2.9,2.9,69,89,Yes,Yes,PhD,Middle,No,Good,Medium,8.33,86.24,Low,88.2,57
EDU00965,Nisha Iyer,Female,18,IT,5,95.8,4.6,5.9,2,4,99.7,90.4,94.6,90.1,93.0,8.76,8.65,0,187,29,4.3,0.3,50,63,No,Yes,Diploma,Middle,Yes,Poor,Low,9.49,95.72,Low,91.6,81
EDU00966,Pooja Kumar,Female,23,ECE,1,87.9,4.7,6.8,3,5,91.6,81.7,87.2,87.4,85.7,9.54,9.99,0,48,2,4.4,2.0,73,73,Yes,Yes,PG,Middle,Yes,Good,Medium,8.68,73.96,Low,100.0,85
EDU00967,Pooja Iyer,Male,19,AI&DS,8,76.8,1.7,5.2,8,3,60.2,53.3,52.4,55.3,52.7,5.47,5.44,2,181,25,1.6,0.5,86,86,No,Yes,School,Low,Yes,Good,Low,5.53,101.32,Critical,83.7,32
EDU00968,Vihaan Verma,Male,21,EEE,3,80.3,1.6,8.1,4,3,54.1,54.6,59.3,53.5,52.1,5.01,5.33,4,79,0,3.5,0.6,57,83,Yes,Yes,UG,Middle,Yes,Good,Low,5.6,70.72,Critical,79.1,60
EDU00969,Nisha Sharma,Female,19,AI&DS,2,63.1,5.4,7.5,4,4,83.0,84.1,84.1,87.7,87.3,7.91,8.35,0,115,17,4.5,0.2,41,64,Yes,Yes,UG,High,Yes,Poor,High,8.37,64.64,Moderate,56.6,45
EDU00970,Pooja Singh,Female,22,AI&DS,2,92.1,2.6,7.3,8,9,71.7,69.3,69.6,72.7,75.4,7.13,6.96,1,111,0,1.6,0.1,79,91,No,Yes,PG,Low,Yes,Poor,Medium,7.02,90.64,Moderate,100.0,52
EDU00971,Rahul Iyer,Female,19,ECE,3,73.4,1.7,7.8,9,3,54.5,54.3,53.9,50.8,51.0,4.93,4.49,4,202,19,2.5,1.2,100,61,Yes,Yes,School,Low,Yes,Poor,Medium,5.42,109.76,Critical,71.2,40
EDU00972,Rahul Iyer,Female,23,IT,8,99.0,3.2,6.9,9,5,81.2,85.2,88.0,84.4,88.2,9.74,9.26,0,111,34,4.5,1.5,85,88,No,Yes,PhD,High,Yes,Good,Low,8.48,95.8,Low,92.1,85
EDU00973,Rahul Das,Male,22,MECH,5,73.8,4.3,6.3,3,3,81.1,81.1,80.5,82.1,91.8,7.23,7.48,0,171,35,1.1,2.1,88,61,No,Yes,Diploma,High,Yes,Good,High,8.09,98.92,Moderate,66.4,75
EDU00974,Aditya Sharma,Female,17,MECH,8,97.8,5.6,5.1,2,8,100.0,90.6,92.1,96.5,94.5,9.63,9.78,0,116,3,0.0,1.5,57,69,No,Yes,School,Middle,Yes,Average,Low,9.42,85.12,Low,86.7,80
EDU00975,Meera Singh,Female,18,CSE,4,68.1,4.7,7.0,8,5,87.2,82.7,89.3,95.9,100.0,8.37,8.44,0,211,34,4.4,2.0,96,93,Yes,Yes,PhD,High,Yes,Poor,High,8.64,107.84,Moderate,57.8,65
EDU00976,Nithin Patel,Female,23,ECE,1,85.0,4.6,8.1,1,3,87.1,86.2,84.5,85.8,90.0,9.02,9.32,0,96,17,1.6,2.1,81,82,No,Yes,UG,Upper-Middle,Yes,Poor,Medium,8.59,85.6,Low,82.9,72
EDU00977,Priya Das,Male,23,IT,7,78.8,4.2,8.2,5,6,79.4,77.2,80.2,72.7,79.7,7.54,7.41,1,151,13,4.6,1.5,80,80,Yes,Yes,PhD,High,Yes,Good,Medium,7.89,93.72,Moderate,73.7,68
EDU00978,Sneha Patel,Female,22,CIVIL,2,92.5,2.9,6.8,4,7,80.0,79.2,84.2,79.6,89.5,8.72,8.33,1,139,29,4.8,0.3,98,83,Yes,Yes,School,Low,Yes,Average,Medium,8.11,104.0,Moderate,91.8,84
EDU00979,Nisha Reddy,Male,20,ECE,6,70.1,2.4,5.8,4,9,57.7,55.7,58.5,51.2,49.0,5.02,5.62,2,194,25,1.6,0.5,55,60,No,Yes,UG,High,Yes,Good,High,5.73,88.84,High,75.5,43
EDU00980,Vihaan Patel,Male,19,ECE,5,75.3,3.4,5.3,7,8,79.4,76.9,80.3,77.3,77.5,7.93,8.52,0,58,2,0.2,0.3,56,44,Yes,Yes,UG,Upper-Middle,Yes,Good,Medium,7.89,64.12,Low,83.4,68
EDU00981,Priya Sharma,Male,18,ECE,2,77.1,5.8,5.5,1,9,92.2,83.9,84.7,79.1,88.8,8.77,8.99,0,181,1,1.8,0.9,66,75,No,Yes,School,Upper-Middle,Yes,Good,Medium,8.69,93.44,Low,64.9,80
EDU00982,Ananya Das,Female,17,IT,7,91.6,2.1,6.2,1,10,70.5,64.7,68.7,71.5,80.3,6.3,6.51,1,124,12,2.9,1.8,56,83,No,No,PhD,Middle,Yes,Excellent,High,6.8,83.84,Moderate,89.1,69
EDU00983,Priya Reddy,Female,17,IT,3,77.5,1.7,7.0,6,8,60.3,57.4,58.2,65.2,67.1,6.66,6.23,1,193,6,0.9,0.2,77,94,Yes,Yes,PhD,Low,Yes,Excellent,High,5.86,100.4,High,84.5,43
EDU00984,Meera Reddy,Male,23,IT,2,72.9,3.8,5.7,4,6,77.0,73.6,78.7,82.6,80.0,8.71,9.07,0,176,9,0.6,2.6,54,41,No,Yes,Diploma,High,Yes,Poor,High,7.64,85.96,Low,66.4,66
EDU00985,Sai Reddy,Male,24,AIDS,5,75.6,1.9,7.7,6,7,65.3,63.7,63.9,58.6,61.8,5.68,5.62,2,60,33,4.2,2.2,41,45,Yes,Yes,PhD,Low,Yes,Good,Medium,6.43,58.64,Critical,73.9,39
EDU00986,Keerthi Iyer,Female,19,EEE,8,75.9,3.0,8.0,7,3,72.9,64.9,73.4,72.4,77.8,6.85,7.25,0,65,23,2.3,1.4,69,84,No,Yes,PhD,Upper-Middle,Yes,Excellent,Low,7.04,70.96,Moderate,93.0,48
EDU00987,Riya Singh,Female,22,AIDS,8,90.7,3.3,8.0,7,4,79.7,79.5,83.8,84.5,81.8,8.42,8.8,0,54,32,4.0,0.4,65,83,Yes,Yes,PG,Upper-Middle,Yes,Excellent,Low,8.1,73.08,Low,88.5,95
EDU00988,Aarav Iyer,Male,24,CSE,7,92.8,1.2,6.4,7,3,68.3,75.0,75.0,77.3,78.0,8.5,9.07,0,167,23,3.2,0.4,77,73,Yes,Yes,Diploma,Upper-Middle,Yes,Good,Low,7.28,101.32,Low,93.3,60
EDU00989,Diya Singh,Male,23,AI&DS,2,70.6,3.9,5.3,10,7,68.0,63.4,65.4,68.5,75.2,6.91,6.94,1,113,10,0.2,1.4,46,86,Yes,Yes,UG,Low,Yes,Average,Low,6.56,69.24,High,72.2,71
EDU00990,Keerthi Verma,Female,24,CIVIL,8,77.8,4.5,7.3,5,9,77.3,84.3,85.5,79.0,87.9,8.69,8.19,1,140,3,4.1,1.5,87,63,Yes,Yes,School,Upper-Middle,Yes,Average,Medium,8.24,93.92,Moderate,79.7,96
EDU00991,Harish Das,Female,19,ECE,3,72.8,1.2,5.0,3,10,56.4,59.6,57.6,60.7,65.7,6.63,6.83,2,128,20,3.0,2.2,68,87,No,Yes,Diploma,Upper-Middle,Yes,Excellent,High,5.79,81.92,High,76.8,79
EDU00992,Riya Singh,Male,17,EEE,2,92.5,3.0,5.4,4,10,75.0,66.1,73.4,79.0,75.4,8.14,7.85,0,219,39,3.8,2.6,90,67,No,Yes,PhD,High,Yes,Poor,High,7.15,116.8,Low,93.4,86
EDU00993,Priya Kumar,Female,22,AIDS,2,85.7,5.0,6.6,10,3,92.8,93.8,93.4,89.8,93.6,8.41,7.97,0,148,25,0.9,2.2,83,62,No,Yes,UG,Low,No,Excellent,Low,9.33,97.08,Moderate,85.6,70
EDU00994,Rahul Singh,Female,20,MECH,3,70.5,5.9,7.6,2,4,97.4,100.0,100.0,100.0,100.0,10.0,10.0,0,156,16,2.1,1.3,72,79,No,Yes,Diploma,Low,Yes,Good,High,9.91,88.2,Low,67.9,98
EDU00995,Keerthi Sharma,Male,17,AIDS,4,84.0,4.3,7.4,9,3,79.5,75.7,76.8,71.3,75.5,8.58,8.81,0,54,0,1.7,1.0,74,92,Yes,Yes,PhD,High,Yes,Poor,High,7.73,74.0,Moderate,93.7,56
EDU00996,Riya Reddy,Male,21,AIDS,5,80.0,4.0,6.9,8,7,78.8,81.5,81.0,88.0,97.4,8.06,8.16,0,194,30,4.9,2.6,45,56,No,No,Diploma,High,Yes,Poor,Medium,8.04,88.8,Moderate,87.7,71
EDU00997,Diya Reddy,Male,23,AIDS,7,71.4,4.1,6.8,10,10,76.8,76.3,74.5,71.8,70.7,7.35,7.17,0,80,17,0.0,2.8,99,48,Yes,Yes,School,Upper-Middle,No,Excellent,Low,7.59,84.16,Moderate,68.6,91
EDU00998,Aishwarya Iyer,Male,20,EEE,7,75.3,5.5,6.8,1,4,85.2,88.2,91.5,88.1,87.5,9.36,9.32,0,191,22,2.0,2.8,44,63,No,Yes,PG,Middle,Yes,Average,Low,8.83,85.92,Low,61.4,96
EDU00999,Aishwarya Kumar,Female,22,EEE,1,97.3,5.3,8.4,2,9,97.9,89.3,91.0,83.8,91.4,10.0,9.69,0,186,31,0.3,1.2,81,50,No,Yes,UG,High,Yes,Poor,Low,9.27,108.52,Low,97.1,81
EDU01000,Sai Sharma,Male,17,AIDS,3,85.4,3.8,6.7,1,9,80.1,82.4,85.1,82.6,90.5,8.17,8.11,0,110,27,1.6,2.5,45,73,Yes,Yes,PhD,Middle,Yes,Average,Low,8.25,74.16,Low,76.9,74
EDU01001,Rahul Verma,Female,23,AI&DS,6,87.3,5.2,7.1,7,7,88.2,83.7,86.3,82.9,91.2,8.29,7.84,0,191,14,4.2,0.5,79,74,No,Yes,Diploma,Middle,Yes,Poor,Low,8.61,104.72,Moderate,97.6,67
EDU01002,Keerthi Nair,Female,21,IT,8,92.5,5.6,7.6,9,9,93.5,84.5,91.0,95.4,93.2,8.39,8.4,0,27,15,0.7,1.5,98,70,No,Yes,UG,High,Yes,Poor,Medium,8.97,81.6,Low,87.5,68
EDU01003,Rahul Verma,Male,20,EEE,6,83.0,5.1,7.6,6,10,85.8,76.6,77.5,82.4,90.0,7.75,8.04,0,34,16,1.7,1.0,62,85,No,Yes,Diploma,High,Yes,Average,Low,8.0,64.8,Low,90.7,72
EDU01004,Pooja Iyer,Female,17,EEE,3,100.0,4.9,5.1,3,8,94.3,97.1,94.8,96.5,100.0,9.85,10.0,0,135,29,3.2,0.9,46,66,No,Yes,PhD,Low,Yes,Excellent,High,9.54,85.4,Low,84.2,100
EDU01005,Harish Nair,Female,20,CIVIL,6,81.7,2.9,5.0,5,7,76.2,80.5,80.5,82.5,78.6,8.43,8.24,1,104,22,2.7,2.8,68,41,Yes,Yes,PG,Middle,Yes,Good,Medium,7.91,80.68,Moderate,81.4,79
EDU01006,Nisha Das,Female,19,CIVIL,5,71.4,1.2,6.4,9,8,49.8,56.3,57.5,50.3,58.2,5.24,5.3,4,50,15,3.6,1.5,45,95,No,Yes,Diploma,Middle,Yes,Excellent,High,5.45,56.56,Critical,72.4,41
EDU01007,Riya Kumar,Female,18,AI&DS,1,63.6,5.7,6.3,4,6,82.2,82.9,77.8,80.0,81.7,7.11,7.45,0,101,24,1.8,1.3,79,63,No,Yes,PhD,Upper-Middle,Yes,Excellent,Medium,8.1,77.24,Moderate,63.6,49
EDU01008,Nisha Iyer,Female,22,AI&DS,6,87.1,2.6,7.3,7,5,73.4,70.0,71.1,67.9,68.4,7.89,8.31,0,163,14,3.1,2.8,84,60,Yes,Yes,UG,Middle,Yes,Excellent,High,7.15,101.04,Moderate,84.0,66
EDU01009,Sneha Verma,Male,18,CIVIL,6,75.3,1.5,5.2,3,4,58.3,53.5,54.1,47.1,45.2,5.99,6.22,1,181,24,3.8,2.6,69,52,Yes,Yes,PhD,Middle,Yes,Poor,Low,5.53,93.92,High,74.3,80
EDU01010,Diya Patel,Male,18,IT,5,100.0,5.4,6.0,3,6,100.0,100.0,97.9,100.0,100.0,9.94,9.54,0,203,5,4.1,2.7,63,85,Yes,Yes,PhD,Upper-Middle,No,Poor,High,9.93,105.8,Low,100.0,77
EDU01011,Aarav Singh,Female,21,CSE,3,81.6,5.0,7.3,3,8,90.0,87.3,93.2,97.7,95.8,8.93,9.49,0,79,16,4.0,2.1,70,44,Yes,Yes,PhD,High,Yes,Excellent,Medium,9.02,76.44,Low,87.2,74
EDU01012,Pooja Nair,Male,19,AIDS,4,83.2,2.5,5.4,2,5,62.8,67.8,61.2,64.3,62.4,5.29,5.04,2,94,37,4.3,1.7,50,79,Yes,Yes,PhD,Low,No,Excellent,High,6.39,72.08,High,89.7,38
EDU01013,Keerthi Singh,Female,19,ECE,2,78.2,5.1,5.4,10,3,84.2,86.4,89.9,93.5,98.9,8.18,8.74,0,79,27,4.4,1.9,71,43,No,Yes,School,High,Yes,Poor,High,8.68,75.48,Moderate,66.9,66
EDU01014,Karthik Verma,Male,18,AIDS,5,81.7,1.2,7.8,1,4,55.0,59.3,53.7,57.9,67.7,4.91,5.29,4,114,27,0.1,1.5,56,97,No,Yes,UG,Low,Yes,Excellent,Medium,5.6,77.88,Critical,71.9,40
EDU01015,Sai Iyer,Female,19,ECE,2,67.0,5.1,7.6,4,4,85.9,76.6,81.3,74.5,79.3,8.84,9.16,0,216,3,1.6,2.7,88,68,Yes,Yes,PhD,High,Yes,Poor,Medium,8.13,105.2,Low,57.3,87
EDU01016,Priya Gupta,Male,17,MECH,5,93.7,3.0,7.1,7,9,81.5,85.1,85.5,93.3,92.0,8.93,8.5,0,146,6,3.7,1.0,92,40,Yes,Yes,School,Upper-Middle,Yes,Excellent,Low,8.4,103.48,Low,89.5,68
EDU01017,Sanjay Reddy,Male,21,ECE,1,76.5,5.0,6.4,9,10,87.6,86.1,83.8,89.8,87.4,8.32,8.48,0,167,31,0.9,1.6,96,60,Yes,Yes,PhD,Upper-Middle,Yes,Good,Medium,8.58,102.4,Moderate,73.8,82
EDU01018,Aditya Patel,Male,23,AI&DS,4,100.0,5.6,6.8,3,6,100.0,98.2,100.0,100.0,100.0,9.79,9.91,0,182,12,0.7,0.7,41,42,No,Yes,PG,Upper-Middle,Yes,Good,High,9.94,92.8,Low,100.0,85
EDU01019,Harish Nair,Female,21,CIVIL,8,77.7,5.7,5.9,7,6,86.1,90.0,87.6,85.1,82.6,8.64,8.58,0,51,16,1.8,0.9,72,46,Yes,Yes,UG,Upper-Middle,Yes,Good,Medium,8.79,70.08,Moderate,85.6,87
EDU01020,Rahul Verma,Male,21,ECE,7,82.2,5.5,5.3,9,9,87.8,90.3,93.2,99.0,100.0,8.47,8.54,0,62,25,3.7,0.1,61,61,No,Yes,UG,High,Yes,Good,Low,9.04,69.68,Moderate,94.5,94
EDU01021,Priya Verma,Male,23,EEE,4,88.5,3.5,5.3,5,3,83.0,79.6,79.4,87.3,95.0,7.65,7.6,0,27,0,1.2,0.0,45,45,No,Yes,Diploma,Middle,Yes,Average,Low,8.07,58.8,Moderate,82.5,81
EDU01022,Sneha Nair,Female,21,IT,2,100.0,4.3,7.5,8,6,90.3,88.8,89.9,92.4,100.0,9.87,9.73,0,193,40,2.3,2.9,77,52,No,No,PhD,Low,Yes,Good,Low,8.97,109.4,Low,89.7,93
EDU01023,Pooja Sharma,Male,20,CIVIL,5,80.1,5.3,7.6,1,6,87.2,90.3,92.5,99.9,100.0,8.32,8.58,0,64,31,4.6,1.0,82,76,No,Yes,School,Upper-Middle,Yes,Good,Medium,9.0,77.64,Low,76.7,100
EDU01024,Harish Das,Female,23,MECH,5,94.1,1.7,5.3,8,8,73.6,79.3,74.9,74.9,84.4,6.71,7.27,1,203,4,3.2,1.3,57,59,No,Yes,UG,Upper-Middle,No,Average,Low,7.59,101.04,Moderate,83.6,62
EDU01025,Ananya Sharma,Female,20,ECE,3,79.0,3.1,8.2,9,10,75.6,82.8,75.1,67.3,70.6,8.4,8.04,1,179,18,3.2,1.0,65,100,Yes,Yes,Diploma,Low,Yes,Good,High,7.78,93.4,Moderate,95.6,75
EDU01026,Harish Sharma,Female,19,ECE,6,67.1,4.6,7.7,9,6,81.6,80.9,83.0,88.0,93.7,9.02,9.24,0,166,35,0.6,0.6,98,48,No,Yes,PG,Upper-Middle,Yes,Excellent,Low,8.18,99.24,Moderate,75.7,70
EDU01027,Arjun Iyer,Male,18,AIDS,1,96.3,4.4,6.8,10,7,83.6,78.5,77.3,85.1,81.9,7.33,7.27,0,117,5,4.8,3.0,94,72,Yes,No,PhD,High,Yes,Good,Low,7.98,99.52,Moderate,90.6,67
EDU01028,Harish Gupta,Male,22,IT,4,89.1,3.5,7.5,8,7,81.5,74.4,80.2,79.5,75.3,8.14,8.62,0,181,9,1.7,0.5,99,46,Yes,Yes,PhD,Low,Yes,Average,Low,7.87,111.44,Low,99.1,67
EDU01029,Priya Gupta,Male,23,CIVIL,7,98.3,4.6,5.5,7,8,94.3,98.4,97.1,100.0,100.0,9.53,9.47,0,191,33,0.7,0.3,85,40,Yes,Yes,PG,Low,No,Poor,Medium,9.66,111.52,Low,89.4,90
EDU01030,Vihaan Patel,Female,17,CIVIL,7,71.7,4.8,8.3,4,5,76.2,69.8,75.9,79.2,82.8,8.37,8.44,0,149,17,3.0,2.0,84,67,No,Yes,PhD,High,Yes,Average,High,7.4,92.08,Low,62.4,96
EDU01031,Keerthi Iyer,Male,24,EEE,5,73.0,5.1,6.4,8,5,88.8,95.2,93.0,87.6,84.1,10.0,9.8,0,142,36,1.8,2.6,91,42,Yes,Yes,Diploma,Middle,Yes,Average,Medium,9.23,94.0,Low,74.5,70
EDU01032,Rahul Nair,Male,17,ECE,3,86.4,5.2,6.4,5,8,88.1,79.4,88.3,83.9,79.1,9.65,9.98,0,138,16,3.9,0.1,64,54,No,Yes,PhD,Upper-Middle,Yes,Average,Medium,8.53,87.76,Low,78.1,87
EDU01033,Aishwarya Nair,Female,22,CSE,3,98.6,2.7,7.0,8,3,83.6,75.8,78.7,85.5,86.6,8.73,8.44,0,131,14,1.1,0.8,49,74,No,Yes,Diploma,Middle,Yes,Average,Low,7.94,85.24,Moderate,98.1,64
EDU01034,Meera Reddy,Male,22,ECE,2,88.8,1.2,7.8,8,3,54.7,50.2,50.6,53.1,51.9,5.85,5.57,3,22,17,1.0,0.7,88,52,Yes,Yes,PhD,Middle,Yes,Good,Medium,5.18,75.12,Critical,90.6,58
EDU01035,Priya Sharma,Male,22,AIDS,1,82.3,2.3,5.8,2,8,62.1,53.0,58.3,56.5,51.7,6.78,6.97,1,114,22,1.5,2.2,84,49,Yes,Yes,PhD,Middle,Yes,Average,Medium,5.78,89.32,Moderate,71.7,69
EDU01036,Harish Kumar,Female,20,IT,8,66.8,2.0,8.4,10,9,58.9,60.4,56.7,60.3,57.3,6.65,6.38,2,29,14,3.0,1.8,78,69,Yes,Yes,School,Upper-Middle,Yes,Average,Low,5.87,63.72,Critical,60.5,56
EDU01037,Aditya Das,Female,23,MECH,6,77.1,4.9,7.4,1,5,85.4,77.0,82.7,81.2,86.3,7.34,7.55,0,96,31,2.1,0.3,59,93,No,Yes,PhD,Upper-Middle,No,Poor,High,8.17,73.64,Low,67.2,77
EDU01038,Aarav Patel,Female,19,EEE,3,90.8,5.3,6.3,3,4,93.1,90.9,91.0,97.5,99.1,8.51,8.75,0,126,14,3.0,0.8,61,98,No,No,PhD,Upper-Middle,Yes,Good,Medium,9.17,85.92,Low,100.0,94
EDU01039,Diya Nair,Female,20,CSE,8,93.5,1.3,6.7,1,3,57.7,63.1,63.5,63.0,61.1,6.69,6.43,2,62,22,3.7,2.0,69,53,Yes,Yes,Diploma,Upper-Middle,Yes,Excellent,Medium,6.14,77.4,High,100.0,60
EDU01040,Nisha Patel,Male,23,CIVIL,1,97.8,5.0,7.0,1,3,93.5,92.2,91.8,99.3,94.6,9.06,9.63,0,210,9,2.1,0.9,88,68,Yes,Yes,PhD,Upper-Middle,No,Good,High,9.25,116.32,Low,82.8,84
EDU01041,Nithin Sharma,Female,23,AI&DS,1,96.8,4.0,6.7,7,7,90.4,91.8,95.6,89.3,88.6,10.0,10.0,0,203,17,2.1,2.9,93,59,No,Yes,Diploma,Middle,Yes,Excellent,High,9.26,116.52,Low,100.0,97
EDU01042,Vihaan Iyer,Male,17,MECH,7,73.3,3.2,8.2,2,6,70.2,63.8,65.0,64.2,60.6,6.56,6.89,2,80,28,1.4,2.4,62,42,No,Yes,PhD,Middle,Yes,Poor,Medium,6.63,70.12,High,66.8,67
EDU01043,Rahul Iyer,Male,19,ECE,1,78.6,3.6,7.0,10,9,83.5,88.5,90.3,87.1,95.2,8.75,8.83,0,172,21,0.9,0.3,92,46,No,Yes,Diploma,High,Yes,Poor,High,8.74,102.64,Moderate,85.0,81
EDU01044,Pooja Kumar,Male,22,EEE,7,99.7,4.1,6.3,1,7,91.5,98.4,94.7,90.9,90.0,9.33,9.84,0,51,5,2.1,0.6,47,91,No,No,Diploma,High,Yes,Good,High,9.49,68.88,Low,99.3,95
EDU01045,Keerthi Verma,Male,17,AI&DS,5,83.1,1.6,6.8,4,6,63.4,58.5,62.6,54.6,61.8,6.29,6.14,1,216,1,0.8,1.0,94,70,Yes,Yes,School,Low,Yes,Poor,Low,6.15,114.04,High,86.1,50
EDU01046,Harish Iyer,Female,18,CSE,6,87.2,3.8,6.3,2,7,83.8,77.9,77.0,83.6,88.0,8.15,7.69,0,106,7,2.9,2.0,87,91,Yes,Yes,PhD,High,Yes,Excellent,Low,7.96,90.88,Low,75.6,74
EDU01047,Sneha Nair,Female,18,AIDS,1,76.5,3.7,7.2,10,5,71.5,64.5,72.6,73.5,79.2,7.82,8.35,0,24,31,4.6,2.1,78,67,Yes,Yes,PhD,Middle,Yes,Average,Low,6.95,66.6,Moderate,72.9,94
EDU01048,Karthik Singh,Female,19,IT,1,78.1,3.8,8.3,5,3,80.5,71.5,79.3,78.9,84.0,8.8,8.82,0,112,33,2.8,1.2,85,68,No,Yes,PG,High,Yes,Poor,High,7.71,87.64,Low,71.3,93
EDU01049,Rahul Nair,Male,17,ECE,1,71.5,6.0,7.1,6,4,86.6,92.6,90.1,82.9,87.5,9.09,9.58,0,190,8,4.3,2.1,89,54,Yes,Yes,Diploma,Upper-Middle,Yes,Excellent,High,8.98,102.2,Low,72.1,60
EDU01050,Sai Kumar,Female,19,ECE,2,87.0,5.0,7.9,6,9,92.5,88.1,92.3,100.0,100.0,9.92,10.0,0,200,24,3.2,1.7,65,95,Yes,Yes,UG,Low,Yes,Average,Low,9.1,100.8,Low,79.5,97
EDU01051,Arjun Reddy,Male,20,CIVIL,1,100.0,3.6,6.4,5,4,90.3,93.7,94.5,99.4,100.0,10.0,10.0,0,197,39,2.5,0.3,42,91,Yes,Yes,PhD,Upper-Middle,Yes,Good,High,9.28,96.2,Low,100.0,68
EDU01052,Diya Kumar,Female,17,MECH,1,74.4,3.1,5.5,8,7,68.4,68.6,69.1,72.0,76.6,7.74,7.62,1,30,31,1.3,1.8,57,45,No,Yes,PhD,Low,Yes,Good,Medium,6.87,58.56,High,84.9,87
EDU01053,Aishwarya Nair,Male,22,ECE,5,95.1,3.3,7.6,10,4,77.1,83.4,84.6,92.1,94.5,8.51,8.7,0,51,30,4.9,2.0,64,96,No,Yes,School,Middle,Yes,Average,High,8.17,73.84,Moderate,79.6,81
EDU01054,Aishwarya Nair,Male,18,CIVIL,7,69.4,1.7,7.5,7,9,49.9,54.5,53.2,47.2,54.3,5.12,5.22,4,192,26,2.4,0.1,65,63,No,Yes,PG,High,Yes,Poor,Low,5.25,92.16,Critical,88.2,60
EDU01055,Arjun Iyer,Female,19,ECE,2,84.9,4.6,5.5,3,7,82.3,75.4,77.8,70.3,73.1,8.27,8.34,1,99,38,2.0,0.2,51,46,No,Yes,School,Upper-Middle,Yes,Poor,High,7.85,74.16,Moderate,84.3,79
EDU01056,Diya Patel,Female,20,CSE,4,88.1,4.6,6.8,6,9,81.7,78.7,83.5,79.2,84.2,7.83,7.47,1,202,7,0.0,0.3,49,98,No,Yes,Diploma,Low,Yes,Poor,Medium,8.13,95.24,Moderate,88.7,91
EDU01057,Aarav Verma,Female,20,EEE,4,78.8,4.4,7.2,8,5,87.0,93.3,86.3,93.2,90.4,7.82,7.86,1,194,33,0.4,0.3,40,42,No,Yes,UG,Middle,Yes,Good,Medium,8.89,86.32,High,76.1,69
EDU01058,Sneha Das,Female,20,MECH,6,74.1,3.5,6.6,5,8,79.3,79.8,82.2,79.0,81.8,8.29,8.0,0,180,9,1.6,0.9,51,48,No,Yes,School,Low,Yes,Average,High,8.04,86.04,Low,91.5,60
EDU01059,Aarav Iyer,Male,20,EEE,6,70.7,2.8,6.9,9,5,59.3,62.6,59.9,58.9,67.6,6.41,6.5,2,159,31,1.5,2.1,92,72,No,No,Diploma,Low,Yes,Good,Low,6.06,96.88,Critical,63.7,67
EDU01060,Arjun Patel,Female,22,ECE,2,81.2,2.9,7.6,3,9,66.7,62.9,60.1,65.6,71.3,6.89,6.67,1,76,0,3.2,0.4,91,64,Yes,Yes,UG,Upper-Middle,Yes,Excellent,Medium,6.32,84.08,Moderate,74.0,67
EDU01061,Diya Gupta,Female,21,ECE,4,87.7,1.3,7.8,8,4,60.3,64.2,59.7,56.1,59.8,5.87,6.05,2,139,1,0.5,2.3,87,53,No,Yes,UG,High,Yes,Good,High,6.14,97.68,Critical,75.1,49
EDU01062,Keerthi Sharma,Male,24,CIVIL,1,67.9,5.7,8.5,3,4,86.7,84.1,85.4,81.5,83.3,9.5,9.24,0,52,31,4.5,1.8,42,100,Yes,Yes,Diploma,Middle,Yes,Average,High,8.54,54.36,Low,60.4,100
EDU01063,Ananya Singh,Male,24,AI&DS,5,85.7,3.3,7.4,5,6,74.6,74.1,77.9,74.0,75.9,7.23,7.15,0,122,0,0.0,2.9,64,85,Yes,Yes,PhD,Middle,Yes,Average,High,7.55,84.28,Moderate,83.2,89
EDU01064,Pooja Reddy,Male,20,CIVIL,3,69.8,3.4,7.8,8,5,70.0,65.3,64.8,60.1,67.9,7.29,7.58,0,184,37,5.0,1.3,50,82,Yes,Yes,PG,High,Yes,Good,High,6.67,84.72,Moderate,69.7,39
EDU01065,Diya Patel,Male,19,ECE,5,46.7,4.3,5.9,6,7,61.8,52.4,58.7,66.4,73.4,5.57,5.24,3,66,7,0.1,1.2,55,69,Yes,Yes,School,Upper-Middle,Yes,Average,Medium,5.76,53.88,Critical,40.0,47
EDU01066,Nithin Verma,Male,18,CIVIL,6,63.1,3.9,8.2,9,8,73.2,76.6,70.6,66.5,70.1,6.45,6.06,1,69,25,1.7,1.5,71,65,No,Yes,PG,High,Yes,Good,High,7.35,67.44,High,60.5,49
EDU01067,Karthik Iyer,Female,18,ECE,5,75.9,1.4,5.9,10,4,62.6,60.6,66.2,68.6,75.6,5.98,6.35,1,69,12,3.0,0.0,91,71,No,Yes,School,Low,Yes,Poor,Low,6.31,80.56,High,87.4,63
EDU01068,Sanjay Das,Male,22,EEE,1,78.4,2.5,5.6,4,9,74.9,73.9,71.0,64.2,74.1,7.31,6.91,2,154,25,0.5,2.8,89,92,No,Yes,PhD,Low,Yes,Poor,Medium,7.33,97.76,High,85.2,71
EDU01069,Meera Patel,Male,23,AIDS,7,95.1,3.3,5.8,8,5,80.1,87.3,80.5,75.6,73.3,7.66,7.9,0,113,32,4.0,1.7,68,50,No,Yes,PhD,High,Yes,Good,Medium,8.26,87.84,Moderate,89.8,53
EDU01070,Aishwarya Das,Male,19,AIDS,8,80.2,1.0,5.4,6,7,59.3,65.6,67.1,69.9,68.0,7.33,7.63,0,21,37,2.1,1.0,72,75,No,Yes,School,Upper-Middle,No,Excellent,Low,6.4,65.08,Moderate,75.2,53
EDU01071,Diya Verma,Female,24,EEE,4,80.4,5.7,8.2,7,7,89.3,93.7,91.4,96.8,100.0,9.91,10.0,0,109,38,2.0,2.6,56,87,No,Yes,PG,High,No,Good,High,9.15,76.36,Low,83.5,90
EDU01072,Nithin Gupta,Male,22,MECH,4,93.6,2.4,6.6,5,8,76.0,71.1,69.8,62.2,62.7,6.87,6.56,2,21,35,3.6,2.0,87,73,No,Yes,Diploma,Upper-Middle,Yes,Poor,Low,7.23,76.44,High,88.8,68
EDU01073,Aishwarya Iyer,Female,17,AIDS,1,93.7,2.9,6.9,4,8,73.2,70.3,69.2,70.8,70.3,7.4,6.95,1,219,1,2.4,1.4,43,91,No,Yes,School,High,Yes,Average,High,7.09,98.48,Moderate,95.8,51
EDU01074,Nithin Kumar,Female,18,AI&DS,3,76.0,3.0,6.8,9,10,72.7,72.9,69.8,66.5,67.4,6.54,6.51,2,120,27,3.7,0.7,94,94,Yes,Yes,Diploma,High,Yes,Poor,Medium,7.18,92.0,Critical,69.2,55
EDU01075,Riya Reddy,Male,21,CSE,1,99.3,5.4,5.1,8,9,94.5,86.8,88.9,87.2,96.9,8.41,8.88,0,141,36,3.2,0.6,52,55,Yes,Yes,UG,Upper-Middle,Yes,Good,Medium,9.01,88.72,Low,95.6,67
EDU01076,Diya Singh,Female,20,MECH,1,87.0,5.7,8.2,3,9,90.2,84.5,82.6,81.1,84.0,7.93,8.26,0,143,5,3.2,2.7,74,83,Yes,Yes,PhD,Middle,Yes,Excellent,Low,8.58,93.0,Low,81.0,65
EDU01077,Karthik Das,Male,19,ECE,8,86.5,3.3,6.3,10,7,81.4,85.7,87.7,87.7,96.7,8.66,8.53,0,197,32,3.9,0.0,77,44,Yes,Yes,PG,Upper-Middle,Yes,Poor,Medium,8.49,104.8,Moderate,86.5,63
EDU01078,Nithin Kumar,Female,17,AIDS,4,80.8,4.8,7.4,5,10,87.7,90.9,94.0,98.9,97.3,9.44,9.79,0,138,13,2.2,2.6,82,58,Yes,Yes,UG,Middle,Yes,Average,High,9.09,92.72,Low,79.2,85
EDU01079,Vihaan Das,Male,20,CSE,8,84.5,3.8,7.9,4,9,84.5,91.0,87.7,88.0,94.2,8.78,8.57,0,86,17,4.4,1.7,82,76,No,Yes,PhD,Middle,Yes,Average,Low,8.77,83.8,Low,96.5,94
EDU01080,Vihaan Gupta,Female,23,AI&DS,6,74.7,1.8,7.2,1,4,64.2,69.3,70.1,72.5,81.0,7.22,7.38,1,122,24,1.0,0.1,78,92,Yes,Yes,UG,High,Yes,Good,Low,6.79,85.48,Moderate,91.4,79
EDU01081,Sanjay Kumar,Female,18,MECH,5,83.5,5.0,7.9,3,10,84.3,76.7,81.8,79.5,75.9,9.13,8.99,0,25,18,0.6,0.2,100,74,Yes,Yes,PG,Middle,Yes,Good,High,8.09,78.4,Low,86.8,47
EDU01082,Aditya Kumar,Male,17,MECH,5,87.8,3.7,7.5,4,8,80.8,74.0,78.4,84.6,88.4,7.89,8.21,0,203,21,3.2,1.0,73,93,Yes,Yes,School,Middle,Yes,Average,High,7.77,104.92,Low,83.4,50
EDU01083,Karthik Verma,Male,23,EEE,3,85.8,3.9,8.0,2,8,84.5,80.2,85.1,89.6,94.5,7.67,8.17,1,30,15,0.3,1.5,76,67,No,Yes,UG,High,Yes,Poor,High,8.33,70.72,Moderate,90.1,73
EDU01084,Ananya Kumar,Female,21,CSE,6,90.7,4.7,6.8,3,7,87.7,82.9,80.7,87.4,82.8,8.94,8.89,0,112,22,3.9,1.8,91,89,Yes,Yes,UG,Low,Yes,Average,High,8.38,95.08,Low,91.0,78
EDU01085,Sai Gupta,Female,22,EEE,8,80.2,4.8,6.6,8,10,82.2,85.1,85.7,79.7,82.4,7.87,7.69,1,83,30,3.0,1.8,41,71,Yes,Yes,UG,Upper-Middle,No,Good,High,8.43,65.08,Moderate,91.1,76
EDU01086,Harish Das,Female,24,EEE,2,95.0,3.2,5.5,10,8,85.2,81.3,83.1,77.6,78.1,7.75,8.24,0,218,28,2.2,0.8,86,90,Yes,Yes,School,Middle,Yes,Excellent,Low,8.32,116.0,Moderate,94.0,83
EDU01087,Meera Nair,Female,20,CSE,5,99.3,5.1,8.3,4,7,100.0,100.0,98.4,100.0,100.0,9.32,9.14,0,111,39,4.8,2.7,63,99,No,Yes,School,High,Yes,Average,Low,9.95,87.12,Low,100.0,78
EDU01088,Diya Gupta,Female,23,AI&DS,6,95.1,4.8,6.1,10,4,86.6,87.1,89.0,85.7,81.9,8.08,8.58,0,194,30,2.8,2.3,45,80,No,Yes,Diploma,High,Yes,Excellent,Low,8.76,94.84,Moderate,84.6,67
EDU01089,Riya Patel,Male,23,AI&DS,6,70.0,4.2,5.1,2,3,78.4,75.7,73.0,70.9,69.0,6.39,6.34,1,28,39,3.5,2.1,86,55,Yes,Yes,PG,Middle,Yes,Poor,Low,7.57,68.0,High,64.7,56
EDU01090,Aarav Patel,Female,19,CSE,4,95.0,3.6,6.0,8,4,87.8,88.4,87.6,86.1,92.3,8.31,8.74,0,54,0,2.7,0.9,84,45,Yes,Yes,PG,High,Yes,Excellent,Medium,8.79,82.4,Low,96.0,80
EDU01091,Sai Nair,Female,21,AI&DS,5,73.3,3.3,7.0,3,10,68.0,65.3,68.2,68.5,73.7,6.92,6.91,1,89,39,2.8,0.9,73,68,Yes,Yes,UG,High,No,Average,High,6.72,76.32,Moderate,66.7,52
EDU01092,Riya Iyer,Male,18,MECH,6,75.8,5.0,6.4,3,6,88.3,96.1,88.7,86.8,93.7,9.39,9.82,0,164,24,1.3,2.9,64,64,No,Yes,PhD,Low,Yes,Average,Low,9.1,88.72,Low,69.9,100
EDU01093,Nisha Reddy,Male,19,EEE,7,74.9,3.8,5.5,1,6,79.7,73.8,72.3,70.5,76.2,6.64,6.6,1,200,33,4.8,1.5,55,43,No,Yes,UG,High,Yes,Excellent,High,7.53,91.96,Moderate,67.3,43
EDU01094,Priya Iyer,Female,23,AI&DS,1,83.5,5.4,6.2,3,9,95.3,94.7,94.2,96.4,100.0,8.95,9.51,0,77,10,2.3,1.1,46,56,No,Yes,UG,Upper-Middle,Yes,Poor,Low,9.47,67.2,Low,93.2,96
EDU01095,Harish Reddy,Male,23,AIDS,5,90.4,3.3,5.3,6,5,81.6,87.9,89.5,87.1,96.3,7.99,7.86,0,180,6,1.2,0.9,94,75,No,No,School,Upper-Middle,Yes,Average,Low,8.63,109.76,Moderate,100.0,99
EDU01096,Nisha Verma,Female,23,CIVIL,4,84.8,1.9,6.7,10,3,70.1,75.8,70.0,63.5,64.5,7.84,8.16,1,177,4,3.7,1.5,42,63,Yes,Yes,School,Upper-Middle,Yes,Excellent,High,7.2,86.12,High,91.6,76
EDU01097,Harish Das,Female,22,AI&DS,6,74.1,5.2,6.7,3,8,94.3,87.9,88.3,94.8,97.4,8.22,8.06,0,180,30,2.4,2.7,86,63,Yes,Yes,PG,Low,Yes,Average,Low,9.02,100.04,Low,79.2,74
EDU01098,Aditya Nair,Female,21,MECH,4,74.9,5.1,5.4,8,6,94.0,99.2,94.4,87.7,84.6,9.0,9.38,0,65,26,2.1,1.1,94,42,Yes,Yes,PG,Low,Yes,Good,Medium,9.59,80.56,Low,62.9,75
EDU01099,Sneha Kumar,Female,19,EEE,8,100.0,2.6,6.2,7,10,80.9,81.6,85.2,89.2,86.4,8.97,8.59,0,21,22,4.5,2.5,98,83,No,Yes,School,High,No,Poor,Medium,8.26,83.4,Low,100.0,81
EDU01100,Aishwarya Sharma,Male,19,CSE,2,74.2,5.2,6.6,10,6,92.1,82.6,86.0,90.7,94.3,8.06,8.33,0,24,40,4.3,0.8,58,86,No,Yes,PG,Upper-Middle,Yes,Poor,Medium,8.69,57.68,Moderate,73.6,78
EDU01101,Nisha Singh,Male,19,CSE,4,71.6,1.2,5.9,7,7,51.8,43.1,45.8,40.0,45.0,5.02,4.86,4,36,20,3.6,1.6,42,89,No,Yes,PhD,Middle,Yes,Good,Medium,4.69,52.64,Critical,81.5,52
EDU01102,Diya Patel,Male,23,ECE,4,88.4,1.0,6.7,6,7,55.7,51.1,48.9,50.1,53.2,4.5,4.45,3,79,28,4.6,0.1,81,49,Yes,Yes,School,Upper-Middle,Yes,Poor,Low,5.19,83.56,Critical,77.2,74
EDU01103,Rahul Iyer,Male,20,ECE,8,78.5,1.5,7.2,9,8,58.0,58.0,53.4,55.1,57.5,5.82,6.38,2,81,1,3.8,0.2,43,83,No,Yes,PhD,Low,Yes,Average,Low,5.65,64.8,Critical,77.1,74
EDU01104,Arjun Gupta,Male,23,EEE,8,85.3,1.1,7.1,5,7,52.8,54.5,55.8,57.9,66.8,6.32,6.73,2,105,36,1.0,2.5,69,41,No,Yes,PG,Upper-Middle,Yes,Good,Medium,5.44,82.72,High,93.2,64
EDU01105,Rahul Kumar,Female,22,CIVIL,3,65.9,4.3,7.5,8,4,75.2,69.5,77.1,82.4,87.3,8.29,8.69,0,36,7,2.8,1.5,95,41,Yes,No,PhD,Middle,Yes,Poor,High,7.39,71.56,Moderate,58.8,67
EDU01106,Arjun Das,Female,17,CSE,8,73.0,1.2,8.1,3,10,57.8,53.8,56.1,53.6,61.3,5.95,6.21,1,139,31,4.3,2.4,45,57,No,Yes,PG,Middle,Yes,Poor,High,5.59,75.0,Moderate,63.3,51
EDU01107,Ananya Nair,Female,21,CIVIL,1,68.2,5.8,6.6,6,8,92.4,82.6,90.7,85.1,85.4,9.7,10.0,0,72,23,2.0,2.6,86,93,No,Yes,PhD,Middle,Yes,Poor,Low,8.86,76.08,Low,60.6,100
EDU01108,Meera Iyer,Male,23,AIDS,5,93.4,5.4,7.5,7,10,93.1,91.4,92.8,96.5,98.9,9.27,9.33,0,92,31,2.3,0.7,95,79,No,Yes,UG,Middle,Yes,Average,Medium,9.24,93.76,Low,92.5,75
EDU01109,Priya Das,Female,18,IT,6,91.1,1.7,5.1,2,6,63.4,59.9,57.9,56.0,58.4,5.94,6.07,2,167,12,1.1,0.7,42,53,Yes,Yes,PhD,High,Yes,Average,Low,6.04,86.64,High,100.0,49
EDU01110,Ananya Nair,Male,24,MECH,4,85.7,2.2,8.0,3,9,71.5,78.5,76.0,72.4,75.6,7.58,7.61,0,49,11,2.8,1.2,94,82,Yes,Yes,UG,Low,Yes,Average,High,7.53,81.68,Low,84.6,65
EDU01111,Rahul Reddy,Male,20,CSE,8,85.5,4.2,6.8,6,3,81.2,76.2,82.1,80.1,86.5,8.51,8.36,0,197,31,3.6,2.3,76,45,No,Yes,School,Middle,Yes,Average,Medium,7.98,104.0,Moderate,88.7,93
EDU01112,Ananya Patel,Female,20,CSE,2,69.5,4.4,6.7,1,5,85.0,84.7,80.4,76.7,72.2,8.61,8.53,0,199,23,2.3,1.1,66,51,No,Yes,PhD,Low,Yes,Excellent,Medium,8.34,94.0,Low,73.9,83
EDU01113,Aarav Verma,Female,22,AI&DS,7,81.5,3.9,6.0,10,7,84.7,91.5,86.1,91.8,98.5,8.8,8.59,0,69,22,1.4,1.8,47,98,Yes,Yes,PhD,Low,Yes,Excellent,High,8.74,65.2,Moderate,75.1,78
EDU01114,Riya Sharma,Male,19,ECE,6,86.7,3.2,8.3,4,7,81.6,73.6,73.4,66.8,72.5,6.42,6.13,1,114,25,0.3,0.3,93,66,No,Yes,Diploma,High,Yes,Good,Medium,7.62,94.68,Moderate,83.9,56
EDU01115,Ananya Singh,Female,19,AI&DS,3,85.7,5.8,7.9,6,7,100.0,100.0,97.5,94.1,96.5,10.0,10.0,0,83,18,1.1,1.2,98,43,No,Yes,UG,High,Yes,Poor,Medium,9.92,90.08,Low,86.0,87
EDU01116,Vihaan Patel,Male,17,AIDS,6,68.5,1.5,5.7,3,4,51.7,46.0,44.7,40.0,48.7,4.5,4.7,3,106,25,0.3,1.5,97,78,No,Yes,School,Upper-Middle,Yes,Poor,Low,4.75,87.4,Critical,54.4,57
EDU01117,Karthik Patel,Female,23,MECH,1,77.0,1.7,6.2,10,4,64.6,66.8,61.9,64.2,60.7,5.94,5.96,2,164,3,3.5,0.5,91,59,Yes,Yes,PhD,Low,Yes,Good,Low,6.44,100.0,Critical,74.1,79
EDU01118,Nisha Das,Female,18,EEE,2,91.3,2.4,7.6,4,8,75.7,76.6,76.9,71.9,68.7,8.4,8.35,0,21,7,4.1,2.5,41,46,No,Yes,School,Middle,Yes,Good,High,7.64,57.12,Low,86.8,68
EDU01119,Harish Nair,Female,23,MECH,5,88.9,3.7,7.4,3,10,76.5,72.6,74.1,76.8,86.0,8.31,8.81,0,99,17,3.5,1.7,98,60,Yes,Yes,School,Low,Yes,Poor,Low,7.44,94.56,Low,100.0,66
EDU01120,Vihaan Verma,Female,19,ECE,2,98.5,2.8,7.9,9,5,85.0,88.8,83.7,79.7,85.4,7.39,7.03,1,208,16,2.0,2.8,70,93,Yes,Yes,Diploma,Low,Yes,Good,Low,8.58,109.0,High,100.0,58
EDU01121,Nithin Reddy,Male,23,AIDS,1,84.0,5.1,6.7,1,7,94.6,90.9,94.1,96.7,100.0,9.48,9.68,0,129,25,4.5,0.9,74,84,No,Yes,Diploma,Low,Yes,Excellent,High,9.32,89.0,Low,74.6,81
EDU01122,Ananya Reddy,Female,17,AI&DS,4,68.2,5.2,7.4,6,4,77.6,73.5,78.6,80.2,88.1,8.79,8.45,0,55,22,1.4,1.3,58,96,Yes,Yes,PhD,Middle,No,Average,Medium,7.66,61.48,Moderate,55.9,63
EDU01123,Keerthi Patel,Female,19,ECE,2,94.1,5.0,5.6,9,6,100.0,96.7,100.0,99.4,100.0,10.0,10.0,0,208,2,1.4,2.0,54,62,No,Yes,Diploma,Low,Yes,Good,High,9.89,100.84,Low,89.6,100
EDU01124,Sanjay Sharma,Male,23,IT,2,74.1,4.3,6.1,5,10,83.5,85.3,87.6,95.3,100.0,7.77,7.8,0,205,35,2.8,2.3,59,76,No,Yes,PhD,High,Yes,Good,Medium,8.55,94.24,Low,81.3,87
EDU01125,Priya Verma,Female,23,IT,2,97.6,2.2,8.3,6,8,70.4,73.4,70.5,74.5,71.9,6.79,6.66,1,70,12,3.5,2.2,79,44,No,Yes,PhD,High,Yes,Good,Low,7.14,84.64,Moderate,100.0,61
EDU01126,Aditya Kumar,Female,24,EEE,6,89.7,1.5,5.8,7,6,63.4,65.0,65.3,72.4,72.4,5.59,5.16,2,147,9,0.7,0.8,66,95,No,Yes,PG,Low,Yes,Average,Low,6.46,91.68,Critical,93.2,75
EDU01127,Pooja Sharma,Male,18,AIDS,2,70.0,5.4,8.1,10,6,89.8,84.4,90.6,87.7,84.8,9.7,9.28,0,61,28,3.7,2.8,67,55,No,Yes,Diploma,Low,Yes,Good,High,8.83,67.0,Moderate,50.7,92
EDU01128,Karthik Patel,Male,17,CIVIL,3,97.8,5.9,5.2,7,8,100.0,97.5,96.3,100.0,95.4,10.0,10.0,0,150,1,1.2,1.3,75,100,No,Yes,School,Low,Yes,Poor,High,9.79,99.12,Low,77.9,92
EDU01129,Sai Singh,Male,21,AI&DS,2,95.1,3.2,5.5,5,9,80.5,80.5,83.4,78.5,84.9,7.9,8.07,0,22,13,3.3,2.9,57,52,No,Yes,UG,Middle,Yes,Good,Medium,8.15,65.24,Low,94.3,88
EDU01130,Sai Sharma,Male,23,MECH,2,87.4,5.4,7.8,5,9,87.6,95.4,89.4,84.6,83.1,8.67,9.23,0,136,36,1.5,0.1,70,88,Yes,Yes,Diploma,Middle,No,Good,Medium,9.08,90.16,Low,75.5,84
EDU01131,Aishwarya Reddy,Male,24,CIVIL,2,77.3,4.6,7.8,10,10,88.9,88.1,88.3,87.3,87.9,7.96,8.01,0,188,4,0.6,0.6,74,45,Yes,Yes,Diploma,Low,Yes,Excellent,Low,8.84,98.12,Moderate,76.1,73
EDU01132,Vihaan Singh,Female,18,EEE,6,60.8,2.7,6.8,9,4,63.6,57.4,63.8,59.4,56.1,6.49,6.74,1,168,25,3.9,2.2,42,55,Yes,Yes,PG,Upper-Middle,Yes,Good,High,6.16,74.72,High,70.2,85
EDU01133,Karthik Das,Male,22,ECE,7,68.2,4.6,5.1,5,7,81.2,81.1,82.9,80.0,75.5,8.11,8.18,0,136,0,0.7,0.2,69,80,Yes,Yes,Diploma,High,Yes,Good,Low,8.17,82.08,Moderate,65.0,57
EDU01134,Vihaan Iyer,Female,22,MECH,4,71.9,4.4,5.9,1,10,83.9,75.4,81.7,84.5,86.3,8.57,8.62,0,154,34,4.9,1.8,96,50,Yes,Yes,School,Low,Yes,Excellent,Low,8.03,97.96,Low,76.3,68
EDU01135,Aarav Singh,Male,21,AIDS,2,90.5,5.9,7.7,5,9,100.0,98.3,94.3,100.0,96.4,10.0,10.0,0,99,35,2.1,1.5,73,66,No,Yes,Diploma,High,Yes,Good,Medium,9.75,85.2,Low,82.0,97
EDU01136,Meera Kumar,Female,23,AIDS,2,88.7,1.6,5.1,2,10,64.7,72.5,66.0,63.2,69.8,6.99,7.22,0,213,1,2.3,0.4,93,64,No,Yes,PhD,High,Yes,Poor,Low,6.77,115.28,Low,79.5,72
EDU01137,Vihaan Singh,Male,18,AIDS,8,80.7,4.1,8.1,9,5,76.5,76.1,74.1,74.5,71.1,8.28,7.99,0,150,27,3.8,0.9,48,55,Yes,Yes,UG,High,Yes,Poor,High,7.56,81.48,Moderate,85.5,84
EDU01138,Aditya Reddy,Female,22,CSE,8,100.0,1.3,5.9,4,10,64.5,59.4,58.5,64.7,71.8,5.79,5.32,4,104,13,1.9,0.9,96,81,Yes,Yes,School,Upper-Middle,Yes,Poor,High,6.08,99.2,Critical,100.0,44
EDU01139,Arjun Sharma,Male,19,AI&DS,7,84.5,1.1,5.4,7,6,64.9,69.7,72.1,69.0,66.5,7.94,8.3,0,187,15,3.7,1.1,52,75,No,Yes,UG,High,Yes,Poor,Medium,6.89,92.0,Moderate,78.8,80
EDU01140,Aditya Iyer,Female,21,IT,7,82.8,5.0,5.3,5,8,87.0,87.1,89.8,95.8,98.8,8.29,8.37,1,184,39,1.8,1.6,57,94,No,Yes,Diploma,Middle,Yes,Average,Medium,8.8,92.72,Moderate,81.9,79
EDU01141,Pooja Iyer,Male,22,AI&DS,4,79.5,5.7,7.6,6,5,86.8,80.3,81.7,87.7,93.4,8.19,8.33,1,135,13,1.8,2.4,92,58,Yes,Yes,UG,High,Yes,Excellent,Medium,8.29,95.6,Moderate,79.9,72
EDU01142,Nithin Singh,Female,23,EEE,4,81.9,1.2,6.5,1,3,58.0,59.0,58.8,59.0,56.0,5.48,5.46,4,191,29,1.8,1.1,53,71,No,Yes,PhD,Upper-Middle,Yes,Excellent,Low,5.86,92.16,Critical,89.9,60
EDU01143,Nisha Sharma,Male,18,AI&DS,5,85.4,1.1,5.6,6,7,55.2,55.4,51.2,50.1,53.7,6.1,6.54,1,56,40,3.7,1.4,68,76,Yes,Yes,Diploma,Upper-Middle,Yes,Excellent,Medium,5.39,72.56,High,81.9,65
EDU01144,Karthik Sharma,Female,17,ECE,3,73.3,2.9,7.3,4,7,64.9,61.5,63.3,63.8,73.0,7.21,7.22,1,111,9,3.4,0.7,45,90,No,Yes,UG,High,Yes,Good,Medium,6.32,69.52,Moderate,75.8,82
EDU01145,Riya Iyer,Female,24,CSE,3,79.9,3.2,5.7,2,10,77.5,73.6,72.0,75.7,78.6,6.47,6.13,2,91,1,0.8,1.8,53,65,Yes,Yes,School,High,Yes,Good,High,7.44,71.36,High,72.4,64
EDU01146,Aarav Singh,Male,21,CIVIL,6,74.0,4.3,5.3,3,9,76.2,82.8,75.7,68.0,63.1,6.84,7.3,0,156,38,0.8,1.4,81,58,No,Yes,Diploma,Middle,Yes,Excellent,Medium,7.82,93.2,Low,67.6,36
EDU01147,Meera Singh,Male,20,ECE,6,88.1,4.5,5.8,4,10,91.4,90.0,87.9,86.6,92.8,8.16,8.57,0,108,7,0.2,0.4,40,71,No,Yes,School,Upper-Middle,Yes,Good,High,8.98,72.84,Low,95.9,68
EDU01148,Sneha Nair,Female,22,ECE,8,98.5,1.3,8.2,8,6,61.4,68.9,62.0,63.0,66.4,5.33,5.33,2,190,36,4.9,0.2,79,53,Yes,Yes,Diploma,Low,Yes,Excellent,Low,6.41,109.0,Critical,100.0,45
EDU01149,Nithin Sharma,Female,22,AI&DS,3,71.8,4.4,6.6,6,3,83.3,91.3,82.9,77.3,72.7,8.6,8.63,0,60,7,2.6,2.5,57,62,Yes,Yes,UG,High,Yes,Average,Low,8.58,63.52,Moderate,73.2,87
EDU01150,Karthik Sharma,Female,24,MECH,2,80.4,3.3,6.6,10,3,70.5,75.0,75.9,76.7,79.8,8.18,8.63,0,174,18,4.7,1.4,40,50,No,Yes,Diploma,Low,Yes,Excellent,High,7.38,82.96,Moderate,78.1,54
EDU01151,Pooja Nair,Female,22,AIDS,6,78.0,2.7,6.9,1,8,66.7,69.4,71.3,70.3,78.8,6.91,7.09,1,120,8,2.2,1.5,61,46,Yes,Yes,Diploma,Low,Yes,Average,High,6.91,79.6,Moderate,70.9,48
EDU01152,Pooja Singh,Female,17,EEE,7,79.9,1.7,6.7,7,7,64.5,55.8,61.2,56.4,60.0,5.69,5.66,4,212,24,2.2,2.9,68,75,No,Yes,UG,Upper-Middle,Yes,Good,High,6.05,101.56,Critical,92.3,59
EDU01153,Arjun Sharma,Male,23,CIVIL,8,68.0,4.2,8.4,5,4,79.0,78.9,80.1,77.2,79.0,7.11,7.67,0,167,13,4.4,0.3,87,57,No,Yes,PhD,Middle,Yes,Average,Medium,7.93,95.4,Moderate,69.7,46
EDU01154,Pooja Kumar,Female,24,AI&DS,5,81.6,1.2,7.2,4,9,56.5,50.1,56.7,54.7,61.5,5.03,5.01,4,170,8,3.8,2.5,89,89,Yes,Yes,Diploma,High,Yes,Good,Medium,5.44,102.24,Critical,84.0,39
EDU01155,Aditya Reddy,Female,23,AIDS,3,99.2,5.9,5.5,4,3,100.0,98.9,100.0,100.0,96.7,9.47,9.75,0,66,21,3.9,1.1,40,77,Yes,Yes,UG,High,Yes,Average,Medium,9.96,68.88,Low,95.1,68
EDU01156,Riya Kumar,Male,17,ECE,5,84.9,1.4,8.2,4,9,59.5,64.1,62.7,59.9,65.9,6.34,6.52,2,174,28,4.3,2.4,92,41,No,Yes,PG,Low,Yes,Excellent,Medium,6.21,105.56,High,87.5,58
EDU01157,Priya Sharma,Female,20,ECE,8,80.1,1.2,5.2,5,4,65.5,57.4,59.3,57.5,59.1,6.25,6.45,1,81,32,4.6,1.4,51,95,Yes,Yes,PG,High,Yes,Poor,High,6.07,68.64,High,79.7,61
EDU01158,Ananya Singh,Female,23,CIVIL,2,67.4,3.6,6.0,9,10,68.7,71.8,70.1,67.9,66.4,6.14,5.76,4,174,32,2.5,0.5,53,85,No,Yes,Diploma,Low,Yes,Average,Low,7.02,82.96,Critical,71.2,42
EDU01159,Sanjay Das,Male,18,MECH,1,85.5,1.1,7.4,2,6,62.7,65.5,61.8,62.0,70.8,5.88,5.88,3,38,23,4.2,2.0,47,86,No,Yes,PG,High,Yes,Good,Medium,6.33,60.6,Critical,91.5,45
EDU01160,Keerthi Verma,Male,18,CSE,7,77.8,4.4,7.6,6,10,85.0,84.2,87.5,90.2,92.0,9.38,9.91,0,141,27,1.9,2.6,70,65,Yes,Yes,Diploma,Low,Yes,Good,High,8.56,87.32,Low,87.1,94
EDU01161,Sai Das,Female,21,MECH,6,78.7,5.6,5.2,6,3,93.0,91.5,93.2,93.2,100.0,9.26,9.09,0,90,9,0.8,1.3,83,84,No,Yes,PG,Middle,No,Excellent,High,9.26,82.68,Low,80.6,88
EDU01162,Sanjay Verma,Female,21,AI&DS,1,95.6,2.9,6.7,5,9,84.1,84.3,85.0,80.9,87.9,7.68,7.45,0,42,34,3.5,3.0,92,97,Yes,Yes,School,Low,Yes,Poor,High,8.45,83.44,Low,89.8,45
EDU01163,Nithin Kumar,Female,22,EEE,6,78.9,2.7,6.7,6,5,70.6,76.7,69.4,64.5,68.6,7.81,7.69,1,153,13,1.6,2.8,76,96,Yes,Yes,PG,Low,Yes,Good,Medium,7.22,92.56,Moderate,73.7,68
EDU01164,Priya Nair,Female,20,ECE,6,73.2,4.6,7.6,7,7,75.8,72.0,78.1,75.3,80.5,8.62,8.88,0,173,39,3.7,3.0,89,92,No,Yes,PG,Upper-Middle,Yes,Excellent,High,7.53,99.48,Low,72.9,75
EDU01165,Rahul Das,Male,23,EEE,3,92.8,3.2,8.0,2,10,78.9,76.7,81.2,87.4,83.1,8.75,8.25,1,146,4,3.0,0.2,90,79,No,Yes,Diploma,Low,Yes,Excellent,Low,7.89,102.32,Low,95.9,76
EDU01166,Aditya Reddy,Male,22,CSE,1,79.7,4.2,8.1,7,5,86.9,80.2,85.8,84.5,82.2,7.65,7.58,0,124,13,3.2,0.7,53,83,No,No,Diploma,Upper-Middle,Yes,Average,Medium,8.43,77.88,Moderate,86.5,66
EDU01167,Sai Iyer,Male,18,EEE,1,94.6,2.2,7.3,6,8,73.1,76.0,76.3,82.6,78.5,8.4,8.48,0,212,22,0.2,0.8,40,88,Yes,Yes,Diploma,Middle,Yes,Poor,High,7.51,96.24,Low,91.9,87
EDU01168,Nisha Das,Female,17,IT,5,77.4,2.3,6.1,4,4,58.6,55.4,56.7,50.2,53.6,5.14,5.0,4,81,8,3.8,1.5,80,81,Yes,Yes,UG,Upper-Middle,Yes,Excellent,Medium,5.69,79.16,Critical,69.8,52
EDU01169,Arjun Gupta,Male,24,MECH,8,76.4,5.7,6.2,5,4,87.7,88.7,87.5,84.9,90.2,8.91,9.29,0,167,8,3.0,0.5,85,43,Yes,Yes,UG,Low,Yes,Average,Medium,8.8,97.96,Low,76.6,67
EDU01170,Sanjay Patel,Male,23,IT,8,100.0,4.1,7.6,10,8,90.4,82.4,89.5,89.1,87.3,9.72,9.84,0,53,38,4.3,2.6,54,68,Yes,Yes,School,Middle,Yes,Good,High,8.74,72.2,Low,99.9,86
EDU01171,Sanjay Das,Female,22,AIDS,2,68.8,5.7,7.8,2,4,96.3,100.0,100.0,98.3,100.0,10.0,10.0,0,31,0,3.6,2.5,52,65,No,Yes,PG,Upper-Middle,Yes,Good,Low,9.88,54.52,Low,54.6,73
EDU01172,Rahul Das,Female,18,EEE,3,89.1,1.8,7.7,1,3,66.4,71.7,73.2,80.5,81.5,7.32,7.17,0,150,3,4.2,1.5,96,98,No,Yes,UG,High,Yes,Poor,High,7.04,104.04,Low,84.9,72
EDU01173,Karthik Patel,Female,20,AI&DS,1,88.5,1.2,5.2,1,9,59.6,54.4,56.2,63.5,72.5,6.39,6.2,1,161,26,0.6,0.5,82,59,No,Yes,Diploma,Upper-Middle,Yes,Excellent,High,5.67,100.4,Moderate,93.7,52
EDU01174,Karthik Patel,Male,21,CIVIL,6,100.0,4.2,8.4,7,7,97.7,91.8,93.1,97.1,100.0,8.98,8.99,0,146,13,1.6,3.0,44,92,No,Yes,PG,High,No,Excellent,Medium,9.42,86.8,Low,100.0,85
EDU01175,Nisha Iyer,Female,22,CIVIL,1,73.8,1.2,8.3,4,6,50.5,43.3,49.3,49.6,54.2,4.5,4.62,2,52,20,0.5,0.8,62,70,No,Yes,Diploma,High,Yes,Average,Medium,4.77,64.72,Critical,67.8,33
EDU01176,Priya Nair,Male,21,CSE,5,84.8,1.7,6.5,4,3,59.5,52.3,51.4,44.6,51.5,4.5,4.65,2,51,1,3.1,0.6,80,88,Yes,Yes,Diploma,Middle,Yes,Good,Low,5.44,76.12,Critical,80.2,71
EDU01177,Arjun Singh,Female,19,EEE,1,83.1,3.3,6.5,10,8,77.0,75.3,73.3,81.3,80.7,7.33,7.33,1,26,3,4.8,1.3,49,59,No,Yes,PG,High,No,Good,High,7.52,58.04,High,78.9,54
EDU01178,Pooja Patel,Female,17,EEE,4,85.2,3.6,6.8,6,3,80.1,82.1,77.9,82.5,83.9,7.93,8.3,0,117,36,3.8,0.4,91,98,Yes,Yes,Diploma,High,Yes,Good,High,8.0,93.88,Moderate,75.6,55
EDU01179,Keerthi Verma,Male,24,AI&DS,5,68.8,3.3,5.7,4,7,77.0,77.5,73.3,71.0,80.1,6.93,7.23,0,42,34,0.2,1.1,72,65,Yes,Yes,PhD,High,Yes,Excellent,High,7.59,64.72,Moderate,71.9,46
EDU01180,Rahul Singh,Female,21,AI&DS,4,66.4,4.4,7.8,10,8,71.3,62.1,67.9,65.1,72.1,6.25,6.08,1,163,34,1.1,2.0,95,46,Yes,Yes,School,High,No,Average,Medium,6.71,97.16,High,61.6,35
EDU01181,Meera Nair,Male,19,ECE,8,94.6,5.8,7.1,4,3,96.3,87.6,87.2,85.4,81.8,9.25,8.95,0,21,40,0.8,1.7,63,49,Yes,No,Diploma,Middle,Yes,Average,High,9.04,67.24,Low,100.0,77
EDU01182,Arjun Singh,Male,19,CSE,3,90.1,3.4,5.6,2,9,80.0,87.4,79.8,81.8,85.9,8.78,9.32,0,45,29,2.4,1.0,97,76,Yes,No,School,Low,No,Poor,Medium,8.24,83.84,Low,85.5,72
EDU01183,Priya Iyer,Male,19,EEE,5,98.7,3.6,5.9,4,10,82.9,78.0,78.5,80.4,77.1,8.8,8.36,1,196,35,2.3,0.4,49,74,Yes,Yes,UG,Low,Yes,Average,High,7.98,98.28,Moderate,94.9,72
EDU01184,Sneha Kumar,Male,21,CSE,3,96.5,5.2,5.6,7,3,90.4,82.9,90.4,85.8,84.8,8.19,7.95,1,208,22,0.9,1.4,50,63,Yes,Yes,School,Middle,Yes,Average,Low,8.79,100.2,Moderate,85.2,67
EDU01185,Aditya Nair,Female,22,EEE,3,91.0,3.6,8.2,4,5,75.1,69.6,68.2,67.3,64.0,7.43,8.02,0,209,34,2.1,0.4,78,40,Yes,Yes,UG,Middle,Yes,Excellent,Medium,7.1,109.4,Low,92.3,84
EDU01186,Rahul Nair,Female,20,AI&DS,3,74.6,1.9,7.2,5,4,61.0,54.5,62.2,57.5,65.4,5.79,6.03,1,70,4,3.0,0.8,44,43,No,No,UG,Upper-Middle,Yes,Good,High,5.92,61.44,High,81.0,34
EDU01187,Ananya Reddy,Female,23,AIDS,8,69.4,1.3,7.7,9,7,47.4,55.3,52.9,48.5,45.0,5.19,4.99,3,30,21,4.7,0.7,60,85,Yes,Yes,Diploma,High,Yes,Excellent,High,5.19,57.76,Critical,62.8,62
EDU01188,Riya Gupta,Male,19,IT,1,87.4,1.6,7.4,4,5,57.3,63.4,62.9,55.9,53.8,5.35,5.83,3,156,1,0.4,1.9,42,63,Yes,Yes,School,High,Yes,Poor,Low,6.12,82.96,Critical,84.8,64
EDU01189,Meera Singh,Female,18,CSE,8,100.0,1.2,6.4,9,8,68.1,59.7,64.5,71.7,76.2,5.63,6.11,1,34,28,3.7,1.8,59,80,No,Yes,School,Middle,Yes,Poor,High,6.41,70.4,High,100.0,86
EDU01190,Vihaan Sharma,Male,21,MECH,7,74.6,3.5,7.4,8,10,72.8,79.5,79.8,73.9,77.4,8.46,8.07,0,165,9,4.0,1.3,59,61,Yes,Yes,PG,High,Yes,Average,Low,7.74,86.44,Moderate,74.8,73
EDU01191,Karthik Verma,Male,21,MECH,4,76.8,2.5,6.8,3,10,72.5,67.4,65.5,72.2,76.7,6.84,6.54,1,154,36,2.8,2.4,63,85,No,Yes,PG,Middle,No,Average,Low,6.85,86.72,Moderate,86.0,63
EDU01192,Ananya Gupta,Male,19,EEE,1,83.3,5.5,7.1,10,9,96.5,100.0,99.3,99.8,100.0,9.5,9.31,0,54,29,1.2,1.7,60,86,No,Yes,UG,Middle,Yes,Poor,High,9.86,68.12,Low,84.8,92
EDU01193,Pooja Nair,Female,23,IT,3,95.2,3.4,6.2,4,6,89.1,85.7,83.0,76.7,78.1,7.79,8.15,0,87,8,0.5,1.2,52,56,No,Yes,PG,Middle,Yes,Average,High,8.59,76.28,Low,88.9,80
EDU01194,Pooja Nair,Male,20,ECE,6,65.4,3.3,6.0,5,8,66.3,61.4,66.3,72.4,81.5,6.04,6.5,1,41,4,0.5,1.0,96,76,No,Yes,PhD,Upper-Middle,Yes,Good,Low,6.47,72.76,High,74.7,56
EDU01195,Arjun Verma,Female,19,EEE,7,84.6,2.2,5.4,6,4,75.4,76.1,78.3,80.6,78.2,7.33,7.26,0,170,38,4.4,3.0,51,56,No,Yes,UG,Middle,No,Excellent,Medium,7.66,88.24,Moderate,87.6,51
EDU01196,Nisha Sharma,Female,20,AI&DS,1,86.1,3.3,7.8,5,8,84.9,81.2,86.0,81.5,80.7,9.37,9.07,0,195,15,0.2,2.9,92,96,Yes,Yes,Diploma,Low,Yes,Poor,Low,8.4,110.24,Low,97.0,72
EDU01197,Nithin Nair,Female,20,AIDS,7,94.4,5.7,6.1,1,4,93.3,93.7,95.9,94.1,100.0,9.35,9.8,0,180,26,1.2,1.3,59,78,Yes,Yes,Diploma,Low,Yes,Excellent,High,9.43,97.36,Low,98.7,85
EDU01198,Vihaan Nair,Female,17,CIVIL,2,75.3,5.2,5.9,2,8,89.2,95.4,96.3,93.4,90.5,10.0,9.59,0,31,0,4.5,2.3,51,98,No,Yes,PhD,High,Yes,Average,High,9.36,56.72,Low,87.0,86
EDU01199,Sai Sharma,Male,17,CIVIL,2,83.7,2.3,7.5,9,7,68.0,68.9,67.3,69.0,73.5,7.66,7.72,0,61,2,4.7,1.9,58,45,No,Yes,Diploma,Upper-Middle,Yes,Poor,High,6.81,68.88,Moderate,87.8,43
EDU01200,Meera Patel,Female,19,ECE,7,84.1,1.3,8.4,10,8,55.8,51.1,56.9,60.7,66.3,5.89,5.89,3,188,30,3.5,0.6,88,97,No,Yes,PhD,Middle,No,Average,Low,5.46,106.44,Critical,94.2,44
EDU01201,Ananya Iyer,Female,24,AIDS,4,81.1,2.9,6.5,8,7,70.2,74.3,70.0,72.8,69.4,6.01,5.82,2,165,3,4.9,1.0,91,67,Yes,Yes,PhD,Upper-Middle,Yes,Excellent,High,7.15,101.84,Critical,87.4,27
EDU01202,Priya Nair,Male,23,ECE,6,77.5,2.5,6.6,7,3,73.5,75.6,70.4,65.1,61.0,7.04,6.68,1,189,8,1.9,2.5,58,98,Yes,Yes,Diploma,Upper-Middle,Yes,Good,Low,7.32,92.0,High,96.6,84
EDU01203,Sneha Iyer,Male,22,CIVIL,6,71.2,2.2,5.6,5,6,65.6,63.0,59.7,58.9,67.3,6.81,7.33,0,137,14,2.4,2.6,75,91,No,Yes,Diploma,Upper-Middle,Yes,Average,Low,6.28,85.88,Moderate,77.2,64
EDU01204,Ananya Verma,Female,23,AIDS,1,84.0,1.4,6.7,6,5,66.8,59.5,64.0,66.2,63.8,5.95,6.2,1,103,10,1.0,1.9,71,56,Yes,Yes,Diploma,Upper-Middle,Yes,Poor,Medium,6.34,82.6,High,77.3,49
EDU01205,Aarav Kumar,Female,18,MECH,2,73.4,5.7,6.0,7,8,96.2,94.4,91.0,98.9,100.0,9.32,9.35,0,200,15,1.7,1.8,66,44,No,Yes,PG,Middle,Yes,Good,Low,9.39,95.76,Low,76.4,86
EDU01206,Sneha Iyer,Male,17,CIVIL,4,83.7,2.0,8.1,2,4,66.6,65.6,66.1,65.3,68.1,6.91,7.4,1,68,13,3.5,0.1,46,85,Yes,Yes,PG,Low,Yes,Average,High,6.61,65.48,Moderate,82.5,55
EDU01207,Sanjay Kumar,Female,21,EEE,2,88.0,3.6,6.1,7,9,73.6,70.7,69.1,64.7,73.4,6.99,7.29,1,37,2,2.9,2.8,71,86,No,Yes,PG,High,Yes,Average,Medium,7.11,71.0,Moderate,98.4,48
EDU01208,Ananya Gupta,Female,21,MECH,6,84.1,2.5,7.2,1,6,66.6,57.3,58.1,55.4,63.3,5.31,5.2,4,204,7,0.5,0.2,64,79,Yes,Yes,UG,Middle,Yes,Poor,High,6.07,100.04,Critical,89.9,49
EDU01209,Riya Reddy,Male,20,ECE,2,94.0,2.0,7.4,2,7,68.3,62.2,64.9,59.2,58.0,6.35,6.73,1,23,24,2.2,2.2,60,80,Yes,Yes,UG,Upper-Middle,Yes,Excellent,Medium,6.51,66.2,Moderate,99.1,58
EDU01210,Rahul Sharma,Female,21,ECE,5,80.0,4.3,6.6,10,10,79.1,84.0,79.4,78.4,78.3,7.9,7.59,0,190,2,0.8,2.2,89,63,Yes,Yes,School,Middle,Yes,Average,High,8.08,105.6,Moderate,64.9,78
EDU01211,Nithin Verma,Male,21,MECH,2,81.9,2.9,7.5,10,4,69.2,62.1,64.6,72.6,82.6,6.33,6.67,1,80,37,0.0,0.8,63,50,No,Yes,PhD,High,Yes,Good,Medium,6.53,73.96,High,70.3,49
EDU01212,Nithin Gupta,Male,18,AIDS,8,66.5,4.0,6.2,1,4,80.3,82.9,81.1,73.8,82.8,8.47,8.22,0,56,21,4.5,2.2,98,72,Yes,No,UG,Low,Yes,Excellent,High,8.14,77.0,Low,79.6,65
EDU01213,Vihaan Gupta,Male,21,CIVIL,1,81.2,4.4,5.4,2,6,84.0,80.9,85.5,89.4,90.2,8.09,8.12,0,144,22,1.4,0.5,72,85,Yes,Yes,PhD,High,Yes,Good,Low,8.35,90.08,Low,68.6,89
EDU01214,Diya Kumar,Female,23,CSE,6,80.6,2.8,6.6,6,8,76.2,72.0,69.9,68.6,72.0,7.15,6.98,1,164,15,2.1,2.2,64,56,No,Yes,UG,Upper-Middle,Yes,Poor,High,7.27,90.64,Moderate,71.5,56
EDU01215,Keerthi Sharma,Male,20,ECE,6,100.0,3.1,5.7,3,7,82.5,83.8,84.2,77.3,74.2,9.32,9.53,0,129,36,2.3,2.2,59,75,No,Yes,PhD,Upper-Middle,Yes,Excellent,High,8.35,89.4,Low,89.8,100
EDU01216,Sneha Das,Female,20,CSE,7,69.2,5.6,5.2,3,10,90.3,93.6,89.0,90.1,97.6,8.27,8.61,0,164,5,2.1,0.4,40,100,Yes,Yes,UG,High,No,Poor,Low,9.1,76.48,Low,76.1,82
EDU01217,Meera Nair,Male,18,CSE,7,78.4,2.2,8.5,1,8,63.7,64.1,60.4,55.5,56.7,5.74,5.76,4,208,22,2.5,1.1,79,86,No,Yes,PhD,Upper-Middle,Yes,Poor,Medium,6.27,104.56,Critical,76.3,46
EDU01218,Aarav Kumar,Male,19,AIDS,4,75.8,1.1,7.6,5,5,58.6,61.1,61.8,59.9,66.1,5.83,6.08,1,107,26,0.4,1.7,84,88,Yes,No,Diploma,Low,Yes,Good,High,6.05,85.32,High,61.0,63
EDU01219,Keerthi Reddy,Male,22,ECE,2,64.6,4.6,5.3,3,4,71.3,62.4,68.2,67.0,67.9,6.6,6.89,2,97,30,0.9,0.2,55,50,No,Yes,UG,Upper-Middle,Yes,Poor,Low,6.73,67.24,High,62.1,80
EDU01220,Karthik Gupta,Male,19,EEE,1,85.7,5.2,6.7,4,8,94.7,99.1,99.3,100.0,97.3,9.43,9.31,0,196,28,4.8,1.0,68,93,Yes,Yes,UG,Low,Yes,Poor,Medium,9.77,100.68,Low,87.9,75
EDU01221,Priya Verma,Female,17,AIDS,2,93.3,1.6,8.0,7,8,69.1,62.8,67.0,67.0,64.4,7.15,7.7,0,149,32,4.5,2.7,98,85,Yes,Yes,UG,High,Yes,Excellent,Medium,6.63,106.32,Low,83.0,77
EDU01222,Nithin Das,Male,20,CIVIL,2,97.9,3.0,6.2,7,8,75.1,66.9,67.7,61.8,71.0,7.27,6.89,2,187,20,3.3,2.1,76,82,Yes,Yes,Diploma,Upper-Middle,Yes,Good,High,6.99,106.96,High,93.2,81
EDU01223,Harish Patel,Female,22,AIDS,8,80.7,5.2,8.5,7,4,91.0,83.8,85.8,83.2,89.9,9.49,10.0,0,201,37,4.3,2.1,78,62,No,Yes,PhD,Middle,Yes,Average,High,8.69,103.68,Low,87.9,100
EDU01224,Diya Das,Male,23,AI&DS,2,74.7,3.9,6.0,3,10,70.3,71.4,71.5,68.7,67.1,6.22,6.3,2,30,28,0.7,2.0,41,97,Yes,Yes,Diploma,Low,Yes,Average,Low,7.11,52.28,High,87.4,65
EDU01225,Nisha Das,Female,23,AIDS,7,77.7,5.9,6.6,1,6,98.8,97.7,100.0,98.0,99.3,9.0,9.2,0,168,40,3.5,1.0,82,94,No,Yes,UG,Middle,No,Excellent,Medium,9.88,97.48,Low,62.6,75
EDU01226,Meera Kumar,Female,21,CIVIL,8,76.3,2.0,5.9,7,7,66.2,74.1,74.6,82.5,81.6,7.31,7.41,1,146,15,3.6,0.2,62,73,No,Yes,School,Middle,Yes,Average,Low,7.16,84.52,High,94.7,71
EDU01227,Sai Das,Male,23,CIVIL,3,77.0,2.6,8.4,9,3,68.2,70.7,72.9,77.4,78.2,7.95,8.12,0,216,0,0.2,0.2,77,82,Yes,Yes,School,High,Yes,Good,Medium,7.06,104.8,Moderate,55.1,98
EDU01228,Priya Gupta,Male,21,AIDS,5,70.1,2.2,6.4,10,6,66.4,62.9,60.0,61.7,58.3,5.21,5.29,4,116,31,0.3,0.7,46,52,Yes,Yes,Diploma,Upper-Middle,Yes,Good,High,6.31,69.64,Critical,66.1,52
EDU01229,Arjun Sharma,Male,17,ECE,6,88.6,4.0,8.0,1,7,77.8,82.5,80.8,82.7,88.8,8.26,8.56,0,78,8,1.2,1.6,68,83,No,Yes,PG,High,Yes,Excellent,Low,8.04,78.24,Low,99.2,80
EDU01230,Sneha Das,Female,18,ECE,5,93.3,1.1,5.7,10,10,64.0,62.4,61.1,63.8,68.6,5.15,4.76,2,124,15,0.8,2.3,82,53,No,Yes,Diploma,High,Yes,Average,High,6.25,94.92,Critical,85.4,50
EDU01231,Rahul Kumar,Female,18,MECH,5,85.4,3.8,6.9,2,6,75.0,74.5,73.9,71.4,78.8,7.2,7.2,0,171,8,4.9,2.3,92,82,Yes,Yes,Diploma,Low,Yes,Excellent,Medium,7.45,105.16,Low,89.1,51
EDU01232,Aishwarya Singh,Male,22,IT,4,100.0,4.4,5.0,7,3,90.9,90.1,90.3,91.8,96.5,8.56,8.72,0,189,11,1.9,1.0,96,69,Yes,Yes,PG,Upper-Middle,No,Excellent,Medium,9.04,116.2,Low,100.0,73
EDU01233,Nithin Iyer,Male,21,MECH,4,76.8,3.3,7.7,6,10,70.4,63.8,70.3,70.8,80.5,6.68,6.97,2,174,36,4.8,2.1,92,73,No,Yes,School,Low,Yes,Excellent,Medium,6.82,102.32,High,75.1,68
EDU01234,Sanjay Patel,Female,18,MECH,8,55.7,3.1,7.6,8,3,64.6,71.5,67.2,73.1,82.9,5.74,5.91,2,149,13,5.0,2.6,54,56,No,Yes,School,Middle,Yes,Good,High,6.78,73.68,Critical,50.2,80
EDU01235,Keerthi Kumar,Male,21,MECH,7,82.5,2.0,5.8,4,5,71.4,76.9,76.8,76.0,76.1,7.31,7.78,0,204,30,4.3,2.8,80,48,No,Yes,PhD,Low,Yes,Average,Medium,7.5,105.8,Low,100.0,76
EDU01236,Sai Gupta,Male,23,CSE,7,96.0,4.9,7.5,9,9,96.1,95.8,98.3,98.0,100.0,9.19,9.67,0,75,40,2.3,0.6,75,62,No,Yes,PG,Middle,Yes,Poor,High,9.67,83.4,Low,100.0,70
EDU01237,Karthik Sharma,Male,19,EEE,2,92.7,4.9,7.5,3,6,85.9,77.0,86.4,84.7,84.9,9.01,8.79,0,207,6,4.6,1.1,61,63,No,No,PhD,Middle,Yes,Average,Low,8.31,102.88,Low,78.3,73
EDU01238,Nithin Kumar,Male,20,MECH,7,94.9,2.1,5.7,3,5,71.0,75.6,75.0,80.9,76.0,8.47,8.61,0,213,34,4.8,1.1,46,67,No,Yes,School,Middle,Yes,Good,Low,7.39,98.96,Low,91.9,83
EDU01239,Sneha Nair,Male,23,MECH,7,70.5,2.5,7.2,5,10,64.6,56.9,61.1,56.5,60.1,6.81,6.91,1,153,38,4.0,1.9,65,69,Yes,Yes,School,High,Yes,Average,Low,6.09,84.8,Moderate,72.4,83
EDU01240,Pooja Singh,Female,17,CSE,8,91.9,1.8,6.4,3,3,64.3,68.6,70.4,67.4,63.1,7.69,7.5,1,147,18,2.9,1.9,67,91,Yes,Yes,Diploma,Low,Yes,Poor,Low,6.78,92.96,Moderate,99.2,59
EDU01241,Aditya Nair,Female,20,CIVIL,7,76.3,1.9,7.6,3,7,55.6,50.1,53.2,50.5,54.7,6.17,6.72,1,61,36,1.8,2.3,46,80,Yes,Yes,PhD,High,Yes,Poor,Medium,5.3,61.12,Moderate,67.5,90
EDU01242,Keerthi Kumar,Male,19,CIVIL,1,88.6,2.5,7.1,2,10,68.8,64.9,63.8,69.1,73.5,7.2,7.49,0,99,17,0.4,0.1,64,80,No,Yes,UG,Upper-Middle,Yes,Average,Low,6.58,80.84,Low,90.7,59
EDU01243,Arjun Nair,Female,17,IT,5,72.6,1.8,5.7,9,6,64.8,72.5,64.4,57.5,66.4,6.81,7.14,1,152,23,0.1,0.7,82,41,No,Yes,School,High,Yes,Excellent,Low,6.72,92.24,High,74.3,39
EDU01244,Nithin Verma,Female,20,ECE,4,95.5,4.9,6.7,2,7,94.0,88.3,89.7,93.5,89.5,9.1,9.48,0,161,10,1.5,2.3,51,50,Yes,Yes,Diploma,Low,Yes,Average,Low,9.07,90.8,Low,91.9,83
EDU01245,Sneha Das,Female,19,CSE,8,72.8,5.4,6.9,2,5,86.0,93.2,87.9,80.8,86.9,9.76,9.41,0,211,38,0.3,2.7,58,55,Yes,Yes,Diploma,Upper-Middle,Yes,Average,Medium,8.9,94.52,Low,73.1,78
EDU01246,Nithin Das,Female,19,ECE,4,87.3,3.5,6.0,1,6,79.5,80.4,77.5,79.0,82.9,7.06,7.36,0,208,33,0.1,0.7,41,73,No,Yes,School,Upper-Middle,Yes,Excellent,High,7.91,92.92,Low,96.3,63
EDU01247,Sanjay Reddy,Male,22,AI&DS,6,77.2,5.9,7.6,5,10,87.4,89.7,89.1,95.7,97.7,8.25,7.82,0,143,16,1.4,1.4,84,54,Yes,Yes,PG,Low,Yes,Good,High,8.87,93.08,Low,81.4,60
EDU01248,Aarav Kumar,Male,21,MECH,7,74.4,3.6,8.1,5,9,72.2,63.4,70.3,70.0,76.7,7.23,7.18,0,133,8,1.1,1.1,43,89,No,Yes,PG,Upper-Middle,Yes,Average,Low,6.86,73.56,Moderate,67.9,66
EDU01249,Pooja Sharma,Male,20,CIVIL,4,89.0,3.5,5.5,3,7,76.8,78.2,76.5,70.7,74.8,8.07,8.1,0,115,8,3.4,1.3,75,58,Yes,Yes,School,High,Yes,Excellent,Medium,7.72,88.6,Low,81.6,84
EDU01250,Sneha Sharma,Female,22,IT,5,82.2,5.2,6.9,4,8,87.3,88.4,85.5,87.3,95.5,8.58,8.91,0,76,0,1.0,1.9,62,55,No,Yes,PG,Low,Yes,Good,Low,8.71,72.88,Low,83.7,61
EDU01251,Rahul Das,Female,20,EEE,1,86.4,1.5,5.9,10,10,70.6,73.7,72.0,74.8,79.6,7.91,7.45,1,177,2,2.9,1.3,74,44,No,Yes,PG,Upper-Middle,No,Excellent,Medium,7.21,99.56,High,79.1,67
EDU01252,Sanjay Das,Female,18,AI&DS,4,74.7,4.9,5.9,6,10,80.9,72.8,77.3,82.9,86.6,8.58,8.65,0,210,1,1.5,0.3,83,71,No,Yes,UG,Middle,Yes,Excellent,High,7.7,105.08,Low,75.8,86
EDU01253,Rahul Sharma,Female,24,CSE,7,77.2,5.8,7.0,2,9,89.6,93.1,94.0,87.9,86.9,10.0,9.98,0,162,26,2.2,2.7,100,49,No,Yes,PG,Middle,Yes,Poor,High,9.22,103.28,Low,73.8,92
EDU01254,Sai Das,Male,19,AIDS,6,92.1,5.6,5.6,10,4,100.0,100.0,100.0,96.7,100.0,9.7,10.0,0,219,21,4.4,0.6,85,54,Yes,Yes,UG,Middle,Yes,Excellent,Low,10.0,114.64,Low,94.2,95
EDU01255,Aditya Verma,Female,22,CIVIL,8,81.5,1.1,7.9,7,7,63.2,66.3,62.8,54.9,61.1,5.82,6.18,1,125,2,0.7,2.3,47,43,No,Yes,School,High,No,Excellent,Low,6.41,76.4,High,79.6,52
EDU01256,Nisha Nair,Male,19,MECH,5,97.7,1.8,8.2,5,7,78.3,73.5,76.7,80.6,77.8,8.4,8.03,1,172,30,3.4,2.4,66,80,No,Yes,PG,Upper-Middle,Yes,Excellent,High,7.62,99.88,Moderate,100.0,61
EDU01257,Sanjay Gupta,Male,17,MECH,4,74.0,5.9,7.6,3,8,97.4,92.9,95.1,89.0,88.9,9.94,9.44,0,182,6,2.4,2.8,84,41,No,No,Diploma,Upper-Middle,Yes,Poor,Low,9.51,99.6,Low,89.9,100
EDU01258,Harish Sharma,Male,18,CIVIL,7,71.3,5.2,6.6,3,10,90.3,98.3,90.4,84.9,86.6,10.0,10.0,0,139,6,2.2,0.6,60,40,No,Yes,UG,Middle,Yes,Average,High,9.3,80.32,Low,59.9,69
EDU01259,Riya Kumar,Female,20,CSE,8,87.5,5.5,6.4,7,5,100.0,100.0,100.0,97.0,100.0,9.79,10.0,0,79,36,0.3,1.5,66,57,No,Yes,PG,Low,Yes,Excellent,Medium,10.0,77.2,Low,92.3,72
EDU01260,Sneha Reddy,Male,20,CIVIL,1,79.5,3.0,8.2,6,8,65.3,58.7,60.9,53.9,52.8,6.49,6.95,1,77,5,4.3,0.5,89,83,Yes,Yes,PG,High,Yes,Excellent,Medium,6.16,82.8,Moderate,91.2,72
EDU01261,Ananya Singh,Male,22,ECE,3,90.0,2.4,7.2,2,9,69.7,65.1,71.9,71.9,73.4,6.34,6.45,1,113,35,4.4,0.7,73,42,No,Yes,Diploma,Low,Yes,Excellent,Medium,6.89,87.8,Moderate,84.4,75
EDU01262,Pooja Verma,Female,21,MECH,6,80.9,5.2,5.5,2,8,84.8,84.9,89.8,87.4,87.9,8.98,8.88,0,60,39,4.7,0.1,65,74,No,Yes,UG,Upper-Middle,Yes,Average,Low,8.65,70.36,Low,97.5,85
EDU01263,Ananya Das,Female,19,MECH,7,79.6,4.0,8.1,4,8,82.5,84.5,82.0,79.9,82.1,8.72,8.87,0,213,28,3.5,1.1,95,77,Yes,Yes,PhD,Upper-Middle,No,Good,Low,8.3,112.44,Low,86.4,72
EDU01264,Arjun Reddy,Female,20,EEE,5,83.1,5.0,6.2,1,4,91.8,90.9,93.2,87.0,96.1,9.15,8.75,0,90,24,0.4,0.4,84,91,No,Yes,Diploma,Middle,Yes,Average,High,9.2,84.84,Low,90.7,82
EDU01265,Nithin Gupta,Male,18,AI&DS,2,93.5,2.3,7.4,3,10,69.6,63.7,67.2,73.3,78.2,6.21,6.55,1,161,7,4.0,2.7,72,47,No,Yes,PhD,Middle,Yes,Poor,High,6.68,98.4,Moderate,90.5,58
EDU01266,Aarav Iyer,Male,22,AI&DS,2,87.6,2.3,5.7,5,3,67.9,75.3,75.0,68.8,74.6,6.6,6.51,2,76,21,4.8,1.6,92,82,No,Yes,PhD,Low,Yes,Poor,Low,7.27,87.04,High,98.7,60
EDU01267,Arjun Sharma,Female,23,EEE,7,99.6,1.1,5.5,2,5,72.2,62.9,70.8,75.2,72.4,6.31,6.59,2,206,22,2.8,2.6,65,89,Yes,No,UG,Upper-Middle,No,Good,High,6.86,107.04,High,92.2,74
EDU01268,Arjun Reddy,Female,17,IT,1,71.2,2.2,5.3,5,9,60.2,50.8,54.0,57.4,65.5,5.92,5.85,3,151,40,0.5,0.1,76,79,No,Yes,UG,Middle,Yes,Excellent,Medium,5.5,89.08,Critical,69.3,60
EDU01269,Aditya Nair,Female,22,AI&DS,7,89.7,1.7,7.5,10,8,70.5,63.3,62.1,70.0,79.9,7.0,7.58,1,145,24,1.3,2.8,66,46,Yes,Yes,PhD,Upper-Middle,Yes,Excellent,Medium,6.53,91.28,High,92.2,64
EDU01270,Ananya Verma,Female,18,AI&DS,6,100.0,5.3,5.7,4,7,100.0,100.0,97.2,93.5,100.0,9.28,8.93,0,183,30,2.6,1.1,74,99,Yes,Yes,School,High,No,Excellent,Medium,9.91,106.2,Low,100.0,89
EDU01271,Priya Das,Male,19,MECH,7,88.7,5.1,8.3,7,5,89.3,82.8,85.8,81.5,80.3,8.64,8.81,0,175,22,4.8,1.9,70,93,Yes,Yes,Diploma,Low,Yes,Excellent,Medium,8.6,98.48,Low,87.2,79
EDU01272,Arjun Kumar,Female,19,EEE,6,89.9,5.3,5.1,7,7,91.9,95.9,92.5,87.9,84.3,10.0,10.0,0,198,15,3.1,0.1,53,51,Yes,Yes,School,High,Yes,Excellent,High,9.34,96.76,Low,96.1,75
EDU01273,Vihaan Nair,Female,24,EEE,8,99.8,3.4,7.2,1,4,81.5,79.6,80.6,76.6,78.6,8.18,8.11,0,184,34,2.2,2.1,90,79,No,Yes,Diploma,Upper-Middle,Yes,Average,Medium,8.06,112.72,Low,100.0,74
EDU01274,Karthik Das,Male,19,IT,5,91.7,1.6,8.1,8,10,65.8,70.5,67.7,65.5,70.6,5.87,6.46,2,153,33,4.4,0.6,46,99,No,Yes,PG,Low,Yes,Excellent,Low,6.8,85.68,High,90.8,64
EDU01275,Sneha Patel,Female,24,EEE,3,74.5,5.1,5.1,5,10,89.7,87.1,89.0,86.9,89.4,9.09,9.08,0,141,3,4.4,1.7,100,86,Yes,Yes,Diploma,Upper-Middle,Yes,Average,High,8.86,98.0,Low,72.6,90
EDU01276,Vihaan Reddy,Female,21,CIVIL,2,95.3,5.3,7.5,8,7,96.5,86.7,93.0,93.4,100.0,9.34,9.68,0,152,27,1.1,1.2,98,45,Yes,Yes,UG,Upper-Middle,Yes,Average,High,9.21,107.72,Low,100.0,84
EDU01277,Arjun Sharma,Female,24,IT,4,73.8,5.8,6.2,1,4,92.0,89.7,87.2,90.0,92.6,9.28,9.2,0,110,18,3.8,1.7,79,96,No,Yes,PhD,Low,Yes,Average,Low,8.96,83.12,Low,82.9,92
EDU01278,Aarav Kumar,Male,17,AI&DS,2,74.5,4.7,5.6,7,9,85.1,86.0,83.7,80.8,80.7,8.05,7.83,1,216,2,2.8,1.2,46,80,Yes,Yes,School,Low,Yes,Good,High,8.49,91.4,Moderate,74.1,51
EDU01279,Meera Reddy,Female,19,IT,8,68.2,5.3,8.1,5,9,80.0,82.6,81.5,87.2,96.4,7.84,7.84,1,138,9,3.7,0.2,81,53,No,Yes,Diploma,Upper-Middle,Yes,Excellent,Medium,8.14,87.28,Moderate,59.5,92
EDU01280,Diya Gupta,Female,24,AIDS,4,89.2,2.3,7.5,3,9,75.5,69.7,72.9,72.6,68.3,7.62,7.13,1,185,37,2.2,0.3,40,70,No,No,Diploma,Low,Yes,Poor,High,7.27,88.68,Moderate,87.6,72
EDU01281,Nisha Das,Male,24,EEE,7,86.0,3.0,7.5,7,10,70.0,62.8,70.6,64.0,60.8,7.93,7.75,0,114,24,2.1,2.0,55,90,Yes,Yes,UG,Middle,Yes,Good,High,6.78,79.2,Low,91.0,73
EDU01282,Sai Iyer,Female,24,CIVIL,8,75.1,2.0,7.6,8,4,66.0,62.1,60.8,63.8,68.6,5.68,5.69,3,88,26,3.7,2.9,44,51,No,Yes,PhD,Middle,Yes,Average,Low,6.3,65.24,Critical,84.8,56
EDU01283,Nisha Nair,Male,24,MECH,7,78.9,4.5,5.9,10,3,85.6,87.5,90.4,88.8,98.8,8.16,8.09,0,57,7,4.0,0.2,83,44,No,Yes,PG,High,Yes,Good,High,8.78,76.16,Moderate,81.8,67
EDU01284,Aditya Sharma,Male,22,ECE,8,80.2,4.7,8.5,4,9,84.2,89.3,91.0,97.2,100.0,9.29,9.43,0,159,25,2.2,1.4,43,61,No,Yes,PhD,Low,Yes,Poor,Low,8.82,81.08,Low,78.5,72
EDU01285,Nisha Das,Female,18,MECH,5,87.0,4.5,5.6,8,3,83.9,77.9,84.2,79.6,76.5,8.44,8.15,0,127,1,0.8,0.7,88,74,No,No,PG,High,Yes,Average,High,8.2,95.4,Moderate,92.0,78
EDU01286,Riya Sharma,Female,19,MECH,2,83.6,4.6,6.2,7,4,86.5,82.5,88.6,86.0,90.0,8.17,8.43,0,53,34,1.6,1.5,41,95,No,Yes,Diploma,Middle,Yes,Average,High,8.59,60.44,Moderate,76.8,97
EDU01287,Sanjay Patel,Female,19,AIDS,8,86.4,1.5,7.5,4,8,62.0,61.3,58.2,58.6,58.2,6.3,6.09,1,193,23,1.6,1.4,49,97,Yes,Yes,School,Low,Yes,Good,High,6.05,92.76,Moderate,72.1,59
EDU01288,Vihaan Verma,Male,24,MECH,7,69.2,4.7,7.9,6,3,84.9,86.8,82.0,74.2,77.1,7.42,7.54,1,162,26,2.4,1.5,56,56,No,Yes,PhD,Middle,Yes,Excellent,Medium,8.46,82.48,High,80.2,65
EDU01289,Karthik Nair,Female,23,MECH,4,79.8,5.7,5.8,8,10,100.0,100.0,99.8,100.0,97.2,10.0,10.0,0,130,10,2.5,1.8,44,62,Yes,Yes,PG,Upper-Middle,Yes,Excellent,Low,9.99,75.52,Low,82.2,87
EDU01290,Harish Iyer,Male,22,IT,2,94.9,4.0,5.0,1,7,86.8,81.3,79.3,79.0,87.6,8.06,7.74,0,89,22,4.7,1.5,55,66,No,No,PhD,Upper-Middle,No,Poor,High,8.25,77.76,Low,90.4,69
EDU01291,Pooja Sharma,Female,21,AIDS,4,74.5,2.9,6.3,10,10,69.6,63.1,66.4,67.9,73.1,7.45,7.91,0,49,15,0.6,1.9,74,56,No,Yes,PhD,High,Yes,Excellent,Low,6.64,69.2,Moderate,71.2,70
EDU01292,Nisha Iyer,Male,22,AIDS,5,72.3,3.4,6.7,4,10,74.3,80.9,74.8,71.2,73.0,7.22,7.71,0,178,5,4.6,2.3,93,73,No,Yes,PG,Middle,Yes,Average,High,7.67,101.72,Low,78.5,72
EDU01293,Vihaan Kumar,Male,22,AI&DS,6,72.8,2.4,7.6,8,6,61.2,63.4,63.0,64.1,63.3,7.15,6.97,1,188,30,0.5,0.4,79,54,Yes,Yes,School,High,Yes,Average,Low,6.25,98.32,High,65.6,47
EDU01294,Diya Patel,Female,24,MECH,1,90.7,3.9,8.5,3,5,88.0,93.8,89.9,81.9,84.3,8.97,9.16,0,182,30,2.5,2.6,49,89,No,Yes,PG,High,Yes,Poor,High,9.06,92.28,Low,100.0,99
EDU01295,Meera Gupta,Male,20,CIVIL,7,73.1,3.1,7.0,10,10,67.7,75.5,75.4,68.3,72.9,7.09,6.99,1,133,8,3.0,0.5,79,97,Yes,Yes,School,High,No,Average,High,7.29,87.44,High,68.2,54
EDU01296,Rahul Reddy,Female,22,IT,8,81.8,3.6,6.2,7,6,70.8,67.6,70.9,74.7,76.1,6.33,6.33,1,72,37,2.8,2.3,86,100,No,Yes,UG,Low,No,Excellent,High,6.98,81.52,High,80.9,63
EDU01297,Vihaan Verma,Female,17,AIDS,6,71.2,4.6,7.7,9,3,78.9,75.6,73.7,74.0,82.1,8.26,7.8,0,209,1,1.7,2.4,94,42,No,Yes,PG,Middle,Yes,Average,High,7.61,107.88,Moderate,66.9,71
EDU01298,Aditya Iyer,Female,20,AIDS,1,94.4,5.1,5.6,9,8,91.6,89.4,93.6,97.9,94.6,10.0,10.0,0,63,19,0.4,1.4,70,55,Yes,Yes,PG,Middle,No,Poor,High,9.15,78.36,Low,97.8,100
EDU01299,Diya Verma,Male,17,CIVIL,5,76.7,4.4,6.8,7,4,82.8,83.1,84.6,77.3,78.3,8.42,9.02,0,109,36,1.8,2.4,87,98,No,Yes,School,Upper-Middle,Yes,Excellent,High,8.35,87.28,Moderate,77.1,82
EDU01300,Sai Iyer,Male,21,AI&DS,3,84.8,2.6,7.9,9,4,64.3,62.6,61.7,58.9,60.6,5.59,5.62,3,213,23,3.9,1.9,42,73,Yes,Yes,School,Low,Yes,Poor,Medium,6.29,93.32,Critical,98.3,36
EDU01301,Vihaan Gupta,Female,20,CSE,7,83.9,2.9,6.8,2,9,67.2,63.8,66.8,74.3,70.6,6.98,6.5,1,132,22,0.2,0.1,93,59,No,Yes,School,Middle,Yes,Excellent,Low,6.59,97.16,Moderate,96.3,50
EDU01302,Priya Das,Male,23,EEE,5,63.5,4.1,6.2,6,3,80.2,84.1,83.7,79.1,77.4,7.96,7.61,0,97,23,1.6,1.5,87,46,No,No,Diploma,Middle,Yes,Poor,Medium,8.27,79.6,Moderate,61.5,62
EDU01303,Rahul Singh,Female,23,CIVIL,4,81.6,4.4,5.1,1,3,90.5,85.7,83.3,86.5,94.6,8.78,9.23,0,159,26,2.5,0.5,60,46,No,No,PhD,High,Yes,Excellent,Low,8.65,88.44,Low,81.2,68
EDU01304,Nisha Das,Female,20,CSE,8,88.9,5.1,8.3,9,4,99.1,89.6,98.9,100.0,96.5,10.0,9.75,0,180,34,1.5,1.8,83,51,Yes,Yes,School,High,Yes,Good,Medium,9.59,104.76,Low,92.7,69
EDU01305,Keerthi Nair,Male,22,AIDS,4,90.4,1.6,8.0,4,9,67.4,67.3,64.1,70.0,76.8,7.3,7.44,0,210,40,2.9,0.9,57,63,Yes,Yes,PhD,High,Yes,Excellent,Low,6.63,100.96,Low,83.1,75
EDU01306,Sanjay Sharma,Female,24,CSE,7,88.8,1.2,6.0,7,4,58.5,50.2,51.9,45.3,46.6,4.5,4.29,2,114,11,2.2,0.9,62,83,Yes,Yes,PG,Upper-Middle,Yes,Good,Low,5.35,83.12,Critical,86.4,31
EDU01307,Nisha Sharma,Male,24,AI&DS,5,88.4,4.0,6.7,7,5,85.0,89.5,84.7,83.0,82.9,7.8,8.29,0,191,26,0.0,2.4,58,82,Yes,Yes,UG,Upper-Middle,Yes,Average,Medium,8.64,96.76,Moderate,91.4,75
EDU01308,Aditya Patel,Female,20,EEE,3,82.8,2.6,6.2,2,6,65.2,56.2,62.9,68.2,66.3,5.8,5.44,4,112,22,0.4,0.0,82,62,No,Yes,UG,Middle,Yes,Good,Low,6.14,88.32,Critical,80.1,61
EDU01309,Diya Nair,Male,21,IT,1,85.2,3.2,6.6,3,9,79.3,84.0,82.8,82.6,91.6,8.75,8.52,0,124,30,0.8,0.7,49,96,No,Yes,PG,High,Yes,Good,Medium,8.2,78.48,Low,84.6,81
EDU01310,Riya Iyer,Male,21,CIVIL,8,89.9,4.2,6.6,5,5,93.7,96.5,96.2,91.3,87.4,9.45,9.33,0,146,10,4.9,2.5,88,96,No,Yes,UG,Low,Yes,Average,Medium,9.55,100.36,Low,100.0,100
EDU01311,Keerthi Gupta,Male,19,AI&DS,4,68.6,1.4,5.4,4,4,52.2,54.8,57.7,58.6,61.6,5.15,4.76,3,190,6,2.6,0.3,65,57,Yes,Yes,PG,Middle,Yes,Poor,Low,5.49,91.44,Critical,68.4,43
EDU01312,Riya Patel,Female,20,CSE,2,83.4,2.8,7.7,4,10,73.1,79.4,76.1,72.3,68.6,7.25,7.63,0,192,24,3.9,0.0,66,94,Yes,Yes,PG,Upper-Middle,Yes,Good,Medium,7.62,98.16,Low,78.6,95
EDU01313,Vihaan Reddy,Female,19,IT,5,95.9,5.3,6.7,10,5,95.6,92.1,94.4,97.5,100.0,10.0,10.0,0,45,15,1.7,2.9,48,44,Yes,Yes,School,Low,Yes,Excellent,High,9.4,66.56,Low,94.6,96
EDU01314,Nisha Gupta,Male,23,IT,2,99.9,1.2,8.5,8,8,62.3,53.1,58.0,56.7,57.3,6.76,6.5,2,43,25,2.8,2.4,99,50,Yes,Yes,PG,Middle,Yes,Average,Low,5.78,88.16,High,88.3,65
EDU01315,Sneha Gupta,Male,21,ECE,1,89.8,2.0,5.0,3,3,73.3,69.3,68.1,72.8,75.0,7.07,7.65,0,146,18,2.6,1.0,81,68,Yes,No,Diploma,High,Yes,Poor,Medium,7.02,97.52,Low,77.7,67
EDU01316,Rahul Reddy,Male,19,IT,8,77.3,4.4,5.6,6,7,75.5,78.2,78.6,81.4,84.7,8.76,9.24,0,145,23,1.5,1.9,72,74,No,Yes,UG,Upper-Middle,Yes,Poor,Low,7.74,88.72,Low,77.8,71
EDU01317,Meera Das,Male,21,CIVIL,4,72.8,3.0,8.5,9,6,76.4,72.7,76.0,72.5,81.3,7.69,7.78,0,29,0,4.4,1.5,69,42,Yes,Yes,School,High,Yes,Poor,High,7.5,62.52,Moderate,83.1,57
EDU01318,Arjun Patel,Female,17,EEE,4,83.3,2.0,5.4,6,9,67.2,70.4,65.0,58.3,59.4,5.68,5.86,2,73,20,0.9,2.5,67,50,Yes,Yes,PG,Low,No,Average,Low,6.75,74.72,High,77.1,55
EDU01319,Priya Singh,Male,23,CIVIL,4,100.0,2.2,6.3,5,3,70.5,78.4,74.2,77.3,74.1,8.01,7.83,0,209,16,0.2,2.3,78,82,No,No,School,Low,Yes,Good,Medium,7.44,113.0,Low,100.0,57
EDU01320,Aishwarya Patel,Female,19,CIVIL,4,68.0,2.8,6.3,8,9,61.6,66.3,60.0,62.4,57.8,6.41,6.8,2,220,24,2.4,0.3,65,66,No,Yes,School,Middle,Yes,Average,Low,6.26,97.2,Critical,70.2,52
EDU01321,Diya Gupta,Female,24,EEE,2,89.8,4.3,7.0,6,10,82.1,77.3,83.3,85.3,89.6,9.0,9.26,0,193,22,0.8,3.0,60,73,No,Yes,PhD,Low,Yes,Average,Low,8.09,98.52,Low,78.6,96
EDU01322,Meera Sharma,Female,18,CSE,2,86.6,2.3,7.5,2,5,66.8,60.3,61.7,59.5,59.1,6.0,5.74,4,72,28,0.4,2.2,97,93,No,Yes,School,High,Yes,Good,Medium,6.29,87.84,Critical,82.8,57
EDU01323,Ananya Kumar,Female,24,AI&DS,4,64.1,2.3,8.1,2,10,59.2,60.2,56.8,62.8,59.5,6.02,6.02,2,76,5,3.3,1.6,93,81,Yes,Yes,School,Middle,Yes,Excellent,High,5.87,78.04,High,64.8,63
EDU01324,Priya Iyer,Female,21,AI&DS,1,94.4,1.3,5.2,6,7,70.7,64.6,69.9,73.3,81.4,7.1,7.66,0,39,7,2.1,0.8,57,88,Yes,Yes,School,Low,Yes,Excellent,Medium,6.84,68.36,Low,89.3,67
EDU01325,Harish Nair,Female,19,EEE,3,98.3,1.6,8.3,1,9,63.9,70.6,63.0,69.7,68.6,5.41,5.48,4,109,6,3.1,1.0,49,55,No,Yes,PG,High,Yes,Average,Low,6.58,80.72,Critical,100.0,63
EDU01326,Meera Singh,Female,21,MECH,4,69.3,4.8,5.8,7,7,83.3,85.6,83.8,88.3,93.0,7.96,7.57,0,141,6,4.7,1.9,58,81,No,Yes,Diploma,Low,Yes,Excellent,High,8.42,79.12,Moderate,65.1,50
EDU01327,Riya Kumar,Female,23,MECH,8,90.0,4.7,5.2,9,6,93.5,95.7,98.2,94.7,94.0,9.43,9.48,0,80,17,3.5,1.1,81,93,No,Yes,PhD,High,Yes,Poor,High,9.58,84.4,Low,86.8,81
EDU01328,Keerthi Verma,Female,19,MECH,4,81.2,1.4,7.8,8,8,53.5,43.8,51.6,47.0,45.0,5.98,5.61,3,179,25,2.8,2.1,57,81,Yes,Yes,UG,Middle,No,Poor,Medium,4.96,91.08,Critical,76.1,59
EDU01329,Diya Kumar,Female,24,IT,2,79.4,3.7,6.6,3,9,84.5,79.2,82.9,85.1,82.7,7.44,7.97,0,43,38,1.7,0.8,91,84,No,Yes,PG,Low,Yes,Poor,Medium,8.22,76.76,Low,70.5,54
EDU01330,Sneha Patel,Male,18,IT,2,83.9,3.3,7.0,10,5,82.3,87.6,88.2,82.8,81.4,7.98,7.84,0,147,8,1.7,2.5,85,93,Yes,Yes,UG,High,Yes,Excellent,Low,8.6,96.96,Moderate,66.7,69
EDU01331,Aishwarya Sharma,Female,18,ECE,5,87.4,5.0,6.7,8,6,91.7,87.1,93.0,87.9,94.7,9.65,9.49,0,58,0,3.0,0.6,68,78,Yes,Yes,UG,Low,Yes,Excellent,Low,9.06,73.76,Low,86.5,88
EDU01332,Riya Das,Female,19,MECH,1,88.8,5.9,7.3,10,5,100.0,92.8,94.7,100.0,100.0,10.0,9.5,0,216,36,1.8,2.1,87,83,No,Yes,PhD,Middle,Yes,Good,High,9.58,113.52,Moderate,92.1,67
EDU01333,Rahul Gupta,Male,24,MECH,8,99.0,1.7,6.8,2,9,64.2,61.7,58.8,55.9,52.4,6.66,6.24,2,73,3,0.5,1.4,52,63,Yes,Yes,UG,High,No,Good,High,6.16,75.0,High,91.9,58
EDU01334,Harish Sharma,Male,20,IT,3,77.7,1.9,8.0,1,10,66.9,65.5,64.4,67.7,74.8,5.56,5.9,4,167,19,1.0,2.5,46,55,No,No,PhD,Upper-Middle,Yes,Excellent,High,6.56,82.88,Critical,69.9,64
EDU01335,Karthik Gupta,Male,18,ECE,2,91.2,3.1,8.3,9,5,78.6,75.5,80.1,75.4,71.4,7.22,6.98,1,159,19,1.3,1.8,75,90,Yes,Yes,Diploma,High,Yes,Excellent,High,7.81,98.28,High,94.6,48
EDU01336,Sanjay Verma,Male,18,ECE,4,93.2,3.2,7.3,10,7,78.5,81.0,78.4,75.3,76.9,7.82,8.4,0,102,14,4.6,1.0,100,72,Yes,Yes,UG,Low,Yes,Poor,High,7.93,97.68,Moderate,96.5,68
EDU01337,Pooja Reddy,Male,22,AI&DS,3,71.3,4.6,6.9,8,10,76.4,78.3,77.2,74.9,76.9,8.7,8.67,0,95,6,1.6,2.5,100,55,Yes,Yes,PG,Low,Yes,Excellent,Medium,7.73,87.52,Low,80.3,76
EDU01338,Meera Kumar,Female,20,ECE,2,75.1,1.5,7.8,2,9,61.2,51.2,61.1,62.5,62.6,5.55,5.7,3,72,7,4.2,0.8,43,54,No,Yes,School,High,Yes,Average,Medium,5.78,61.64,Critical,66.1,64
EDU01339,Nisha Patel,Male,23,CSE,3,79.0,5.4,8.1,5,8,85.9,92.2,85.9,82.2,91.8,8.19,8.02,1,89,30,1.2,1.1,90,98,No,No,PG,Upper-Middle,Yes,Poor,Medium,8.8,85.4,Moderate,80.9,37
EDU01340,Sanjay Nair,Female,18,IT,1,81.7,5.1,8.5,1,8,89.7,83.1,91.1,83.5,82.0,9.5,9.77,0,22,34,0.5,1.8,91,90,No,Yes,UG,Upper-Middle,Yes,Excellent,Medium,8.8,73.48,Low,81.5,65
EDU01341,Aishwarya Verma,Male,24,EEE,5,100.0,6.0,5.1,6,7,100.0,100.0,100.0,97.9,100.0,9.65,9.68,0,91,0,2.8,0.5,47,86,No,Yes,UG,Middle,Yes,Poor,Low,10.0,77.0,Low,100.0,97
EDU01342,Sanjay Singh,Male,21,AI&DS,6,90.6,4.7,6.9,7,10,83.7,90.4,84.6,89.2,98.5,8.18,8.25,0,32,0,0.2,0.9,41,58,No,Yes,UG,Upper-Middle,No,Excellent,Medium,8.62,59.04,Low,87.4,72
EDU01343,Sneha Patel,Female,24,MECH,3,88.4,2.8,5.1,9,5,69.2,69.2,64.8,72.3,75.3,6.87,7.03,1,40,5,4.9,0.3,82,97,Yes,Yes,PG,Upper-Middle,Yes,Good,Low,6.77,76.16,High,81.4,74
EDU01344,Pooja Sharma,Female,22,AI&DS,5,74.2,2.2,6.2,1,10,69.0,60.3,60.4,60.4,56.5,5.91,5.71,3,216,24,4.4,2.5,93,92,Yes,Yes,Diploma,Middle,Yes,Poor,High,6.32,110.08,Critical,62.0,47
EDU01345,Aishwarya Nair,Female,17,IT,6,89.1,2.5,6.3,7,7,74.0,76.9,78.1,80.4,84.5,8.33,8.11,0,41,34,1.1,1.5,89,44,Yes,Yes,Diploma,High,Yes,Good,High,7.63,79.44,Low,81.8,57
EDU01346,Nithin Gupta,Male,24,MECH,2,78.1,4.6,5.9,5,7,77.2,85.1,82.8,81.0,88.8,9.01,8.79,0,123,15,4.4,2.4,49,81,No,Yes,PhD,High,Yes,Poor,High,8.17,75.44,Low,92.6,69
EDU01347,Meera Patel,Female,23,AIDS,7,79.1,5.0,8.0,8,6,84.3,76.9,79.1,80.1,87.9,7.82,7.79,1,166,28,1.5,1.3,69,67,No,Yes,PG,Low,No,Poor,High,8.01,92.44,High,71.7,76
EDU01348,Aditya Das,Male,22,IT,7,82.9,5.2,5.4,10,6,85.6,85.8,86.5,92.0,99.7,8.71,8.6,0,212,28,1.6,0.4,80,63,No,Yes,Diploma,High,Yes,Poor,High,8.6,107.56,Moderate,86.0,86
EDU01349,Harish Singh,Female,24,AIDS,2,85.2,2.4,6.2,8,10,77.1,67.2,74.6,77.8,78.2,8.39,8.17,0,29,40,4.2,1.9,79,96,No,Yes,UG,Middle,Yes,Excellent,High,7.3,71.48,Low,79.6,74
EDU01350,Karthik Gupta,Female,21,EEE,6,80.8,2.7,6.2,8,9,77.1,68.2,74.4,69.8,77.2,7.82,8.39,0,201,21,0.1,1.7,61,100,Yes,Yes,PG,Middle,Yes,Excellent,Low,7.32,96.92,Low,95.1,77
EDU01351,Sneha Reddy,Female,23,MECH,8,92.8,1.3,7.5,10,7,68.2,64.6,65.7,64.1,62.6,7.42,7.81,1,27,40,0.9,1.4,83,96,No,Yes,Diploma,Upper-Middle,Yes,Good,Low,6.62,75.72,High,91.0,72
EDU01352,Vihaan Gupta,Female,18,CIVIL,6,65.3,2.1,6.7,8,7,53.3,52.5,52.1,48.7,58.6,5.38,5.31,4,129,37,1.7,2.6,83,70,Yes,Yes,Diploma,Upper-Middle,Yes,Poor,Medium,5.26,85.12,Critical,68.5,52
EDU01353,Riya Sharma,Female,23,AIDS,1,79.0,3.4,6.8,4,3,75.6,80.1,80.4,84.4,91.8,8.2,7.86,0,96,14,0.9,3.0,76,95,Yes,Yes,UG,Upper-Middle,Yes,Poor,Low,7.87,81.2,Moderate,76.9,83
EDU01354,Priya Das,Female,18,CSE,3,82.4,3.9,6.1,5,3,77.0,67.2,72.5,73.4,83.3,8.06,7.85,0,171,22,0.5,0.2,49,41,Yes,Yes,PhD,Low,Yes,Excellent,Medium,7.22,86.76,Moderate,74.7,70
EDU01355,Keerthi Das,Female,19,ECE,5,69.6,5.1,7.0,4,10,88.3,78.3,87.2,87.7,87.2,8.2,8.49,0,98,40,2.7,2.3,43,87,Yes,No,Diploma,High,Yes,Average,High,8.46,64.64,Low,72.1,54
EDU01356,Arjun Gupta,Male,18,CIVIL,3,97.5,2.8,8.3,6,8,74.2,74.6,75.6,69.9,77.8,7.87,7.71,1,150,15,3.5,0.4,75,85,No,Yes,PG,Middle,Yes,Good,High,7.48,99.0,Moderate,100.0,63
EDU01357,Arjun Reddy,Female,24,IT,8,85.7,3.4,6.7,9,9,75.2,75.2,77.2,82.9,80.4,7.47,7.65,0,100,11,4.2,0.8,87,60,No,Yes,PhD,Low,Yes,Poor,Medium,7.59,89.08,Moderate,79.3,71
EDU01358,Aarav Singh,Male,17,AIDS,2,80.0,3.8,5.5,5,6,83.2,86.7,80.5,87.3,88.6,7.93,8.45,0,178,25,1.1,1.1,41,45,Yes,Yes,School,Low,Yes,Poor,High,8.35,84.0,Low,72.7,73
EDU01359,Ananya Verma,Female,22,CIVIL,8,66.8,5.2,8.3,2,6,87.5,82.6,89.9,93.0,92.1,8.37,8.87,0,135,23,2.1,0.1,71,54,Yes,Yes,School,High,Yes,Excellent,Low,8.67,82.12,Low,72.6,66
EDU01360,Sanjay Das,Female,17,CSE,1,84.2,1.5,8.1,5,5,61.1,67.7,67.4,68.2,76.0,7.58,7.26,1,193,16,0.1,0.0,44,53,No,Yes,PhD,High,Yes,Poor,Low,6.54,89.88,Moderate,79.2,64
EDU01361,Ananya Sharma,Female,20,MECH,1,89.6,5.2,7.9,2,4,87.4,81.2,88.9,86.3,82.5,8.52,8.29,0,201,7,2.9,1.0,98,97,No,No,Diploma,High,Yes,Average,High,8.58,115.24,Low,75.9,66
EDU01362,Nithin Gupta,Female,23,CIVIL,1,68.2,5.2,5.9,9,8,82.9,85.2,82.5,87.9,85.4,7.87,8.32,0,119,37,4.4,2.0,84,72,No,Yes,PG,Upper-Middle,Yes,Poor,High,8.35,84.68,Moderate,69.2,89
EDU01363,Sneha Reddy,Female,24,CSE,2,100.0,2.5,7.0,2,9,70.3,76.9,73.6,78.2,78.2,8.18,7.73,0,122,31,3.7,1.1,60,96,Yes,Yes,UG,Low,Yes,Good,High,7.36,88.4,Low,100.0,71
EDU01364,Sai Das,Female,19,CIVIL,8,90.8,5.0,5.1,9,3,96.4,89.1,88.4,93.5,91.9,9.18,9.4,0,217,11,2.1,0.8,79,100,No,No,Diploma,Upper-Middle,Yes,Excellent,High,9.13,111.32,Moderate,84.4,90
EDU01365,Nisha Verma,Male,21,IT,1,80.6,3.2,6.3,9,4,73.3,79.9,74.2,73.0,76.7,6.73,7.26,1,211,29,2.0,2.2,83,43,No,Yes,PG,Low,Yes,Poor,Low,7.58,107.64,High,91.6,73
EDU01366,Meera Nair,Male,18,AIDS,6,82.5,4.8,5.4,9,3,80.6,80.5,80.3,76.3,78.9,8.98,8.88,0,131,6,2.6,1.3,70,70,Yes,Yes,PG,Middle,Yes,Average,Low,8.05,87.2,Moderate,84.4,78
EDU01367,Pooja Patel,Female,18,EEE,4,74.9,1.1,7.2,3,4,50.2,51.7,50.8,46.4,47.7,5.74,6.24,1,220,3,4.5,2.0,46,50,Yes,Yes,PhD,Upper-Middle,Yes,Excellent,High,5.09,92.36,High,74.1,67
EDU01368,Priya Das,Male,18,IT,3,90.4,2.7,6.4,3,3,75.3,75.8,78.0,83.8,86.9,7.1,7.14,1,29,4,4.2,2.6,50,85,Yes,Yes,PG,Middle,Yes,Poor,Low,7.64,61.96,Moderate,94.4,72
EDU01369,Diya Iyer,Female,18,MECH,2,80.4,3.0,8.1,2,9,73.8,66.0,74.6,75.3,76.2,8.21,7.92,0,53,23,1.2,2.6,72,71,Yes,Yes,School,Middle,Yes,Good,Medium,7.15,71.56,Low,82.1,72
EDU01370,Diya Kumar,Male,23,EEE,1,76.5,4.1,7.0,8,6,84.6,76.3,84.1,84.1,80.6,9.09,9.6,0,182,18,4.5,2.3,43,80,Yes,Yes,UG,Upper-Middle,Yes,Good,Low,8.17,84.2,Low,73.0,74
EDU01371,Nisha Patel,Male,17,EEE,7,94.4,1.3,7.5,6,9,68.3,59.2,63.7,56.3,55.4,7.09,7.34,0,115,39,4.0,0.9,69,96,Yes,Yes,UG,Middle,Yes,Good,Medium,6.37,88.36,Low,94.3,55
EDU01372,Aarav Reddy,Female,17,IT,8,82.1,3.1,6.3,4,3,77.0,71.2,72.3,74.4,70.1,7.94,8.42,1,103,31,1.6,1.4,97,74,Yes,Yes,Diploma,High,Yes,Poor,Medium,7.35,92.24,Moderate,78.8,66
EDU01373,Rahul Verma,Male,22,AI&DS,8,78.2,1.8,6.1,3,3,62.6,69.3,69.4,75.8,72.6,6.6,6.38,1,43,28,2.8,1.4,88,89,No,No,UG,Low,Yes,Poor,High,6.71,75.08,High,87.8,65
EDU01374,Nithin Sharma,Male,22,CSE,5,86.0,1.5,5.1,1,10,59.6,50.9,60.0,63.8,64.4,5.66,5.8,2,75,9,2.4,2.1,49,90,No,Yes,PhD,Upper-Middle,Yes,Average,High,5.68,69.0,High,77.1,31
EDU01375,Aishwarya Das,Male,17,IT,6,91.5,1.9,5.7,1,9,64.4,57.8,60.5,54.9,62.3,6.75,6.47,1,176,19,3.1,0.4,60,74,Yes,Yes,PG,High,No,Good,Low,6.09,95.8,Moderate,90.8,49
EDU01376,Keerthi Singh,Male,23,MECH,4,80.7,1.4,6.1,6,7,58.1,58.5,60.9,58.8,65.1,6.26,6.85,1,117,14,3.9,2.8,46,74,No,Yes,PhD,High,Yes,Average,Low,5.92,74.08,High,95.5,52
EDU01377,Vihaan Reddy,Male,17,EEE,3,92.3,5.1,5.7,4,6,87.4,92.8,85.4,89.0,93.9,8.53,8.31,0,219,19,1.2,2.5,98,67,No,Yes,UG,High,Yes,Excellent,High,8.85,119.92,Low,92.1,78
EDU01378,Sai Nair,Male,19,AIDS,6,89.9,3.4,6.8,7,9,75.7,74.6,73.7,81.2,83.5,7.43,7.86,1,57,12,0.9,2.6,76,69,Yes,Yes,PhD,Middle,Yes,Excellent,Medium,7.47,77.76,Moderate,99.1,81
EDU01379,Vihaan Gupta,Female,18,CIVIL,3,71.9,1.5,7.0,7,6,64.1,69.0,68.0,61.1,62.5,7.69,7.62,0,116,25,4.3,1.5,98,73,Yes,Yes,Diploma,High,No,Poor,Medium,6.7,91.16,Moderate,91.1,80
EDU01380,Rahul Iyer,Male,21,CIVIL,6,89.0,3.5,5.1,9,4,83.2,80.5,78.4,75.0,80.0,8.06,8.06,1,133,0,1.1,0.1,43,73,Yes,Yes,School,Upper-Middle,Yes,Good,High,8.07,79.4,High,95.6,70
EDU01381,Aishwarya Verma,Male,21,ECE,4,91.6,2.3,8.2,6,9,75.7,81.3,74.1,67.7,63.8,8.4,8.66,0,128,27,3.7,1.2,43,60,No,Yes,UG,Middle,Yes,Excellent,High,7.7,79.44,Low,97.4,77
EDU01382,Pooja Kumar,Male,24,IT,6,76.5,4.5,7.9,8,4,77.3,72.1,78.4,78.8,74.1,8.83,8.42,0,144,34,4.8,0.3,80,86,No,Yes,School,Upper-Middle,Yes,Poor,Medium,7.59,91.4,Moderate,54.4,88
EDU01383,Ananya Nair,Male,21,AIDS,5,69.5,5.8,5.9,4,4,89.4,84.4,82.3,84.7,88.9,8.05,7.7,1,99,0,4.6,1.3,57,85,No,Yes,School,Low,Yes,Excellent,Medium,8.54,70.4,Moderate,75.4,47
EDU01384,Harish Nair,Female,19,CSE,8,82.3,3.6,6.1,7,8,80.3,82.6,79.9,85.6,82.8,7.66,8.03,0,136,11,3.1,1.7,43,69,Yes,Yes,PG,High,No,Good,Low,8.09,77.32,Moderate,72.1,80
EDU01385,Keerthi Kumar,Male,22,EEE,2,76.2,2.1,5.6,4,9,70.9,67.8,72.4,77.7,82.7,7.45,7.38,0,111,16,2.1,1.5,66,51,No,Yes,School,Low,Yes,Good,Medium,7.04,79.08,Low,100.0,83
EDU01386,Diya Gupta,Female,17,EEE,4,71.3,3.5,8.2,5,5,71.2,70.5,72.1,64.2,65.2,6.31,5.89,3,125,18,4.3,1.9,42,77,No,No,PhD,Low,No,Poor,Low,7.13,70.32,Critical,79.9,59
EDU01387,Vihaan Das,Male,23,CIVIL,6,77.4,5.2,7.1,6,7,92.2,99.5,91.8,98.0,100.0,9.89,9.53,0,208,31,3.6,2.6,81,84,Yes,Yes,School,Upper-Middle,Yes,Average,Medium,9.45,104.96,Low,82.2,89
EDU01388,Pooja Das,Female,20,AI&DS,8,89.3,4.9,5.7,2,9,99.3,100.0,100.0,98.4,100.0,9.09,9.08,0,180,34,3.4,1.2,98,44,Yes,Yes,School,Middle,Yes,Poor,High,9.98,110.92,Low,100.0,88
EDU01389,Sai Iyer,Male,17,CIVIL,5,82.6,1.9,8.4,7,7,67.1,61.4,63.4,57.6,59.1,6.71,6.6,1,69,18,2.5,1.5,94,56,Yes,Yes,PG,Low,Yes,Good,High,6.4,84.44,High,80.1,65
EDU01390,Nisha Iyer,Male,24,MECH,6,100.0,4.0,8.2,8,8,90.5,85.2,83.4,87.0,92.1,9.1,8.78,0,155,10,3.8,0.1,95,46,No,Yes,UG,Middle,Yes,Average,High,8.64,109.0,Low,91.0,100
EDU01391,Sai Das,Female,24,EEE,5,74.8,4.2,6.0,4,5,82.4,80.9,86.1,92.7,98.1,9.07,9.54,0,33,18,5.0,2.7,100,69,Yes,Yes,PG,Upper-Middle,No,Excellent,Low,8.31,76.52,Low,82.4,76
EDU01392,Sneha Patel,Female,18,AI&DS,7,77.2,3.3,8.1,2,3,66.6,64.3,66.0,62.7,60.3,6.62,6.76,1,36,24,3.2,0.4,48,72,Yes,Yes,PhD,Upper-Middle,No,Excellent,Low,6.56,57.28,Moderate,56.5,46
EDU01393,Rahul Singh,Male,17,MECH,6,84.0,3.3,7.0,2,8,80.4,84.3,84.1,81.7,82.4,9.33,9.55,0,217,14,1.4,2.8,57,43,No,Yes,PhD,Low,Yes,Average,Low,8.29,99.8,Low,76.7,90
EDU01394,Sanjay Das,Female,21,ECE,6,63.3,5.7,6.9,5,8,88.4,83.0,82.8,85.9,93.4,7.59,7.27,1,45,4,0.9,0.9,49,46,Yes,Yes,UG,High,Yes,Average,Medium,8.47,53.92,Moderate,53.7,90
EDU01395,Aishwarya Kumar,Female,17,MECH,1,91.0,3.2,7.2,1,9,74.8,74.8,71.6,67.7,72.6,7.69,8.28,0,129,21,2.3,0.0,89,71,Yes,Yes,PG,Low,Yes,Average,Medium,7.37,97.8,Low,88.8,78
EDU01396,Riya Verma,Female,24,MECH,3,78.0,4.5,7.3,10,9,88.6,93.1,91.5,85.2,88.0,8.87,8.66,0,193,37,2.7,0.7,72,98,No,Yes,PhD,Middle,Yes,Average,Medium,9.11,98.6,Moderate,87.3,82
EDU01397,Sai Das,Male,18,CIVIL,6,93.6,1.5,7.1,10,8,65.8,59.4,65.9,73.8,83.2,6.31,6.17,1,69,13,0.4,1.9,76,100,Yes,No,Diploma,Upper-Middle,Yes,Good,Medium,6.37,81.64,High,91.9,70
EDU01398,Arjun Das,Female,18,AIDS,7,100.0,2.8,5.2,2,3,84.4,78.3,78.1,78.6,78.2,8.03,8.15,1,191,29,0.3,0.0,47,80,Yes,Yes,Diploma,Low,Yes,Average,Low,8.03,97.0,Moderate,100.0,75
EDU01399,Riya Kumar,Female,20,AIDS,7,67.5,5.9,5.7,9,10,92.8,88.0,94.7,94.7,99.8,10.0,10.0,0,65,25,4.6,2.0,70,60,Yes,Yes,UG,Middle,Yes,Average,High,9.18,68.0,Low,57.4,86
EDU01400,Meera Reddy,Male,24,MECH,8,65.8,4.0,7.6,5,7,70.4,67.4,72.0,76.8,80.7,7.33,7.56,0,193,36,4.9,2.3,81,64,Yes,Yes,Diploma,Upper-Middle,Yes,Average,Medium,6.99,97.32,Moderate,65.5,75
EDU01401,Aishwarya Sharma,Female,24,ECE,7,79.9,3.6,5.0,8,3,77.9,79.6,80.2,74.1,69.6,7.4,7.62,0,135,8,5.0,1.4,77,46,No,Yes,UG,High,Yes,Poor,High,7.92,89.76,Moderate,64.0,85
EDU01402,Keerthi Nair,Female,23,AI&DS,2,86.4,4.6,5.2,5,6,84.8,92.8,84.6,92.4,93.3,8.2,8.2,1,97,29,1.9,2.5,94,89,No,Yes,PG,Middle,Yes,Excellent,Medium,8.74,91.56,Moderate,95.6,80
EDU01403,Harish Sharma,Male,22,AI&DS,7,82.5,3.6,7.2,3,6,75.4,67.7,74.2,69.2,68.9,7.39,6.92,1,45,24,4.8,1.0,94,93,No,Yes,School,Upper-Middle,Yes,Good,Low,7.24,79.6,Moderate,100.0,51
EDU01404,Pooja Das,Male,24,CSE,7,95.7,1.7,5.7,10,9,63.3,55.7,59.3,65.0,60.8,5.73,5.67,2,76,27,4.2,1.4,61,76,Yes,Yes,School,High,No,Excellent,Medium,5.94,77.88,Critical,82.7,64
EDU01405,Riya Nair,Male,18,EEE,7,76.1,3.2,7.0,10,9,68.9,69.3,64.8,59.2,63.3,7.34,7.08,1,191,31,2.7,0.9,70,68,Yes,Yes,Diploma,High,Yes,Excellent,High,6.77,96.64,High,85.5,66
EDU01406,Priya Verma,Female,19,AIDS,5,70.8,5.6,5.7,4,3,94.8,85.8,91.0,90.0,98.5,8.61,9.01,0,171,22,0.1,2.4,52,94,Yes,Yes,Diploma,Low,Yes,Good,Medium,9.05,83.32,Low,75.9,79
EDU01407,Aishwarya Verma,Male,21,AI&DS,3,77.1,5.5,5.6,5,9,96.1,89.8,96.1,98.4,100.0,9.45,9.31,0,165,17,3.4,0.5,91,90,Yes,Yes,UG,High,Yes,Excellent,High,9.4,100.24,Low,79.2,89
EDU01408,Arjun Patel,Male,18,MECH,2,94.8,3.6,5.3,4,9,88.6,82.1,80.6,87.0,90.9,7.67,7.98,0,173,16,0.3,1.0,91,74,Yes,Yes,PhD,Middle,No,Good,Low,8.38,108.92,Low,92.7,81
EDU01409,Meera Verma,Male,18,IT,7,68.3,4.9,6.9,1,3,81.3,77.1,80.6,85.8,88.6,8.85,9.27,0,98,5,2.1,1.9,95,86,No,Yes,PG,High,Yes,Good,Low,7.97,84.92,Low,63.5,88
EDU01410,Aarav Nair,Female,17,AI&DS,6,68.5,4.7,7.6,6,5,77.6,73.4,73.0,75.4,77.7,7.67,8.24,0,199,30,0.9,3.0,42,54,Yes,Yes,UG,Low,Yes,Excellent,Low,7.47,84.0,Moderate,67.9,69
EDU01411,Aishwarya Iyer,Female,19,IT,5,79.8,4.1,7.2,8,9,82.9,80.3,85.0,90.8,99.8,7.86,7.76,1,166,2,0.4,0.4,95,91,No,Yes,UG,Middle,Yes,Excellent,Medium,8.27,103.12,Moderate,70.1,100
EDU01412,Meera Kumar,Female,21,IT,7,100.0,3.5,5.8,6,8,82.0,77.5,77.3,81.9,78.3,7.78,7.28,0,100,21,2.4,1.8,89,46,No,Yes,School,Middle,No,Good,Medium,7.89,95.6,Low,100.0,77
EDU01413,Sanjay Reddy,Male,24,MECH,1,88.5,3.5,5.8,8,6,75.3,77.5,78.2,81.7,78.9,7.29,7.56,0,209,13,2.8,2.4,70,90,No,Yes,PG,Middle,Yes,Poor,Medium,7.7,105.2,Moderate,87.9,72
EDU01414,Karthik Patel,Female,17,AI&DS,7,87.9,4.5,8.0,6,8,91.4,98.6,98.9,100.0,97.6,10.0,9.55,0,193,34,0.8,1.1,63,87,No,Yes,Diploma,Middle,Yes,Poor,Medium,9.63,98.96,Low,100.0,92
EDU01415,Rahul Iyer,Female,20,CIVIL,1,84.5,3.6,6.3,9,5,74.0,78.3,78.2,71.5,72.6,7.74,8.17,0,41,23,1.0,0.4,100,68,Yes,Yes,Diploma,Upper-Middle,Yes,Good,Medium,7.68,82.0,Moderate,80.2,58
EDU01416,Meera Iyer,Female,23,ECE,8,77.2,1.4,8.5,10,10,51.1,58.5,57.9,65.4,65.4,5.8,5.89,4,160,4,4.0,2.1,81,90,Yes,Yes,PhD,High,Yes,Excellent,High,5.58,95.28,Critical,79.2,90
EDU01417,Diya Patel,Female,23,EEE,5,85.4,2.7,5.6,6,9,65.2,55.8,62.1,66.7,73.3,6.87,7.11,0,170,36,3.4,1.2,53,73,Yes,Yes,PhD,High,Yes,Excellent,High,6.1,89.36,Moderate,82.1,78
EDU01418,Nisha Patel,Female,22,CSE,1,87.0,5.8,7.3,9,6,98.3,100.0,95.6,93.7,100.0,9.59,9.89,0,23,19,3.5,1.5,63,84,No,Yes,School,Low,Yes,Excellent,High,9.8,64.6,Low,98.0,91
EDU01419,Karthik Kumar,Female,23,MECH,7,79.0,5.6,6.1,1,9,88.6,93.6,91.4,93.2,98.3,9.79,10.0,0,160,32,3.8,1.6,64,88,Yes,Yes,School,Low,Yes,Poor,Medium,9.12,89.2,Low,91.9,79
EDU01420,Riya Reddy,Male,23,AI&DS,4,79.4,4.9,6.4,1,8,94.7,90.8,90.6,95.1,94.2,9.66,9.7,0,219,7,4.2,0.5,94,90,No,Yes,PG,Middle,Yes,Average,Low,9.2,113.16,Low,81.1,76
EDU01421,Nisha Sharma,Male,21,ECE,5,71.5,4.5,5.2,10,10,87.6,88.8,90.4,86.6,83.4,8.28,8.62,0,28,4,4.1,2.5,70,57,No,Yes,School,Middle,Yes,Poor,Low,8.89,62.2,Moderate,80.3,87
EDU01422,Priya Iyer,Female,21,CIVIL,1,77.1,2.1,5.5,4,4,58.5,57.7,54.2,58.8,54.1,4.78,4.55,2,146,20,2.6,1.7,95,45,No,Yes,Diploma,Low,Yes,Average,Low,5.68,98.04,Critical,87.0,52
EDU01423,Nithin Sharma,Female,22,IT,8,91.2,1.8,6.4,9,4,61.9,69.1,70.2,75.4,77.3,7.34,7.04,0,36,14,2.0,1.9,49,52,Yes,No,PG,Low,Yes,Poor,High,6.71,63.28,Moderate,93.0,61
EDU01424,Pooja Sharma,Female,17,CSE,5,82.6,2.9,6.4,4,9,65.9,65.5,62.1,62.0,57.5,6.7,6.6,2,202,36,4.8,0.0,87,93,Yes,Yes,UG,Middle,Yes,Average,Medium,6.45,108.24,High,80.1,52
EDU01425,Aarav Sharma,Female,19,CIVIL,3,78.4,2.6,5.2,5,7,64.7,56.9,59.4,52.6,58.5,5.62,5.35,4,52,1,3.0,1.3,43,95,Yes,Yes,School,High,Yes,Poor,High,6.03,58.96,Critical,78.1,78
EDU01426,Karthik Iyer,Female,23,MECH,4,85.5,2.2,5.2,7,6,71.0,69.7,74.9,74.6,72.6,7.7,7.85,1,24,0,0.1,1.7,46,65,Yes,Yes,PG,Upper-Middle,Yes,Poor,High,7.19,57.4,Moderate,84.5,52
EDU01427,Harish Nair,Male,18,EEE,7,66.9,2.8,8.4,1,6,71.1,72.4,75.2,75.4,80.5,7.96,7.78,1,93,10,0.3,1.5,88,81,Yes,Yes,Diploma,Low,Yes,Excellent,Medium,7.29,80.56,Moderate,72.5,69
EDU01428,Aditya Das,Male,23,AI&DS,2,74.0,5.3,7.7,1,10,95.2,100.0,100.0,100.0,97.4,10.0,10.0,0,182,22,4.0,0.8,46,96,No,Yes,Diploma,Upper-Middle,Yes,Excellent,Medium,9.84,84.4,Low,71.9,90
EDU01429,Keerthi Verma,Female,19,AI&DS,3,84.2,5.4,5.9,9,10,89.5,83.4,84.8,81.3,81.9,8.07,7.85,0,204,30,0.6,2.7,99,68,No,Yes,School,Upper-Middle,Yes,Good,Medium,8.59,114.08,Moderate,79.7,49
EDU01430,Aarav Verma,Male,17,IT,1,83.2,5.9,7.5,6,7,96.7,87.2,91.2,97.9,94.9,9.02,8.67,0,85,13,2.1,0.3,90,79,Yes,Yes,Diploma,Upper-Middle,Yes,Poor,High,9.17,86.28,Low,61.1,71
EDU01431,Sneha Sharma,Female,23,EEE,8,77.5,1.2,7.9,7,3,50.4,50.7,47.2,45.0,45.0,5.54,5.26,4,40,12,1.3,0.3,66,51,Yes,Yes,PhD,Upper-Middle,Yes,Poor,Medium,4.94,65.4,Critical,79.0,70
EDU01432,Diya Singh,Male,18,CIVIL,4,83.8,5.9,6.6,1,8,100.0,100.0,96.6,90.4,88.2,9.07,9.4,0,176,25,3.1,2.7,41,88,Yes,Yes,PG,Upper-Middle,Yes,Poor,Low,9.89,85.12,Low,76.4,85
EDU01433,Vihaan Nair,Female,23,EEE,7,64.1,5.2,8.5,7,7,81.2,83.2,77.7,73.9,74.2,8.26,7.85,0,83,36,2.9,0.5,69,96,Yes,Yes,PhD,Middle,Yes,Excellent,Low,8.07,69.84,Moderate,60.4,62
EDU01434,Aarav Reddy,Female,22,CSE,5,86.2,2.2,7.4,3,8,71.6,77.1,71.8,78.8,83.9,7.63,7.97,0,164,7,2.7,2.9,95,93,Yes,Yes,Diploma,Middle,No,Poor,Medium,7.35,105.28,Low,93.6,43
EDU01435,Karthik Kumar,Female,24,ECE,1,70.7,4.7,6.9,1,6,74.7,69.4,73.4,72.8,73.8,6.62,6.88,1,168,7,3.7,1.0,94,71,Yes,Yes,School,Upper-Middle,Yes,Good,Medium,7.25,99.48,Moderate,70.6,65
EDU01436,Diya Singh,Male,23,CSE,5,77.4,2.2,6.6,7,10,60.5,56.9,56.2,60.5,69.4,5.25,5.63,3,146,27,3.0,1.8,69,79,Yes,Yes,Diploma,High,Yes,Average,High,5.79,87.76,Critical,85.5,51
EDU01437,Meera Patel,Male,21,ECE,8,55.1,4.8,5.7,10,4,73.1,73.8,71.7,76.6,73.2,8.04,7.61,0,98,12,0.1,1.3,73,81,Yes,Yes,PhD,High,Yes,Poor,High,7.29,70.84,Moderate,51.1,73
EDU01438,Keerthi Kumar,Female,18,CSE,8,69.1,5.0,5.6,5,5,89.1,89.4,86.7,82.7,87.6,8.59,8.68,0,37,13,4.8,1.6,56,52,No,No,UG,High,Yes,Excellent,High,8.84,57.44,Low,64.9,97
EDU01439,Pooja Reddy,Female,18,CSE,2,88.7,4.7,6.0,7,5,89.4,88.7,92.0,87.7,87.9,8.44,8.85,0,102,22,4.0,1.3,59,68,Yes,No,School,High,Yes,Good,High,9.0,79.48,Low,93.6,80
EDU01440,Rahul Nair,Female,20,AIDS,1,83.1,1.1,8.0,9,7,54.5,59.0,53.0,53.8,54.3,5.31,5.9,2,123,23,4.5,0.0,73,43,No,Yes,PhD,Low,Yes,Good,Medium,5.55,87.04,Critical,83.8,66
EDU01441,Priya Reddy,Male,23,CSE,8,85.7,2.0,7.4,1,10,72.1,78.7,76.0,79.0,81.7,6.98,7.48,0,170,12,2.6,3.0,59,61,Yes,Yes,School,Middle,Yes,Poor,High,7.56,91.88,Low,81.0,68
EDU01442,Arjun Nair,Female,24,CIVIL,5,99.8,3.9,7.5,4,9,89.4,95.7,96.3,100.0,100.0,8.89,9.16,0,182,31,4.0,2.3,46,75,Yes,Yes,Diploma,Middle,Yes,Average,Low,9.38,94.72,Low,91.6,90
EDU01443,Rahul Sharma,Male,23,AIDS,2,96.4,3.0,7.3,4,7,83.8,83.6,78.8,79.0,78.6,8.87,8.89,0,125,16,2.7,0.2,61,84,Yes,Yes,School,High,Yes,Poor,Low,8.21,87.96,Low,85.1,100
EDU01444,Sneha Verma,Male,24,ECE,6,89.1,5.5,7.0,1,5,100.0,93.7,99.7,100.0,100.0,9.52,9.65,0,83,37,1.6,2.5,66,77,Yes,Yes,Diploma,Low,Yes,Average,High,9.78,78.64,Low,79.9,80
EDU01445,Harish Verma,Female,18,CSE,6,100.0,3.2,8.1,3,6,81.4,79.5,76.1,77.3,78.1,6.68,6.27,2,39,9,2.8,3.0,56,58,No,Yes,Diploma,Low,Yes,Average,Medium,7.9,70.2,High,100.0,78
EDU01446,Sai Singh,Female,21,MECH,7,81.2,1.9,7.9,9,9,67.3,66.7,64.2,69.0,76.0,6.34,6.29,2,126,12,3.1,2.0,61,80,Yes,Yes,PG,Low,Yes,Good,Medium,6.61,82.08,Critical,80.8,60
EDU01447,Harish Sharma,Female,21,ECE,7,81.0,3.0,7.5,4,10,71.7,78.2,78.6,75.0,73.3,7.82,7.85,0,154,23,2.8,2.1,57,61,Yes,Yes,PhD,Middle,Yes,Good,Medium,7.62,86.0,Low,95.2,75
EDU01448,Pooja Das,Male,20,CIVIL,1,63.1,2.4,5.9,6,3,55.3,48.3,50.7,52.9,50.2,6.04,6.43,1,178,21,3.9,1.8,74,98,Yes,Yes,School,Low,Yes,Excellent,High,5.14,90.44,High,63.3,70
EDU01449,Keerthi Patel,Male,21,AI&DS,4,83.7,5.2,6.8,1,7,93.6,93.7,97.6,98.4,93.5,10.0,9.85,0,50,0,2.6,2.3,46,79,No,Yes,School,High,Yes,Average,High,9.5,61.88,Low,88.5,91
EDU01450,Karthik Sharma,Male,19,EEE,1,89.5,1.8,6.6,6,7,62.4,54.2,54.0,61.0,61.6,5.13,4.98,3,153,24,1.1,0.4,44,40,No,Yes,School,Upper-Middle,Yes,Poor,Medium,5.69,84.0,Critical,88.3,49
EDU01451,Ananya Gupta,Male,21,CSE,1,98.9,3.9,5.0,1,9,86.8,77.3,83.8,76.9,77.0,9.35,9.33,0,123,1,4.0,0.5,58,84,No,Yes,PG,Low,Yes,Poor,Medium,8.26,87.36,Low,99.9,94
EDU01452,Karthik Patel,Female,24,MECH,8,73.8,2.7,7.8,5,9,71.6,72.7,69.1,73.5,71.2,5.95,5.66,4,159,10,4.1,0.9,85,77,No,Yes,PG,Low,Yes,Poor,High,7.11,95.32,Critical,72.3,49
EDU01453,Aishwarya Iyer,Male,21,CSE,5,74.3,4.2,5.7,4,7,73.6,67.2,69.3,75.8,84.0,7.66,7.83,0,60,38,1.0,0.1,81,84,No,Yes,School,Middle,Yes,Average,Medium,7.0,74.12,Low,70.1,79
EDU01454,Ananya Iyer,Female,17,AI&DS,8,80.7,1.9,6.4,9,10,58.5,62.0,59.1,54.5,55.8,5.8,5.88,2,133,4,3.2,1.1,90,43,No,Yes,PG,High,Yes,Excellent,Medium,5.99,94.88,Critical,76.3,75
EDU01455,Meera Das,Female,20,IT,3,68.9,2.4,7.1,8,6,62.3,64.4,62.9,70.6,77.7,5.35,5.52,3,87,1,4.6,1.6,79,96,No,Yes,Diploma,Middle,Yes,Excellent,Medium,6.32,76.56,Critical,56.4,55
EDU01456,Nisha Singh,Male,20,CIVIL,7,84.7,3.4,7.7,9,9,82.9,80.0,82.3,83.9,79.0,8.76,8.83,0,79,36,4.6,3.0,59,47,Yes,Yes,School,Upper-Middle,No,Poor,High,8.17,73.28,Low,81.3,86
EDU01457,Harish Singh,Female,24,EEE,3,79.7,3.3,6.6,6,7,74.5,75.1,70.4,67.7,69.6,7.34,7.44,0,34,29,1.6,0.3,79,55,Yes,Yes,PG,Low,Yes,Excellent,High,7.33,70.28,Moderate,88.6,81
EDU01458,Rahul Verma,Male,20,MECH,7,97.9,3.6,7.1,2,3,86.3,82.7,84.8,84.5,79.5,8.92,8.81,0,47,12,2.9,2.0,53,93,Yes,Yes,PG,High,No,Excellent,High,8.46,69.76,Low,100.0,84
EDU01459,Harish Nair,Male,18,AIDS,8,80.1,1.3,6.4,7,9,64.2,64.8,63.5,59.2,57.6,6.47,6.2,2,50,15,0.1,0.6,87,91,No,Yes,PhD,High,Yes,Poor,High,6.42,76.84,High,80.7,42
EDU01460,Nithin Nair,Female,22,EEE,8,65.8,3.3,7.7,4,9,65.5,56.2,63.9,69.0,78.5,6.69,6.51,1,47,29,1.9,0.1,74,81,Yes,Yes,Diploma,Middle,Yes,Average,High,6.19,65.32,High,66.5,52
EDU01461,Aarav Kumar,Male,17,MECH,4,73.5,5.3,6.1,5,8,86.8,94.1,94.7,96.3,100.0,8.85,9.21,0,100,8,4.0,0.0,57,97,Yes,Yes,PG,Upper-Middle,Yes,Good,High,9.19,72.2,Low,75.6,68
EDU01462,Sai Gupta,Female,23,CSE,3,88.2,3.4,7.8,10,6,84.0,87.9,89.2,88.2,95.8,8.54,8.21,0,161,17,1.3,1.0,65,64,Yes,Yes,Diploma,Upper-Middle,Yes,Excellent,Medium,8.7,93.48,Moderate,90.8,72
EDU01463,Arjun Kumar,Male,18,EEE,2,75.0,4.2,8.3,8,6,77.9,83.4,78.2,86.2,86.7,8.61,8.51,0,129,4,0.6,2.0,43,54,No,Yes,PG,High,Yes,Excellent,Medium,7.98,73.0,Moderate,61.5,90
EDU01464,Harish Kumar,Male,19,CSE,5,69.6,4.4,7.9,4,8,84.7,81.2,86.2,83.7,89.4,9.26,8.9,0,156,27,4.0,1.9,71,84,Yes,Yes,Diploma,Upper-Middle,Yes,Good,Low,8.4,87.44,Low,80.3,89
EDU01465,Sanjay Singh,Male,24,EEE,2,78.1,3.5,7.6,1,8,82.7,78.6,76.2,73.7,82.7,8.16,8.12,0,39,8,0.3,1.9,82,80,No,Yes,PhD,Upper-Middle,No,Excellent,Low,7.92,71.84,Low,69.6,74
EDU01466,Aishwarya Reddy,Female,20,AI&DS,4,70.2,1.6,6.9,7,7,52.8,47.1,52.8,49.1,56.6,4.54,4.06,3,85,1,0.3,3.0,89,98,Yes,Yes,UG,Low,Yes,Excellent,Low,5.09,80.68,Critical,71.9,59
EDU01467,Aarav Iyer,Male,17,AI&DS,4,81.9,4.8,7.2,4,5,86.1,93.6,88.2,86.0,91.6,9.23,9.76,0,205,24,4.1,2.7,59,78,No,Yes,UG,High,Yes,Average,Low,8.93,97.36,Low,71.5,100
EDU01468,Riya Patel,Female,20,CSE,1,76.1,3.9,6.2,9,8,81.9,80.1,81.3,76.3,84.5,9.01,8.53,0,164,21,2.4,2.2,93,72,Yes,Yes,PhD,Middle,Yes,Poor,High,8.11,100.44,Moderate,80.0,59
EDU01469,Riya Verma,Female,22,EEE,7,82.2,4.8,7.2,1,10,86.7,82.7,86.5,84.5,86.5,9.44,9.94,0,134,6,4.7,2.4,72,68,No,Yes,UG,Low,No,Poor,High,8.53,88.48,Low,85.3,100
EDU01470,Sai Kumar,Female,22,IT,1,72.9,2.3,7.8,10,3,69.5,59.8,61.7,54.0,55.0,5.69,5.78,3,146,12,3.1,0.1,59,80,No,Yes,UG,Low,Yes,Average,High,6.37,81.96,Critical,72.4,72
EDU01471,Aditya Das,Female,18,AI&DS,2,75.7,1.3,5.2,4,9,59.7,56.0,60.2,62.1,66.6,6.88,7.36,0,183,25,2.1,1.3,70,44,Yes,Yes,PhD,Middle,Yes,Average,Medium,5.86,94.88,Low,71.8,68
EDU01472,Ananya Nair,Female,19,AI&DS,4,82.5,1.5,7.4,4,3,63.9,70.5,66.1,68.3,71.2,5.97,5.83,4,31,3,4.2,1.5,44,91,No,Yes,UG,Middle,Yes,Excellent,Low,6.68,56.8,Critical,83.1,71
EDU01473,Harish Reddy,Male,18,CIVIL,8,86.0,1.7,5.5,5,9,61.5,67.4,63.3,68.0,63.9,6.24,6.45,1,136,33,2.7,1.9,44,56,Yes,Yes,School,Low,Yes,Average,High,6.41,79.2,Moderate,87.6,53
EDU01474,Aarav Verma,Female,24,AI&DS,2,75.5,4.3,6.6,6,9,77.4,73.9,77.4,81.2,84.3,7.48,7.81,0,171,1,4.4,2.4,54,65,No,Yes,UG,Upper-Middle,Yes,Poor,Low,7.62,86.0,Moderate,78.8,62
EDU01475,Nisha Das,Male,24,EEE,7,77.4,2.6,5.8,1,3,63.5,55.7,54.8,56.6,59.8,4.53,4.54,2,20,1,0.8,2.9,69,62,No,Yes,UG,Middle,No,Excellent,Medium,5.8,62.56,Critical,79.2,34
EDU01476,Arjun Nair,Male,19,MECH,2,100.0,1.5,8.0,3,6,62.8,55.6,57.7,52.3,54.4,6.69,7.27,0,195,15,4.3,1.6,98,43,No,Yes,School,High,Yes,Poor,Low,5.87,118.2,Low,100.0,65
EDU01477,Diya Verma,Male,21,EEE,4,85.2,1.3,8.4,8,10,60.4,55.8,58.3,50.3,53.3,5.02,5.6,4,136,26,4.5,2.9,98,63,Yes,Yes,Diploma,High,Yes,Average,High,5.82,100.48,Critical,85.9,58
EDU01478,Aishwarya Sharma,Male,17,AIDS,1,85.3,5.7,6.9,9,9,93.1,83.2,91.5,85.1,87.2,8.62,9.08,0,99,27,2.7,1.0,80,69,No,Yes,UG,Middle,Yes,Excellent,Medium,8.93,85.92,Low,94.3,62
EDU01479,Priya Verma,Female,24,ECE,6,82.9,1.4,7.2,7,3,63.5,67.0,65.1,70.4,66.9,6.86,6.38,2,110,3,3.4,2.4,91,44,No,Yes,School,High,Yes,Average,Low,6.52,91.56,Critical,84.7,51
EDU01480,Vihaan Singh,Female,24,IT,6,87.9,4.6,6.5,2,8,90.9,87.3,93.9,91.4,96.7,10.0,9.75,0,219,32,3.9,0.3,48,99,Yes,Yes,PhD,Low,Yes,Excellent,Medium,9.07,98.16,Low,80.7,87
EDU01481,Vihaan Patel,Male,17,MECH,2,84.7,4.2,5.8,4,7,80.5,80.7,76.2,84.1,86.9,7.51,7.7,0,92,31,0.7,2.7,56,46,No,Yes,Diploma,Low,Yes,Excellent,High,7.91,74.68,Low,85.6,79
EDU01482,Harish Patel,Male,23,EEE,8,75.8,2.5,7.1,4,5,65.0,68.7,64.9,64.6,68.7,7.39,7.08,0,46,26,3.4,1.7,77,42,No,Yes,PhD,Middle,Yes,Average,Medium,6.62,70.32,Moderate,60.9,66
EDU01483,Meera Patel,Male,18,IT,6,74.0,3.6,5.5,9,10,71.1,74.5,68.8,67.9,75.9,6.38,6.89,1,128,21,3.6,2.5,48,59,No,Yes,PG,Upper-Middle,Yes,Excellent,High,7.15,74.4,High,72.7,80
EDU01484,Rahul Sharma,Female,22,CSE,8,88.3,1.5,6.3,3,7,61.7,58.1,55.2,57.2,57.1,5.77,5.66,3,86,21,3.5,2.9,71,66,No,Yes,PG,Upper-Middle,Yes,Average,High,5.83,80.92,Critical,92.0,33
EDU01485,Sanjay Sharma,Male,24,CIVIL,1,72.2,3.5,7.7,4,8,75.0,67.3,67.4,63.5,60.4,7.39,7.77,1,157,7,1.9,0.0,52,96,No,Yes,UG,Low,Yes,Excellent,High,6.99,81.08,Moderate,60.7,65
EDU01486,Diya Singh,Female,18,EEE,2,74.3,1.5,7.7,2,3,60.2,62.9,64.3,70.1,73.6,6.75,7.23,1,63,36,2.5,2.0,100,91,No,Yes,UG,Low,Yes,Average,Medium,6.25,82.32,Moderate,70.1,90
EDU01487,Meera Sharma,Male,24,AIDS,2,88.5,5.6,6.3,9,8,89.7,87.1,90.2,86.7,89.0,9.84,9.62,0,154,0,3.3,0.1,91,96,Yes,Yes,School,High,Yes,Poor,High,8.9,102.6,Low,93.9,87
EDU01488,Riya Nair,Female,21,AI&DS,3,99.8,4.5,5.9,7,7,90.7,83.9,88.7,89.6,99.1,8.92,9.44,0,80,35,4.4,1.0,51,66,Yes,Yes,PhD,Low,Yes,Poor,High,8.78,76.32,Low,100.0,84
EDU01489,Aditya Verma,Male,17,ECE,1,72.4,1.0,8.2,8,5,53.4,52.8,49.7,53.3,61.0,4.5,5.0,2,22,29,0.4,3.0,74,44,No,Yes,Diploma,Middle,Yes,Excellent,Medium,5.2,62.96,Critical,75.0,50
EDU01490,Priya Reddy,Male,22,EEE,2,79.1,2.7,8.4,2,3,68.9,61.8,67.1,61.1,67.1,6.95,6.63,2,172,19,4.2,2.8,82,75,No,Yes,PhD,Middle,Yes,Average,High,6.59,98.84,High,82.4,48
EDU01491,Priya Patel,Female,21,MECH,6,90.8,4.0,5.2,3,6,90.6,89.5,89.6,97.1,100.0,9.26,9.05,0,187,13,3.2,2.4,46,96,No,Yes,PhD,Low,Yes,Good,High,8.99,92.12,Low,74.8,56
EDU01492,Meera Iyer,Male,17,IT,7,78.5,1.4,7.5,10,3,66.2,58.4,65.9,72.9,72.4,6.45,6.57,2,188,10,3.3,0.6,78,89,Yes,Yes,UG,Low,Yes,Poor,Medium,6.35,100.2,Critical,84.8,63
EDU01493,Rahul Verma,Female,22,EEE,8,70.9,2.4,5.9,1,5,67.8,58.3,61.5,62.1,57.4,6.92,7.14,0,34,35,3.2,0.1,69,91,Yes,Yes,PG,Upper-Middle,Yes,Good,Medium,6.25,62.76,Low,73.6,61
EDU01494,Ananya Reddy,Male,22,MECH,6,88.0,5.4,6.5,1,7,94.2,91.4,87.9,81.6,87.0,8.91,8.55,0,74,24,4.3,0.8,51,58,No,Yes,School,Low,Yes,Good,Low,9.12,70.4,Low,98.5,86
EDU01495,Nisha Kumar,Female,24,IT,5,86.1,4.5,7.7,1,8,87.0,92.1,87.4,87.1,86.4,8.51,9.06,0,33,34,1.1,1.3,82,74,Yes,Yes,School,Low,Yes,Excellent,Low,8.88,73.84,Low,77.3,55
EDU01496,Nithin Gupta,Female,18,AI&DS,5,71.4,5.4,5.5,3,5,83.3,85.6,88.1,87.7,87.9,8.31,8.89,0,130,35,3.9,2.3,99,72,No,Yes,PG,Upper-Middle,Yes,Good,Low,8.57,94.16,Low,62.9,79
EDU01497,Ananya Verma,Female,22,CIVIL,6,93.7,1.1,8.3,7,7,63.8,60.0,60.0,67.6,69.7,5.45,5.01,2,107,22,1.3,1.9,61,94,Yes,Yes,PG,Upper-Middle,Yes,Good,High,6.13,83.28,Critical,83.7,42
EDU01498,Sneha Singh,Female,24,AI&DS,5,80.9,5.1,7.4,5,8,82.7,78.7,79.6,83.8,86.0,7.81,8.31,1,47,4,2.6,1.8,81,47,Yes,Yes,PG,Upper-Middle,No,Good,Medium,8.03,74.16,Moderate,93.2,79
EDU01499,Nisha Singh,Male,19,CSE,4,95.2,2.2,8.3,3,7,72.3,63.0,67.3,60.7,63.5,7.45,7.74,0,133,29,1.5,2.5,64,43,No,Yes,School,Upper-Middle,No,Average,Medium,6.75,90.28,Low,76.5,86
EDU01500,Aditya Singh,Male,23,EEE,8,88.9,2.3,7.1,5,10,69.3,60.2,65.1,60.5,63.1,5.67,5.87,2,199,33,3.3,2.4,64,59,No,Yes,School,Upper-Middle,Yes,Poor,High,6.49,100.96,High,97.8,59
EDU01501,Keerthi Iyer,Male,18,AIDS,1,79.2,4.2,5.1,6,6,80.5,81.8,83.1,82.9,78.8,9.12,9.71,0,156,19,4.6,1.9,74,88,No,Yes,UG,Upper-Middle,No,Poor,High,8.18,92.48,Low,88.9,98
EDU01502,Rahul Nair,Male,20,AI&DS,8,77.4,3.6,6.6,4,4,80.3,75.8,75.5,76.8,76.4,6.89,6.65,2,86,20,2.9,0.5,51,91,No,Yes,School,Middle,Yes,Good,Medium,7.72,68.56,High,72.8,44
EDU01503,Meera Sharma,Male,23,IT,8,72.1,2.3,5.7,2,7,62.0,67.6,66.8,61.3,57.8,6.19,6.68,1,53,33,3.7,0.1,64,40,No,Yes,UG,Upper-Middle,Yes,Average,Medium,6.55,65.04,Moderate,60.8,55
EDU01504,Keerthi Kumar,Male,23,ECE,4,75.1,4.6,6.4,2,9,85.2,82.5,84.3,91.4,87.0,7.77,7.44,0,204,5,1.3,1.9,86,54,No,Yes,School,High,Yes,Average,High,8.4,105.24,Low,80.1,48
EDU01505,Priya Verma,Female,17,EEE,5,95.5,3.7,5.6,1,5,82.6,78.8,77.2,71.9,67.4,7.36,7.66,0,80,2,3.8,2.7,47,54,Yes,No,UG,Middle,Yes,Good,High,7.95,73.0,Low,86.1,87
EDU01506,Rahul Patel,Female,17,AIDS,1,54.2,4.8,6.5,4,6,72.8,63.7,67.3,67.4,71.3,5.86,6.21,2,86,13,3.1,2.3,59,73,No,Yes,School,Low,Yes,Good,Medium,6.79,62.48,Critical,51.9,72
EDU01507,Karthik Patel,Male,24,IT,7,78.3,4.1,5.0,5,3,86.7,94.2,90.0,87.0,87.0,9.36,9.29,0,220,20,2.6,2.3,80,87,Yes,Yes,UG,High,No,Excellent,High,9.03,107.32,Low,84.9,89
EDU01508,Sai Reddy,Male,19,EEE,3,92.4,1.2,5.8,1,9,59.8,66.6,59.3,51.9,53.3,6.06,6.48,1,209,15,1.9,0.7,77,45,Yes,Yes,Diploma,Low,Yes,Excellent,Low,6.19,109.56,Moderate,99.0,89
EDU01509,Sai Reddy,Male,19,CIVIL,2,89.6,2.3,7.5,3,7,65.9,60.6,59.8,56.4,51.7,5.44,5.08,4,34,0,0.1,0.6,68,73,Yes,Yes,Diploma,Upper-Middle,Yes,Good,Low,6.21,69.84,Critical,89.4,43
EDU01510,Nisha Gupta,Male,20,MECH,4,78.4,4.8,7.1,7,4,88.2,87.5,87.0,88.4,96.8,9.09,8.89,0,208,31,4.0,0.9,97,89,No,Yes,UG,Middle,Yes,Poor,Medium,8.76,111.76,Moderate,77.7,79
EDU01511,Aarav Verma,Male,17,AIDS,1,92.8,4.0,6.4,4,9,81.6,87.4,89.2,88.0,95.6,8.25,7.83,1,219,12,2.1,1.8,58,60,No,Yes,PG,Middle,Yes,Average,High,8.61,104.12,Moderate,98.0,83
EDU01512,Harish Patel,Male,18,EEE,7,85.9,1.8,5.6,3,5,72.2,64.8,65.5,69.0,65.2,6.55,7.07,0,204,10,1.1,1.8,41,64,Yes,Yes,School,Upper-Middle,Yes,Poor,Medium,6.75,91.56,Low,94.2,95
EDU01513,Harish Sharma,Male,21,MECH,3,70.6,1.9,8.5,5,8,59.8,53.0,57.1,58.3,56.7,6.46,6.67,1,91,26,4.5,2.1,79,84,Yes,Yes,PG,Upper-Middle,Yes,Good,Low,5.66,78.04,High,67.8,70
EDU01514,Ananya Verma,Male,20,AIDS,6,91.7,4.9,5.3,10,3,90.6,84.9,88.5,92.4,92.5,8.81,8.94,0,35,32,3.5,0.6,91,98,No,Yes,Diploma,Middle,Yes,Poor,Medium,8.8,80.08,Moderate,96.9,69
EDU01515,Aarav Verma,Female,18,CIVIL,5,68.2,3.5,6.0,8,7,68.9,63.5,62.2,63.0,69.1,7.13,7.05,0,30,35,3.2,1.1,48,82,Yes,Yes,School,Middle,Yes,Average,High,6.49,52.48,Moderate,72.4,59
EDU01516,Diya Singh,Male,18,AI&DS,6,85.0,2.8,6.4,5,4,67.8,63.9,65.3,71.6,74.2,7.1,7.63,0,32,20,2.8,0.9,42,55,Yes,Yes,UG,Middle,Yes,Good,Low,6.57,57.2,Moderate,92.7,74
EDU01517,Sai Kumar,Female,22,EEE,4,90.4,1.7,6.4,2,7,60.2,56.2,62.1,66.4,73.9,6.17,6.05,2,88,12,4.0,0.1,44,61,No,Yes,School,Upper-Middle,Yes,Poor,High,5.95,71.36,High,88.2,63
EDU01518,Rahul Reddy,Female,19,CIVIL,5,81.4,3.9,6.0,9,10,73.8,73.9,75.1,73.2,72.4,7.52,7.71,0,29,29,4.9,2.2,69,73,Yes,Yes,School,Low,Yes,Average,Medium,7.43,65.96,Moderate,75.1,58
EDU01519,Harish Verma,Male,22,CIVIL,5,77.3,5.7,5.4,9,10,85.7,88.7,88.0,93.2,98.1,9.36,8.93,0,63,12,3.4,2.2,91,58,Yes,Yes,UG,Middle,Yes,Excellent,Medium,8.75,79.92,Low,90.8,64
EDU01520,Vihaan Singh,Male,19,CSE,1,94.4,3.3,7.3,5,6,75.0,68.6,70.5,62.6,58.9,7.51,7.57,1,101,2,1.9,0.0,67,68,No,Yes,UG,Low,Yes,Average,Medium,7.14,84.76,Moderate,99.2,50
EDU01521,Arjun Iyer,Female,17,MECH,2,87.5,2.3,5.5,8,10,67.9,71.8,68.7,62.4,62.4,6.1,6.6,1,64,30,4.2,0.8,88,63,Yes,Yes,School,High,Yes,Excellent,Medium,6.95,83.0,High,94.5,78
EDU01522,Aarav Singh,Female,19,MECH,6,83.9,2.1,8.0,1,10,62.6,54.5,55.4,47.5,45.0,6.01,6.11,1,102,11,1.5,0.1,73,67,Yes,Yes,PG,Middle,Yes,Average,Low,5.75,83.16,Moderate,85.6,61
EDU01523,Keerthi Kumar,Male,17,ECE,2,82.3,5.2,7.1,2,7,92.6,88.3,86.6,92.0,99.9,8.56,8.84,0,170,8,3.3,2.5,81,51,No,Yes,UG,Low,Yes,Good,High,8.92,99.32,Low,66.8,80
EDU01524,Sai Iyer,Female,20,EEE,6,79.7,5.1,5.5,7,7,91.3,90.7,91.3,94.7,99.1,9.84,10.0,0,91,35,0.3,0.2,61,44,Yes,Yes,Diploma,High,Yes,Good,Low,9.11,74.48,Low,92.9,96
EDU01525,Aarav Nair,Female,24,AIDS,4,82.8,4.3,6.6,9,4,87.0,92.6,94.4,94.5,100.0,9.71,9.3,0,197,14,1.0,2.3,62,69,Yes,No,Diploma,Middle,Yes,Excellent,Low,9.13,97.32,Moderate,70.6,100
EDU01526,Priya Reddy,Male,18,AIDS,3,82.1,3.9,8.4,2,5,78.9,71.7,74.3,80.4,83.8,8.16,8.71,0,128,7,4.9,2.6,41,75,No,No,Diploma,Low,No,Average,High,7.5,74.84,Low,75.7,68
EDU01527,Meera Nair,Female,20,CIVIL,1,87.4,4.9,6.5,4,6,98.1,100.0,98.0,96.5,100.0,9.66,10.0,0,107,22,0.1,1.9,81,42,No,Yes,School,Low,Yes,Average,Low,9.87,88.76,Low,82.3,86
EDU01528,Keerthi Das,Male,22,AI&DS,1,69.7,2.8,8.4,6,9,72.7,75.1,69.7,70.9,70.2,6.11,5.75,2,126,4,2.0,1.1,84,51,Yes,Yes,School,Low,Yes,Poor,High,7.25,86.68,Critical,68.2,23
EDU01529,Harish Das,Male,23,AIDS,5,70.0,4.0,5.8,2,10,82.8,89.1,82.1,81.8,83.4,7.95,8.52,0,190,2,1.4,2.5,61,81,Yes,Yes,School,Upper-Middle,Yes,Good,High,8.47,90.4,Low,63.2,60
EDU01530,Sai Reddy,Female,17,ECE,7,86.6,1.2,5.7,10,3,56.8,55.9,56.9,56.0,56.4,5.48,6.03,1,217,20,4.7,2.7,55,56,No,Yes,PhD,Middle,Yes,Poor,High,5.65,100.04,High,97.1,46
EDU01531,Aditya Reddy,Male,24,AI&DS,1,96.2,2.0,6.9,1,4,76.3,84.2,76.8,72.6,81.2,8.31,8.26,1,195,39,0.1,1.4,71,85,No,Yes,PG,High,Yes,Poor,Medium,7.91,105.88,Moderate,95.2,67
EDU01532,Priya Singh,Female,21,AI&DS,5,82.3,2.1,7.1,7,4,65.3,61.7,59.8,54.5,56.5,6.66,6.65,1,46,1,1.7,2.3,90,94,Yes,Yes,PG,Low,Yes,Good,Medium,6.23,78.12,High,74.6,72
EDU01533,Diya Iyer,Male,18,MECH,7,90.7,3.7,7.8,5,6,82.2,85.3,80.7,82.4,78.4,7.16,6.92,1,162,28,2.1,2.4,59,59,No,Yes,Diploma,High,Yes,Excellent,High,8.27,92.28,Moderate,82.4,64
EDU01534,Vihaan Das,Male,22,AIDS,6,70.0,2.1,7.6,10,7,59.9,54.3,53.1,56.5,61.3,4.67,4.8,2,60,18,4.7,0.5,71,74,No,Yes,Diploma,Upper-Middle,Yes,Poor,Medium,5.58,68.4,Critical,61.6,60
EDU01535,Arjun Reddy,Male,23,AIDS,7,83.9,4.7,7.9,10,9,94.5,94.8,92.8,99.0,100.0,9.64,9.92,0,53,23,4.2,1.1,48,88,Yes,Yes,UG,Upper-Middle,Yes,Good,High,9.4,63.36,Low,95.5,100
EDU01536,Harish Iyer,Male,20,CIVIL,4,82.5,3.6,8.2,5,9,85.6,75.8,81.7,74.1,70.9,7.68,7.85,0,31,8,3.0,1.2,61,54,Yes,Yes,Diploma,Low,Yes,Average,Low,8.1,63.6,Low,74.7,86
EDU01537,Meera Kumar,Female,18,AI&DS,5,85.7,4.5,7.4,9,9,80.5,75.7,79.5,75.1,84.5,8.81,8.61,0,101,4,0.9,1.6,78,81,No,Yes,School,Middle,Yes,Excellent,High,7.86,85.68,Low,93.8,81
EDU01538,Sneha Sharma,Female,24,EEE,3,80.6,5.4,5.1,5,6,92.4,98.0,98.4,99.9,100.0,8.96,9.24,0,34,28,2.5,1.3,95,61,No,No,UG,Middle,Yes,Excellent,High,9.63,77.04,Low,79.8,89
EDU01539,Priya Kumar,Male,23,AIDS,4,93.1,2.1,6.4,5,5,65.0,66.6,69.1,74.4,80.4,6.21,6.06,1,201,4,3.2,1.5,89,90,Yes,Yes,UG,Middle,Yes,Good,High,6.69,113.04,High,97.9,65
EDU01540,Ananya Sharma,Female,19,AIDS,6,80.0,4.7,6.7,1,9,79.6,71.9,74.7,68.0,73.0,8.0,8.16,0,26,3,0.3,2.2,49,60,No,Yes,Diploma,Upper-Middle,No,Excellent,Low,7.54,56.8,Low,83.5,71
EDU01541,Aishwarya Verma,Male,24,AIDS,8,71.8,2.9,5.9,3,6,71.9,74.8,69.5,64.6,63.7,7.71,8.07,1,185,10,2.1,1.1,92,81,No,Yes,Diploma,Middle,Yes,Excellent,Medium,7.21,102.52,Moderate,78.8,55
EDU01542,Priya Reddy,Female,22,EEE,6,100.0,4.4,5.9,4,7,94.0,84.6,91.9,99.4,98.1,9.09,9.27,0,104,15,2.0,0.9,100,50,Yes,Yes,PhD,Upper-Middle,Yes,Poor,Medium,9.02,100.8,Low,89.5,88
EDU01543,Nithin Singh,Female,23,MECH,4,97.2,4.1,8.4,1,4,88.6,82.7,89.4,84.0,85.7,8.49,8.25,1,104,9,4.3,1.6,44,94,No,Yes,PhD,Middle,Yes,Good,Low,8.69,77.28,Moderate,96.9,79
EDU01544,Aarav Reddy,Female,20,MECH,5,76.5,2.4,8.0,5,3,61.0,52.9,59.6,64.7,67.7,4.97,5.24,4,154,24,3.5,2.7,79,85,Yes,Yes,PG,High,Yes,Good,High,5.78,93.0,Critical,75.5,67
EDU01545,Rahul Gupta,Male,21,AIDS,8,88.1,1.5,6.2,9,10,64.7,66.6,64.7,70.1,71.2,5.6,5.64,3,141,5,1.2,1.6,71,52,Yes,Yes,Diploma,Low,No,Poor,Medium,6.53,91.84,Critical,100.0,51
EDU01546,Keerthi Nair,Male,23,IT,5,98.4,4.7,7.3,10,9,94.1,85.5,86.5,90.3,92.8,8.01,8.02,1,181,11,0.6,1.5,81,96,No,Yes,PG,Low,Yes,Excellent,Low,8.87,107.96,Moderate,93.0,51
EDU01547,Nithin Verma,Female,24,IT,6,100.0,3.3,6.3,3,6,85.4,92.4,93.9,98.5,96.3,9.91,9.65,0,133,15,1.3,0.8,58,70,Yes,Yes,UG,Upper-Middle,Yes,Average,Low,9.06,89.8,Low,93.7,100
EDU01548,Arjun Verma,Male,22,CSE,8,72.9,1.5,7.1,1,10,62.1,62.3,61.9,60.7,65.7,5.58,6.04,1,44,25,4.5,0.9,55,75,Yes,Yes,UG,Middle,Yes,Good,Low,6.21,59.96,Moderate,78.2,53
EDU01549,Sanjay Iyer,Male,20,IT,2,65.7,1.2,5.6,5,9,53.1,55.8,55.3,57.0,64.7,6.06,6.39,1,30,14,0.5,2.4,40,63,No,Yes,Diploma,Upper-Middle,Yes,Average,Low,5.47,48.28,High,64.2,49
EDU01550,Vihaan Sharma,Female,20,MECH,5,87.2,2.9,7.8,4,9,80.6,77.5,79.2,84.1,93.7,7.79,7.77,0,181,19,4.9,0.9,59,97,Yes,No,PG,Middle,Yes,Excellent,Medium,7.91,94.68,Low,100.0,63
EDU01551,Karthik Das,Male,17,CIVIL,1,90.3,2.4,8.0,10,7,66.9,73.5,71.3,66.1,67.8,8.04,8.25,1,107,3,2.2,2.0,74,97,Yes,No,PhD,Middle,Yes,Excellent,Low,7.06,87.12,Moderate,93.5,71
EDU01552,Aditya Sharma,Male,17,ECE,3,92.9,4.6,7.2,4,3,85.2,77.2,84.0,91.2,96.4,8.14,8.02,0,145,27,0.4,1.7,88,43,No,Yes,Diploma,Low,Yes,Poor,Low,8.21,101.36,Low,89.4,79
EDU01553,Ananya Singh,Female,17,CSE,4,91.0,1.6,8.0,5,6,72.5,71.6,69.0,62.6,70.8,6.14,6.72,1,167,21,3.1,2.2,81,79,Yes,Yes,PG,Low,No,Excellent,High,7.1,102.2,Moderate,98.3,70
EDU01554,Vihaan Das,Male,20,CIVIL,5,76.9,1.3,7.3,6,5,50.3,43.2,45.4,46.6,49.7,4.5,4.44,4,26,4,2.1,1.6,46,88,Yes,Yes,Diploma,High,Yes,Excellent,Medium,4.63,54.36,Critical,69.1,20
EDU01555,Karthik Das,Female,22,ECE,5,95.2,5.5,6.7,3,3,92.3,98.2,92.2,87.4,91.9,10.0,9.53,0,76,11,4.0,1.0,67,87,Yes,Yes,PhD,Low,Yes,Excellent,Low,9.42,80.08,Low,89.6,100
EDU01556,Nithin Nair,Female,22,MECH,6,82.2,5.9,5.3,7,6,91.6,94.5,96.5,100.0,100.0,9.55,9.92,0,220,18,0.5,2.7,76,53,No,Yes,School,Low,Yes,Poor,High,9.42,107.28,Low,78.5,100
EDU01557,Priya Nair,Female,24,AI&DS,6,66.4,1.8,8.4,6,9,53.2,43.3,49.3,43.6,45.0,5.92,5.99,4,155,37,4.9,1.0,98,90,No,Yes,Diploma,Low,Yes,Excellent,Low,4.86,96.76,Critical,71.3,71
EDU01558,Karthik Gupta,Female,20,CSE,3,79.0,1.3,8.4,9,9,59.5,55.1,57.5,52.8,48.7,5.25,5.25,4,39,12,1.3,0.1,77,62,Yes,Yes,School,Upper-Middle,Yes,Poor,High,5.74,70.2,Critical,79.2,61
EDU01559,Aditya Patel,Female,18,AIDS,1,77.1,1.0,8.4,9,8,58.6,52.7,58.1,61.0,66.0,5.82,5.43,4,169,18,3.4,0.5,60,96,Yes,Yes,PG,Middle,Yes,Good,Medium,5.65,88.64,Critical,63.6,63
EDU01560,Arjun Singh,Female,18,IT,8,95.8,1.3,8.2,1,6,68.4,74.2,67.8,63.9,66.3,6.64,6.26,1,151,14,0.8,2.3,42,78,No,Yes,Diploma,High,Yes,Average,Low,7.01,85.32,Moderate,100.0,51
EDU01561,Priya Nair,Female,18,AI&DS,1,84.1,1.4,5.6,4,6,60.3,57.9,57.9,65.6,70.0,5.57,5.58,2,67,14,2.7,1.9,52,64,No,Yes,Diploma,Upper-Middle,Yes,Excellent,Low,5.87,67.84,High,83.1,46
EDU01562,Rahul Verma,Male,24,EEE,1,81.7,2.6,5.7,10,3,67.7,64.7,61.3,65.5,74.3,7.07,6.75,2,37,27,2.7,1.2,61,100,No,Yes,School,Low,Yes,Excellent,Low,6.46,64.48,Critical,84.7,78
EDU01563,Aishwarya Singh,Male,17,MECH,2,75.7,5.6,8.2,8,4,92.1,89.4,92.9,97.5,95.0,9.14,8.91,0,101,8,0.7,1.5,48,75,No,Yes,PhD,High,Yes,Poor,High,9.15,69.68,Moderate,65.6,78
EDU01564,Rahul Kumar,Male,18,AIDS,3,88.5,2.9,7.7,4,7,70.2,72.6,69.8,69.7,76.0,7.96,7.73,0,112,24,0.7,1.1,43,53,Yes,Yes,UG,Low,Yes,Poor,Low,7.09,75.0,Low,89.4,71
EDU01565,Aditya Sharma,Male,18,EEE,7,82.2,2.5,6.1,2,7,69.5,61.8,60.9,66.5,66.5,6.91,6.56,1,142,30,0.1,2.0,67,43,No,Yes,PG,High,No,Excellent,High,6.41,88.08,Moderate,75.8,49
EDU01566,Rahul Iyer,Female,23,EEE,2,96.3,1.3,6.2,8,9,70.5,67.4,67.8,62.5,64.2,6.59,6.33,1,149,1,4.7,1.3,98,46,No,Yes,School,Upper-Middle,Yes,Average,Low,6.86,107.52,High,100.0,59
EDU01567,Aditya Sharma,Male,24,AI&DS,5,83.5,1.7,8.3,6,6,58.2,52.4,51.2,48.1,46.3,4.93,5.5,2,130,25,3.7,1.9,82,70,No,Yes,PG,High,Yes,Excellent,Low,5.39,92.2,Critical,90.7,45
EDU01568,Aditya Das,Female,18,CSE,2,97.8,2.9,6.9,8,5,75.8,82.7,76.2,70.1,74.8,8.49,8.56,0,22,11,2.0,0.4,65,95,Yes,Yes,UG,Upper-Middle,Yes,Good,High,7.82,69.52,Low,88.5,88
EDU01569,Priya Das,Male,24,CSE,5,79.9,3.3,6.9,6,3,77.0,76.7,72.5,78.7,86.0,7.25,7.03,0,91,3,0.3,2.2,92,56,No,Yes,UG,Middle,Yes,Average,Medium,7.54,86.96,Moderate,88.6,65
EDU01570,Priya Nair,Male,21,EEE,7,81.7,4.9,7.6,2,4,89.0,95.6,88.0,82.7,85.0,8.68,8.42,0,138,18,2.9,1.3,73,87,No,Yes,Diploma,High,Yes,Average,High,9.09,89.48,Low,86.4,60
EDU01571,Aditya Verma,Male,22,CIVIL,8,79.1,2.6,6.0,4,8,70.9,72.7,71.2,70.5,77.6,7.57,7.73,1,35,30,4.5,1.9,93,59,No,Yes,Diploma,Low,Yes,Poor,Medium,7.16,75.84,Moderate,82.3,67
EDU01572,Karthik Sharma,Female,18,IT,8,98.8,1.9,6.2,3,4,74.2,71.9,73.6,71.7,77.1,6.88,6.78,1,185,40,0.8,2.6,46,71,No,Yes,PhD,Upper-Middle,Yes,Good,Low,7.32,94.92,Moderate,98.9,64
EDU01573,Priya Singh,Male,21,ECE,8,87.2,2.5,6.8,3,5,68.4,76.3,70.3,71.4,67.0,6.35,6.22,2,35,6,3.6,1.5,66,43,No,Yes,Diploma,High,Yes,Good,Low,7.17,68.28,High,83.8,79
EDU01574,Vihaan Das,Male,19,CSE,6,82.8,2.9,7.9,10,6,77.3,84.2,83.1,81.9,82.1,8.1,8.23,1,49,21,4.6,1.6,57,82,No,Yes,PG,Upper-Middle,No,Good,Low,8.15,65.72,High,89.0,78
EDU01575,Aditya Kumar,Male,19,AI&DS,7,91.8,3.5,7.6,5,3,78.0,82.6,83.7,77.6,87.0,8.3,7.94,0,141,37,4.0,2.7,66,41,No,Yes,UG,Middle,Yes,Good,High,8.14,91.32,Low,91.3,66
EDU01576,Karthik Singh,Male,19,AI&DS,8,78.7,5.1,8.2,4,4,93.1,100.0,96.1,90.8,88.0,9.54,9.72,0,172,21,4.6,1.7,86,65,No,Yes,Diploma,High,Yes,Poor,Medium,9.64,100.28,Low,83.1,93
EDU01577,Priya Gupta,Female,20,AI&DS,2,93.0,1.5,7.8,1,8,61.1,65.4,60.5,67.3,64.8,5.47,5.51,2,89,18,4.0,2.4,65,81,Yes,Yes,UG,Upper-Middle,Yes,Excellent,High,6.23,81.0,High,81.5,68
EDU01578,Nithin Nair,Male,21,CSE,3,100.0,3.1,6.4,6,8,84.3,90.0,88.0,83.1,86.9,8.74,8.39,0,191,24,0.4,1.2,93,87,Yes,Yes,PG,Low,Yes,Average,High,8.74,115.4,Low,100.0,57
EDU01579,Keerthi Iyer,Female,21,CSE,1,86.1,4.8,5.9,8,10,92.0,91.7,95.6,92.9,91.0,9.39,9.8,0,63,15,4.7,2.5,88,57,No,Yes,UG,High,Yes,Good,High,9.31,82.24,Low,85.8,75
EDU01580,Diya Sharma,Male,17,CIVIL,6,77.5,4.8,7.6,3,5,88.4,87.7,83.8,77.6,84.8,8.4,8.03,0,174,10,3.4,0.5,77,44,No,Yes,Diploma,Middle,Yes,Average,Medium,8.66,96.6,Low,78.1,74
EDU01581,Sanjay Verma,Female,18,AIDS,6,72.3,5.0,6.7,7,4,84.8,89.9,84.9,91.5,92.0,8.53,8.93,0,80,27,2.2,1.5,75,53,Yes,Yes,UG,Low,Yes,Average,High,8.65,74.92,Moderate,71.7,63
EDU01582,Karthik Gupta,Male,23,CSE,6,82.6,5.2,7.0,7,9,91.6,92.7,92.3,93.0,88.3,9.41,9.37,0,81,3,0.1,0.6,49,71,No,No,Diploma,High,Yes,Good,Medium,9.22,68.84,Low,68.6,79
EDU01583,Aarav Das,Male,17,ECE,4,84.4,3.3,5.3,3,4,76.1,80.9,81.8,77.4,75.0,7.47,7.42,1,200,32,3.1,2.6,60,56,Yes,Yes,PG,Middle,No,Average,High,7.96,97.76,Moderate,81.0,63
EDU01584,Sanjay Nair,Male,19,EEE,1,93.0,4.4,5.6,9,4,93.8,90.7,90.7,90.7,95.2,9.4,9.91,0,190,32,0.1,2.4,92,88,Yes,Yes,PhD,Low,Yes,Poor,High,9.17,112.0,Low,88.5,81
EDU01585,Karthik Patel,Female,19,AIDS,3,85.7,6.0,7.7,6,5,95.4,96.4,93.2,87.3,92.9,9.73,9.43,0,57,6,4.0,3.0,55,49,No,No,School,High,No,Average,Low,9.5,67.68,Low,100.0,95
EDU01586,Nisha Gupta,Female,22,CSE,2,90.7,4.5,6.4,2,9,81.9,82.7,85.0,81.7,85.6,8.15,7.77,0,168,27,2.1,2.2,100,87,No,Yes,UG,Middle,No,Excellent,Medium,8.32,109.88,Low,100.0,83
EDU01587,Harish Gupta,Male,18,CSE,4,91.2,5.6,5.5,1,10,92.6,87.8,90.6,98.2,98.1,8.79,8.35,0,75,27,2.9,2.0,72,61,Yes,Yes,PG,High,Yes,Good,High,9.03,80.28,Low,97.2,74
EDU01588,Riya Das,Male,23,CIVIL,8,95.5,3.0,7.6,3,6,77.6,67.9,73.5,74.7,81.7,7.72,8.15,0,135,0,3.7,0.6,83,56,Yes,Yes,School,High,Yes,Excellent,Low,7.3,98.4,Low,95.5,54
EDU01589,Aditya Gupta,Female,24,EEE,5,91.8,1.7,5.5,3,7,72.1,65.8,72.4,67.5,70.2,7.58,8.04,1,167,1,4.6,0.8,53,46,No,Yes,School,Middle,No,Good,High,7.01,91.32,Moderate,90.8,56
EDU01590,Sanjay Verma,Female,17,ECE,4,92.6,1.8,5.4,5,8,64.2,55.0,55.5,51.0,55.8,6.01,6.59,2,95,14,0.3,1.3,44,78,Yes,Yes,PG,Middle,Yes,Good,Medium,5.82,73.64,High,100.0,61
EDU01591,Aishwarya Sharma,Female,21,ECE,4,78.3,5.7,7.2,3,8,92.0,89.7,87.3,90.1,85.6,9.58,9.23,0,185,37,4.5,0.8,89,75,Yes,Yes,PhD,Upper-Middle,Yes,Excellent,Low,8.97,103.92,Low,95.7,86
EDU01592,Pooja Nair,Male,18,CIVIL,3,92.9,2.8,6.0,10,6,70.8,73.4,69.6,68.3,64.8,6.39,6.46,1,48,14,2.1,2.1,94,64,Yes,Yes,PG,Low,Yes,Good,Low,7.13,84.36,High,83.6,67
EDU01593,Sanjay Gupta,Male,24,ECE,7,95.6,3.3,5.4,5,10,88.1,89.4,86.1,79.3,75.9,9.19,9.59,0,172,19,4.3,2.0,64,79,No,Yes,PhD,High,Yes,Average,Low,8.79,98.24,Low,90.5,98
EDU01594,Nithin Sharma,Female,19,ECE,2,82.3,4.1,8.4,7,10,83.1,75.2,78.7,82.6,91.6,7.64,7.42,0,23,7,3.0,0.4,63,62,Yes,Yes,PG,Upper-Middle,Yes,Poor,Medium,7.9,62.72,Moderate,76.0,66
EDU01595,Priya Sharma,Female,18,EEE,4,85.0,3.7,7.6,5,3,74.7,75.9,73.7,71.2,72.5,7.55,7.11,0,42,16,0.6,2.8,88,43,No,Yes,PG,Low,Yes,Good,High,7.48,77.6,Moderate,75.4,58
EDU01596,Ananya Reddy,Male,20,CSE,4,100.0,1.7,7.2,7,10,71.3,63.2,70.8,66.0,66.4,7.48,7.72,1,168,6,4.4,1.4,89,69,No,Yes,UG,High,No,Average,Low,6.84,109.2,Moderate,92.3,74
EDU01597,Ananya Singh,Male,24,CIVIL,4,98.2,3.1,5.6,8,4,88.5,88.6,92.2,99.6,99.7,9.73,9.61,0,69,38,1.3,1.1,43,67,No,Yes,Diploma,Upper-Middle,Yes,Excellent,Low,8.98,70.28,Low,99.6,73
EDU01598,Vihaan Das,Female,19,MECH,6,90.5,4.5,6.0,8,6,92.2,86.4,87.3,82.8,82.5,8.86,8.49,0,38,22,1.3,2.2,95,42,No,Yes,PG,Middle,Yes,Average,High,8.86,81.8,Low,84.3,69
EDU01599,Diya Gupta,Female,17,EEE,1,99.7,5.7,6.3,8,10,98.5,100.0,98.9,97.0,100.0,10.0,9.55,0,135,28,2.9,1.8,60,44,Yes,Yes,PG,Upper-Middle,Yes,Good,Low,9.91,90.88,Low,99.7,76
EDU01600,Meera Reddy,Male,21,CIVIL,2,81.1,2.8,5.1,2,4,71.4,70.2,71.4,65.6,69.4,7.79,7.39,1,73,39,0.1,0.5,84,62,Yes,No,School,Upper-Middle,Yes,Good,High,7.1,80.64,Moderate,76.8,77
EDU01601,Aishwarya Reddy,Male,22,MECH,6,81.6,1.6,6.7,4,3,61.9,61.3,64.3,61.3,70.2,6.0,5.65,3,79,12,1.1,2.8,89,97,No,Yes,PG,Upper-Middle,Yes,Poor,Low,6.25,84.04,Critical,84.0,64
EDU01602,Harish Verma,Male,17,IT,5,100.0,1.4,5.1,7,3,67.3,61.4,61.9,67.6,66.5,6.35,6.07,2,210,36,1.2,3.0,99,99,Yes,Yes,PG,Middle,Yes,Good,High,6.35,121.6,Critical,100.0,48
EDU01603,Sanjay Kumar,Female,18,IT,2,72.1,4.1,6.9,2,9,80.2,78.0,83.7,76.8,85.7,8.29,8.49,1,49,5,3.3,2.5,74,91,Yes,Yes,Diploma,Middle,Yes,Excellent,Low,8.06,68.24,Moderate,73.5,89
EDU01604,Sai Iyer,Female,22,ECE,6,63.8,3.1,5.9,2,4,67.6,63.3,63.9,70.5,72.3,5.76,5.69,4,164,25,0.8,2.4,82,50,Yes,Yes,UG,Middle,Yes,Average,Low,6.49,91.12,Critical,75.5,41
EDU01605,Meera Iyer,Male,21,MECH,1,75.1,4.0,7.1,1,6,78.0,76.6,76.1,72.0,72.1,7.76,7.96,0,26,24,4.3,1.4,54,53,Yes,Yes,UG,Middle,Yes,Poor,Low,7.69,56.84,Low,79.4,90
EDU01606,Harish Das,Female,23,IT,4,75.4,5.8,6.3,6,8,96.4,100.0,93.2,100.0,100.0,9.72,10.0,0,194,23,3.4,0.9,59,75,No,Yes,Diploma,Low,Yes,Good,Low,9.65,92.56,Low,77.7,98
EDU01607,Diya Sharma,Female,17,ECE,3,75.5,1.9,7.5,8,10,56.2,50.2,55.7,57.7,66.8,5.63,5.76,2,73,11,0.0,0.8,86,43,Yes,Yes,Diploma,Low,Yes,Average,High,5.4,79.2,Critical,88.9,56
EDU01608,Aishwarya Reddy,Female,24,MECH,6,94.1,5.4,5.4,7,6,97.5,93.9,95.6,97.3,100.0,10.0,10.0,0,73,1,4.0,0.5,46,69,No,Yes,PhD,Middle,Yes,Average,Medium,9.57,70.64,Low,96.5,100
EDU01609,Harish Nair,Male,18,ECE,4,66.4,2.5,7.0,6,5,69.3,60.4,63.8,56.8,66.1,6.58,6.88,2,28,37,4.5,1.7,95,59,Yes,Yes,PG,Upper-Middle,Yes,Excellent,Medium,6.45,70.16,Critical,72.6,91
EDU01610,Karthik Gupta,Male,22,CIVIL,5,63.4,4.8,6.2,7,7,86.9,87.0,87.8,94.2,94.0,8.77,9.07,0,102,7,2.8,2.6,100,93,Yes,Yes,PhD,High,Yes,Good,Low,8.72,85.76,Moderate,57.5,95
EDU01611,Aditya Iyer,Male,22,IT,6,73.3,3.1,6.6,5,5,71.9,68.8,65.8,69.5,65.2,7.13,7.39,0,21,40,1.9,1.5,90,92,Yes,Yes,School,Upper-Middle,Yes,Excellent,Low,6.88,69.52,Moderate,73.2,54
EDU01612,Aishwarya Iyer,Male,19,AI&DS,3,86.4,1.9,5.6,3,6,67.5,72.4,73.1,76.6,75.6,7.95,8.53,0,54,31,1.9,1.0,86,46,No,Yes,UG,High,Yes,Good,High,7.1,79.76,Low,96.1,83
EDU01613,Aditya Reddy,Female,21,MECH,4,72.2,4.7,6.9,4,6,79.5,76.5,81.4,84.3,91.9,7.27,7.42,0,109,38,3.6,0.4,75,85,No,Yes,UG,Low,Yes,Poor,High,7.91,80.68,Moderate,76.0,66
EDU01614,Vihaan Sharma,Male,24,EEE,8,99.4,2.2,5.2,2,7,80.7,81.1,78.0,83.6,87.1,8.02,7.63,0,100,0,1.4,3.0,60,78,No,Yes,School,High,Yes,Poor,Low,7.99,83.76,Low,91.7,68
EDU01615,Diya Das,Female,22,ECE,5,82.9,5.6,8.5,6,7,91.6,99.3,95.5,92.2,88.5,9.58,9.68,0,124,20,1.4,0.1,69,75,No,Yes,UG,Low,Yes,Good,Low,9.55,85.56,Low,85.8,100
EDU01616,Ananya Sharma,Male,20,AIDS,6,83.6,5.2,7.7,1,10,96.6,94.2,94.2,100.0,100.0,9.78,9.38,0,191,27,2.9,0.3,88,63,Yes,Yes,PhD,Upper-Middle,Yes,Average,Medium,9.5,106.84,Low,91.0,79
EDU01617,Riya Iyer,Female,22,IT,8,89.8,3.3,5.2,7,5,84.4,90.4,86.1,87.1,92.2,8.11,7.64,0,154,11,2.5,0.4,40,50,Yes,Yes,School,Middle,Yes,Good,Medium,8.7,82.72,Moderate,85.3,68
EDU01618,Nisha Nair,Male,22,AIDS,4,75.2,4.5,7.1,4,8,88.7,84.8,83.8,83.4,86.9,8.4,8.69,0,171,5,1.2,1.6,70,96,No,Yes,School,Low,Yes,Poor,High,8.58,92.28,Low,78.8,89
EDU01619,Sanjay Patel,Female,22,IT,4,100.0,2.0,5.9,3,7,66.2,65.8,68.6,62.2,64.5,6.83,6.99,1,82,32,2.4,2.4,81,42,Yes,Yes,Diploma,Middle,Yes,Average,Low,6.69,88.8,Moderate,87.4,67
EDU01620,Vihaan Singh,Female,21,ECE,6,92.6,1.6,6.7,9,4,65.7,69.1,65.9,59.7,66.1,7.19,7.76,1,107,39,3.0,0.0,90,95,Yes,Yes,Diploma,Middle,Yes,Poor,Medium,6.69,94.44,High,68.4,71
EDU01621,Vihaan Sharma,Male,18,ECE,8,85.4,3.5,6.0,5,3,72.3,74.2,74.9,76.1,76.1,8.1,7.7,0,77,15,4.6,1.6,54,66,Yes,Yes,School,Low,Yes,Average,High,7.38,71.16,Moderate,90.5,71
EDU01622,Meera Das,Female,22,EEE,7,100.0,1.9,5.3,8,3,74.7,75.2,70.4,64.6,61.2,6.31,5.82,4,116,27,1.4,1.9,61,82,Yes,Yes,PhD,Middle,Yes,Average,High,7.34,87.6,Critical,99.2,59
EDU01623,Ananya Kumar,Male,18,ECE,5,87.3,2.3,7.1,9,8,71.1,63.9,67.8,67.9,71.7,6.97,6.86,2,204,37,1.4,1.8,49,62,No,Yes,Diploma,Low,Yes,Excellent,Medium,6.76,95.32,High,93.3,65
EDU01624,Harish Reddy,Male,24,MECH,7,82.9,2.2,5.9,1,7,72.1,74.2,76.9,73.7,73.3,8.08,7.98,0,152,4,4.0,2.2,50,60,Yes,Yes,PhD,High,Yes,Excellent,Medium,7.44,83.56,Low,88.6,80
EDU01625,Aarav Verma,Male,17,EEE,4,86.1,5.9,6.7,9,7,99.9,100.0,99.3,100.0,100.0,9.61,9.69,0,177,13,2.4,1.5,48,87,No,Yes,UG,Upper-Middle,Yes,Average,Medium,9.97,89.04,Low,68.6,86
EDU01626,Aditya Reddy,Female,17,ECE,4,88.1,2.4,5.3,5,10,65.9,69.8,71.5,70.8,68.0,7.04,7.55,1,143,22,1.1,1.4,100,83,Yes,Yes,Diploma,Middle,Yes,Excellent,Medium,6.91,103.84,Moderate,100.0,78
EDU01627,Karthik Patel,Female,19,CSE,1,71.9,3.7,8.2,4,10,75.1,69.0,68.8,67.4,65.8,7.77,7.85,0,217,23,4.4,2.2,75,73,No,Yes,PhD,Low,Yes,Poor,Low,7.1,102.16,Low,75.5,52
EDU01628,Riya Das,Female,19,CSE,8,93.3,5.1,7.5,4,7,89.8,86.2,87.1,82.1,87.0,8.89,9.11,0,101,21,0.9,0.9,52,58,No,Yes,PhD,High,Yes,Poor,Medium,8.77,78.32,Low,93.4,68
EDU01629,Vihaan Das,Male,19,EEE,3,78.9,2.4,5.7,1,3,70.8,65.1,65.2,63.2,61.5,6.11,5.86,4,152,31,3.8,0.5,56,70,Yes,Yes,School,High,Yes,Average,Low,6.7,84.36,Critical,75.6,49
EDU01630,Rahul Iyer,Female,23,CSE,1,79.3,1.7,8.0,10,5,61.3,66.4,61.7,64.1,64.5,7.17,7.15,1,169,40,4.1,1.1,92,97,Yes,Yes,PhD,High,Yes,Good,Low,6.31,102.32,High,71.8,62
EDU01631,Keerthi Nair,Female,17,CSE,1,72.3,1.3,6.0,1,5,49.7,42.1,43.1,41.3,45.0,4.5,4.1,2,24,13,1.9,1.2,74,62,No,Yes,Diploma,High,Yes,Good,Medium,4.5,63.32,Critical,77.2,44
EDU01632,Arjun Verma,Female,22,CSE,7,84.1,2.1,5.2,3,4,62.3,55.8,59.4,54.5,52.4,6.65,7.22,0,48,5,0.7,2.0,99,42,Yes,Yes,School,Low,Yes,Excellent,Low,5.92,82.84,Low,83.6,79
EDU01633,Sanjay Gupta,Male,22,AI&DS,7,79.4,4.9,7.4,9,5,94.9,92.5,92.0,97.6,100.0,8.87,9.27,0,200,17,2.5,0.7,44,67,Yes,Yes,UG,Low,Yes,Excellent,Medium,9.31,89.36,Moderate,75.0,80
EDU01634,Sanjay Iyer,Female,19,ECE,8,76.7,1.8,8.4,7,9,60.7,61.8,64.7,59.4,68.1,6.43,6.01,1,184,28,2.9,0.8,62,88,No,Yes,Diploma,Upper-Middle,Yes,Poor,Medium,6.24,92.28,High,74.1,59
EDU01635,Riya Nair,Female,19,MECH,5,82.5,4.0,6.9,7,7,86.8,77.5,86.4,79.0,83.7,8.22,8.55,0,150,39,2.4,2.8,44,46,No,No,UG,High,Yes,Average,High,8.36,80.6,Low,73.5,58
EDU01636,Riya Iyer,Male,18,CSE,6,86.1,2.4,5.6,1,4,68.2,64.0,63.7,69.1,71.1,7.32,6.89,2,126,35,0.1,2.4,55,61,No,Yes,PhD,Middle,Yes,Good,Medium,6.53,81.64,High,96.8,49
EDU01637,Nithin Verma,Female,22,AIDS,8,72.2,2.3,6.2,5,5,56.8,51.0,51.9,50.1,47.6,5.14,5.08,3,169,31,4.4,1.6,43,91,No,Yes,PG,High,Yes,Good,Low,5.32,79.88,Critical,79.8,41
EDU01638,Vihaan Verma,Male,22,AI&DS,7,71.3,5.8,6.8,10,7,89.1,95.2,96.7,98.3,96.6,10.0,9.67,0,92,26,2.4,1.9,81,76,Yes,Yes,Diploma,Middle,Yes,Poor,Low,9.37,79.32,Moderate,74.3,100
EDU01639,Aarav Reddy,Female,23,ECE,6,72.9,1.4,7.7,8,8,61.2,68.5,67.0,65.0,63.3,6.96,6.53,1,124,17,4.0,0.3,70,50,No,No,School,Middle,Yes,Excellent,Medium,6.56,81.96,High,66.9,67
EDU01640,Sneha Kumar,Female,20,IT,5,84.8,1.2,8.4,8,4,65.2,57.3,63.8,71.0,73.3,6.62,6.23,1,125,29,3.0,1.7,70,91,Yes,Yes,School,High,No,Average,Medium,6.21,86.92,High,75.4,55
EDU01641,Diya Das,Male,24,EEE,7,67.7,5.6,5.3,1,9,92.5,92.0,87.8,89.3,91.2,7.91,7.65,0,181,25,1.9,2.6,74,40,No,Yes,PhD,Upper-Middle,Yes,Excellent,Low,9.08,92.88,Low,61.7,87
EDU01642,Aarav Gupta,Male,17,CSE,1,65.3,5.6,7.6,3,4,81.7,82.6,85.4,91.4,100.0,7.62,7.23,1,29,7,4.6,2.5,88,98,Yes,Yes,PhD,Middle,Yes,Poor,Low,8.32,67.12,Moderate,68.1,79
EDU01643,Priya Gupta,Female,24,CSE,1,97.6,5.2,5.4,10,7,100.0,90.1,92.3,87.2,84.4,8.53,8.15,0,85,8,4.6,2.8,99,61,No,Yes,PG,Middle,Yes,Poor,Medium,9.41,95.64,Moderate,100.0,76
EDU01644,Aarav Reddy,Female,21,EEE,7,90.5,2.6,5.1,3,7,80.4,85.6,85.2,90.7,95.7,9.11,9.62,0,87,40,2.6,1.0,69,100,No,Yes,UG,Low,Yes,Good,Low,8.37,81.2,Low,100.0,100
EDU01645,Nithin Reddy,Female,20,ECE,6,79.5,1.9,5.4,8,8,70.1,62.9,71.1,65.6,62.9,6.91,7.17,1,183,8,0.1,0.3,73,66,No,Yes,PG,Upper-Middle,Yes,Average,Low,6.8,97.6,High,79.6,74
EDU01646,Sneha Gupta,Male,24,ECE,1,92.5,1.2,7.9,5,9,59.7,55.1,61.5,60.2,68.2,6.67,6.65,2,116,2,3.2,2.8,85,78,No,Yes,UG,Low,Yes,Good,High,5.88,94.2,High,84.7,58
EDU01647,Meera Sharma,Female,21,MECH,5,79.7,5.9,8.4,9,7,93.2,92.9,97.5,93.4,100.0,10.0,9.62,0,70,16,0.8,1.5,77,53,Yes,Yes,PG,Middle,Yes,Average,Medium,9.45,76.68,Low,66.7,71
EDU01648,Priya Nair,Female,21,EEE,3,60.2,3.5,6.1,10,7,74.8,70.4,71.0,67.4,63.3,7.88,7.41,0,59,6,4.2,0.7,66,60,No,Yes,Diploma,Middle,Yes,Average,Low,7.21,62.28,Moderate,62.2,68
EDU01649,Harish Iyer,Male,20,MECH,7,88.9,3.1,7.8,3,9,79.9,82.4,85.2,79.6,74.7,9.09,8.83,0,199,39,2.7,0.3,54,91,No,Yes,School,Low,Yes,Excellent,Medium,8.25,96.96,Low,85.4,91
EDU01650,Aarav Sharma,Female,18,CSE,2,66.3,2.8,7.7,2,9,69.8,74.0,70.4,72.2,69.6,6.19,6.08,1,204,25,1.7,1.7,44,64,Yes,Yes,PG,Upper-Middle,Yes,Good,Medium,7.14,84.92,Moderate,66.3,49
EDU01651,Riya Reddy,Male,22,CSE,1,94.9,4.3,7.1,2,3,86.1,90.1,83.5,82.9,81.3,8.85,9.1,0,105,25,2.8,0.4,81,66,Yes,Yes,PhD,Middle,Yes,Average,Low,8.66,91.36,Low,100.0,84
EDU01652,Priya Gupta,Female,20,CSE,2,84.5,2.5,5.3,1,10,68.1,60.6,64.4,70.1,78.0,7.43,7.23,0,67,27,3.6,0.9,77,54,Yes,Yes,UG,High,Yes,Good,Low,6.44,78.0,Low,71.9,56
EDU01653,Sneha Patel,Male,23,AIDS,5,99.0,4.5,5.5,9,8,90.9,93.8,92.1,88.0,94.9,8.8,9.26,0,54,32,4.7,1.5,92,50,No,Yes,PhD,High,No,Average,Low,9.23,87.2,Low,100.0,82
EDU01654,Harish Iyer,Female,21,AI&DS,5,70.9,1.8,5.1,2,7,60.8,57.8,55.5,59.7,67.3,5.44,5.29,3,115,13,2.8,2.5,42,86,No,Yes,PhD,High,Yes,Average,High,5.8,68.16,Critical,73.4,49
EDU01655,Keerthi Das,Male,20,ECE,6,81.7,5.0,8.2,1,3,83.7,85.5,83.1,78.2,78.2,8.63,9.08,0,114,25,3.5,1.4,92,71,Yes,Yes,UG,Middle,Yes,Good,High,8.41,92.28,Low,87.0,63
EDU01656,Meera Kumar,Male,20,CSE,2,67.9,1.3,6.2,8,6,56.0,57.4,53.7,48.0,47.4,5.5,5.19,3,42,21,2.1,0.9,54,75,No,Yes,PG,Low,Yes,Poor,Low,5.57,57.16,Critical,63.3,64
EDU01657,Ananya Das,Male,22,CSE,1,79.1,5.6,7.7,5,5,99.0,100.0,98.7,95.2,100.0,9.27,8.91,0,41,9,0.0,1.8,49,99,No,Yes,PG,Upper-Middle,Yes,Excellent,Medium,9.92,59.44,Low,77.8,87
EDU01658,Ananya Sharma,Female,20,CIVIL,8,87.1,5.0,5.2,10,10,97.1,91.6,92.9,98.1,98.7,9.48,9.73,0,184,8,5.0,1.6,94,87,No,Yes,PhD,Upper-Middle,Yes,Poor,Medium,9.39,109.24,Low,87.0,100
EDU01659,Harish Das,Male,20,CSE,2,81.1,1.4,6.3,9,8,58.5,51.3,50.9,43.6,49.3,5.4,4.91,2,212,26,1.2,0.7,63,87,Yes,Yes,Diploma,Middle,No,Poor,Medium,5.36,100.04,Critical,100.0,40
EDU01660,Diya Nair,Male,20,AI&DS,8,84.2,4.7,5.8,10,10,81.7,77.6,79.8,82.7,92.0,7.6,8.06,0,21,29,3.2,2.3,92,83,No,Yes,PG,Upper-Middle,Yes,Good,Medium,7.97,74.68,Moderate,81.7,49
EDU01661,Diya Sharma,Male,18,CIVIL,4,97.6,2.0,5.6,6,6,68.6,68.8,64.1,63.4,63.7,6.79,7.18,0,34,29,5.0,0.6,98,95,No,No,PG,High,Yes,Poor,Medium,6.72,85.04,Moderate,100.0,56
EDU01662,Nisha Iyer,Male,22,IT,7,63.0,1.4,5.2,9,9,50.1,42.6,48.7,42.9,49.3,4.5,4.3,2,186,16,0.3,2.0,40,83,No,Yes,PG,Upper-Middle,Yes,Average,Medium,4.71,78.4,Critical,65.9,42
EDU01663,Nisha Nair,Male,17,AI&DS,2,93.1,3.8,7.4,1,10,85.3,83.4,85.3,88.7,92.4,8.81,8.83,0,164,6,2.5,1.7,54,75,Yes,Yes,PhD,High,No,Average,Low,8.47,91.64,Low,94.0,95
EDU01664,Keerthi Iyer,Male,18,CSE,8,90.7,4.7,6.6,1,4,91.1,81.7,85.7,84.7,92.3,9.07,8.71,0,53,19,3.0,0.3,48,83,Yes,Yes,School,High,Yes,Good,High,8.62,66.08,Low,90.8,73
EDU01665,Arjun Gupta,Female,20,CSE,4,77.5,1.4,7.2,8,7,56.0,51.2,56.5,56.3,65.6,6.25,6.61,1,107,39,1.2,1.5,82,63,Yes,Yes,PhD,Middle,Yes,Excellent,Medium,5.46,85.2,High,81.9,84
EDU01666,Ananya Sharma,Female,20,CSE,8,79.9,1.8,5.3,6,7,63.4,67.9,62.4,55.9,62.0,7.13,6.95,1,220,21,0.1,0.6,65,40,No,Yes,PhD,High,Yes,Excellent,Medium,6.46,101.96,High,72.6,66
EDU01667,Aishwarya Singh,Female,23,MECH,5,87.7,4.5,6.9,2,10,90.4,96.5,89.7,87.0,86.9,9.06,9.1,0,140,17,4.1,2.7,62,43,Yes,Yes,UG,Low,Yes,Good,High,9.22,87.88,Low,99.2,90
EDU01668,Priya Iyer,Male,23,MECH,7,100.0,4.1,8.2,4,10,94.6,97.3,99.8,93.1,92.7,9.31,9.63,0,184,33,4.2,2.8,89,80,Yes,Yes,School,Low,Yes,Good,Medium,9.72,112.4,Low,100.0,99
EDU01669,Sai Das,Female,23,CIVIL,6,87.9,3.1,5.5,1,9,82.4,74.3,75.7,83.4,85.0,7.93,7.93,0,44,2,4.3,2.7,83,75,No,Yes,PG,Low,Yes,Average,High,7.75,77.16,Low,89.8,58
EDU01670,Vihaan Kumar,Male,21,AI&DS,4,69.1,2.7,7.6,3,10,68.7,74.7,75.5,70.7,76.6,6.82,7.38,0,74,5,3.3,1.3,65,58,No,Yes,School,Upper-Middle,Yes,Excellent,High,7.3,68.44,Low,58.1,53
EDU01671,Riya Gupta,Female,22,AIDS,6,78.5,3.3,7.0,2,4,73.6,64.3,72.4,71.1,75.8,7.46,7.98,1,201,11,4.0,1.9,76,91,No,Yes,PhD,Middle,Yes,Excellent,High,7.01,102.0,Moderate,69.7,75
EDU01672,Sneha Nair,Female,23,EEE,3,95.0,1.1,5.8,7,8,57.5,61.4,54.9,52.0,49.1,4.68,4.48,2,30,28,5.0,1.1,46,91,Yes,Yes,Diploma,Upper-Middle,No,Good,Medium,5.79,62.4,Critical,100.0,64
EDU01673,Keerthi Kumar,Male,23,CSE,1,82.4,3.7,7.8,10,5,72.5,66.6,66.6,73.9,77.0,6.46,6.12,2,134,26,2.5,0.5,100,80,Yes,Yes,UG,High,Yes,Good,High,6.86,99.76,Critical,69.1,58
EDU01674,Sanjay Sharma,Female,20,ECE,5,68.6,3.8,7.9,10,8,69.9,61.2,62.3,70.1,65.9,6.27,6.13,1,99,3,4.9,0.1,51,57,Yes,Yes,PG,Low,Yes,Excellent,High,6.45,67.64,High,70.6,47
EDU01675,Nithin Reddy,Male,24,ECE,4,100.0,1.4,6.0,3,7,67.8,61.4,65.3,65.0,72.4,5.85,5.43,3,220,30,3.0,2.8,92,86,No,Yes,PhD,Middle,Yes,Poor,Low,6.48,120.8,Critical,100.0,35
EDU01676,Meera Reddy,Female,21,IT,2,90.0,4.5,8.1,8,8,96.3,91.1,93.6,94.7,93.2,8.81,8.61,0,35,17,2.9,2.4,79,97,No,Yes,UG,Low,No,Excellent,Medium,9.37,74.6,Low,74.1,70
EDU01677,Rahul Gupta,Male,21,MECH,8,83.9,1.3,6.5,9,9,65.7,57.1,58.5,58.7,64.1,5.75,5.36,3,51,11,0.3,1.8,52,94,Yes,Yes,PG,Low,Yes,Poor,Low,6.04,64.56,Critical,96.9,50
EDU01678,Sai Reddy,Female,23,IT,5,71.5,2.5,5.6,9,7,71.4,79.4,80.1,75.6,78.8,8.01,8.34,0,220,18,2.1,2.9,93,76,No,Yes,School,High,Yes,Good,High,7.7,109.8,Moderate,75.1,76
EDU01679,Sneha Gupta,Female,20,IT,1,60.1,2.0,7.0,3,9,55.6,63.1,61.2,60.7,61.3,7.1,7.47,1,114,18,1.6,2.1,97,64,No,Yes,PhD,Middle,Yes,Excellent,Medium,6.0,85.64,Moderate,73.0,79
EDU01680,Karthik Kumar,Male,20,IT,3,74.4,1.9,8.4,6,3,57.6,63.1,59.6,56.5,55.1,6.56,6.86,1,166,17,4.2,0.9,87,81,No,Yes,UG,Middle,Yes,Excellent,Low,6.01,97.76,High,84.6,56
EDU01681,Sai Singh,Female,24,CIVIL,1,78.2,2.0,6.9,9,3,56.9,60.3,58.9,64.4,67.3,6.41,6.21,2,137,37,1.2,1.8,64,79,No,Yes,Diploma,Middle,Yes,Average,High,5.87,84.28,Critical,86.4,79
EDU01682,Karthik Verma,Female,23,ECE,7,82.4,3.6,7.8,3,8,78.6,69.3,71.1,77.0,78.5,7.19,7.69,0,109,11,3.7,0.7,42,71,Yes,Yes,PG,Middle,Yes,Average,Low,7.3,71.56,Low,68.1,89
EDU01683,Nisha Das,Male,23,EEE,7,91.7,1.2,5.7,4,7,67.6,62.6,60.7,59.0,56.3,6.51,6.46,2,131,11,2.7,2.7,68,65,No,Yes,PG,High,Yes,Average,High,6.36,90.08,High,95.0,31
EDU01684,Riya Gupta,Male,18,AI&DS,6,100.0,4.3,6.5,7,6,87.7,89.2,90.4,86.9,91.9,8.36,8.14,0,50,3,3.5,0.7,57,75,No,Yes,PG,Upper-Middle,Yes,Good,High,8.91,72.8,Low,100.0,88
EDU01685,Aditya Das,Female,23,CSE,4,100.0,1.7,6.1,7,6,66.3,65.9,69.6,71.2,71.4,7.49,7.88,1,199,33,1.6,0.0,48,75,No,Yes,PhD,Upper-Middle,Yes,Poor,Low,6.73,99.0,Moderate,100.0,62
EDU01686,Nisha Das,Female,23,IT,5,72.9,4.2,8.1,6,3,85.4,92.2,86.5,79.0,81.5,8.58,8.33,1,175,31,1.9,0.7,58,100,No,Yes,PG,Upper-Middle,No,Excellent,Low,8.8,87.36,Moderate,58.9,65
EDU01687,Vihaan Gupta,Female,24,AIDS,3,88.7,1.7,5.5,7,7,68.6,63.0,64.0,59.9,69.1,5.42,5.47,2,137,23,3.7,2.6,70,93,No,Yes,PhD,High,Yes,Average,High,6.52,90.88,Critical,74.3,47
EDU01688,Vihaan Iyer,Male,21,MECH,4,74.9,5.4,6.3,10,3,83.7,83.9,87.7,80.8,87.2,9.54,9.59,0,21,3,0.1,1.8,89,97,Yes,Yes,UG,Upper-Middle,No,Average,High,8.51,69.76,Moderate,77.5,94
EDU01689,Rahul Reddy,Female,21,MECH,6,87.9,5.7,6.2,4,5,100.0,90.3,93.2,97.5,95.3,9.92,10.0,0,115,5,4.5,1.2,78,52,Yes,Yes,Diploma,Low,Yes,Excellent,High,9.45,89.36,Low,87.8,79
EDU01690,Ananya Das,Male,24,AI&DS,6,88.1,4.7,7.4,7,8,92.9,100.0,95.8,100.0,100.0,8.8,9.16,0,55,33,4.3,0.9,85,91,Yes,No,Diploma,Low,Yes,Average,High,9.62,80.24,Low,90.8,68
EDU01691,Sai Sharma,Female,22,IT,8,90.7,5.4,7.8,10,9,100.0,100.0,100.0,100.0,95.8,9.29,9.34,0,32,20,1.9,0.2,99,52,Yes,Yes,Diploma,High,Yes,Good,High,10.0,82.28,Low,89.3,96
EDU01692,Pooja Iyer,Female,22,EEE,2,91.8,3.7,6.0,1,6,84.1,75.2,78.9,86.7,88.6,8.13,7.84,0,184,3,3.4,1.1,72,69,No,Yes,School,Upper-Middle,Yes,Excellent,Low,7.94,102.32,Low,81.7,82
EDU01693,Sanjay Kumar,Male,22,CIVIL,1,88.5,3.9,8.5,5,9,88.9,94.4,95.5,100.0,100.0,8.99,8.86,0,126,25,3.1,2.6,67,93,Yes,Yes,UG,Low,Yes,Poor,High,9.29,87.4,Low,90.1,73
EDU01694,Diya Iyer,Female,23,MECH,8,75.2,3.7,7.0,8,6,77.2,68.5,70.9,67.2,69.1,7.84,8.27,0,200,12,1.6,0.5,84,90,No,Yes,School,Low,Yes,Average,Medium,7.22,103.68,Moderate,69.9,77
EDU01695,Keerthi Singh,Female,18,EEE,3,96.8,2.3,7.3,3,4,75.7,81.3,80.0,84.2,81.2,7.97,7.68,1,161,6,3.9,2.8,90,55,Yes,Yes,PhD,Middle,Yes,Good,Medium,7.9,106.92,Moderate,84.4,68
EDU01696,Rahul Patel,Female,17,ECE,5,92.8,2.9,7.8,3,10,73.9,79.1,75.1,72.2,81.7,8.32,8.25,1,28,21,4.6,0.1,43,85,No,Yes,PhD,Upper-Middle,Yes,Poor,Medium,7.6,59.92,Moderate,96.1,77
EDU01697,Meera Iyer,Male,18,MECH,5,69.6,2.1,6.9,6,10,53.9,53.2,54.8,61.4,68.4,5.72,6.02,1,92,33,4.9,2.6,47,62,Yes,Yes,UG,High,Yes,Poor,High,5.4,65.04,High,70.5,54
EDU01698,Riya Iyer,Female,18,AIDS,2,78.8,1.2,8.0,7,8,56.3,61.8,58.0,56.9,60.2,5.38,5.74,4,105,15,3.9,1.9,65,54,No,Yes,PG,High,Yes,Good,High,5.87,78.52,Critical,82.1,63
EDU01699,Riya Iyer,Male,19,ECE,5,92.1,2.4,7.7,3,6,78.2,82.9,79.4,87.0,89.7,7.56,7.77,1,185,25,0.5,1.2,50,75,Yes,Yes,UG,Low,Yes,Average,Low,8.02,93.84,Moderate,79.4,75
EDU01700,Arjun Iyer,Male,20,CSE,4,74.1,2.7,5.4,2,10,73.4,78.5,76.0,75.6,75.1,7.51,7.92,0,134,10,3.7,0.7,79,96,Yes,Yes,PG,Low,No,Excellent,High,7.6,88.04,Low,67.2,71
EDU01701,Rahul Reddy,Female,22,EEE,4,77.9,1.6,7.2,6,10,57.5,60.6,62.7,57.8,60.0,6.42,6.38,2,144,22,2.0,1.3,77,76,Yes,Yes,PhD,Middle,Yes,Good,Low,6.03,90.76,High,73.5,45
EDU01702,Ananya Sharma,Male,17,MECH,5,93.5,2.7,5.3,3,7,70.2,61.6,66.0,64.9,64.6,6.1,5.67,3,217,5,3.4,0.1,93,81,No,Yes,School,Upper-Middle,Yes,Good,Low,6.59,118.0,Critical,93.5,66
EDU01703,Sanjay Gupta,Female,19,AI&DS,2,68.3,5.1,6.3,2,7,82.2,73.2,82.6,80.2,82.3,7.64,7.61,1,89,0,3.6,0.3,57,44,No,Yes,School,Low,Yes,Poor,High,7.93,67.92,Moderate,67.8,53
EDU01704,Diya Gupta,Male,21,MECH,2,87.9,2.6,6.3,5,8,70.3,64.4,67.8,73.5,74.3,5.85,6.31,1,172,25,2.1,0.2,95,73,Yes,Yes,Diploma,Low,Yes,Good,High,6.75,107.56,Moderate,77.1,84
EDU01705,Sai Gupta,Male,20,AI&DS,1,80.5,3.3,5.1,5,9,71.2,67.3,68.0,60.0,60.4,7.25,7.49,1,32,32,0.4,1.5,54,53,Yes,No,PG,High,Yes,Average,Medium,6.88,60.2,Moderate,80.9,58
EDU01706,Rahul Reddy,Male,24,ECE,7,91.0,4.1,6.1,5,6,80.9,77.2,83.0,80.3,76.0,8.23,8.12,0,56,10,2.1,2.5,98,63,No,Yes,School,Upper-Middle,Yes,Excellent,Low,8.04,86.8,Low,80.8,63
EDU01707,Harish Iyer,Male,20,MECH,7,79.0,2.5,6.5,7,3,69.9,69.6,69.4,75.5,81.0,6.12,6.34,1,49,24,1.5,2.4,78,79,Yes,Yes,PG,Upper-Middle,Yes,Good,High,6.96,72.6,High,90.9,60
EDU01708,Vihaan Reddy,Female,21,IT,7,68.6,1.2,6.4,9,5,48.0,46.6,44.3,49.9,54.0,4.66,4.75,4,101,36,1.5,2.6,75,76,Yes,Yes,School,High,Yes,Excellent,Medium,4.63,77.64,Critical,66.0,58
EDU01709,Rahul Das,Female,24,AIDS,6,88.7,3.0,6.1,3,8,71.7,70.9,70.5,74.9,70.8,6.21,5.71,2,52,40,0.4,0.7,88,99,No,Yes,Diploma,Upper-Middle,Yes,Poor,Medium,7.1,81.08,High,86.1,39
EDU01710,Harish Verma,Male,22,EEE,6,81.8,4.8,6.6,10,6,89.5,81.6,90.3,91.3,88.2,8.33,8.78,0,75,2,3.1,0.6,61,84,Yes,Yes,UG,Middle,Yes,Good,Low,8.71,72.12,Moderate,89.6,80
EDU01711,Meera Patel,Female,23,CIVIL,1,89.6,5.7,6.5,9,5,92.5,94.1,96.1,94.7,91.3,9.7,9.93,0,39,2,4.0,2.5,50,51,Yes,Yes,Diploma,Upper-Middle,Yes,Poor,Low,9.42,63.64,Low,91.5,88
EDU01712,Aditya Nair,Male,19,ECE,3,80.7,3.8,8.2,2,7,86.4,77.6,81.1,76.8,73.8,8.6,8.92,0,49,18,1.3,0.6,70,46,No,Yes,UG,Upper-Middle,Yes,Excellent,Medium,8.17,70.08,Low,81.6,92
EDU01713,Pooja Gupta,Female,17,CSE,2,87.4,4.2,7.7,2,6,80.7,72.4,78.6,76.9,77.0,8.45,8.41,1,30,13,1.0,1.2,87,76,Yes,Yes,UG,High,Yes,Excellent,Low,7.72,75.76,Moderate,99.4,72
EDU01714,Rahul Patel,Male,22,EEE,6,93.2,2.7,6.6,9,10,75.1,69.1,73.4,65.5,63.2,6.77,6.74,1,193,37,1.2,1.9,88,79,No,Yes,School,Upper-Middle,Yes,Excellent,High,7.25,111.08,High,100.0,77
EDU01715,Pooja Nair,Female,23,ECE,2,64.9,6.0,8.5,2,7,92.4,95.5,90.1,85.9,90.8,9.21,9.44,0,29,9,1.4,1.1,47,71,No,Yes,PG,Middle,Yes,Average,Medium,9.27,50.56,Low,70.6,72
EDU01716,Karthik Patel,Male,24,AI&DS,3,75.0,3.5,7.9,10,9,72.9,73.1,72.3,78.5,81.5,7.86,8.28,0,74,4,0.4,0.5,44,43,No,Yes,School,Upper-Middle,No,Good,Medium,7.28,62.4,Moderate,66.3,91
EDU01717,Karthik Das,Female,22,EEE,4,84.8,1.4,6.2,8,10,57.4,64.4,62.5,56.8,56.8,6.08,6.19,2,159,37,3.8,1.6,79,68,Yes,Yes,PhD,Upper-Middle,Yes,Good,Low,6.14,97.32,High,80.0,31
EDU01718,Karthik Sharma,Female,21,MECH,3,83.2,4.7,5.6,9,9,80.7,86.2,88.1,80.2,84.6,8.83,8.94,0,194,17,0.2,1.7,95,86,Yes,Yes,UG,Low,Yes,Poor,Medium,8.5,110.08,Low,85.4,96
EDU01719,Vihaan Verma,Female,17,CSE,4,97.0,4.4,6.7,5,5,97.5,91.4,92.0,98.2,95.8,9.02,9.02,0,101,17,3.4,2.1,87,95,Yes,Yes,Diploma,High,Yes,Good,Low,9.36,93.8,Low,90.0,95
EDU01720,Nithin Kumar,Male,24,EEE,5,79.2,1.7,7.4,10,9,62.2,64.1,64.4,63.6,70.8,7.43,7.48,0,24,36,0.5,1.9,46,50,Yes,Yes,PG,High,Yes,Good,Low,6.36,54.88,Moderate,76.9,100
EDU01721,Pooja Kumar,Female,17,IT,1,70.3,4.0,7.9,10,3,74.0,65.6,73.1,76.1,80.4,6.46,6.34,1,80,7,2.2,0.4,94,62,Yes,Yes,PhD,High,Yes,Excellent,Low,7.09,81.72,High,62.9,73
EDU01722,Harish Patel,Female,24,MECH,8,72.6,1.9,6.3,8,4,60.3,67.7,60.1,55.8,54.2,5.02,5.54,2,106,24,2.9,2.4,57,68,No,Yes,School,Middle,Yes,Poor,Low,6.27,73.04,Critical,76.0,46
EDU01723,Diya Sharma,Female,20,EEE,5,89.3,1.8,6.4,7,6,62.8,60.1,64.8,57.3,55.4,7.41,7.95,1,165,7,1.2,1.1,64,80,No,Yes,PG,High,Yes,Poor,Low,6.26,94.32,Moderate,78.5,74
EDU01724,Priya Singh,Female,20,MECH,2,86.4,4.7,6.1,3,5,89.2,85.7,84.6,90.7,96.0,9.12,9.18,0,102,11,4.1,1.8,88,79,Yes,Yes,PhD,High,Yes,Excellent,Medium,8.65,90.16,Low,95.4,76
EDU01725,Ananya Verma,Male,20,MECH,3,75.2,1.6,7.1,1,9,56.0,61.4,63.0,70.1,76.2,5.45,5.26,2,98,16,4.9,1.5,40,96,No,Yes,School,Low,Yes,Average,Low,6.01,65.68,High,83.1,54
EDU01726,Meera Kumar,Male,21,CSE,5,100.0,1.5,5.1,6,5,67.7,64.8,65.2,70.3,71.5,6.12,6.13,1,206,4,0.9,2.6,100,100,No,Yes,UG,Middle,Yes,Excellent,Medium,6.59,121.2,High,98.1,61
EDU01727,Sneha Gupta,Female,24,EEE,7,73.6,3.4,8.0,3,9,68.2,60.1,60.0,55.7,54.0,5.98,6.33,2,204,35,4.7,2.4,93,68,Yes,Yes,PG,High,Yes,Excellent,Low,6.28,107.44,High,79.6,68
EDU01728,Harish Das,Female,18,MECH,2,76.2,2.5,6.6,7,4,73.9,68.6,74.2,74.9,78.6,7.07,7.33,0,27,26,2.6,0.6,50,72,No,Yes,PG,Low,Yes,Poor,Low,7.22,55.88,Moderate,80.4,51
EDU01729,Nisha Nair,Female,18,MECH,3,79.0,4.1,5.7,6,10,81.6,83.6,86.5,85.3,80.5,7.76,8.03,0,93,30,3.7,2.5,88,87,Yes,No,School,Middle,Yes,Average,Low,8.39,85.4,Low,72.2,86
EDU01730,Sai Patel,Female,22,CSE,3,81.5,4.0,5.5,1,10,76.0,80.5,81.1,77.0,83.0,7.41,7.16,1,178,22,0.3,2.1,55,80,No,Yes,PG,Middle,Yes,Excellent,High,7.92,90.2,Moderate,81.4,81
EDU01731,Rahul Gupta,Female,23,AIDS,3,87.5,2.2,5.0,9,7,67.7,60.0,67.3,65.8,62.4,6.24,6.03,2,116,21,2.3,0.6,97,65,Yes,Yes,PG,Low,Yes,Good,High,6.5,97.0,Critical,92.9,59
EDU01732,Riya Sharma,Female,19,AI&DS,3,94.2,5.2,6.8,2,6,89.1,97.0,90.8,97.6,95.9,8.32,8.14,0,168,35,0.6,3.0,84,80,No,Yes,Diploma,Middle,Yes,Good,Low,9.23,104.88,Low,100.0,85
EDU01733,Aishwarya Singh,Female,17,EEE,5,88.1,2.2,8.1,8,4,70.8,62.8,71.4,65.7,68.5,8.09,8.3,0,220,26,0.4,1.1,53,83,No,Yes,UG,Low,Yes,Good,Low,6.83,100.44,Moderate,80.1,68
EDU01734,Keerthi Patel,Male,20,CSE,4,70.1,3.5,8.4,6,10,75.2,77.9,71.9,71.5,80.4,6.54,6.98,1,173,17,0.6,1.0,63,99,Yes,Yes,School,High,Yes,Good,Medium,7.5,87.84,Moderate,82.2,58
EDU01735,Sneha Sharma,Male,23,EEE,5,83.6,4.6,6.4,9,7,82.3,78.0,81.3,86.0,82.5,7.25,6.95,2,186,6,4.7,1.6,94,99,No,Yes,School,Upper-Middle,Yes,Poor,Low,8.05,108.24,Critical,86.9,81
EDU01736,Vihaan Sharma,Female,23,AI&DS,3,77.5,2.0,7.6,4,8,65.4,62.7,63.0,57.6,61.5,5.49,5.29,2,157,7,4.2,2.1,61,67,Yes,Yes,PG,High,Yes,Excellent,Low,6.37,86.8,High,81.0,40
EDU01737,Sai Gupta,Male,23,IT,8,90.3,3.6,7.2,9,7,84.7,84.4,80.4,73.6,77.8,8.73,8.81,0,98,31,3.3,1.3,42,62,Yes,No,UG,High,Yes,Poor,High,8.32,72.52,Low,81.2,100
EDU01738,Pooja Kumar,Male,19,CSE,4,73.3,1.6,5.3,5,5,55.5,47.6,47.5,51.3,57.4,4.5,4.84,3,117,36,2.3,1.9,58,49,No,Yes,Diploma,Upper-Middle,No,Poor,Low,5.02,75.92,Critical,74.7,33
EDU01739,Arjun Das,Female,23,ECE,4,78.8,2.4,5.0,5,4,61.0,57.7,56.5,55.6,56.4,5.43,5.45,3,199,6,1.9,2.2,75,86,No,Yes,UG,Middle,Yes,Excellent,Low,5.84,101.32,Critical,98.2,60
EDU01740,Sneha Singh,Male,18,CIVIL,7,79.1,4.0,5.8,5,7,86.0,93.0,88.2,82.5,91.4,8.82,8.83,0,41,14,3.9,1.2,52,81,No,Yes,PhD,Low,Yes,Poor,High,8.91,60.64,Low,84.9,79
EDU01741,Nithin Das,Female,18,AIDS,3,85.1,5.3,5.2,10,3,97.7,98.1,100.0,100.0,98.6,9.88,9.49,0,159,23,3.9,1.7,93,62,No,Yes,School,Upper-Middle,Yes,Poor,Medium,9.86,103.04,Moderate,79.0,81
EDU01742,Aishwarya Sharma,Male,23,MECH,7,83.3,5.8,6.3,5,4,99.1,100.0,98.4,97.7,97.7,10.0,10.0,0,41,7,0.7,2.8,41,46,Yes,Yes,PhD,Middle,Yes,Excellent,Medium,9.92,57.92,Low,85.2,92
EDU01743,Nisha Reddy,Female,19,MECH,6,97.5,1.7,6.6,2,8,75.2,67.4,68.2,74.1,78.2,7.08,7.29,1,32,33,2.1,1.5,83,88,Yes,Yes,UG,Middle,Yes,Average,Low,7.03,78.6,Moderate,100.0,81
EDU01744,Nisha Das,Female,22,ECE,3,84.8,5.1,5.4,1,4,94.6,98.7,97.5,98.5,96.8,9.88,9.69,0,32,15,2.4,2.4,66,62,No,Yes,PhD,Low,Yes,Good,Low,9.69,66.72,Low,80.5,60
EDU01745,Ananya Nair,Female,17,IT,6,71.5,3.3,6.7,10,3,65.7,57.2,63.8,64.8,63.9,5.77,5.94,2,219,38,3.8,2.7,73,88,Yes,Yes,PG,Upper-Middle,Yes,Average,Medium,6.22,101.6,Critical,64.1,47
EDU01746,Sai Nair,Female,18,CIVIL,4,73.2,2.9,6.6,8,4,68.0,63.2,63.8,65.4,71.1,6.74,7.02,1,66,24,3.1,1.1,57,85,No,Yes,PhD,Low,Yes,Poor,High,6.5,65.28,High,73.8,71
EDU01747,Sai Singh,Female,19,AIDS,8,77.2,1.2,5.1,9,10,54.2,59.3,54.7,59.9,56.1,5.96,6.34,2,204,34,2.7,2.5,64,68,No,Yes,School,Middle,No,Poor,High,5.61,97.28,Critical,71.0,76
EDU01748,Karthik Verma,Female,17,AIDS,5,89.7,5.2,5.3,3,3,88.5,91.5,91.2,93.7,96.8,8.74,8.85,0,211,11,2.7,2.3,44,99,No,No,PG,Middle,Yes,Excellent,High,9.04,95.68,Low,86.9,78
EDU01749,Keerthi Patel,Female,24,IT,4,96.1,3.1,5.6,4,6,73.2,75.7,77.2,74.2,79.0,7.29,7.78,0,36,2,4.3,1.8,58,78,No,Yes,School,High,Yes,Average,Low,7.54,68.84,Low,100.0,68
EDU01750,Meera Das,Male,18,EEE,7,86.3,3.2,5.2,1,8,71.2,65.7,65.6,71.0,72.1,7.5,7.35,1,121,8,0.3,2.9,86,80,Yes,Yes,School,Upper-Middle,Yes,Good,Medium,6.75,93.12,Moderate,82.9,76
EDU01751,Aarav Kumar,Male,21,EEE,5,100.0,1.4,6.5,7,6,72.1,64.0,68.0,66.9,73.9,7.61,7.32,0,49,28,1.6,1.7,92,98,Yes,Yes,School,Upper-Middle,Yes,Excellent,Low,6.8,86.6,Moderate,100.0,66
EDU01752,Aditya Patel,Female,23,AI&DS,8,87.6,1.9,7.4,4,5,73.0,76.0,79.3,74.4,81.0,7.38,7.39,0,113,26,2.5,1.8,57,99,No,Yes,PhD,Upper-Middle,Yes,Average,Medium,7.61,80.44,Low,78.8,82
EDU01753,Aditya Singh,Female,19,CIVIL,1,73.5,5.4,6.5,8,7,86.4,80.9,84.1,82.4,81.9,7.59,7.86,0,90,8,2.2,0.7,64,74,Yes,Yes,PhD,Upper-Middle,Yes,Excellent,Medium,8.38,73.0,Moderate,66.3,68
EDU01754,Sai Reddy,Female,20,MECH,2,85.5,1.4,6.6,9,9,58.3,48.4,49.0,45.6,54.1,5.23,5.22,3,124,12,2.9,2.0,44,41,Yes,No,PhD,High,Yes,Excellent,Medium,5.19,76.6,Critical,81.0,61
EDU01755,Nisha Nair,Male,23,CIVIL,8,74.5,4.3,7.7,3,3,82.9,75.8,79.1,86.6,87.7,7.2,6.78,1,87,26,1.7,1.6,65,94,No,Yes,UG,Middle,Yes,Average,Low,7.93,73.2,High,79.0,67
EDU01756,Harish Sharma,Male,19,AIDS,1,95.6,3.7,7.9,7,9,82.3,88.4,86.7,85.7,86.8,7.78,8.15,0,23,22,2.8,1.8,69,42,Yes,Yes,UG,Upper-Middle,Yes,Average,Medium,8.58,70.44,Low,100.0,92
EDU01757,Harish Sharma,Male,21,CIVIL,6,79.5,2.7,7.4,10,8,76.9,67.5,69.2,66.3,67.0,6.4,5.91,2,60,29,3.6,0.2,81,45,Yes,No,School,Upper-Middle,No,Poor,Low,7.12,76.2,Critical,97.0,58
EDU01758,Pooja Singh,Female,22,MECH,6,69.4,3.2,6.7,5,6,64.1,68.9,70.3,63.4,60.3,7.35,7.95,1,182,15,2.1,1.7,86,56,Yes,Yes,PhD,Low,Yes,Good,Medium,6.78,98.56,Moderate,65.3,69
EDU01759,Riya Verma,Female,20,IT,8,85.0,5.5,6.8,6,9,97.0,96.6,98.1,94.3,93.8,10.0,10.0,0,109,36,2.7,1.8,41,78,Yes,Yes,School,Upper-Middle,Yes,Average,Low,9.72,72.2,Low,82.0,89
EDU01760,Keerthi Reddy,Female,21,CIVIL,6,85.7,3.5,6.9,10,10,74.2,77.4,78.4,76.6,86.0,7.33,6.99,2,195,17,4.0,2.1,42,77,Yes,Yes,PhD,Middle,No,Poor,High,7.67,90.08,High,85.4,56
EDU01761,Sneha Sharma,Male,19,IT,1,96.4,1.9,7.6,6,4,71.2,77.8,73.3,69.8,69.7,8.01,8.3,1,104,10,5.0,1.5,40,89,No,Yes,UG,Low,No,Poor,Low,7.41,75.36,Moderate,87.9,88
EDU01762,Karthik Reddy,Male,23,AI&DS,8,80.9,2.2,7.7,8,7,62.6,62.9,67.3,73.4,73.0,6.27,6.47,1,218,3,4.1,3.0,48,53,Yes,Yes,UG,Upper-Middle,Yes,Excellent,High,6.43,95.16,High,81.9,53
EDU01763,Keerthi Gupta,Male,17,MECH,6,83.0,3.7,5.3,7,7,81.1,79.3,76.6,71.9,80.6,8.02,8.49,0,111,23,4.7,1.5,73,52,Yes,Yes,School,High,Yes,Poor,Medium,7.9,84.6,Low,70.9,85
EDU01764,Aditya Reddy,Female,24,AI&DS,7,68.5,3.3,5.2,8,5,74.8,77.4,80.1,85.2,84.7,8.66,8.68,0,187,38,4.8,0.2,54,93,Yes,Yes,PG,High,Yes,Poor,High,7.74,86.4,Moderate,60.8,61
EDU01765,Vihaan Reddy,Female,19,CIVIL,5,74.7,2.6,7.5,7,6,65.8,68.6,67.3,70.6,77.7,7.33,6.85,1,162,22,2.5,1.4,64,52,Yes,Yes,PG,Upper-Middle,Yes,Average,Medium,6.72,87.88,High,78.4,72
EDU01766,Arjun Das,Male,23,EEE,3,78.5,1.6,5.0,4,10,65.3,56.6,61.1,66.6,62.1,5.61,6.18,2,218,40,1.5,2.9,42,64,No,Yes,PhD,Low,Yes,Excellent,High,6.1,91.8,High,78.7,69
EDU01767,Nithin Patel,Male,22,CIVIL,3,85.6,1.9,6.2,1,5,60.5,51.7,56.2,48.3,45.0,4.63,4.72,2,65,8,4.9,1.1,48,87,Yes,No,PhD,Middle,No,Good,Medium,5.61,66.44,High,88.8,58
EDU01768,Vihaan Verma,Male,21,CIVIL,7,83.8,1.4,6.6,1,4,58.2,50.7,51.3,56.2,63.6,5.92,6.1,1,216,7,4.5,0.6,42,90,No,Yes,School,High,Yes,Good,Medium,5.34,93.52,Moderate,88.6,74
EDU01769,Keerthi Kumar,Male,24,ECE,2,86.9,3.1,5.8,6,3,82.0,89.7,89.1,96.3,93.2,8.84,9.26,0,35,22,0.8,2.7,98,45,No,Yes,UG,Upper-Middle,Yes,Good,Medium,8.69,80.96,Low,83.1,90
EDU01770,Pooja Nair,Female,24,CIVIL,5,89.0,3.1,8.0,2,7,72.3,71.2,66.8,58.9,67.5,5.71,5.98,2,214,28,1.3,1.3,57,71,Yes,No,PG,Middle,Yes,Average,Low,7.01,101.2,High,88.4,52
EDU01771,Rahul Reddy,Female,20,ECE,8,86.7,3.1,7.7,3,5,72.3,74.4,69.5,65.9,68.0,6.76,6.77,1,131,5,0.2,2.0,42,41,No,Yes,School,High,Yes,Good,Medium,7.21,77.68,Moderate,91.0,60
EDU01772,Riya Patel,Male,20,EEE,2,77.0,2.4,5.4,10,9,73.3,65.2,65.1,62.2,67.7,6.78,7.02,0,186,1,2.5,1.1,89,61,No,Yes,Diploma,Low,Yes,Average,High,6.79,103.6,Moderate,87.8,56
EDU01773,Pooja Reddy,Male,24,AI&DS,5,87.2,2.4,6.4,6,3,71.6,75.2,72.1,79.9,85.0,7.92,8.02,0,65,39,1.1,2.9,87,57,No,Yes,School,High,Yes,Average,Low,7.3,82.68,Moderate,100.0,89
EDU01774,Meera Kumar,Male,17,CIVIL,6,86.1,2.0,5.2,5,10,61.0,60.5,58.1,60.1,63.1,6.57,6.25,2,143,29,1.6,2.5,99,86,Yes,Yes,School,Upper-Middle,Yes,Excellent,High,5.99,102.64,High,85.8,64
EDU01775,Priya Kumar,Female,23,CIVIL,2,77.0,1.4,7.6,9,5,52.2,59.9,55.9,55.9,55.5,5.31,5.7,2,169,31,1.6,3.0,84,64,Yes,Yes,UG,Middle,Yes,Excellent,High,5.6,98.2,Critical,76.5,44
EDU01776,Aditya Verma,Female,18,AIDS,6,80.4,4.2,6.9,4,7,88.3,84.4,89.3,96.7,100.0,9.27,8.96,0,27,26,4.0,2.3,97,88,Yes,Yes,UG,Middle,Yes,Poor,Low,8.73,76.36,Low,75.5,67
EDU01777,Diya Verma,Male,24,MECH,7,70.2,4.1,8.3,5,7,82.3,81.2,80.2,75.9,85.6,8.85,8.61,0,41,38,4.2,2.7,68,86,Yes,Yes,PG,Middle,Yes,Poor,Medium,8.12,63.48,Low,70.7,67
EDU01778,Nisha Patel,Male,18,CSE,7,71.3,4.3,5.3,8,10,81.5,87.4,81.7,74.4,70.2,9.0,9.46,0,131,4,2.5,1.0,88,56,Yes,Yes,PhD,Low,Yes,Good,High,8.35,89.92,Low,64.1,99
EDU01779,Sneha Kumar,Male,17,AI&DS,1,89.6,5.4,5.3,4,3,91.0,96.9,97.2,98.6,97.4,8.74,8.34,0,217,36,0.8,1.1,80,75,Yes,Yes,PG,High,Yes,Good,Medium,9.5,111.24,Low,100.0,72
EDU01780,Sanjay Gupta,Female,21,MECH,7,68.8,1.4,7.6,5,9,55.6,47.6,50.3,53.3,56.5,5.69,5.42,3,104,39,3.8,0.9,96,42,Yes,Yes,PG,Low,No,Average,High,5.12,86.72,Critical,72.7,73
EDU01781,Riya Kumar,Male,20,IT,7,78.3,2.7,5.4,8,9,67.5,68.1,69.0,62.9,68.8,7.05,7.17,0,206,29,4.3,2.0,83,93,No,Yes,PG,Upper-Middle,Yes,Good,High,6.82,105.72,Moderate,86.4,66
EDU01782,Keerthi Iyer,Female,24,MECH,8,81.0,3.5,6.7,9,3,70.0,69.7,65.2,70.2,73.1,5.9,6.2,1,80,14,2.8,0.8,89,58,Yes,Yes,Diploma,High,Yes,Excellent,Medium,6.83,84.0,High,72.5,35
EDU01783,Aishwarya Kumar,Female,20,MECH,5,91.7,5.2,5.0,6,5,100.0,100.0,95.7,91.2,95.8,9.6,9.58,0,163,37,0.8,1.9,73,96,Yes,Yes,Diploma,Upper-Middle,Yes,Excellent,Medium,9.86,98.48,Low,100.0,97
EDU01784,Riya Patel,Male,20,AIDS,1,87.4,3.2,7.6,2,3,76.2,80.8,80.1,73.4,79.5,7.46,7.3,1,40,36,4.1,0.9,94,69,Yes,Yes,UG,High,Yes,Poor,Low,7.9,80.56,Moderate,77.2,79
EDU01785,Aishwarya Reddy,Female,22,CIVIL,4,100.0,2.3,6.5,1,7,77.9,71.9,77.6,85.0,82.7,6.78,6.95,1,163,31,0.3,2.7,55,49,Yes,Yes,PG,High,Yes,Poor,Low,7.58,94.6,Moderate,100.0,48
EDU01786,Riya Sharma,Female,18,AIDS,2,96.2,1.0,7.8,10,5,67.0,74.2,73.7,80.3,88.3,7.47,7.71,0,58,11,0.4,0.3,75,77,No,No,School,Middle,Yes,Excellent,Low,7.16,80.08,Moderate,88.9,80
EDU01787,Arjun Gupta,Male,21,CSE,8,61.9,5.5,5.9,2,7,82.3,84.4,86.4,81.3,80.0,8.05,8.63,0,113,37,0.4,2.4,88,59,Yes,Yes,PG,High,Yes,Poor,High,8.44,82.56,Low,69.2,68
EDU01788,Karthik Nair,Male,20,CIVIL,5,95.2,3.5,6.2,1,10,89.9,93.2,89.8,96.2,96.0,9.28,8.85,0,165,5,2.1,0.7,56,69,Yes,Yes,PG,High,Yes,Excellent,High,9.1,93.48,Low,95.1,92
EDU01789,Aditya Patel,Female,18,EEE,6,80.0,1.7,8.3,5,9,64.9,67.2,64.5,56.9,52.2,5.98,6.54,2,213,4,4.2,0.8,100,96,No,Yes,PhD,Middle,No,Good,High,6.55,114.6,High,84.0,53
EDU01790,Priya Iyer,Male,20,IT,8,95.1,1.4,5.1,10,4,72.0,72.3,76.7,83.2,82.4,8.18,8.74,0,87,30,3.6,2.2,75,46,Yes,Yes,UG,Low,No,Poor,Medium,7.37,85.44,Moderate,90.9,89
EDU01791,Karthik Patel,Male,20,CIVIL,3,71.3,2.6,8.5,3,9,59.7,50.0,58.5,60.2,65.8,6.81,7.13,0,150,13,0.0,0.1,51,95,Yes,Yes,School,Middle,No,Average,Medium,5.61,78.92,Low,57.9,42
EDU01792,Diya Sharma,Female,24,CSE,8,94.7,3.3,5.4,10,9,74.1,70.9,68.4,68.0,72.2,7.67,7.33,0,200,20,2.8,0.7,53,63,Yes,Yes,UG,Middle,Yes,Excellent,Low,7.11,99.08,Moderate,100.0,77
EDU01793,Pooja Gupta,Male,21,MECH,1,96.1,4.9,7.5,1,7,97.4,100.0,100.0,100.0,100.0,10.0,9.69,0,157,8,1.5,1.2,50,92,Yes,Yes,PG,Middle,No,Excellent,Low,9.91,89.84,Low,97.7,70
EDU01794,Karthik Verma,Female,21,AIDS,4,92.8,1.7,7.5,4,5,74.7,78.2,80.0,75.2,85.0,8.11,7.85,1,211,5,0.8,0.8,58,61,Yes,Yes,PG,Upper-Middle,Yes,Good,High,7.76,102.52,Moderate,86.6,81
EDU01795,Aarav Singh,Female,24,EEE,2,90.1,3.2,6.1,5,7,79.9,75.9,73.2,76.3,74.0,7.02,6.71,1,181,8,1.3,2.5,82,74,Yes,Yes,UG,Low,No,Good,Medium,7.63,105.04,Moderate,99.9,39
EDU01796,Aarav Verma,Female,24,MECH,5,86.3,3.5,7.5,2,8,81.9,89.4,84.9,79.7,86.6,7.49,7.77,0,67,1,1.5,2.0,68,68,Yes,Yes,UG,High,Yes,Good,High,8.54,75.12,Low,97.3,59
EDU01797,Nithin Das,Male,23,CSE,6,77.4,1.9,6.8,4,3,57.0,64.1,65.4,71.1,73.7,5.58,5.6,4,21,38,2.5,2.7,50,42,Yes,Yes,School,Low,No,Good,Low,6.22,55.16,Critical,75.5,48
EDU01798,Karthik Iyer,Female,24,CSE,4,91.4,1.2,5.5,10,5,64.5,55.2,55.0,52.0,47.3,6.09,6.6,1,142,38,2.8,2.4,94,63,No,Yes,PhD,Middle,Yes,Good,Low,5.82,102.56,High,97.5,71
EDU01799,Rahul Nair,Male,20,IT,3,81.0,2.5,6.9,8,10,68.7,67.1,67.8,72.4,68.1,6.54,6.4,1,117,0,2.5,2.7,75,90,No,Yes,Diploma,Low,Yes,Good,Low,6.79,85.8,High,80.1,61
EDU01800,Diya Sharma,Male,19,CIVIL,7,80.8,5.8,5.1,10,10,100.0,100.0,97.8,91.6,98.3,9.0,9.59,0,35,15,2.0,2.5,72,86,No,Yes,Diploma,Upper-Middle,No,Poor,Low,9.93,68.12,Low,81.8,94
EDU01801,Sai Iyer,Female,21,ECE,5,67.8,4.8,7.4,10,10,83.3,90.0,84.8,91.8,96.7,7.85,8.25,1,196,21,3.4,2.8,78,88,No,Yes,School,Upper-Middle,Yes,Excellent,Low,8.6,97.52,High,72.3,76
EDU01802,Vihaan Gupta,Male,18,AI&DS,4,78.3,2.8,5.8,4,8,72.0,77.9,79.3,74.2,73.2,8.85,9.18,0,42,23,1.6,2.9,99,74,No,Yes,School,Upper-Middle,Yes,Excellent,Low,7.64,79.32,Low,73.4,90
EDU01803,Priya Sharma,Male,22,EEE,3,71.7,5.3,8.5,2,8,93.1,89.9,93.8,92.0,97.1,9.05,9.07,0,79,25,3.3,1.3,75,47,No,Yes,Diploma,High,Yes,Poor,High,9.23,74.48,Low,70.2,89
EDU01804,Aarav Sharma,Male,18,CSE,1,73.3,5.5,5.9,3,5,86.1,89.2,84.2,81.8,80.8,9.26,9.67,0,100,5,3.3,1.8,82,72,Yes,Yes,PG,Upper-Middle,Yes,Poor,Medium,8.65,82.12,Low,69.1,90
EDU01805,Riya Sharma,Female,21,ECE,7,80.3,3.9,8.2,1,6,76.2,67.0,68.6,76.2,75.5,6.41,6.49,2,37,2,4.8,1.2,60,65,Yes,Yes,Diploma,Middle,Yes,Poor,Medium,7.06,63.52,High,80.1,77
EDU01806,Meera Das,Male,23,CIVIL,5,95.5,1.1,8.2,4,3,63.5,71.4,68.1,69.3,64.7,7.7,7.51,1,49,3,1.9,0.3,76,46,No,Yes,UG,Low,Yes,Good,High,6.77,78.4,Moderate,100.0,53
EDU01807,Rahul Kumar,Female,22,ECE,8,78.5,2.4,6.0,6,6,65.0,57.8,60.7,64.4,64.4,6.84,7.4,0,138,32,0.5,0.4,66,73,Yes,No,PhD,High,Yes,Average,Low,6.12,85.4,Moderate,83.1,70
EDU01808,Arjun Das,Female,17,ECE,1,79.7,3.5,7.7,2,10,79.9,85.6,87.4,82.2,82.2,8.8,8.43,1,209,39,3.3,0.5,68,69,No,Yes,UG,Low,Yes,Poor,Medium,8.43,100.88,Moderate,80.4,63
EDU01809,Sneha Singh,Female,19,EEE,7,81.6,3.3,7.7,1,3,70.2,60.6,66.5,72.6,72.3,5.83,5.7,3,109,34,1.5,3.0,76,82,No,Yes,PG,Low,Yes,Poor,Low,6.58,84.84,Critical,77.0,65
EDU01810,Nithin Kumar,Male,22,EEE,5,96.7,2.6,7.0,3,8,71.5,77.5,73.0,73.8,81.2,7.21,7.56,1,75,37,4.9,2.4,83,43,No,Yes,PG,High,Yes,Good,High,7.4,86.88,Moderate,95.8,49
EDU01811,Sai Singh,Female,19,AI&DS,4,72.1,1.5,8.4,6,10,55.5,47.3,54.2,47.3,57.3,4.97,5.3,3,132,35,1.2,0.7,42,83,No,Yes,School,Low,No,Average,Low,5.23,72.04,Critical,83.2,32
EDU01812,Aishwarya Sharma,Female,23,IT,4,75.8,5.3,7.1,4,8,84.2,84.6,80.2,88.2,97.6,7.37,7.33,0,149,4,4.2,0.6,90,67,Yes,Yes,UG,Middle,Yes,Poor,Low,8.3,96.12,Low,82.6,60
EDU01813,Pooja Reddy,Male,20,IT,1,76.5,1.3,6.1,4,3,60.7,60.2,58.5,63.0,59.4,6.7,7.29,0,76,14,0.6,0.2,65,58,Yes,Yes,PG,Middle,Yes,Excellent,Medium,5.98,71.8,Moderate,73.5,67
EDU01814,Karthik Sharma,Female,20,ECE,7,100.0,2.4,5.5,6,5,81.5,73.8,78.5,74.6,83.9,7.78,7.35,0,69,39,1.0,0.1,48,50,Yes,Yes,PhD,Low,Yes,Poor,Low,7.79,73.0,Moderate,86.9,74
EDU01815,Sneha Reddy,Male,22,MECH,8,97.8,2.3,7.8,2,5,68.9,75.0,72.4,79.8,85.2,6.82,7.26,0,140,36,3.6,1.8,59,57,No,Yes,PG,High,Yes,Excellent,Low,7.21,90.72,Low,90.3,46
EDU01816,Diya Patel,Female,24,CSE,2,76.6,3.4,7.6,1,6,71.2,72.6,76.6,79.7,76.5,8.62,8.61,0,117,22,4.9,2.4,86,100,Yes,Yes,School,Low,Yes,Average,Medium,7.35,88.44,Low,82.6,70
EDU01817,Rahul Reddy,Male,24,CSE,7,80.3,6.0,6.1,4,6,99.5,91.0,98.4,100.0,100.0,10.0,10.0,0,36,4,1.6,2.9,79,50,No,Yes,School,Middle,Yes,Excellent,Medium,9.63,70.92,Low,73.7,86
EDU01818,Keerthi Singh,Male,17,CSE,2,62.5,3.5,7.7,4,4,61.7,69.0,69.0,61.5,66.7,6.42,5.96,3,67,2,1.6,1.0,64,97,No,Yes,PG,Upper-Middle,Yes,Poor,Low,6.66,64.0,Critical,62.5,57
EDU01819,Pooja Das,Female,20,AIDS,3,92.0,1.7,7.7,9,6,71.1,79.0,73.5,68.9,68.5,7.41,7.51,0,145,26,3.0,2.2,67,62,No,Yes,PG,Upper-Middle,Yes,Average,High,7.45,92.6,Moderate,90.9,46
EDU01820,Diya Das,Male,18,EEE,7,62.7,2.2,5.3,5,8,61.1,64.4,60.4,63.7,73.3,6.77,7.31,0,28,32,1.3,2.4,74,83,Yes,Yes,Diploma,Middle,Yes,Good,High,6.2,60.28,Moderate,60.3,69
EDU01821,Nithin Das,Female,21,AIDS,5,79.2,3.7,6.8,7,7,80.7,85.5,84.4,83.8,88.1,8.61,8.39,0,203,3,2.4,0.7,90,77,Yes,Yes,PhD,Middle,Yes,Excellent,Medium,8.35,108.28,Moderate,84.0,86
EDU01822,Priya Sharma,Male,20,MECH,6,90.5,2.3,7.6,3,8,75.0,69.0,75.4,74.5,82.1,6.56,6.51,1,132,40,4.3,0.7,100,79,No,Yes,Diploma,Middle,Yes,Excellent,High,7.31,102.6,Moderate,86.6,42
EDU01823,Priya Reddy,Male,24,MECH,4,76.4,3.8,7.9,2,6,83.8,81.6,78.5,83.9,82.1,8.69,8.54,0,133,15,3.1,0.9,80,100,No,Yes,UG,Low,Yes,Poor,Medium,8.13,89.16,Low,76.9,89
EDU01824,Aditya Sharma,Female,23,IT,8,80.2,5.8,6.2,7,5,88.6,79.8,86.3,84.6,82.0,8.55,8.84,0,99,14,4.1,2.5,97,59,No,Yes,PG,Upper-Middle,Yes,Good,High,8.49,90.68,Low,78.2,82
EDU01825,Riya Gupta,Female,20,AI&DS,2,73.5,2.5,6.3,4,6,62.3,55.9,55.0,57.5,54.6,6.32,6.89,2,185,32,1.5,0.3,45,48,Yes,Yes,PhD,Middle,Yes,Average,Low,5.77,84.4,High,91.2,65
EDU01826,Nisha Reddy,Male,19,AI&DS,3,79.6,4.6,8.2,2,10,84.0,75.5,80.7,73.4,80.4,8.7,8.64,0,155,12,3.5,0.5,50,64,No,Yes,School,Low,Yes,Excellent,Medium,8.01,82.84,Low,67.2,85
EDU01827,Sanjay Iyer,Female,23,IT,6,81.3,4.3,7.1,10,3,79.2,81.2,77.1,71.0,71.1,7.21,7.81,0,206,16,1.9,1.7,69,43,No,Yes,UG,High,Yes,Good,Low,7.92,101.32,Moderate,78.1,54
EDU01828,Karthik Sharma,Female,19,IT,2,76.5,1.4,7.5,6,10,53.3,45.3,47.8,44.9,45.0,4.5,4.89,4,208,35,4.2,2.6,62,60,Yes,Yes,PhD,Upper-Middle,Yes,Poor,Medium,4.88,97.0,Critical,82.7,25
EDU01829,Sneha Patel,Female,17,AIDS,3,94.8,1.7,7.0,5,6,73.2,66.3,71.1,72.0,77.7,6.92,6.85,2,155,0,0.5,1.2,83,61,Yes,Yes,UG,Upper-Middle,Yes,Poor,Medium,7.02,102.12,High,100.0,56
EDU01830,Rahul Patel,Female,18,EEE,2,78.8,3.2,7.8,4,10,66.3,62.8,64.5,60.7,57.8,5.51,5.97,4,183,22,0.3,1.9,58,91,Yes,Yes,PG,Middle,No,Excellent,Medium,6.45,91.32,Critical,54.7,56
EDU01831,Pooja Verma,Male,17,EEE,6,80.9,3.9,8.3,10,3,75.2,68.4,72.4,71.6,70.8,6.33,5.95,3,147,6,1.3,2.0,95,88,No,Yes,PhD,Upper-Middle,Yes,Good,High,7.2,99.76,Critical,79.4,56
EDU01832,Priya Das,Male,19,CSE,4,62.0,3.3,7.7,1,4,65.3,63.9,66.3,63.2,65.4,6.44,6.2,1,219,39,3.5,2.8,59,70,Yes,Yes,UG,Middle,Yes,Good,Low,6.52,92.2,High,47.0,38
EDU01833,Aishwarya Nair,Female,24,EEE,2,96.2,3.2,5.8,8,7,85.3,85.4,83.8,82.5,87.8,7.58,7.41,0,37,7,0.5,1.2,73,63,No,Yes,Diploma,Upper-Middle,Yes,Excellent,Low,8.48,75.08,Moderate,100.0,75
EDU01834,Keerthi Verma,Female,21,AIDS,3,73.9,2.6,7.2,5,6,61.7,68.1,61.1,54.4,51.9,6.96,7.49,1,71,7,3.9,1.7,89,44,No,No,School,Low,Yes,Poor,Low,6.36,79.36,Moderate,76.7,77
EDU01835,Aishwarya Singh,Female,21,CSE,6,86.9,4.4,7.0,2,7,86.8,91.5,84.8,80.9,88.0,8.56,8.35,0,211,0,2.5,0.1,71,42,Yes,Yes,UG,High,Yes,Average,Medium,8.77,105.36,Low,95.9,91
EDU01836,Harish Reddy,Female,21,IT,5,77.8,4.4,5.2,3,9,84.6,90.7,85.8,90.5,89.9,8.39,8.56,0,53,0,2.4,2.1,76,69,Yes,Yes,Diploma,Low,Yes,Excellent,Low,8.7,72.12,Low,84.2,75
EDU01837,Sneha Nair,Male,20,EEE,5,69.6,2.8,7.0,6,3,68.5,64.1,70.8,74.3,74.1,7.48,7.63,0,55,35,1.5,0.0,99,49,No,Yes,PG,Middle,Yes,Good,High,6.78,78.44,Moderate,68.1,67
EDU01838,Harish Sharma,Female,24,AI&DS,5,78.1,2.4,6.1,6,6,72.8,69.4,67.8,74.1,69.4,7.3,6.82,2,217,8,1.2,1.6,40,83,Yes,No,Diploma,High,Yes,Poor,Medium,7.0,90.64,High,65.2,80
EDU01839,Meera Verma,Male,21,CIVIL,6,96.6,4.2,5.7,10,5,83.9,82.6,79.3,81.3,79.4,8.83,9.23,0,75,11,3.6,0.4,50,71,Yes,Yes,UG,Middle,Yes,Poor,Medium,8.19,73.64,Low,100.0,89
EDU01840,Vihaan Verma,Male,18,EEE,5,100.0,3.7,7.3,3,6,89.9,94.5,89.0,96.0,95.5,9.41,10.0,0,50,38,2.9,1.3,42,72,Yes,Yes,PG,Middle,Yes,Poor,Low,9.11,66.8,Low,91.7,97
EDU01841,Sanjay Gupta,Female,19,CSE,5,76.5,2.7,6.3,5,7,61.4,68.5,62.6,62.9,67.1,6.62,6.8,1,87,16,0.8,0.5,61,79,No,Yes,Diploma,High,Yes,Good,High,6.42,72.4,Moderate,59.6,51
EDU01842,Vihaan Verma,Male,24,EEE,4,83.9,1.7,5.2,1,9,66.2,59.2,65.5,61.4,66.0,6.46,6.23,1,211,24,2.4,1.1,72,62,No,Yes,School,Upper-Middle,Yes,Average,Low,6.36,104.56,Moderate,99.2,75
EDU01843,Sanjay Iyer,Male,20,AIDS,1,82.7,1.9,6.9,10,7,64.0,58.8,63.2,62.5,68.9,7.22,6.91,2,154,7,0.8,2.0,42,69,No,Yes,PhD,Low,No,Good,Low,6.2,80.68,Critical,99.4,70
EDU01844,Rahul Singh,Male,24,MECH,7,78.7,1.6,6.6,4,10,55.5,62.1,62.3,65.4,74.5,5.36,5.35,4,104,21,3.5,1.4,95,58,No,Yes,School,Low,Yes,Excellent,High,6.0,90.28,Critical,57.5,47
EDU01845,Harish Singh,Female,17,AIDS,2,83.7,4.5,6.7,8,3,93.3,83.6,89.2,83.4,88.5,9.38,9.96,0,22,35,1.1,0.9,97,74,No,Yes,School,Upper-Middle,Yes,Poor,Low,8.87,76.68,Low,85.2,100
EDU01846,Riya Patel,Male,20,AI&DS,4,100.0,4.8,5.9,2,6,95.0,99.0,93.5,96.9,97.4,9.74,10.0,0,89,35,4.5,1.9,98,86,Yes,Yes,PhD,High,Yes,Excellent,Low,9.58,97.0,Low,100.0,83
EDU01847,Sai Reddy,Male,24,AI&DS,3,85.2,5.5,5.8,10,9,96.8,97.2,92.3,99.5,100.0,9.35,9.85,0,30,14,2.7,2.6,77,44,No,Yes,PG,Low,Yes,Excellent,High,9.54,70.88,Low,77.7,81
EDU01848,Riya Verma,Female,21,EEE,5,94.7,3.9,5.4,6,4,79.4,81.2,82.0,81.0,90.6,7.85,8.33,0,23,6,5.0,2.2,73,71,Yes,Yes,UG,Middle,Yes,Poor,Low,8.09,71.68,Low,92.0,59
EDU01849,Rahul Gupta,Male,24,MECH,3,84.9,1.6,6.2,3,10,70.0,66.0,65.4,71.2,76.7,5.98,5.55,3,118,14,2.7,1.3,68,88,No,Yes,PG,Middle,Yes,Excellent,Medium,6.71,84.76,Critical,81.2,64
EDU01850,Aditya Das,Female,23,AI&DS,6,66.1,1.9,8.2,7,8,59.5,59.6,63.5,67.5,71.7,6.93,6.69,2,185,34,4.8,2.3,78,72,No,Yes,UG,High,Yes,Average,High,6.09,94.64,Critical,69.8,48
EDU01851,Arjun Gupta,Female,20,CIVIL,1,100.0,2.6,7.6,10,3,84.4,90.9,82.8,75.3,83.0,8.22,7.98,0,152,10,3.7,0.6,80,56,Yes,Yes,PG,Low,Yes,Average,Low,8.6,102.4,Moderate,100.0,52
EDU01852,Ananya Kumar,Male,20,ECE,3,66.5,1.8,8.4,5,7,62.4,65.6,65.9,69.5,68.8,6.16,6.19,1,133,33,4.6,2.1,93,51,No,Yes,PG,High,Yes,Excellent,Medium,6.46,90.4,High,56.3,43
EDU01853,Aarav Nair,Female,23,AIDS,5,84.1,1.6,5.0,7,4,70.2,62.6,63.3,61.3,68.6,5.59,6.16,2,72,1,2.7,1.6,89,71,Yes,Yes,Diploma,Low,Yes,Poor,Low,6.54,83.64,Critical,81.5,36
EDU01854,Priya Patel,Female,18,MECH,7,92.4,3.4,5.1,7,5,76.3,78.5,80.8,74.4,72.4,7.71,7.35,1,93,18,1.1,2.0,91,74,Yes,Yes,PhD,Upper-Middle,Yes,Poor,Low,7.85,91.96,Moderate,99.3,55
EDU01855,Diya Reddy,Male,17,EEE,4,67.5,1.9,7.0,2,5,52.9,52.2,53.7,56.2,57.7,5.97,5.98,2,26,12,4.9,1.5,78,87,No,No,PhD,Middle,Yes,Good,Low,5.29,63.4,High,61.8,65
EDU01856,Karthik Gupta,Female,21,CSE,5,82.0,4.7,5.4,10,9,86.9,83.8,90.3,83.9,83.3,8.68,8.87,0,20,32,3.6,0.8,79,87,No,Yes,PhD,Upper-Middle,Yes,Good,Low,8.7,68.4,Moderate,84.3,68
EDU01857,Diya Nair,Female,22,ECE,5,77.9,1.3,8.1,1,10,57.2,50.5,54.9,54.5,51.6,6.42,6.29,2,188,20,0.2,2.7,61,79,Yes,Yes,School,Middle,Yes,Excellent,Low,5.42,93.16,High,77.7,59
EDU01858,Diya Singh,Female,22,MECH,1,86.7,2.2,5.0,10,8,69.8,71.9,73.7,73.2,74.8,6.85,6.76,2,144,33,1.0,0.0,68,60,Yes,Yes,PhD,Low,Yes,Excellent,Low,7.18,90.68,Critical,81.7,64
EDU01859,Priya Gupta,Female,17,AI&DS,8,74.0,2.0,7.5,3,4,54.5,55.3,52.8,55.5,55.8,4.78,5.03,2,172,5,4.6,1.8,64,61,Yes,Yes,UG,Upper-Middle,Yes,Good,Low,5.42,89.6,Critical,74.4,69
EDU01860,Nithin Das,Male,19,ECE,6,82.0,4.6,5.1,3,5,91.3,95.1,91.8,84.8,89.7,9.73,10.0,0,150,40,2.0,1.2,55,99,Yes,Yes,UG,High,Yes,Excellent,Low,9.27,84.8,Low,73.2,100
EDU01861,Nithin Patel,Female,18,AIDS,6,85.3,4.0,5.3,3,9,89.9,88.2,92.3,89.5,87.5,9.52,9.85,0,84,28,3.4,2.9,46,89,Yes,Yes,School,High,Yes,Good,High,9.01,69.32,Low,85.9,73
EDU01862,Ananya Patel,Female,24,CSE,7,80.4,4.6,6.8,1,9,82.9,89.0,86.4,90.4,93.0,8.53,8.74,0,200,30,1.0,0.5,70,80,No,Yes,UG,Upper-Middle,Yes,Excellent,Medium,8.61,100.16,Low,80.1,88
EDU01863,Meera Gupta,Male,23,AI&DS,6,75.3,4.7,6.9,9,6,89.4,92.3,95.3,91.0,88.5,9.46,9.36,0,41,4,3.6,1.0,63,49,No,Yes,School,Upper-Middle,Yes,Average,Medium,9.23,63.52,Moderate,78.4,87
EDU01864,Priya Das,Male,17,MECH,3,98.4,3.3,7.8,3,3,76.4,78.5,76.4,81.5,82.8,8.16,7.97,1,124,2,2.0,2.1,80,59,Yes,Yes,Diploma,High,Yes,Good,High,7.71,96.16,Moderate,88.3,47
EDU01865,Pooja Patel,Male,20,ECE,2,89.1,2.3,5.9,3,8,77.5,73.2,75.4,82.4,86.9,8.03,8.56,0,120,27,2.2,0.6,71,79,No,Yes,School,Low,No,Poor,Low,7.54,88.04,Low,100.0,67
EDU01866,Sai Verma,Male,17,AI&DS,1,72.4,2.0,5.6,7,9,59.7,66.1,63.5,63.6,66.3,6.16,5.94,4,179,37,4.5,1.2,49,71,No,Yes,UG,Low,Yes,Good,Low,6.31,84.36,Critical,66.8,60
EDU01867,Diya Kumar,Male,19,IT,2,75.8,2.8,5.7,4,10,74.9,65.3,65.8,67.3,75.3,7.07,7.57,0,62,18,0.7,2.3,52,53,Yes,Yes,School,High,Yes,Poor,Medium,6.87,63.52,Low,64.0,62
EDU01868,Aishwarya Singh,Female,23,AI&DS,4,93.7,2.5,7.0,7,7,75.8,75.0,73.6,72.9,79.3,8.2,7.8,0,72,14,0.6,1.0,83,54,No,Yes,PG,Middle,Yes,Excellent,Medium,7.48,85.08,Low,100.0,81
EDU01869,Arjun Kumar,Male,24,MECH,2,77.8,2.5,6.3,9,9,68.7,73.3,75.5,77.3,79.1,8.29,8.0,1,53,28,2.6,0.1,91,73,No,Yes,PG,Middle,Yes,Good,Medium,7.25,78.12,Moderate,77.3,57
EDU01870,Aarav Sharma,Male,18,CSE,5,70.5,5.6,7.1,10,8,83.5,88.1,89.8,91.0,89.5,8.0,8.35,0,113,17,2.8,1.5,61,90,No,Yes,UG,Low,Yes,Good,Low,8.71,75.2,Moderate,64.5,87
EDU01871,Arjun Kumar,Male,17,ECE,8,90.2,1.0,6.6,4,9,55.6,61.1,62.5,67.4,62.5,5.82,5.92,4,140,22,0.7,0.1,43,73,No,Yes,UG,Upper-Middle,Yes,Good,High,5.97,81.28,Critical,85.6,47
EDU01872,Ananya Nair,Female,19,IT,3,83.1,4.1,8.3,6,7,79.4,85.7,78.4,76.0,83.9,7.84,8.0,0,178,13,3.5,2.4,66,88,Yes,Yes,School,High,Yes,Excellent,Low,8.12,95.24,Low,79.5,76
EDU01873,Sanjay Iyer,Male,22,CSE,8,79.9,5.4,7.2,1,7,88.7,93.2,86.0,93.2,94.1,8.52,8.29,0,112,21,1.1,0.5,93,86,No,Yes,Diploma,Middle,Yes,Average,Low,8.93,91.56,Low,73.4,55
EDU01874,Ananya Kumar,Female,20,EEE,4,82.5,3.3,8.2,3,6,81.4,88.1,88.7,87.3,88.7,8.6,8.96,0,27,15,2.7,2.4,60,87,No,Yes,School,Upper-Middle,Yes,Poor,Low,8.61,62.4,Low,82.1,83
EDU01875,Nisha Gupta,Male,17,CSE,1,80.1,2.4,5.9,4,3,68.3,61.6,65.8,70.6,77.9,5.66,5.8,3,198,1,0.3,1.6,70,96,No,Yes,PhD,High,Yes,Good,High,6.52,99.64,Critical,84.5,48
EDU01876,Harish Reddy,Male,22,IT,8,84.2,3.2,6.8,8,8,74.0,74.2,76.8,73.5,83.0,7.84,7.88,0,25,5,3.0,0.4,63,48,No,Yes,UG,Upper-Middle,Yes,Average,Low,7.5,63.88,Moderate,82.0,55
EDU01877,Arjun Nair,Female,17,MECH,3,89.3,2.0,7.8,5,10,72.4,67.2,71.8,74.4,76.2,7.18,7.37,0,65,16,0.3,1.8,73,64,Yes,Yes,Diploma,Low,Yes,Good,High,7.05,77.92,Low,91.9,71
EDU01878,Diya Patel,Male,24,ECE,5,85.8,5.6,8.4,7,6,89.3,83.4,90.9,88.0,91.0,9.11,9.11,0,130,22,1.5,2.4,90,64,Yes,Yes,PhD,High,Yes,Poor,High,8.79,96.32,Low,89.4,78
EDU01879,Sanjay Gupta,Female,18,EEE,5,72.6,4.2,5.4,10,6,73.0,80.6,74.9,72.0,68.2,8.35,8.23,0,113,6,0.2,2.8,91,78,Yes,Yes,PG,High,Yes,Poor,Medium,7.62,88.04,Moderate,80.9,84
EDU01880,Pooja Verma,Male,18,AIDS,2,88.1,4.7,6.5,3,10,95.8,89.0,94.7,100.0,100.0,9.75,9.64,0,123,10,3.2,0.8,43,64,Yes,Yes,School,Low,Yes,Excellent,Medium,9.32,77.04,Low,84.6,91
EDU01881,Riya Kumar,Female,21,ECE,6,80.3,4.8,8.0,9,5,88.6,80.7,86.8,80.1,86.1,9.06,9.29,0,64,31,3.5,0.1,92,84,No,Yes,Diploma,Upper-Middle,Yes,Good,High,8.54,81.72,Moderate,88.9,54
EDU01882,Sai Sharma,Male,20,AI&DS,4,64.8,5.3,6.8,10,3,81.4,76.6,83.6,78.9,88.5,7.52,7.17,0,208,3,3.2,0.8,65,53,Yes,Yes,PhD,High,Yes,Poor,High,8.05,93.52,Moderate,54.8,50
EDU01883,Arjun Das,Female,20,MECH,1,78.5,4.4,6.1,5,8,77.1,67.6,68.8,65.5,67.1,7.8,7.94,0,69,16,4.1,0.7,81,94,Yes,Yes,UG,Low,Yes,Excellent,Medium,7.12,77.6,Low,70.5,46
EDU01884,Meera Sharma,Female,19,EEE,4,78.7,3.0,7.4,4,4,68.8,70.8,74.2,69.9,74.1,7.53,7.04,0,54,1,4.1,1.3,74,94,No,Yes,UG,Upper-Middle,Yes,Good,Low,7.13,71.88,Moderate,78.8,56
EDU01885,Rahul Reddy,Male,24,AIDS,7,72.5,4.4,5.5,9,3,80.1,82.1,80.6,75.7,81.6,8.69,8.47,0,109,7,3.6,1.8,65,68,No,Yes,Diploma,Low,Yes,Average,Low,8.09,76.8,Moderate,66.5,68
EDU01886,Keerthi Patel,Female,21,ECE,8,86.9,1.5,7.4,9,7,58.6,58.6,60.9,58.4,57.4,6.71,6.72,1,106,13,3.4,1.7,69,48,No,Yes,PG,Middle,Yes,Average,Medium,5.94,83.56,High,75.7,42
EDU01887,Sanjay Iyer,Male,19,IT,8,86.3,5.7,5.9,7,3,96.8,100.0,100.0,100.0,100.0,10.0,10.0,0,202,31,3.6,0.4,51,90,Yes,Yes,Diploma,Low,Yes,Good,Low,9.89,95.32,Low,93.6,90
EDU01888,Sai Patel,Female,19,AI&DS,4,93.3,2.1,7.9,8,6,72.1,73.4,75.4,70.8,78.3,8.13,7.77,0,189,26,1.2,0.6,64,66,No,Yes,Diploma,High,Yes,Excellent,High,7.36,100.72,Moderate,96.8,74
EDU01889,Riya Singh,Male,24,MECH,2,87.1,5.2,7.5,5,7,89.5,94.6,90.9,90.9,93.3,8.72,8.56,0,59,34,1.0,1.5,74,73,No,Yes,PG,High,Yes,Average,Medium,9.17,76.24,Low,83.6,57
EDU01890,Rahul Verma,Male,18,CSE,6,66.7,2.3,5.4,9,5,57.8,51.5,54.2,58.3,63.5,4.94,5.07,2,192,16,4.4,2.8,67,63,No,Yes,PG,Upper-Middle,Yes,Average,Medium,5.45,91.88,Critical,60.5,63
EDU01891,Meera Singh,Male,24,MECH,4,91.5,2.7,5.7,4,7,80.1,84.2,80.2,81.8,83.1,7.68,7.55,1,59,9,3.5,2.7,94,43,No,Yes,School,Upper-Middle,No,Excellent,Medium,8.15,86.0,Moderate,77.6,75
EDU01892,Keerthi Iyer,Female,18,IT,5,78.0,3.8,6.9,4,6,82.1,84.7,79.4,77.5,84.5,8.63,8.77,0,209,13,2.5,0.4,83,50,Yes,Yes,PhD,Middle,Yes,Average,Medium,8.21,106.2,Low,80.6,98
EDU01893,Rahul Das,Male,20,CSE,2,74.6,4.5,7.4,9,9,87.0,81.0,83.5,91.3,98.8,9.18,8.9,0,20,29,0.3,0.3,46,65,No,Yes,School,Middle,Yes,Excellent,High,8.38,52.24,Moderate,76.0,86
EDU01894,Arjun Verma,Female,17,CSE,6,84.5,2.1,7.0,8,7,74.1,81.7,80.4,73.6,69.6,8.65,8.99,0,169,19,3.6,2.1,74,80,No,Yes,School,Low,Yes,Good,Low,7.87,97.2,Low,94.0,100
EDU01895,Priya Sharma,Female,19,IT,8,88.2,2.6,6.0,2,5,70.4,63.2,69.8,70.9,77.6,6.42,6.43,2,49,3,3.7,1.0,83,57,Yes,Yes,PhD,Low,Yes,Poor,Medium,6.78,78.28,High,97.4,70
EDU01896,Nisha Reddy,Female,23,AI&DS,2,71.5,5.4,8.4,9,8,84.3,80.5,83.1,87.9,92.5,9.11,9.05,0,78,6,3.3,0.2,44,40,No,Yes,School,Upper-Middle,Yes,Good,High,8.26,61.8,Moderate,70.3,91
EDU01897,Aishwarya Das,Male,20,MECH,5,90.6,4.4,7.9,7,7,83.4,76.1,80.4,80.4,87.5,8.05,8.08,1,189,5,2.7,2.4,58,88,No,No,Diploma,Low,Yes,Average,Medium,8.0,97.24,Moderate,100.0,57
EDU01898,Nisha Nair,Male,22,ECE,8,93.8,1.2,6.4,8,5,60.2,65.7,60.7,68.1,66.2,5.25,5.02,4,156,30,0.3,1.0,46,97,No,Yes,PhD,Upper-Middle,Yes,Good,Medium,6.22,87.12,Critical,72.9,71
EDU01899,Sneha Gupta,Male,17,CIVIL,5,53.4,3.1,5.9,10,7,65.7,58.0,63.2,61.7,57.4,6.19,6.15,1,161,26,2.3,2.4,73,78,No,Yes,Diploma,Upper-Middle,No,Excellent,Medium,6.23,82.76,High,62.9,59
EDU01900,Karthik Das,Male,17,ECE,7,79.4,5.7,8.1,10,6,88.2,83.0,83.1,83.8,92.7,8.79,9.37,0,181,23,3.6,2.6,90,58,Yes,Yes,Diploma,High,Yes,Average,Medium,8.48,103.96,Moderate,78.4,93
EDU01901,Sneha Kumar,Male,24,CSE,8,57.9,1.4,6.5,9,3,54.0,49.6,47.2,52.6,52.7,4.5,4.35,3,76,24,3.7,0.6,52,85,Yes,Yes,PhD,Middle,Yes,Average,Low,5.03,59.16,Critical,58.7,70
EDU01902,Vihaan Singh,Male,18,AI&DS,4,88.8,3.5,7.6,10,5,86.5,89.1,88.2,89.2,94.9,8.25,8.55,0,213,5,0.9,0.6,89,68,Yes,Yes,PG,Upper-Middle,No,Poor,Low,8.79,113.72,Moderate,87.0,100
EDU01903,Rahul Das,Male,19,IT,1,77.1,1.3,5.7,1,7,54.1,62.0,58.6,55.7,64.6,6.73,7.01,1,183,5,4.6,0.2,54,78,Yes,Yes,Diploma,High,No,Excellent,High,5.82,89.04,Moderate,84.3,61
EDU01904,Harish Das,Male,19,CIVIL,4,92.2,1.4,6.9,1,6,71.8,69.7,74.1,80.8,87.0,7.9,8.32,0,199,25,0.4,2.2,43,58,No,Yes,School,Upper-Middle,Yes,Excellent,Low,7.19,93.88,Low,96.6,64
EDU01905,Ananya Verma,Male,18,CSE,1,79.0,3.0,8.3,10,7,78.8,72.5,72.5,79.4,75.4,7.49,7.81,1,202,21,3.6,1.6,77,53,Yes,No,School,Low,Yes,Excellent,Low,7.46,102.8,High,68.6,53
EDU01906,Sanjay Reddy,Male,24,EEE,8,77.1,3.6,7.8,2,7,72.5,80.4,80.9,76.2,82.6,7.63,7.3,0,144,18,0.7,1.8,59,45,No,Yes,PhD,Upper-Middle,Yes,Excellent,Low,7.79,83.24,Low,77.8,78
EDU01907,Sai Patel,Male,20,CSE,1,96.3,4.0,6.3,2,4,91.4,91.4,92.2,97.2,100.0,8.7,8.54,0,43,1,3.3,2.6,94,59,Yes,Yes,UG,High,Yes,Poor,Low,9.17,84.72,Low,89.6,76
EDU01908,Priya Reddy,Female,21,EEE,2,83.0,5.7,6.6,8,9,100.0,91.4,96.8,90.2,92.2,9.54,9.63,0,199,11,2.8,1.3,86,95,Yes,Yes,PhD,High,Yes,Poor,Low,9.61,107.4,Low,86.4,72
EDU01909,Arjun Singh,Male,17,AI&DS,3,90.8,2.7,7.1,3,6,69.2,69.8,66.1,71.5,79.9,6.25,5.92,4,151,1,4.9,0.9,98,66,Yes,Yes,UG,High,No,Poor,Medium,6.84,105.72,Critical,94.1,68
EDU01910,Vihaan Verma,Female,22,CSE,8,84.7,4.7,5.1,5,5,92.8,87.1,89.7,95.1,100.0,9.63,9.74,0,132,21,4.6,1.2,50,50,No,Yes,Diploma,Middle,Yes,Good,High,8.99,80.28,Low,81.8,71
EDU01911,Vihaan Reddy,Male,17,ECE,8,86.0,4.7,5.1,3,6,83.4,85.4,88.0,80.4,78.0,8.42,8.01,0,141,3,4.5,2.8,95,92,Yes,Yes,PG,Low,Yes,Poor,Medium,8.56,100.6,Low,86.6,75
EDU01912,Aditya Singh,Male,22,EEE,4,74.2,5.0,6.1,2,5,91.0,84.2,89.2,88.4,87.7,8.76,8.58,0,79,12,4.9,0.2,92,41,Yes,Yes,School,Upper-Middle,Yes,Poor,High,8.81,82.28,Low,81.7,85
EDU01913,Aditya Iyer,Female,20,MECH,1,69.8,5.3,6.5,10,5,88.8,83.6,87.2,88.8,93.0,9.65,9.87,0,216,16,3.9,1.3,52,55,Yes,No,PhD,Middle,Yes,Excellent,High,8.65,91.92,Moderate,67.1,100
EDU01914,Diya Iyer,Female,22,AI&DS,3,96.7,5.5,5.0,9,3,98.1,96.3,95.2,95.1,100.0,9.87,10.0,0,59,28,3.0,0.2,94,51,No,Yes,School,Middle,Yes,Poor,Medium,9.65,88.08,Low,99.2,82
EDU01915,Keerthi Sharma,Male,17,CSE,5,81.8,1.2,6.6,9,6,63.7,57.5,63.6,66.0,70.5,5.56,5.09,4,207,14,3.9,2.6,68,91,Yes,Yes,PhD,High,Yes,Average,Low,6.16,101.32,Critical,88.0,62
EDU01916,Diya Iyer,Male,20,AIDS,6,83.0,2.0,6.7,6,5,70.6,61.8,66.7,60.3,58.1,6.99,6.77,1,184,3,0.2,0.9,52,71,No,Yes,School,Middle,Yes,Poor,High,6.64,90.8,High,72.6,61
EDU01917,Vihaan Reddy,Male,24,EEE,1,93.5,5.9,6.9,8,8,100.0,95.0,100.0,100.0,100.0,10.0,10.0,0,29,10,4.0,0.9,47,80,No,Yes,PhD,Upper-Middle,Yes,Excellent,High,9.83,62.0,Low,100.0,86
EDU01918,Sanjay Singh,Female,24,AIDS,3,80.6,3.4,7.2,10,6,77.7,70.2,70.5,68.0,75.4,7.72,8.1,1,186,29,0.0,0.8,62,95,Yes,Yes,Diploma,Low,Yes,Average,Medium,7.28,94.24,High,92.3,81
EDU01919,Riya Singh,Male,22,IT,7,71.9,3.6,6.0,4,6,69.2,59.7,65.8,58.0,62.1,6.03,5.55,4,47,0,1.1,0.3,47,81,No,No,UG,Upper-Middle,No,Excellent,High,6.49,56.96,Critical,62.0,66
EDU01920,Keerthi Reddy,Male,23,ECE,5,62.7,3.5,7.6,5,6,75.3,77.3,74.3,70.5,76.8,8.24,8.81,0,110,1,4.0,0.4,54,75,Yes,Yes,PhD,Low,Yes,Poor,Low,7.56,68.68,Low,59.0,72
EDU01921,Aishwarya Sharma,Female,17,AIDS,4,79.5,5.0,7.9,8,4,85.9,91.3,86.7,91.7,99.0,8.1,8.6,0,202,34,2.2,0.2,95,50,Yes,Yes,Diploma,Middle,Yes,Poor,Medium,8.8,110.2,Moderate,84.4,67
EDU01922,Riya Singh,Male,19,AIDS,5,88.6,1.1,6.3,6,8,62.9,66.2,65.1,57.9,56.4,6.96,6.59,2,45,32,1.8,0.8,74,86,Yes,Yes,School,Upper-Middle,Yes,Average,Medium,6.47,74.04,High,97.2,64
EDU01923,Sanjay Gupta,Female,17,EEE,5,84.6,3.5,5.3,2,6,82.5,83.2,86.7,90.3,99.8,7.86,7.6,0,132,12,4.0,0.7,43,50,No,Yes,PG,Middle,Yes,Poor,Medium,8.41,77.44,Low,79.5,91
EDU01924,Aditya Iyer,Female,24,CSE,1,77.1,4.7,8.2,10,5,79.5,75.6,81.8,87.9,92.2,8.04,7.94,1,182,23,3.5,1.9,46,77,Yes,Yes,Diploma,High,Yes,Good,High,7.9,85.64,High,80.8,83
EDU01925,Aishwarya Singh,Female,23,MECH,3,93.3,6.0,5.1,7,6,100.0,100.0,97.9,100.0,100.0,10.0,10.0,0,66,6,1.5,0.7,71,43,Yes,Yes,UG,Middle,Yes,Good,Low,9.93,78.92,Low,99.4,83
EDU01926,Pooja Nair,Male,19,ECE,2,80.8,1.2,6.4,6,10,55.2,58.4,54.7,49.9,50.8,4.93,5.47,2,122,1,2.6,0.9,50,98,No,Yes,School,Middle,No,Average,Medium,5.61,76.72,High,83.1,52
EDU01927,Riya Nair,Female,24,ECE,6,84.4,2.1,7.5,6,9,64.6,69.9,70.3,64.4,65.6,7.72,8.27,1,174,10,4.6,2.2,43,45,Yes,Yes,PhD,Low,Yes,Excellent,Medium,6.83,85.76,Moderate,87.1,82
EDU01928,Sanjay Reddy,Male,18,AIDS,8,86.0,5.9,7.1,2,7,94.9,94.3,91.4,95.7,95.8,9.92,10.0,0,133,24,2.9,2.8,78,46,No,Yes,PG,Middle,Yes,Average,High,9.35,92.2,Low,82.8,67
EDU01929,Keerthi Kumar,Female,20,AI&DS,1,78.3,5.9,7.1,3,6,99.8,97.8,100.0,99.6,100.0,9.41,9.6,0,127,14,3.1,0.2,72,100,No,Yes,School,High,Yes,Excellent,High,9.92,85.52,Low,72.0,88
EDU01930,Nisha Verma,Female,24,ECE,6,68.2,4.7,5.4,1,8,86.0,79.7,84.2,83.6,83.1,8.98,8.93,0,107,0,0.2,0.9,79,83,No,Yes,PhD,Middle,No,Average,High,8.33,80.28,Low,80.4,68
EDU01931,Priya Sharma,Female,23,IT,1,62.0,3.7,7.0,3,9,66.0,59.5,62.0,65.9,67.7,6.06,6.25,1,78,23,0.6,0.7,40,41,No,Yes,School,Upper-Middle,Yes,Good,Low,6.25,56.4,High,47.2,76
EDU01932,Karthik Verma,Male,17,CSE,2,76.9,3.3,8.2,9,5,66.1,56.4,62.7,64.3,74.1,6.24,6.45,2,188,32,3.6,1.6,65,47,Yes,Yes,School,High,Yes,Good,Low,6.17,94.36,Critical,75.2,60
EDU01933,Rahul Verma,Male,19,AI&DS,3,87.8,1.9,8.4,5,7,74.3,74.9,70.5,73.7,74.1,6.92,6.87,1,123,22,4.9,2.4,59,98,Yes,Yes,PhD,Middle,Yes,Average,Low,7.32,83.32,Moderate,90.2,60
EDU01934,Sneha Singh,Male,18,IT,7,73.0,5.5,5.3,7,7,90.5,91.9,90.6,96.7,94.2,8.48,8.33,1,87,3,3.4,2.0,96,69,Yes,Yes,UG,Upper-Middle,Yes,Average,Low,9.1,85.0,Moderate,76.3,74
EDU01935,Riya Reddy,Female,21,CIVIL,6,78.2,5.0,7.1,7,10,93.7,99.7,97.7,100.0,100.0,9.59,9.14,0,79,7,3.6,0.1,99,45,No,Yes,PG,High,Yes,Poor,Low,9.7,86.68,Low,80.3,86
EDU01936,Rahul Reddy,Male,17,ECE,7,63.8,2.5,5.5,9,5,55.8,57.6,53.5,46.0,45.7,4.68,4.47,3,187,25,0.9,1.9,49,87,Yes,Yes,UG,Low,No,Good,Low,5.56,82.52,Critical,68.2,44
EDU01937,Arjun Patel,Female,22,EEE,6,83.4,1.8,7.4,2,10,67.7,65.6,65.9,71.5,80.6,5.64,5.8,2,124,9,2.6,1.8,70,63,No,Yes,Diploma,Low,Yes,Average,Low,6.64,86.16,High,84.0,69
EDU01938,Priya Sharma,Female,20,IT,6,73.3,5.7,7.0,5,10,84.2,80.3,85.4,77.7,81.7,9.0,9.1,0,161,36,0.6,2.4,70,44,Yes,Yes,PhD,Low,Yes,Poor,High,8.33,89.52,Low,82.9,63
EDU01939,Aditya Patel,Female,21,CIVIL,1,69.6,5.4,6.3,9,10,79.9,77.1,74.9,79.7,86.6,7.46,7.83,0,68,34,3.7,1.0,86,84,No,Yes,UG,Middle,No,Excellent,High,7.73,75.84,Moderate,74.2,71
EDU01940,Vihaan Patel,Female,24,ECE,4,80.8,5.7,5.0,1,7,100.0,100.0,100.0,95.1,99.9,10.0,10.0,0,206,39,4.4,1.9,47,90,Yes,Yes,Diploma,Middle,Yes,Poor,Low,10.0,92.32,Low,67.3,86
EDU01941,Pooja Nair,Female,23,IT,4,75.7,5.7,5.9,8,4,87.2,93.5,94.3,93.3,92.5,9.37,9.81,0,144,14,0.8,1.0,85,80,No,Yes,PG,Low,Yes,Average,Low,9.17,93.08,Low,93.9,97
EDU01942,Rahul Singh,Male,19,CSE,8,76.4,3.9,5.5,8,9,85.4,85.1,80.7,77.9,83.6,8.49,8.03,0,118,33,4.9,0.4,68,49,No,Yes,School,High,No,Excellent,Medium,8.37,81.36,Moderate,85.9,69
EDU01943,Nithin Sharma,Male,19,CIVIL,4,100.0,4.6,5.0,2,8,95.1,91.6,94.1,88.2,90.8,8.5,8.17,0,215,14,1.0,1.4,56,82,No,Yes,School,Middle,Yes,Excellent,Low,9.36,105.4,Low,100.0,66
EDU01944,Meera Reddy,Female,20,AI&DS,7,72.4,1.7,6.6,5,8,53.0,50.7,55.1,56.9,62.0,6.5,6.59,1,105,34,1.9,1.9,55,47,No,Yes,School,Middle,Yes,Excellent,Low,5.29,71.96,High,77.5,60
EDU01945,Harish Verma,Female,23,MECH,7,100.0,5.9,7.6,3,3,100.0,91.9,100.0,100.0,97.4,9.25,8.79,0,172,21,1.1,1.2,47,61,No,Yes,PG,Upper-Middle,No,Excellent,Low,9.73,93.2,Low,91.7,72
EDU01946,Karthik Singh,Male,18,IT,3,80.9,4.2,7.4,9,4,75.1,80.1,74.7,76.8,76.7,6.83,6.83,1,101,22,1.5,1.1,91,72,No,Yes,PhD,Upper-Middle,No,Poor,Medium,7.66,88.96,High,85.0,77
EDU01947,Nisha Kumar,Female,20,AIDS,5,87.6,4.1,7.9,5,7,79.4,80.4,82.5,75.1,79.6,8.44,7.99,1,184,8,0.5,1.7,76,79,Yes,Yes,School,High,Yes,Excellent,Low,8.08,102.24,Moderate,82.1,56
EDU01948,Vihaan Verma,Male,22,ECE,1,73.7,1.8,7.0,4,6,66.9,60.5,63.3,56.3,53.4,6.32,5.97,2,158,19,0.5,2.3,99,93,No,Yes,School,Middle,Yes,Good,Low,6.36,100.68,High,79.3,53
EDU01949,Sanjay Reddy,Female,21,AI&DS,5,84.0,4.8,6.5,8,7,91.3,97.3,96.7,100.0,100.0,9.27,9.07,0,185,32,3.8,0.0,83,59,No,Yes,School,Low,Yes,Poor,Low,9.51,103.8,Low,88.6,91
EDU01950,Meera Sharma,Male,24,AIDS,8,86.1,2.2,8.3,6,4,71.9,68.5,73.1,65.3,63.2,7.3,6.86,1,82,40,0.9,2.0,59,40,No,Yes,School,Low,Yes,Poor,Medium,7.12,74.44,High,74.5,79
EDU01951,Pooja Iyer,Female,20,EEE,4,93.7,3.0,6.0,6,3,74.9,81.4,74.7,82.3,85.3,7.32,7.32,0,118,18,2.0,1.8,91,92,Yes,Yes,Diploma,Middle,Yes,Good,High,7.7,97.48,Moderate,95.2,60
EDU01952,Aditya Nair,Female,20,CSE,1,88.9,4.4,6.7,1,4,91.5,92.7,96.4,95.9,100.0,10.0,10.0,0,141,14,4.5,0.4,91,64,No,Yes,Diploma,Low,Yes,Excellent,Medium,9.35,100.16,Low,87.0,85
EDU01953,Rahul Iyer,Male,19,ECE,3,87.4,4.9,7.2,10,9,92.9,95.4,96.3,95.5,100.0,9.06,8.72,0,145,10,1.3,2.7,85,85,Yes,Yes,School,Middle,Yes,Average,Medium,9.49,97.96,Moderate,85.0,73
EDU01954,Aarav Nair,Male,23,EEE,7,72.8,1.1,6.4,3,10,50.3,51.6,55.2,58.7,59.8,5.24,5.32,3,41,27,3.7,0.3,57,54,Yes,Yes,UG,Low,Yes,Good,Medium,5.24,60.12,Critical,79.5,68
EDU01955,Rahul Sharma,Female,21,AIDS,7,84.9,1.2,7.6,1,7,55.0,50.8,51.1,45.6,45.0,4.9,4.68,3,83,1,4.4,0.1,50,59,No,Yes,PG,Low,Yes,Average,Low,5.23,70.56,Critical,62.9,52
EDU01956,Karthik Das,Female,20,AIDS,5,85.8,3.4,6.3,10,6,78.2,73.1,79.8,74.8,81.4,7.33,7.11,0,150,19,3.9,0.2,94,74,No,Yes,School,Middle,Yes,Average,Medium,7.7,101.92,Moderate,85.3,71
EDU01957,Aditya Reddy,Female,24,AIDS,5,68.7,4.3,7.9,9,4,70.9,66.2,64.8,70.4,70.6,7.41,7.71,0,29,35,2.1,2.5,52,49,No,Yes,PG,Upper-Middle,Yes,Poor,Low,6.73,54.08,Moderate,64.6,89
EDU01958,Priya Reddy,Female,24,CSE,7,74.4,2.7,6.4,4,9,73.5,80.2,73.7,71.1,67.8,7.95,8.0,1,143,32,2.1,2.3,69,89,No,No,PG,High,Yes,Poor,High,7.58,85.96,Moderate,58.9,69
EDU01959,Sai Patel,Male,23,IT,8,84.9,6.0,6.4,4,4,100.0,91.0,97.4,100.0,99.9,10.0,9.9,0,37,10,2.9,0.1,63,74,No,Yes,PhD,Upper-Middle,No,Good,Low,9.61,66.56,Low,95.6,48
EDU01960,Harish Kumar,Female,17,AI&DS,5,92.9,5.1,7.8,1,9,97.2,91.4,89.4,90.3,86.0,8.57,8.24,0,74,37,3.2,2.0,45,61,Yes,Yes,UG,High,Yes,Average,Low,9.27,69.96,Low,98.6,59
EDU01961,Aditya Nair,Female,23,AI&DS,3,81.5,5.1,7.1,3,4,88.4,90.1,88.6,91.1,96.0,8.05,8.34,1,48,23,5.0,2.0,75,84,Yes,Yes,School,Low,Yes,Average,High,8.9,72.2,Moderate,74.8,81
EDU01962,Sanjay Patel,Female,23,EEE,5,93.9,4.0,6.0,5,6,80.0,82.7,77.8,84.9,86.9,8.27,8.07,0,121,27,3.7,2.6,46,89,No,Yes,PG,Low,Yes,Poor,High,8.02,80.16,Low,90.6,77
EDU01963,Priya Singh,Male,22,AIDS,8,87.3,5.2,6.5,2,10,100.0,100.0,96.0,100.0,100.0,9.54,9.06,0,94,34,3.6,0.4,78,71,Yes,Yes,PG,Middle,Yes,Poor,High,9.87,84.92,Low,82.9,98
EDU01964,Riya Nair,Female,23,MECH,3,79.6,1.5,6.0,6,9,57.5,55.0,58.2,58.8,56.7,5.93,6.05,1,77,35,0.1,1.2,73,57,Yes,Yes,UG,High,No,Good,Medium,5.69,76.44,High,74.3,43
EDU01965,Aishwarya Patel,Male,22,CIVIL,8,73.0,3.9,7.1,8,5,75.4,80.0,72.9,80.7,85.1,8.0,8.36,0,75,38,4.5,1.2,80,89,No,Yes,PG,Middle,No,Excellent,Medium,7.61,76.2,Moderate,75.3,90
EDU01966,Sneha Gupta,Female,22,CIVIL,5,80.3,5.9,6.7,9,4,98.4,97.7,100.0,96.3,100.0,9.22,9.42,0,183,39,2.2,1.9,62,47,Yes,Yes,UG,High,Yes,Good,Medium,9.87,93.52,Moderate,67.0,100
EDU01967,Vihaan Nair,Male,19,CSE,1,71.6,3.9,8.1,3,9,74.7,74.1,77.1,76.4,86.3,8.1,8.52,0,81,13,0.9,2.4,64,99,Yes,Yes,Diploma,Low,No,Excellent,High,7.53,70.44,Low,68.0,79
EDU01968,Rahul Singh,Male,23,CSE,3,72.8,5.4,5.2,8,10,83.3,83.0,88.1,95.5,99.3,9.09,9.39,0,139,0,0.4,1.9,100,74,Yes,Yes,PhD,Upper-Middle,Yes,Good,Low,8.48,96.92,Low,92.1,78
EDU01969,Priya Singh,Female,17,AIDS,2,92.8,2.8,5.0,7,8,82.7,89.8,83.9,81.9,87.3,8.41,8.35,0,178,11,0.8,2.6,95,87,Yes,No,PG,Upper-Middle,No,Excellent,High,8.55,110.72,Low,91.6,54
EDU01970,Aishwarya Singh,Male,21,EEE,3,75.5,4.2,5.3,1,6,86.4,77.4,76.9,75.0,81.0,7.79,8.22,0,37,31,0.1,2.5,67,66,No,Yes,School,Low,Yes,Excellent,Low,8.02,64.4,Low,80.0,68
EDU01971,Aditya Sharma,Female,24,CSE,3,92.0,2.2,5.9,6,6,69.5,66.5,63.0,66.9,71.4,5.49,5.73,3,159,6,4.2,1.3,66,84,Yes,Yes,Diploma,Low,Yes,Excellent,Low,6.63,95.0,Critical,80.0,68
EDU01972,Aarav Reddy,Male,20,AI&DS,6,80.7,1.1,7.0,7,6,59.1,62.4,61.3,67.6,70.5,5.27,5.06,2,213,35,0.7,2.1,59,40,No,Yes,UG,Middle,Yes,Good,Medium,6.09,98.48,Critical,80.7,44
EDU01973,Aditya Gupta,Female,23,CIVIL,7,87.2,1.4,8.4,7,5,70.1,67.6,65.7,63.7,60.4,6.92,7.36,0,118,5,0.2,0.6,91,46,No,Yes,PhD,Low,Yes,Excellent,Low,6.78,94.88,Moderate,91.2,71
EDU01974,Priya Gupta,Male,22,CSE,2,85.2,4.1,8.0,9,6,90.1,97.0,88.7,86.2,88.9,8.66,9.14,0,67,38,4.3,1.8,55,40,No,Yes,School,Low,Yes,Good,High,9.19,69.48,Low,78.4,81
EDU01975,Vihaan Iyer,Male,24,ECE,2,89.9,1.4,6.9,7,8,59.4,62.5,57.5,55.7,55.7,4.8,4.57,4,99,7,0.3,2.8,76,62,Yes,Yes,UG,Middle,Yes,Good,Medium,5.98,86.16,Critical,91.4,43
EDU01976,Aarav Nair,Female,18,MECH,3,73.5,4.5,5.5,10,10,86.5,81.9,82.0,82.6,78.6,7.58,8.11,0,109,21,3.4,0.4,54,51,Yes,Yes,PG,Middle,Yes,Good,Medium,8.35,72.8,Moderate,53.3,73
EDU01977,Vihaan Iyer,Male,19,AI&DS,1,59.9,3.8,5.4,8,3,65.4,69.4,67.6,64.5,72.4,6.06,5.85,2,196,22,2.3,2.2,67,63,No,Yes,UG,High,Yes,Excellent,High,6.75,89.96,Critical,71.1,77
EDU01978,Rahul Gupta,Male,17,EEE,7,78.3,4.7,8.3,10,4,91.3,83.3,83.0,82.0,90.7,8.6,8.35,0,66,27,3.6,1.1,45,64,No,Yes,PG,Low,Yes,Average,High,8.59,62.52,Moderate,76.9,65
EDU01979,Harish Sharma,Male,19,CIVIL,3,83.0,1.5,6.9,1,6,66.1,57.5,57.7,61.1,65.7,6.44,6.2,1,37,21,4.0,0.7,45,83,Yes,Yes,PhD,Middle,Yes,Poor,Medium,6.04,58.6,Moderate,86.6,95
EDU01980,Sanjay Sharma,Male,24,IT,8,80.3,5.1,6.9,8,4,85.1,76.1,83.1,79.9,87.7,8.32,8.56,0,149,1,3.7,0.0,87,100,No,Yes,PG,High,Yes,Average,High,8.14,96.72,Moderate,94.6,72
EDU01981,Aishwarya Gupta,Male,24,MECH,3,86.6,2.9,7.9,10,4,79.9,70.8,72.6,78.4,80.3,7.56,7.34,1,184,21,4.0,0.4,77,62,No,Yes,Diploma,Middle,Yes,Good,Medium,7.44,102.24,High,86.5,74
EDU01982,Vihaan Reddy,Female,22,MECH,2,93.3,1.0,6.8,3,4,61.6,51.7,60.6,63.2,62.3,5.71,5.3,4,181,38,2.2,2.0,65,84,Yes,Yes,PG,Middle,Yes,Good,Medium,5.8,99.52,Critical,98.3,29
EDU01983,Meera Gupta,Female,20,CSE,8,89.8,5.0,6.9,6,6,86.6,79.4,79.1,84.7,89.7,7.15,7.12,0,175,33,2.8,2.4,56,89,No,Yes,Diploma,Low,Yes,Poor,High,8.17,93.32,Moderate,86.2,48
EDU01984,Diya Sharma,Female,21,CSE,1,90.2,3.5,7.2,5,8,75.3,70.9,71.0,72.2,69.9,7.6,7.52,0,36,39,0.1,1.4,57,90,No,Yes,UG,Middle,Yes,Excellent,Medium,7.24,66.08,Low,100.0,51
EDU01985,Aditya Das,Male,17,CIVIL,5,83.5,5.1,6.7,4,3,86.3,84.7,86.1,81.4,87.3,9.54,9.4,0,174,23,4.6,2.9,47,55,Yes,Yes,PG,Upper-Middle,Yes,Average,Low,8.57,87.0,Low,76.0,89
EDU01986,Sanjay Reddy,Female,23,ECE,6,70.7,2.8,6.5,8,6,69.1,68.2,71.9,71.6,69.0,6.3,6.05,2,147,7,2.5,1.6,57,49,No,Yes,PG,High,Yes,Excellent,Medium,6.97,80.48,Critical,74.5,52
EDU01987,Diya Iyer,Male,19,EEE,1,91.3,5.4,8.3,8,9,100.0,95.5,100.0,96.9,98.2,10.0,10.0,0,206,19,0.7,0.7,72,52,No,Yes,School,Low,Yes,Poor,High,9.85,106.52,Low,100.0,95
EDU01988,Pooja Gupta,Male,18,ECE,4,78.0,4.6,8.2,1,3,89.1,79.7,85.7,83.2,91.5,7.9,7.62,0,190,7,2.0,0.1,74,92,No,No,School,Middle,Yes,Good,Low,8.48,98.8,Low,81.3,65
EDU01989,Keerthi Das,Female,17,MECH,2,88.2,3.6,6.1,5,10,74.0,67.5,70.9,71.4,75.2,7.75,7.32,0,66,10,4.9,0.9,66,94,Yes,Yes,Diploma,High,Yes,Poor,Low,7.08,74.88,Low,84.6,63
EDU01990,Sanjay Iyer,Male,18,AIDS,3,78.0,6.0,5.4,9,5,100.0,97.7,96.3,100.0,99.8,8.67,8.67,0,176,1,1.8,1.9,45,56,No,Yes,PhD,High,Yes,Good,Medium,9.8,84.4,Moderate,74.6,81
EDU01991,Sai Patel,Male,17,EEE,8,93.6,3.9,8.2,8,9,89.2,93.6,94.3,92.5,100.0,8.98,9.04,0,176,20,1.3,2.5,95,94,No,Yes,Diploma,Low,Yes,Average,High,9.24,110.64,Low,88.2,89
EDU01992,Aarav Singh,Female,18,CIVIL,7,78.2,5.1,5.5,5,5,86.5,81.1,87.1,94.8,100.0,8.98,9.37,0,42,37,1.4,2.3,46,45,Yes,Yes,Diploma,Low,Yes,Poor,High,8.49,58.08,Low,91.6,64
EDU01993,Meera Singh,Male,21,CIVIL,6,84.6,3.1,6.5,4,10,71.8,67.4,71.0,70.6,77.1,7.01,6.91,1,80,23,4.8,2.6,62,87,No,Yes,Diploma,Middle,Yes,Good,Medium,7.01,74.64,Moderate,70.7,71
EDU01994,Priya Nair,Male,17,AIDS,5,82.8,4.9,8.2,10,3,90.1,81.6,81.8,76.3,72.9,7.63,7.74,0,45,19,0.5,2.4,63,79,No,No,UG,High,Yes,Excellent,Low,8.45,67.32,Moderate,83.8,37
EDU01995,Pooja Singh,Female,22,EEE,5,91.1,4.0,6.1,7,10,84.4,76.6,76.2,72.1,67.4,8.59,8.92,0,103,8,0.9,0.1,58,41,Yes,Yes,PG,High,Yes,Good,Low,7.91,80.24,Low,91.1,73
EDU01996,Aarav Sharma,Male,18,AIDS,3,79.5,4.9,5.1,5,6,83.8,88.4,86.3,80.5,90.0,9.62,9.86,0,160,23,2.3,2.2,70,53,No,Yes,Diploma,High,Yes,Average,Low,8.62,91.8,Low,76.4,77
EDU01997,Aishwarya Patel,Female,24,CSE,4,81.7,3.0,5.2,8,10,79.4,76.7,75.1,81.0,86.2,8.33,8.01,1,101,15,4.0,1.0,87,79,No,Yes,UG,Low,Yes,Average,Medium,7.71,87.68,Moderate,75.3,71
EDU01998,Vihaan Singh,Male,24,IT,5,93.7,2.2,8.4,9,7,73.1,73.8,68.8,74.4,79.2,7.74,7.57,1,59,23,3.7,2.7,43,76,No,Yes,Diploma,High,Yes,Excellent,High,7.19,66.48,Moderate,88.9,71
EDU01999,Vihaan Sharma,Female,22,AI&DS,1,77.4,5.3,5.7,6,7,91.6,83.5,89.2,84.1,92.8,8.7,8.46,0,85,30,2.1,1.5,43,78,No,Yes,PG,Middle,Yes,Poor,Medium,8.81,65.16,Low,65.8,86
EDU02000,Aditya Verma,Male,21,EEE,1,90.0,1.9,6.3,5,10,70.8,76.6,71.5,77.7,81.5,6.19,6.38,1,167,15,1.9,0.7,42,49,Yes,Yes,UG,Upper-Middle,Yes,Poor,High,7.3,86.2,Moderate,86.2,58
EDU02001,Harish Nair,Male,23,MECH,4,74.5,5.5,7.2,4,3,89.1,80.5,82.9,76.9,77.5,7.4,7.72,0,135,12,4.2,1.7,56,62,No,Yes,Diploma,High,Yes,Average,Low,8.42,79.2,Moderate,74.0,77
EDU02002,Arjun Das,Male,18,IT,2,74.9,4.6,6.9,2,3,78.8,78.0,75.3,78.9,88.4,7.63,8.11,0,209,31,3.9,1.7,90,92,Yes,Yes,PG,High,Yes,Excellent,Medium,7.74,107.76,Low,75.7,86
EDU02003,Keerthi Verma,Female,20,ECE,2,83.9,3.2,5.1,9,6,78.3,77.5,80.8,82.5,78.2,8.77,8.57,0,112,19,1.0,1.8,57,64,No,Yes,Diploma,Upper-Middle,Yes,Good,Low,7.89,78.76,Moderate,73.0,83
EDU02004,Meera Reddy,Female,17,CSE,6,94.2,4.9,7.3,6,7,95.2,100.0,92.8,88.1,95.7,8.35,7.86,1,175,8,1.9,1.6,97,95,No,No,School,High,Yes,Good,Medium,9.6,111.48,Moderate,98.4,68
EDU02005,Diya Iyer,Female,17,MECH,2,86.0,4.1,5.3,8,9,78.9,72.7,72.2,69.1,70.3,7.17,7.45,0,181,5,0.4,1.5,43,80,Yes,Yes,PG,Upper-Middle,No,Poor,Low,7.46,87.8,Moderate,86.8,73
EDU02006,Ananya Das,Female,21,MECH,7,80.3,2.3,6.3,8,8,70.7,77.1,73.8,75.1,71.2,7.11,6.86,1,111,26,1.7,0.7,53,71,Yes,Yes,Diploma,Upper-Middle,Yes,Poor,High,7.39,75.52,High,77.6,65
EDU02007,Vihaan Kumar,Male,17,IT,5,72.8,1.9,8.2,2,5,53.4,44.1,53.7,47.8,52.8,5.11,5.44,4,140,18,1.5,0.3,86,72,No,Yes,Diploma,Low,Yes,Average,Medium,5.04,91.52,Critical,73.9,64
EDU02008,Nithin Reddy,Male,21,AI&DS,5,85.0,5.9,6.7,10,4,93.5,92.9,92.6,94.7,97.6,8.85,9.0,0,148,40,3.7,1.7,81,44,Yes,Yes,Diploma,Middle,Yes,Good,Low,9.3,96.0,Moderate,91.1,91
EDU02009,Harish Iyer,Female,17,AIDS,4,100.0,5.4,5.7,1,10,100.0,95.3,100.0,100.0,100.0,10.0,10.0,0,94,39,2.2,2.0,57,59,No,Yes,PG,Middle,Yes,Excellent,Medium,9.84,81.6,Low,79.2,90
EDU02010,Meera Singh,Female,22,CSE,4,87.7,1.5,5.1,6,5,69.0,64.1,71.3,73.3,69.7,7.9,8.04,1,156,4,0.8,1.3,86,75,No,Yes,PhD,Middle,Yes,Average,Low,6.81,100.68,Moderate,95.8,46
EDU02011,Diya Sharma,Male,20,MECH,3,80.7,1.9,7.5,10,7,57.7,58.5,59.7,52.6,60.1,5.14,5.47,2,60,17,2.3,2.5,52,43,Yes,Yes,UG,Middle,Yes,Excellent,Medium,5.86,65.08,Critical,90.0,47
EDU02012,Aishwarya Singh,Female,21,MECH,2,83.5,6.0,6.5,4,6,90.7,91.4,93.0,89.2,91.8,9.08,9.07,0,43,23,3.7,0.2,65,99,No,Yes,School,High,Yes,Excellent,Medium,9.17,68.0,Low,75.7,90
EDU02013,Sai Sharma,Male,23,AI&DS,2,86.5,3.4,5.3,8,5,81.3,78.4,84.7,87.8,87.1,7.87,7.48,0,200,20,0.4,0.8,58,96,Yes,Yes,School,Upper-Middle,Yes,Poor,Low,8.15,97.8,Moderate,79.2,60
EDU02014,Sneha Iyer,Male,17,EEE,3,77.8,1.1,8.4,8,9,59.2,54.7,57.9,63.7,67.9,5.97,6.34,1,104,36,3.5,0.7,46,75,No,No,PhD,High,Yes,Poor,Medium,5.73,70.32,High,77.6,59
EDU02015,Aishwarya Singh,Male,23,AIDS,2,76.5,3.1,6.1,8,3,70.7,69.8,73.6,74.2,71.0,7.21,6.91,1,162,23,0.7,1.5,69,79,No,Yes,School,Upper-Middle,Yes,Poor,High,7.14,90.6,High,92.7,73
EDU02016,Diya Kumar,Female,22,CSE,2,71.1,3.7,7.2,2,9,76.8,71.0,73.8,79.3,81.6,6.92,7.51,1,218,20,0.6,0.8,97,65,No,Yes,PG,Low,Yes,Good,Medium,7.39,110.84,Moderate,71.3,68
EDU02017,Aarav Reddy,Male,18,ECE,5,68.8,5.8,7.4,9,6,88.1,85.0,86.2,93.7,100.0,8.89,9.06,0,110,29,0.1,0.3,75,58,No,No,Diploma,Middle,Yes,Poor,Low,8.64,79.52,Moderate,73.6,79
EDU02018,Sanjay Verma,Female,20,AI&DS,4,70.7,3.7,8.2,8,9,80.6,87.7,79.2,77.5,83.0,7.29,7.79,0,164,10,0.8,2.3,76,90,No,Yes,PG,Middle,Yes,Poor,High,8.25,91.48,Moderate,75.0,65
EDU02019,Nisha Verma,Female,20,IT,8,74.4,1.6,7.8,1,9,55.4,52.9,49.3,56.3,58.8,5.86,5.62,3,190,15,2.4,0.8,90,92,Yes,Yes,PhD,Middle,Yes,Excellent,High,5.25,103.76,Critical,62.9,56
EDU02020,Sai Das,Female,18,AIDS,1,87.8,2.4,7.0,7,10,65.9,68.5,66.7,68.6,64.9,6.84,6.42,1,135,39,2.6,2.8,42,57,No,Yes,Diploma,Middle,Yes,Excellent,High,6.7,78.92,Moderate,86.9,49
EDU02021,Meera Kumar,Female,24,AI&DS,2,90.1,2.6,5.6,5,5,67.7,59.1,59.7,60.9,68.1,5.16,5.64,3,140,16,4.1,0.1,51,86,No,Yes,UG,Middle,Yes,Poor,High,6.22,84.44,Critical,90.2,57
EDU02022,Sneha Patel,Male,18,AI&DS,4,81.2,4.9,5.7,8,4,85.3,83.6,85.0,80.5,76.1,8.16,8.75,0,108,1,3.9,2.4,48,99,No,Yes,PhD,High,Yes,Good,High,8.46,73.28,Moderate,85.0,79
EDU02023,Aditya Das,Female,21,EEE,7,88.5,4.3,5.9,3,5,85.2,75.3,76.9,74.3,73.8,7.25,7.26,1,208,31,1.5,1.2,92,92,No,Yes,PG,High,Yes,Average,Medium,7.91,113.8,Moderate,80.5,78
EDU02024,Diya Kumar,Male,18,CIVIL,1,98.4,5.1,5.5,5,4,100.0,100.0,100.0,92.8,93.8,10.0,9.53,0,122,39,3.2,2.2,66,86,Yes,Yes,PhD,Upper-Middle,Yes,Average,High,10.0,90.16,Low,95.9,87
EDU02025,Aarav Reddy,Male,23,ECE,2,80.6,4.9,5.2,1,5,89.2,83.8,91.4,83.5,83.7,9.01,9.09,0,119,18,0.7,1.7,65,87,Yes,Yes,PG,Middle,Yes,Excellent,Low,8.81,82.04,Low,75.9,89
EDU02026,Meera Patel,Male,24,AI&DS,7,88.8,5.6,6.1,7,5,90.0,90.0,94.3,98.0,100.0,9.58,9.16,0,131,30,1.0,2.1,94,80,Yes,Yes,School,Low,Yes,Poor,Medium,9.14,99.32,Low,89.0,75
EDU02027,Pooja Sharma,Male,23,CIVIL,5,93.3,4.0,7.9,1,10,82.3,80.2,78.0,71.8,78.0,8.25,7.91,0,34,26,3.3,0.9,82,76,Yes,Yes,Diploma,Upper-Middle,Yes,Poor,Medium,8.02,76.92,Low,92.5,63
EDU02028,Harish Kumar,Male,21,MECH,3,86.3,2.3,5.9,5,8,68.7,69.4,68.0,69.7,65.9,6.8,7.22,0,207,2,1.9,0.7,99,100,No,Yes,PhD,High,No,Good,High,6.87,115.52,Low,91.0,74
EDU02029,Aishwarya Iyer,Female,24,MECH,7,73.4,2.4,7.3,8,9,61.1,58.7,55.8,52.6,55.3,5.37,5.51,4,91,0,1.1,0.9,49,50,Yes,Yes,UG,Upper-Middle,Yes,Average,High,5.85,67.16,Critical,64.1,57
EDU02030,Harish Singh,Male,18,EEE,7,88.5,1.5,5.1,10,6,61.6,58.4,63.4,60.7,63.2,6.87,7.42,0,128,23,0.4,0.9,77,43,No,Yes,School,Middle,Yes,Excellent,Medium,6.11,91.8,Moderate,100.0,51
EDU02031,Karthik Das,Female,17,AI&DS,6,85.2,3.3,6.9,5,4,75.1,65.7,71.3,64.2,73.2,6.55,6.41,1,48,13,4.6,2.9,42,48,No,Yes,Diploma,Low,Yes,Good,High,7.07,60.48,High,87.7,62
EDU02032,Ananya Kumar,Male,18,IT,2,82.3,2.8,8.2,6,8,73.0,77.9,73.1,74.8,76.4,7.18,7.05,0,117,2,0.6,0.3,81,70,Yes,Yes,PhD,Low,Yes,Average,High,7.47,88.72,Moderate,89.1,61
EDU02033,Diya Patel,Male,23,CSE,5,76.3,2.3,7.9,10,4,58.8,59.3,54.8,60.1,69.9,4.72,4.29,3,124,35,2.5,0.5,47,47,No,Yes,School,Middle,Yes,Good,Low,5.76,74.12,Critical,75.4,50
EDU02034,Pooja Singh,Female,17,ECE,6,83.1,2.6,7.0,7,10,66.5,70.9,64.8,58.7,65.7,7.1,6.68,2,67,19,1.0,2.1,64,64,No,Yes,PhD,Low,Yes,Excellent,Low,6.74,72.24,High,92.6,57
EDU02035,Arjun Iyer,Male,21,EEE,1,79.9,4.8,5.0,5,9,79.5,74.6,77.6,79.1,78.3,8.63,8.54,0,178,12,2.1,0.2,70,58,Yes,Yes,Diploma,Upper-Middle,Yes,Average,High,7.72,95.56,Low,79.6,71
EDU02036,Sanjay Nair,Female,18,AIDS,6,66.7,1.6,5.1,1,10,57.8,58.8,58.7,56.1,56.0,5.89,5.65,3,162,24,0.4,0.6,83,61,No,Yes,UG,Low,Yes,Average,Low,5.84,92.28,Critical,72.0,37
EDU02037,Riya Kumar,Female,19,EEE,6,76.6,2.9,7.8,7,9,76.4,80.6,79.5,78.0,75.7,7.99,7.76,1,167,29,1.7,1.5,47,82,Yes,Yes,UG,Middle,Yes,Average,High,7.88,82.84,Moderate,74.5,91
EDU02038,Sanjay Das,Female,19,AIDS,3,85.7,3.6,7.6,3,4,83.9,76.0,78.6,80.6,87.7,6.89,6.45,2,188,29,1.4,1.4,98,41,No,Yes,School,Middle,Yes,Good,Medium,7.95,111.08,High,76.5,42
EDU02039,Sneha Reddy,Male,21,EEE,3,73.7,2.2,6.1,1,9,67.1,70.6,71.8,74.5,81.7,7.78,7.71,0,199,9,4.4,0.6,85,49,Yes,Yes,PhD,Middle,No,Good,Medium,6.98,103.28,Low,84.6,65
EDU02040,Sneha Gupta,Female,22,EEE,6,79.5,3.1,7.4,1,6,75.5,71.8,77.0,77.7,80.3,8.35,8.25,0,141,38,4.1,2.6,99,73,Yes,Yes,Diploma,High,Yes,Good,Medium,7.48,99.6,Low,79.2,77
EDU02041,Sneha Reddy,Female,24,CSE,6,94.3,4.0,8.3,2,7,85.4,87.8,86.1,80.7,77.1,8.69,9.29,0,99,2,3.7,0.3,56,68,Yes,Yes,Diploma,Low,No,Excellent,Low,8.64,79.92,Low,87.7,87
EDU02042,Meera Reddy,Female,19,EEE,5,92.3,5.6,5.6,8,4,100.0,98.9,94.7,92.5,96.7,8.65,8.34,1,175,36,1.9,0.5,80,92,No,Yes,UG,High,Yes,Excellent,High,9.79,103.92,Moderate,77.6,75
EDU02043,Sanjay Nair,Female,18,ECE,8,93.1,1.1,6.6,3,6,65.5,70.6,63.3,67.9,65.7,6.8,6.45,1,114,32,0.6,0.7,89,99,No,Yes,PhD,Upper-Middle,Yes,Excellent,High,6.65,95.64,Moderate,94.2,52
EDU02044,Rahul Singh,Female,19,EEE,1,69.1,2.8,6.8,8,5,62.0,56.2,60.1,64.7,68.2,6.34,6.4,2,100,22,0.8,0.5,49,79,No,Yes,School,Middle,Yes,Good,Medium,5.94,67.24,Critical,66.6,65
EDU02045,Pooja Iyer,Female,21,IT,3,99.5,5.2,6.1,9,10,100.0,97.6,95.7,95.8,100.0,9.94,9.88,0,81,15,3.3,2.0,83,55,No,No,PG,Middle,Yes,Average,Low,9.78,89.2,Low,95.5,89
EDU02046,Aarav Sharma,Female,18,MECH,6,74.2,5.4,6.7,7,6,83.6,75.7,81.1,75.0,82.8,7.36,7.82,1,128,40,4.2,1.4,90,75,No,Yes,UG,High,Yes,Average,High,8.01,91.28,High,57.5,58
EDU02047,Aarav Patel,Female,23,ECE,7,89.1,4.3,5.2,7,10,84.5,83.5,88.1,80.4,78.8,9.34,9.42,0,161,26,1.7,1.0,51,72,No,Yes,School,High,Yes,Excellent,Medium,8.54,88.24,Low,86.2,93
EDU02048,Keerthi Kumar,Male,20,EEE,2,68.7,1.0,6.3,9,5,56.0,55.9,59.4,57.4,59.6,6.12,5.92,4,197,36,2.2,1.0,94,41,No,No,UG,Upper-Middle,Yes,Excellent,High,5.71,104.48,Critical,83.9,39
EDU02049,Arjun Reddy,Female,20,EEE,7,90.5,1.5,6.1,6,8,67.2,61.0,68.6,69.6,74.8,6.23,5.85,4,36,7,1.1,0.1,72,81,Yes,Yes,Diploma,Low,Yes,Excellent,High,6.56,72.2,Critical,85.6,68
EDU02050,Riya Iyer,Male,22,IT,3,100.0,5.4,8.4,4,7,98.1,92.2,98.5,99.3,100.0,10.0,10.0,0,220,4,4.5,2.6,71,94,No,Yes,PG,Low,Yes,Poor,Medium,9.63,112.4,Low,99.6,96
EDU02051,Aarav Nair,Male,22,AI&DS,7,89.1,2.4,6.2,2,6,64.6,60.0,58.3,55.0,54.2,5.74,5.26,2,152,36,4.4,2.5,60,54,Yes,Yes,Diploma,Upper-Middle,Yes,Poor,Medium,6.1,90.04,High,86.9,48
EDU02052,Diya Reddy,Male,21,CSE,2,96.6,2.2,5.9,5,4,68.1,62.9,66.2,72.2,73.0,6.7,6.44,2,64,30,1.2,0.6,86,81,No,Yes,PhD,Upper-Middle,Yes,Poor,High,6.57,85.84,High,91.6,47
EDU02053,Keerthi Das,Female,22,CIVIL,5,73.5,3.2,8.4,4,4,73.7,74.0,74.5,69.4,73.9,7.64,7.42,0,185,38,1.3,0.7,69,81,No,Yes,PhD,Upper-Middle,Yes,Poor,High,7.41,94.0,Moderate,72.3,73
EDU02054,Rahul Patel,Male,24,AIDS,2,74.1,5.4,7.7,7,8,95.4,100.0,100.0,100.0,100.0,9.03,8.61,0,39,32,1.2,1.2,79,44,Yes,Yes,PhD,Low,Yes,Excellent,High,9.85,69.04,Low,65.5,74
EDU02055,Vihaan Sharma,Male,17,EEE,8,79.5,1.0,7.3,5,7,53.5,45.7,52.3,57.8,54.8,5.04,4.69,4,36,36,3.4,1.0,96,45,Yes,Yes,UG,Middle,Yes,Good,High,5.05,77.4,Critical,71.0,32
EDU02056,Sai Sharma,Female,22,MECH,2,74.8,2.5,6.5,1,3,58.8,48.8,54.2,54.5,64.1,5.36,5.32,4,47,19,1.2,2.7,50,50,Yes,Yes,UG,High,No,Average,Low,5.39,59.32,Critical,75.8,62
EDU02057,Nithin Das,Male,22,EEE,2,88.5,4.6,7.5,8,6,95.5,90.7,88.8,91.6,95.7,7.96,7.95,0,135,15,0.4,0.0,50,92,No,Yes,Diploma,High,Yes,Average,Low,9.17,82.4,Moderate,86.9,84
EDU02058,Ananya Verma,Female,18,MECH,2,90.1,4.1,7.0,1,3,85.8,77.2,80.8,86.4,83.4,8.26,8.61,0,153,34,4.9,0.3,72,49,Yes,Yes,School,High,Yes,Poor,Medium,8.13,95.44,Low,86.3,84
EDU02059,Nisha Iyer,Female,24,AI&DS,5,68.8,1.7,5.8,8,10,55.7,50.8,49.6,47.6,46.7,4.74,4.27,3,220,0,0.9,1.9,53,100,No,Yes,Diploma,Low,Yes,Excellent,Low,5.2,92.72,Critical,69.6,41
EDU02060,Sai Sharma,Female,23,IT,7,90.8,4.4,6.4,3,10,84.5,89.5,87.6,80.5,87.6,8.1,8.2,1,195,18,1.5,2.5,80,81,No,Yes,PhD,Upper-Middle,Yes,Average,Low,8.72,107.32,Moderate,80.5,79
EDU02061,Arjun Das,Male,20,ECE,1,56.0,5.6,6.0,2,10,79.5,75.1,80.1,78.8,86.9,8.51,8.32,0,63,16,0.1,2.3,83,89,No,Yes,School,High,Yes,Poor,Medium,7.82,68.2,Low,47.3,60
EDU02062,Priya Singh,Male,24,AI&DS,1,61.8,1.3,5.8,10,3,47.1,40.0,43.0,47.8,45.0,4.8,4.34,4,121,1,1.9,2.0,72,41,No,Yes,School,Middle,Yes,Poor,High,4.34,77.72,Critical,62.7,35
EDU02063,Meera Kumar,Male,24,IT,5,98.7,1.8,5.2,6,6,77.9,77.9,77.5,71.9,79.4,7.6,8.19,0,133,14,1.4,0.9,95,73,No,Yes,School,Upper-Middle,Yes,Poor,High,7.78,104.08,Low,89.5,58
EDU02064,Diya Verma,Female,21,CSE,5,83.9,4.4,6.2,7,10,89.8,87.3,93.1,87.4,83.4,9.52,9.96,0,56,25,0.5,0.4,66,70,Yes,Yes,PG,Middle,Yes,Average,Low,9.01,71.16,Low,93.6,87
EDU02065,Arjun Nair,Female,22,EEE,8,77.3,1.4,5.8,6,4,54.1,52.1,49.0,41.3,45.0,5.26,5.82,3,56,23,3.2,1.2,47,82,No,Yes,PhD,Middle,Yes,Good,High,5.17,60.92,Critical,77.0,49
EDU02066,Arjun Verma,Female,23,IT,5,67.1,1.0,8.2,7,4,43.6,50.5,46.4,49.4,58.5,4.5,4.38,4,37,24,0.5,1.8,85,49,No,Yes,PG,High,Yes,Good,Medium,4.68,68.24,Critical,72.3,49
EDU02067,Aarav Sharma,Male,24,MECH,1,79.0,5.8,7.9,5,6,92.0,94.9,96.0,98.6,100.0,10.0,10.0,0,154,38,3.4,0.4,44,60,Yes,No,School,Middle,Yes,Excellent,Low,9.43,80.0,Low,81.2,99
EDU02068,Aarav Kumar,Female,17,ECE,3,84.6,5.1,7.8,10,10,92.9,83.5,86.8,86.2,88.2,9.62,9.52,0,209,40,4.6,1.9,41,75,No,Yes,School,High,Yes,Good,High,8.77,92.04,Low,93.3,89
EDU02069,Nithin Kumar,Male,24,CIVIL,5,100.0,3.9,7.4,4,6,88.9,81.0,82.5,79.6,76.9,9.08,9.49,0,102,18,4.8,1.9,56,91,Yes,Yes,UG,Low,Yes,Poor,Low,8.41,82.8,Low,95.4,89
EDU02070,Priya Patel,Male,22,MECH,7,73.5,5.3,5.8,4,6,80.6,80.9,83.8,85.9,84.3,7.54,7.78,1,82,31,0.7,0.6,95,93,No,Yes,PhD,Low,Yes,Average,High,8.18,83.8,Moderate,70.7,61
EDU02071,Aditya Patel,Female,19,IT,2,93.9,5.1,5.3,9,3,98.0,100.0,98.8,99.9,100.0,9.29,9.45,0,36,12,2.6,1.9,45,80,No,Yes,School,Middle,Yes,Average,High,9.89,62.76,Low,100.0,79
EDU02072,Nisha Nair,Male,18,EEE,4,77.7,2.0,6.1,9,9,58.7,56.9,61.6,59.5,65.3,5.18,5.76,4,218,28,2.4,2.9,77,67,Yes,Yes,PhD,High,No,Poor,Low,5.91,105.48,Critical,82.4,58
EDU02073,Nithin Singh,Female,21,EEE,3,80.9,5.6,7.3,10,9,96.6,87.6,92.9,95.9,98.0,10.0,10.0,0,144,23,1.3,0.4,93,99,Yes,Yes,UG,Low,Yes,Good,Medium,9.24,98.36,Low,92.2,98
EDU02074,Priya Verma,Male,23,ECE,2,89.9,2.7,7.2,6,9,73.3,71.9,77.1,73.5,80.2,8.38,8.47,0,107,17,1.6,1.3,76,92,Yes,Yes,Diploma,High,Yes,Average,Medium,7.41,87.76,Low,93.2,71
EDU02075,Diya Gupta,Male,18,CSE,8,78.4,2.8,7.9,10,9,73.2,75.7,73.7,71.7,76.7,8.24,7.8,1,175,22,2.4,0.1,42,64,Yes,Yes,School,Middle,Yes,Average,High,7.42,83.16,High,97.3,72
EDU02076,Ananya Das,Female,17,CIVIL,6,84.3,3.6,8.0,3,5,85.1,82.5,86.8,84.6,88.5,8.28,8.02,0,208,17,2.7,2.4,58,74,No,Yes,School,Low,Yes,Good,Medium,8.48,98.52,Low,87.1,59
EDU02077,Aishwarya Iyer,Female,23,IT,7,67.5,4.3,7.8,10,3,78.5,77.9,82.6,78.3,85.1,7.7,7.59,1,199,2,2.3,0.8,68,91,No,Yes,UG,Low,No,Excellent,Low,7.97,94.0,High,77.0,57
EDU02078,Ananya Iyer,Female,17,CSE,4,65.5,2.0,7.9,5,6,61.7,52.0,56.5,50.6,55.9,6.05,6.23,1,198,14,0.5,2.9,62,55,No,No,Diploma,High,Yes,Poor,Low,5.67,90.6,High,71.2,49
EDU02079,Ananya Verma,Female,19,CIVIL,4,58.4,5.5,5.7,2,3,83.1,78.4,84.9,84.4,87.1,8.59,8.55,0,28,23,4.2,0.4,87,84,Yes,Yes,PG,High,Yes,Average,Medium,8.21,63.76,Low,48.9,89
EDU02080,Rahul Nair,Male,21,AI&DS,2,90.5,4.9,6.9,5,10,97.1,97.2,94.7,95.5,91.6,9.48,9.93,0,138,5,3.2,2.9,90,87,Yes,Yes,School,Upper-Middle,Yes,Average,High,9.63,99.8,Low,94.7,100
EDU02081,Pooja Verma,Male,24,CIVIL,4,83.2,2.4,7.8,5,9,63.2,56.8,63.1,61.5,64.6,5.7,6.29,1,79,29,1.4,1.4,59,93,No,Yes,UG,High,No,Average,Low,6.1,72.68,Moderate,88.0,63
EDU02082,Riya Verma,Male,24,CSE,3,92.8,2.2,6.5,9,4,74.6,69.6,70.4,66.7,73.7,6.36,6.1,1,170,37,2.3,2.0,100,41,No,Yes,UG,Upper-Middle,Yes,Excellent,Low,7.15,111.12,High,91.9,66
EDU02083,Karthik Nair,Female,20,IT,4,83.0,2.8,7.6,1,9,71.6,73.8,71.1,67.3,77.2,6.68,7.11,0,58,4,4.0,2.9,90,83,No,Yes,PhD,Upper-Middle,Yes,Excellent,High,7.22,80.8,Low,81.7,89
EDU02084,Aarav Sharma,Female,23,CIVIL,8,100.0,3.9,7.9,10,5,88.6,86.9,92.1,90.3,96.0,9.95,10.0,0,146,37,2.6,0.1,94,76,No,Yes,PhD,Middle,Yes,Excellent,High,8.92,106.8,Low,87.8,86
EDU02085,Nisha Verma,Male,20,CSE,1,79.7,1.5,7.6,7,5,55.7,52.7,57.1,51.5,61.0,5.47,5.82,3,93,16,4.6,1.2,96,52,Yes,Yes,UG,Low,Yes,Good,High,5.52,88.88,Critical,88.8,54
EDU02086,Priya Gupta,Female,17,MECH,6,93.7,2.3,6.0,1,3,67.5,57.6,64.9,60.5,67.5,5.93,5.93,2,95,11,4.3,0.9,83,72,Yes,Yes,Diploma,High,Yes,Good,High,6.33,89.68,High,86.6,73
EDU02087,Rahul Verma,Female,17,CIVIL,7,75.9,2.6,5.8,6,6,74.1,78.9,73.0,72.8,69.1,8.01,8.39,1,159,40,4.7,1.0,40,51,Yes,Yes,PG,Low,Yes,Average,High,7.53,78.16,Moderate,80.4,73
EDU02088,Arjun Patel,Male,24,AI&DS,1,75.8,2.9,6.1,10,9,66.5,56.5,62.2,57.9,67.2,5.94,5.84,3,180,37,0.9,2.3,95,88,Yes,No,PhD,Middle,Yes,Good,Medium,6.17,104.32,Critical,81.4,67
EDU02089,Nisha Sharma,Male,17,CIVIL,2,79.6,1.0,6.3,8,3,54.9,62.9,61.4,59.5,69.2,5.89,5.51,2,150,8,0.9,0.9,54,82,Yes,Yes,PhD,Upper-Middle,Yes,Poor,Low,5.97,83.44,Critical,70.6,26
EDU02090,Sai Patel,Male,20,IT,2,94.9,2.1,7.0,3,8,78.4,71.3,78.8,75.3,73.1,7.35,6.89,1,45,17,3.9,2.4,45,65,Yes,No,School,Upper-Middle,Yes,Average,Low,7.62,64.96,Moderate,91.2,49
EDU02091,Aarav Iyer,Female,21,IT,2,90.5,5.0,8.3,4,8,95.0,97.5,98.3,100.0,100.0,10.0,10.0,0,42,31,2.0,0.1,46,78,Yes,Yes,UG,Middle,Yes,Excellent,High,9.69,63.0,Low,98.0,64
EDU02092,Aishwarya Kumar,Male,21,CSE,1,68.7,5.7,8.4,9,5,93.7,94.4,95.7,93.8,91.0,9.82,10.0,0,177,35,0.9,0.5,71,52,No,Yes,Diploma,Middle,No,Excellent,Low,9.46,91.28,Moderate,78.3,93
EDU02093,Diya Reddy,Male,22,CIVIL,6,89.7,3.1,7.6,10,4,84.4,91.1,92.6,92.0,99.1,10.0,9.84,0,89,1,0.5,0.1,76,68,Yes,Yes,Diploma,Middle,Yes,Good,High,8.94,84.08,Low,96.5,78
EDU02094,Nisha Gupta,Male,24,ECE,1,74.8,3.0,6.5,9,10,77.1,70.0,76.8,78.0,87.1,8.33,8.61,0,54,9,2.7,1.0,42,57,Yes,Yes,School,High,Yes,Good,Medium,7.46,57.52,Moderate,76.2,82
EDU02095,Vihaan Sharma,Female,23,IT,3,80.6,2.7,6.9,9,4,63.1,65.1,65.5,67.3,65.1,6.43,6.0,1,29,21,3.3,1.3,79,89,No,Yes,PG,Middle,No,Poor,Low,6.46,69.64,High,85.9,88
EDU02096,Priya Das,Male,22,ECE,4,80.7,2.4,8.5,4,6,68.7,62.0,60.6,62.8,64.1,5.97,6.03,1,73,7,0.3,2.1,98,89,Yes,Yes,Diploma,Low,Yes,Excellent,Medium,6.38,86.08,High,84.2,44
EDU02097,Ananya Das,Male,20,EEE,5,73.4,1.3,6.9,6,9,53.9,51.4,52.4,48.5,47.2,5.45,5.33,2,84,18,3.8,3.0,80,82,No,Yes,PhD,Middle,Yes,Good,Medium,5.26,78.16,Critical,76.9,61
EDU02098,Ananya Iyer,Female,18,IT,4,92.9,1.4,5.3,8,7,71.9,69.4,74.7,81.2,79.0,7.5,7.15,1,166,21,3.3,2.7,95,58,Yes,Yes,PhD,High,Yes,Poor,Medium,7.2,108.36,High,89.4,72
EDU02099,Riya Iyer,Female,17,EEE,8,86.9,3.7,7.4,5,4,82.0,87.0,86.2,79.2,89.2,9.6,9.89,0,164,10,1.7,0.5,47,95,No,Yes,Diploma,Low,Yes,Excellent,Medium,8.51,86.36,Low,89.9,89
EDU02100,Diya Iyer,Female,20,CIVIL,4,77.5,1.0,8.3,5,6,50.9,48.4,53.4,46.7,47.6,4.93,4.93,4,113,21,3.6,1.7,94,45,No,Yes,PG,Middle,Yes,Average,High,5.09,91.2,Critical,84.2,61
EDU02101,Sneha Patel,Female,19,MECH,8,95.3,5.4,5.9,2,9,97.4,90.7,93.2,91.5,91.2,9.25,9.09,0,121,13,1.2,1.1,72,65,Yes,Yes,School,Low,Yes,Excellent,Medium,9.38,91.12,Low,88.5,85
EDU02102,Nisha Nair,Male,19,EEE,7,94.9,5.6,5.8,5,6,98.9,90.4,94.7,91.7,91.9,8.84,8.92,0,147,38,3.8,1.3,80,58,Yes,Yes,Diploma,Middle,Yes,Excellent,High,9.47,99.36,Low,84.6,87
EDU02103,Vihaan Sharma,Male,24,CIVIL,8,74.8,2.9,7.4,6,6,62.4,64.5,63.9,67.0,76.6,6.25,6.56,2,189,23,4.6,1.8,96,74,Yes,Yes,PG,Low,Yes,Good,Medium,6.36,106.12,High,75.0,55
EDU02104,Harish Verma,Female,23,AI&DS,6,100.0,5.3,8.2,5,9,100.0,100.0,100.0,100.0,98.0,9.34,9.15,0,157,27,2.0,0.4,46,98,Yes,Yes,Diploma,High,Yes,Good,Medium,10.0,89.8,Low,98.9,68
EDU02105,Keerthi Gupta,Male,17,CIVIL,1,83.1,5.7,8.2,8,10,98.0,98.6,100.0,98.6,100.0,9.92,9.9,0,110,30,3.1,1.3,41,97,Yes,Yes,School,Middle,Yes,Good,High,9.89,71.64,Low,72.6,94
EDU02106,Nithin Iyer,Female,19,EEE,5,59.1,4.0,5.3,7,7,71.7,63.3,66.7,63.5,66.4,5.82,5.96,3,185,30,2.6,0.2,75,55,Yes,Yes,School,High,Yes,Average,High,6.72,90.64,Critical,53.6,66
EDU02107,Sanjay Sharma,Female,23,CIVIL,8,73.3,1.0,5.7,4,3,55.0,59.4,59.0,51.9,55.4,6.28,6.12,2,160,38,1.8,2.2,45,44,Yes,Yes,School,High,Yes,Excellent,Low,5.78,79.32,Critical,79.7,46
EDU02108,Pooja Kumar,Female,17,EEE,5,80.2,1.5,6.4,7,9,62.6,52.8,53.7,58.5,59.5,5.03,5.11,2,166,26,0.4,2.4,90,93,Yes,Yes,PhD,Low,Yes,Poor,Medium,5.64,101.28,Critical,89.4,39
EDU02109,Meera Singh,Female,22,EEE,1,88.4,1.8,7.7,4,10,68.2,62.6,65.0,68.0,68.1,6.06,6.51,1,195,17,1.7,2.8,97,87,Yes,Yes,PG,Middle,Yes,Poor,High,6.53,113.16,Moderate,100.0,76
EDU02110,Riya Iyer,Male,23,CSE,5,84.8,4.5,7.8,8,5,91.6,93.0,93.7,92.5,94.0,8.46,8.08,1,41,26,1.0,1.3,77,67,Yes,Yes,PG,Middle,Yes,Average,High,9.28,72.92,Moderate,87.0,79
EDU02111,Diya Nair,Male,23,MECH,8,80.7,1.2,7.6,1,4,61.5,64.6,59.2,64.8,62.1,5.27,5.57,3,67,7,4.3,0.8,52,55,No,Yes,School,Middle,Yes,Good,Medium,6.18,66.48,Critical,74.1,52
EDU02112,Harish Das,Male,18,ECE,7,84.3,1.0,6.8,9,10,62.4,56.2,60.9,60.1,57.2,5.59,5.53,4,103,14,4.5,2.0,43,70,No,Yes,School,High,Yes,Poor,High,5.98,71.52,Critical,75.3,54
EDU02113,Nisha Nair,Male,23,AIDS,5,77.7,2.3,7.3,6,6,72.3,63.7,67.1,69.9,79.0,6.44,6.66,1,72,15,1.9,1.2,45,41,Yes,Yes,Diploma,Middle,Yes,Average,Low,6.77,63.48,High,77.4,63
EDU02114,Aarav Patel,Female,24,IT,7,100.0,3.5,6.5,1,4,84.2,74.6,76.4,68.9,74.8,7.18,6.82,1,57,32,3.6,1.0,73,87,Yes,Yes,UG,Upper-Middle,Yes,Poor,High,7.84,80.6,Moderate,89.9,65
EDU02115,Keerthi Verma,Male,19,CSE,2,70.4,5.4,7.8,7,10,83.4,73.9,81.1,88.7,89.5,8.98,9.55,0,129,25,2.7,1.8,43,41,No,Yes,School,Middle,Yes,Excellent,Medium,7.95,71.16,Low,61.9,98
EDU02116,Harish Nair,Female,20,MECH,1,78.2,3.6,8.0,6,10,69.4,72.6,73.3,70.7,70.9,6.66,6.43,2,151,34,4.8,1.9,51,46,Yes,Yes,Diploma,Low,Yes,Good,High,7.18,81.88,High,69.1,58
EDU02117,Aishwarya Das,Female,20,AI&DS,2,83.5,3.6,7.9,1,3,83.2,74.3,83.7,79.4,84.9,8.55,9.01,0,216,24,2.3,2.3,67,90,Yes,Yes,UG,Middle,Yes,Poor,High,8.04,103.4,Low,90.2,89
EDU02118,Sneha Patel,Female,22,EEE,5,70.9,4.2,7.4,4,3,84.2,85.6,89.2,87.8,86.6,9.5,9.69,0,196,24,2.5,0.1,89,92,No,Yes,PhD,Low,Yes,Good,Medium,8.63,103.16,Low,63.6,100
EDU02119,Diya Reddy,Male,22,IT,5,81.3,3.9,6.0,1,10,74.2,73.1,70.7,75.1,70.7,7.11,7.14,1,122,38,3.6,2.4,44,75,No,Yes,PG,Upper-Middle,Yes,Poor,Medium,7.27,74.52,Moderate,86.2,89
EDU02120,Aditya Gupta,Female,21,CSE,1,95.0,2.6,6.4,3,9,82.1,74.9,77.7,84.6,80.1,8.65,8.52,0,212,40,4.7,1.6,66,61,Yes,Yes,PhD,High,Yes,Excellent,Medium,7.82,106.8,Low,91.7,75
EDU02121,Karthik Nair,Male,20,IT,2,77.4,1.6,7.4,3,7,58.0,61.1,60.7,68.0,75.9,5.67,5.46,4,45,34,3.4,0.2,78,66,Yes,Yes,PG,High,Yes,Poor,High,5.99,71.16,Critical,74.9,38
EDU02122,Sai Patel,Female,18,AI&DS,6,91.5,4.0,5.0,3,6,81.6,78.7,75.4,74.5,84.4,6.84,6.88,1,52,17,1.0,2.7,71,99,No,Yes,School,Low,Yes,Average,Medium,7.86,75.4,Moderate,89.7,58
EDU02123,Nisha Nair,Female,18,MECH,2,77.1,1.6,7.3,8,10,55.5,51.1,54.5,49.7,45.5,6.04,5.7,4,138,32,3.8,2.6,47,45,Yes,Yes,PhD,Middle,Yes,Good,Low,5.37,77.24,Critical,79.7,54
EDU02124,Sai Nair,Male,20,MECH,8,83.1,2.4,7.2,6,7,62.5,53.8,60.9,65.6,72.2,6.19,5.87,2,96,39,3.8,1.9,99,79,Yes,Yes,PG,High,Yes,Excellent,Medium,5.91,92.04,High,86.9,62
EDU02125,Ananya Patel,Female,23,CSE,5,73.4,5.8,8.5,4,5,99.2,89.3,91.2,97.4,99.7,8.5,8.19,0,188,19,4.2,1.6,78,80,No,Yes,PhD,Low,Yes,Poor,High,9.32,98.16,Low,77.7,59
EDU02126,Harish Reddy,Female,20,MECH,2,65.7,3.9,5.4,6,10,80.6,79.5,83.2,79.3,78.4,8.38,8.71,0,164,27,0.4,0.5,90,60,Yes,Yes,PhD,High,Yes,Poor,Low,8.11,95.08,Low,59.5,68
EDU02127,Nisha Kumar,Female,19,EEE,7,88.5,6.0,6.3,2,5,95.1,97.9,96.1,100.0,100.0,10.0,10.0,0,29,27,2.1,1.1,63,98,No,Yes,PG,High,Yes,Average,Medium,9.64,66.4,Low,86.5,100
EDU02128,Vihaan Gupta,Male,18,AI&DS,6,75.3,5.9,8.1,8,8,89.6,88.5,89.3,92.9,100.0,9.48,9.48,0,85,13,2.3,2.9,70,81,Yes,Yes,PhD,Upper-Middle,Yes,Poor,High,8.91,75.12,Low,55.3,100
EDU02129,Arjun Gupta,Male,24,MECH,2,90.7,2.8,7.1,2,9,75.2,78.4,76.8,76.2,79.8,7.63,7.51,0,65,6,0.0,0.1,41,56,No,Yes,School,Upper-Middle,Yes,Excellent,High,7.68,65.68,Low,91.7,59
EDU02130,Ananya Nair,Female,17,AI&DS,4,92.4,5.5,8.2,9,9,100.0,92.2,100.0,96.8,100.0,10.0,9.56,0,137,40,1.5,0.7,90,72,Yes,Yes,PG,Middle,Yes,Poor,High,9.74,100.36,Low,100.0,79
EDU02131,Nithin Gupta,Male,18,IT,7,87.3,4.4,7.6,7,5,85.3,90.4,85.2,79.3,89.1,9.5,9.26,0,56,6,1.3,1.5,71,67,Yes,No,PhD,High,Yes,Poor,Low,8.7,74.52,Low,95.8,77
EDU02132,Pooja Kumar,Male,18,CIVIL,6,81.9,2.0,7.1,4,8,71.7,76.3,73.3,73.3,81.6,6.89,6.97,2,199,33,4.5,0.9,83,79,Yes,Yes,PG,Low,Yes,Average,High,7.38,105.76,High,77.8,80
EDU02133,Aditya Gupta,Male,20,IT,3,80.1,4.2,5.8,3,10,77.7,76.2,72.4,79.2,78.5,6.8,7.18,0,196,19,2.4,1.1,51,58,Yes,Yes,PG,Low,Yes,Poor,Low,7.54,91.64,Low,87.7,56
EDU02134,Harish Das,Male,21,CSE,1,86.0,4.5,8.0,8,10,87.4,87.8,90.1,93.9,99.2,9.84,9.34,0,218,20,3.8,0.9,71,78,No,Yes,UG,Middle,Yes,Average,Medium,8.84,106.4,Low,82.8,100
EDU02135,Karthik Reddy,Female,22,ECE,8,81.2,1.7,6.1,10,10,68.9,70.1,70.4,77.4,76.8,7.82,8.31,0,172,10,4.6,0.1,77,46,Yes,Yes,PhD,Upper-Middle,Yes,Good,High,6.98,97.68,Moderate,76.6,82
EDU02136,Vihaan Reddy,Female,17,MECH,4,77.0,3.5,7.7,10,10,68.0,68.2,65.7,58.9,68.8,6.56,6.67,1,147,35,4.1,1.3,54,97,No,Yes,Diploma,Upper-Middle,Yes,Poor,Low,6.73,81.8,High,84.6,62
EDU02137,Ananya Das,Male,18,AI&DS,5,90.9,4.3,7.7,10,7,92.3,82.5,85.7,79.4,83.2,8.78,8.73,0,35,15,4.7,1.3,90,50,No,Yes,PG,Low,Yes,Good,Low,8.68,79.36,Moderate,84.4,74
EDU02138,Vihaan Das,Male,24,CSE,6,81.2,2.2,5.5,2,10,66.4,61.0,58.8,60.6,63.5,5.83,5.82,4,74,4,3.9,2.2,63,87,No,Yes,School,High,Yes,Average,High,6.21,72.48,Critical,80.0,74
EDU02139,Sanjay Das,Male,20,CIVIL,8,93.3,5.8,5.1,8,7,100.0,100.0,100.0,100.0,100.0,10.0,10.0,0,206,22,2.4,0.3,83,74,No,Yes,Diploma,Low,Yes,Good,High,10.0,111.72,Low,100.0,100
EDU02140,Diya Gupta,Female,18,CIVIL,6,66.1,5.3,5.9,4,3,77.7,70.5,71.1,65.7,61.0,6.69,6.39,1,186,27,2.4,1.8,72,55,No,Yes,PhD,Upper-Middle,Yes,Poor,Low,7.31,92.44,High,80.4,53
EDU02141,Sneha Reddy,Female,20,AI&DS,3,83.1,3.2,7.7,3,3,77.4,82.5,82.4,79.4,86.1,7.41,7.77,0,64,37,4.8,1.9,62,69,Yes,Yes,PG,Low,Yes,Average,Low,8.08,70.84,Low,82.1,56
EDU02142,Ananya Patel,Male,22,IT,7,91.2,1.2,5.2,2,4,69.0,60.5,62.2,54.5,52.7,6.27,6.68,2,188,3,4.7,0.2,49,50,Yes,Yes,Diploma,High,Yes,Average,Low,6.39,93.68,High,82.2,60
EDU02143,Vihaan Sharma,Male,24,EEE,6,100.0,1.9,8.0,6,3,66.4,63.5,67.2,61.1,63.7,6.74,6.65,1,41,4,4.2,2.6,96,60,Yes,Yes,UG,Low,Yes,Average,High,6.57,86.6,High,94.6,70
EDU02144,Ananya Kumar,Male,18,IT,8,86.8,4.9,8.3,1,5,89.2,82.8,83.0,75.9,78.2,8.42,8.4,1,44,18,3.0,0.7,98,97,Yes,Yes,School,Upper-Middle,Yes,Poor,Medium,8.5,82.72,Moderate,91.0,99
EDU02145,Aditya Singh,Female,18,AIDS,6,65.3,4.8,5.2,10,8,77.2,72.2,73.1,74.6,81.8,7.25,7.71,0,210,11,1.5,2.6,79,79,Yes,Yes,Diploma,Middle,Yes,Excellent,Medium,7.42,99.72,Moderate,54.6,64
EDU02146,Aarav Das,Male,24,ECE,6,75.9,4.7,5.7,7,7,89.4,79.7,88.9,91.6,94.5,8.55,8.66,0,45,34,1.9,1.4,45,70,Yes,Yes,PG,Upper-Middle,Yes,Excellent,Medium,8.6,57.36,Low,83.7,86
EDU02147,Sai Gupta,Male,17,CIVIL,2,88.7,5.7,6.0,1,6,100.0,100.0,100.0,100.0,100.0,9.13,9.31,0,139,34,0.1,2.2,99,95,No,Yes,PG,Low,Yes,Good,Low,10.0,102.88,Low,90.7,73
EDU02148,Nithin Gupta,Female,22,AI&DS,8,82.9,2.5,6.8,5,7,76.2,79.9,79.0,75.5,81.7,7.24,7.18,0,217,13,3.0,1.0,77,84,Yes,Yes,Diploma,Middle,Yes,Good,High,7.84,107.36,Moderate,94.8,61
EDU02149,Riya Singh,Male,22,MECH,3,71.0,3.9,8.0,10,5,78.3,84.7,80.2,82.1,91.6,8.31,7.94,0,25,3,0.4,0.3,55,92,No,Yes,School,High,No,Excellent,High,8.11,55.4,Moderate,63.0,66
EDU02150,Sneha Das,Male,20,AI&DS,1,84.7,5.6,6.6,8,5,100.0,98.0,94.5,99.2,100.0,8.46,8.42,0,182,21,0.1,3.0,57,66,No,Yes,School,Upper-Middle,Yes,Excellent,High,9.75,93.08,Moderate,90.2,88
EDU02151,Nisha Kumar,Male,22,MECH,3,86.6,5.3,6.8,10,10,90.3,90.3,85.4,91.5,95.2,7.89,7.69,0,125,6,2.5,3.0,52,100,No,Yes,PG,Middle,Yes,Poor,Medium,8.87,80.44,Moderate,90.3,53
EDU02152,Sanjay Patel,Male,18,IT,6,95.5,1.6,8.0,7,7,67.5,70.8,67.9,72.3,68.0,6.2,5.97,3,213,18,3.5,2.5,47,94,No,Yes,UG,Low,Yes,Excellent,Low,6.87,99.6,Critical,95.7,53
EDU02153,Ananya Kumar,Male,24,EEE,4,83.9,5.5,5.5,9,5,87.3,82.4,87.7,81.4,81.2,8.06,8.59,0,64,3,2.4,2.8,89,67,No,Yes,PG,Upper-Middle,Yes,Poor,High,8.58,81.96,Moderate,81.6,85
EDU02154,Sneha Nair,Female,19,MECH,1,78.3,5.0,6.5,10,10,83.9,85.7,87.7,86.9,92.7,9.19,8.98,0,198,9,4.3,2.0,47,80,No,Yes,School,Low,Yes,Average,Low,8.58,89.72,Moderate,84.4,81
EDU02155,Sanjay Iyer,Female,18,AI&DS,4,91.4,4.5,6.4,2,10,96.8,100.0,100.0,100.0,100.0,10.0,10.0,0,25,26,0.3,2.1,44,48,No,Yes,School,High,Yes,Good,High,9.89,59.16,Low,99.7,89
EDU02156,Karthik Das,Male,24,IT,7,81.1,2.3,5.2,9,6,63.9,60.0,60.0,56.4,54.1,6.03,5.9,3,171,38,4.8,0.2,69,68,Yes,Yes,PG,High,Yes,Good,Medium,6.13,94.24,Critical,87.1,52
EDU02157,Nisha Kumar,Male,18,CIVIL,4,78.1,1.8,5.0,4,9,61.2,67.3,60.6,58.9,62.8,5.42,5.59,4,54,8,1.3,2.8,66,45,Yes,Yes,PhD,High,Yes,Excellent,Low,6.3,68.44,Critical,80.3,55
EDU02158,Aditya Patel,Male,17,CIVIL,3,89.3,2.3,5.7,2,8,74.9,81.0,82.4,86.8,86.8,7.6,7.6,1,22,25,2.7,1.2,93,95,No,Yes,PG,Upper-Middle,Yes,Good,Low,7.94,77.32,Moderate,79.1,55
EDU02159,Harish Reddy,Male,17,ECE,8,78.8,2.3,8.3,4,9,73.5,78.6,71.8,66.4,70.5,7.64,7.63,1,97,4,1.6,1.4,95,96,Yes,Yes,Diploma,Low,No,Poor,Low,7.46,88.92,Moderate,82.7,72
EDU02160,Nisha Nair,Male,17,IT,3,91.9,3.9,6.5,3,5,89.2,88.3,93.3,97.6,100.0,8.76,8.66,0,184,14,0.9,1.2,88,94,No,Yes,UG,Middle,Yes,Average,Medium,9.03,108.76,Low,100.0,54
EDU02161,Meera Gupta,Female,21,AIDS,4,94.4,1.8,6.0,8,4,66.8,59.3,60.8,65.0,66.5,5.59,5.26,3,195,25,0.2,0.2,86,51,Yes,Yes,School,High,Yes,Excellent,High,6.23,111.16,Critical,99.6,69
EDU02162,Nisha Singh,Female,21,IT,4,78.0,3.9,5.7,3,7,78.7,70.4,72.7,74.1,79.0,7.01,6.86,2,201,17,5.0,1.4,47,50,Yes,No,Diploma,Low,Yes,Poor,High,7.39,90.2,High,81.7,37
EDU02163,Vihaan Nair,Male,21,IT,4,72.9,4.1,7.1,8,9,73.6,64.7,69.8,70.4,74.1,7.08,7.35,0,175,36,0.3,1.5,59,100,Yes,Yes,UG,Middle,Yes,Excellent,Medium,6.94,87.76,Moderate,63.7,44
EDU02164,Aditya Sharma,Male,20,EEE,7,57.4,3.3,7.5,7,4,68.5,65.7,67.5,63.7,62.3,5.9,6.24,1,82,31,4.2,2.8,68,50,Yes,Yes,School,Middle,Yes,Excellent,Low,6.72,66.56,High,55.8,41
EDU02165,Priya Patel,Female,17,MECH,5,82.4,2.9,7.1,6,3,79.9,73.1,72.1,79.8,75.9,6.94,6.47,2,190,15,1.6,1.6,58,45,Yes,Yes,PG,Low,Yes,Good,Low,7.5,94.16,Critical,80.7,53
EDU02166,Karthik Verma,Female,19,ECE,3,70.6,4.0,8.2,4,4,79.8,86.4,83.6,83.4,91.8,8.95,8.51,0,146,16,1.1,0.4,50,74,No,Yes,Diploma,High,Yes,Poor,High,8.33,77.44,Low,66.5,70
EDU02167,Karthik Iyer,Female,24,IT,5,85.7,2.4,5.5,8,5,69.1,60.3,61.2,67.0,71.6,5.56,5.88,2,181,24,0.2,2.7,83,83,Yes,Yes,Diploma,High,Yes,Excellent,Low,6.35,103.68,Critical,72.7,62
EDU02168,Meera Iyer,Male,21,EEE,2,77.4,5.1,5.8,10,4,91.6,90.3,86.8,90.7,96.3,9.55,9.37,0,188,9,1.4,2.4,50,78,No,Yes,UG,High,Yes,Average,Low,8.96,88.56,Moderate,79.9,72
EDU02169,Sneha Verma,Male,19,AI&DS,4,89.7,3.9,7.7,10,3,85.7,82.7,83.3,82.3,82.8,7.5,8.03,0,89,38,1.6,0.8,59,49,No,Yes,PG,Middle,Yes,Average,Low,8.39,77.28,Moderate,96.4,73
EDU02170,Sanjay Patel,Female,20,ECE,8,65.1,4.4,6.3,8,6,76.9,78.8,75.2,76.7,86.4,6.67,7.12,0,104,13,0.6,2.6,66,56,No,Yes,PhD,High,Yes,Good,Medium,7.7,73.24,Moderate,74.3,54
EDU02171,Vihaan Iyer,Female,18,AIDS,2,96.8,2.8,7.3,9,6,74.4,75.8,71.8,73.9,80.9,6.85,6.48,1,215,35,1.5,2.3,43,85,Yes,Yes,School,Low,Yes,Excellent,Low,7.4,98.92,High,92.5,75
EDU02172,Sai Kumar,Male,19,AI&DS,2,72.4,5.9,6.6,9,5,97.5,94.1,98.5,91.1,98.1,9.93,10.0,0,162,26,2.1,0.0,70,41,No,Yes,PhD,High,Yes,Excellent,Medium,9.67,89.36,Low,82.0,93
EDU02173,Keerthi Verma,Male,19,MECH,2,76.1,1.4,5.1,10,7,63.4,65.6,67.7,63.6,72.6,6.51,6.15,2,119,38,1.4,1.5,65,52,Yes,No,School,Middle,Yes,Excellent,Medium,6.56,80.24,Critical,84.8,29
EDU02174,Karthik Patel,Male,20,CIVIL,2,78.6,5.1,7.3,7,9,85.8,81.5,79.8,73.0,69.4,8.48,8.3,1,218,16,4.6,2.4,78,95,Yes,Yes,PG,Upper-Middle,No,Excellent,High,8.24,106.24,Moderate,70.4,85
EDU02175,Sai Nair,Male,17,AI&DS,1,67.8,2.4,5.0,3,5,67.1,66.0,70.2,67.1,76.1,6.4,6.52,1,197,17,3.1,0.7,96,96,Yes,Yes,Diploma,Middle,Yes,Average,High,6.78,104.92,High,77.0,65
EDU02176,Aarav Singh,Female,19,IT,4,90.3,4.7,5.4,1,4,83.5,74.1,82.9,77.3,87.1,8.41,8.6,0,72,34,0.9,0.4,87,92,Yes,No,UG,Low,Yes,Excellent,Low,8.02,85.32,Low,98.6,65
EDU02177,Riya Gupta,Female,24,AI&DS,5,70.6,5.7,7.2,1,10,94.9,95.6,99.3,100.0,98.6,10.0,9.56,0,99,21,1.0,1.8,94,90,No,Yes,Diploma,High,Yes,Average,Low,9.66,85.64,Low,70.4,84
EDU02178,Meera Sharma,Female,24,IT,6,60.2,1.1,8.3,3,6,44.3,50.0,49.9,56.5,57.1,5.15,4.95,3,86,32,1.1,1.5,99,89,No,Yes,Diploma,High,Yes,Poor,Medium,4.81,80.88,Critical,70.6,31
EDU02179,Arjun Nair,Female,23,ECE,1,89.9,5.6,5.7,3,5,97.5,95.7,96.9,95.3,99.3,9.58,9.12,0,74,32,3.1,1.6,40,49,No,Yes,PhD,Middle,Yes,Average,Low,9.67,66.76,Low,100.0,75
EDU02180,Ananya Verma,Female,19,ECE,5,69.7,5.9,5.5,3,6,95.9,87.5,88.0,86.7,82.8,8.04,8.24,0,69,0,1.8,2.5,90,61,No,Yes,School,High,Yes,Average,Medium,9.05,77.68,Low,84.6,58
EDU02181,Aditya Gupta,Female,20,EEE,3,77.9,1.6,6.9,4,6,56.6,62.8,60.7,56.9,58.4,6.1,6.44,1,120,35,2.4,2.2,62,47,Yes,Yes,PG,High,Yes,Average,Medium,6.0,79.96,High,81.4,59
EDU02182,Meera Nair,Female,24,CIVIL,7,69.7,2.5,6.5,3,9,61.9,57.7,61.2,53.8,57.1,5.44,5.87,3,198,19,2.1,2.9,57,85,Yes,Yes,UG,Upper-Middle,Yes,Excellent,Low,6.03,90.28,Critical,66.2,47
EDU02183,Harish Singh,Female,19,AI&DS,1,68.1,1.5,6.7,7,6,50.0,44.9,49.2,42.4,45.0,5.27,4.96,2,93,26,3.7,0.7,96,60,Yes,No,PG,Low,Yes,Excellent,Low,4.8,84.24,Critical,71.8,33
EDU02184,Priya Gupta,Female,20,AI&DS,1,98.4,1.7,7.6,4,3,66.9,71.3,73.3,73.1,76.6,6.37,5.9,2,53,5,4.2,2.6,51,55,No,No,PhD,Upper-Middle,Yes,Good,Low,7.05,70.36,High,100.0,38
EDU02185,Keerthi Reddy,Female,18,CSE,1,78.4,2.9,5.2,9,8,64.3,65.3,68.7,66.8,72.4,6.74,6.94,2,28,26,1.6,1.2,45,48,No,Yes,UG,High,Yes,Excellent,Low,6.61,54.96,Critical,60.2,70
EDU02186,Nithin Reddy,Male,21,CSE,6,98.2,1.7,6.9,8,10,74.8,69.0,67.0,67.5,66.6,6.39,6.34,2,72,21,3.1,1.2,82,53,Yes,Yes,UG,Upper-Middle,Yes,Average,Medium,7.03,86.48,High,90.6,36
EDU02187,Vihaan Nair,Male,17,ECE,8,89.4,5.9,5.2,1,10,96.0,96.9,99.7,92.4,88.8,10.0,10.0,0,131,1,2.2,1.8,57,97,No,Yes,School,Low,Yes,Good,High,9.75,84.76,Low,94.1,81
EDU02188,Sanjay Sharma,Female,20,EEE,5,83.5,4.1,7.1,7,4,80.8,88.0,87.3,86.3,91.8,9.49,9.45,0,64,8,4.7,1.0,61,68,No,Yes,School,Upper-Middle,Yes,Poor,High,8.54,70.6,Low,92.1,87
EDU02189,Riya Kumar,Female,23,AI&DS,4,79.5,3.1,5.9,10,4,80.2,71.8,76.7,70.7,79.6,8.4,8.17,0,94,20,4.0,0.5,41,57,Yes,Yes,PG,Upper-Middle,Yes,Good,Medium,7.62,67.0,Moderate,75.0,95
EDU02190,Sneha Sharma,Female,21,EEE,7,72.5,5.6,7.8,3,9,90.7,92.8,96.1,89.8,91.0,9.21,9.54,0,181,31,3.5,1.8,76,46,No,Yes,PhD,Low,Yes,Poor,High,9.32,95.6,Low,61.2,64
EDU02191,Pooja Sharma,Male,22,AIDS,1,89.5,3.0,5.5,10,5,77.5,69.4,72.8,69.8,65.6,7.1,6.98,1,104,2,4.9,2.4,89,83,Yes,Yes,School,High,No,Excellent,High,7.32,92.2,High,87.4,29
EDU02192,Keerthi Singh,Female,17,EEE,7,79.6,4.3,5.3,6,9,76.3,78.7,76.6,73.9,83.9,7.35,7.0,0,37,27,4.0,2.6,72,86,Yes,Yes,School,Upper-Middle,Yes,Average,High,7.72,68.04,Moderate,72.2,77
EDU02193,Harish Gupta,Female,23,AIDS,6,65.2,5.4,5.7,9,4,85.6,82.1,81.5,79.5,88.1,8.52,9.08,0,30,40,3.2,2.8,68,92,Yes,Yes,PG,Low,Yes,Poor,Low,8.31,59.28,Moderate,72.6,83
EDU02194,Sai Sharma,Male,17,MECH,5,68.6,1.3,8.5,7,5,51.9,44.5,50.2,43.7,45.0,5.4,5.54,3,27,29,2.6,2.2,50,79,No,Yes,Diploma,Low,No,Average,High,4.89,52.84,Critical,64.9,38
EDU02195,Ananya Reddy,Male,19,ECE,2,90.3,5.8,6.1,3,6,100.0,99.3,100.0,100.0,100.0,10.0,9.51,0,179,40,3.4,2.3,82,72,Yes,No,Diploma,Low,Yes,Poor,Medium,9.98,104.72,Low,100.0,78
EDU02196,Sanjay Das,Female,21,ECE,3,86.5,5.5,6.0,2,5,100.0,96.0,98.6,99.2,100.0,10.0,9.8,0,39,0,2.2,1.7,45,56,No,Yes,UG,Middle,Yes,Average,Low,9.82,60.4,Low,82.2,93
EDU02197,Aarav Das,Male,17,CSE,8,89.8,1.3,7.7,10,6,68.0,75.0,67.7,62.5,65.1,5.81,6.16,2,28,29,1.2,0.5,73,46,No,Yes,School,High,Yes,Average,Low,7.02,70.72,Critical,96.3,67
EDU02198,Sneha Verma,Male,23,CIVIL,6,92.4,4.2,7.3,7,8,93.4,97.2,100.0,100.0,95.8,9.3,9.55,0,146,5,2.1,1.4,91,69,No,Yes,PhD,Upper-Middle,Yes,Average,High,9.69,102.56,Low,89.2,95
EDU02199,Arjun Nair,Male,18,CIVIL,2,68.9,5.4,7.7,3,4,87.7,91.4,93.9,100.0,100.0,8.94,8.6,0,168,17,2.1,2.6,79,69,No,Yes,PG,High,Yes,Poor,High,9.1,92.76,Low,58.2,91
EDU02200,Diya Gupta,Male,17,CSE,1,81.4,5.2,5.5,8,6,89.9,81.4,85.0,82.1,87.1,9.11,9.59,0,175,21,4.9,1.0,50,76,Yes,Yes,School,Middle,Yes,Excellent,Medium,8.54,87.56,Low,69.1,88
EDU02201,Arjun Gupta,Female,24,ECE,8,76.8,1.7,6.7,6,3,62.3,66.4,60.9,54.8,55.2,6.42,5.97,4,173,38,0.5,1.9,77,73,Yes,Yes,UG,High,Yes,Average,High,6.32,96.12,Critical,77.8,66
EDU02202,Arjun Sharma,Male,20,MECH,1,85.9,3.3,8.0,2,3,83.5,89.8,82.2,85.2,91.0,8.9,9.04,0,150,30,3.0,1.8,98,64,Yes,Yes,UG,Upper-Middle,Yes,Good,High,8.52,103.56,Low,84.3,92
EDU02203,Nithin Nair,Male,23,CIVIL,3,86.0,5.1,8.1,1,3,90.4,90.0,93.9,100.0,100.0,10.0,10.0,0,152,4,1.7,2.1,93,85,Yes,Yes,PG,High,Yes,Average,Low,9.14,102.0,Low,100.0,94
EDU02204,Keerthi Verma,Male,23,CSE,5,92.1,4.5,7.5,7,7,96.0,89.0,97.1,96.3,100.0,8.84,9.32,0,54,26,4.3,2.9,78,85,No,Yes,Diploma,High,Yes,Excellent,Low,9.4,78.84,Low,100.0,61
EDU02205,Nithin Verma,Male,19,MECH,6,86.0,1.7,5.3,7,8,64.7,68.2,66.0,58.2,63.2,7.04,6.91,2,125,26,2.6,2.6,99,76,Yes,Yes,Diploma,Upper-Middle,Yes,Good,Low,6.63,99.0,High,83.5,70
EDU02206,Sneha Patel,Male,21,AI&DS,3,95.1,1.9,8.4,10,4,65.0,57.1,63.5,60.0,64.2,5.56,5.88,3,29,6,0.2,2.5,82,55,No,Yes,Diploma,Low,Yes,Good,Low,6.19,76.64,Critical,100.0,48
EDU02207,Aditya Gupta,Female,21,CSE,3,84.0,5.6,5.7,5,8,96.5,96.8,98.7,100.0,95.5,10.0,10.0,0,179,4,0.4,1.2,95,78,Yes,Yes,PG,High,Yes,Excellent,Low,9.73,107.4,Low,89.1,95
EDU02208,Riya Gupta,Female,23,AIDS,4,77.6,5.6,7.4,8,5,86.5,80.7,87.6,93.1,90.7,9.06,9.33,0,54,30,3.0,0.1,91,43,No,Yes,UG,High,Yes,Average,High,8.49,78.24,Low,69.3,97
EDU02209,Meera Patel,Female,22,AIDS,7,83.5,2.0,8.4,9,10,71.6,73.0,74.6,69.5,72.9,7.4,7.25,0,99,14,0.6,0.5,74,47,No,Yes,School,Middle,Yes,Average,Low,7.31,82.8,Moderate,84.1,62
EDU02210,Sanjay Reddy,Male,21,CIVIL,1,86.0,5.3,8.4,7,10,100.0,100.0,96.3,100.0,100.0,10.0,9.55,0,203,6,2.6,1.9,78,70,Yes,Yes,PG,Low,Yes,Good,High,9.88,106.2,Low,87.6,97
EDU02211,Arjun Iyer,Male,24,AIDS,2,81.3,1.4,7.6,3,10,62.3,53.1,62.4,61.2,69.0,6.89,6.6,1,34,25,4.2,2.3,93,50,Yes,Yes,PhD,Low,No,Excellent,High,5.93,76.52,Moderate,90.2,64
EDU02212,Riya Sharma,Male,18,ECE,1,83.5,3.4,8.5,7,4,81.7,75.8,80.8,80.1,76.7,7.96,8.51,0,130,38,2.2,0.2,51,65,No,Yes,UG,Low,Yes,Average,Medium,7.94,79.8,Moderate,74.5,61
EDU02213,Diya Das,Female,17,AI&DS,8,67.8,2.1,5.6,2,5,66.1,72.6,67.9,72.3,79.3,7.57,8.12,1,123,9,2.3,0.3,67,70,Yes,Yes,PhD,Middle,Yes,Good,Low,6.89,78.52,Moderate,57.7,77
EDU02214,Keerthi Gupta,Female,18,AIDS,5,86.4,1.0,6.1,6,4,53.8,54.5,50.4,48.4,55.7,5.79,5.81,2,89,17,3.1,2.6,93,72,No,Yes,UG,Middle,Yes,Poor,High,5.29,89.56,Critical,97.9,52
EDU02215,Sai Iyer,Male,20,CSE,8,60.3,5.4,7.3,4,9,79.3,85.2,77.9,84.5,81.5,8.4,7.97,0,170,4,3.6,1.6,49,70,No,Yes,UG,Middle,No,Average,Medium,8.08,77.72,Low,51.6,100
EDU02216,Keerthi Gupta,Male,19,CIVIL,5,81.8,6.0,5.6,7,10,96.4,100.0,95.8,89.9,87.9,9.9,9.93,0,177,17,1.2,0.1,99,69,Yes,Yes,PG,Middle,Yes,Excellent,Medium,9.74,107.72,Low,95.3,95
EDU02217,Nithin Gupta,Female,23,AI&DS,6,83.9,2.9,8.5,2,6,72.0,63.6,63.2,57.7,63.2,6.31,6.49,1,50,12,4.9,1.1,66,40,Yes,No,UG,Low,Yes,Poor,Low,6.63,69.96,Moderate,72.8,79
EDU02218,Keerthi Iyer,Female,17,ECE,7,83.0,5.2,7.4,3,9,86.5,90.4,86.7,84.1,90.2,8.93,8.66,0,67,26,0.1,0.5,75,57,No,Yes,Diploma,Upper-Middle,Yes,Excellent,High,8.79,76.6,Low,83.4,98
EDU02219,Sneha Patel,Female,22,EEE,6,82.4,3.6,8.0,1,5,80.5,87.3,86.4,84.4,80.0,7.68,7.68,0,47,23,2.6,1.5,60,83,Yes,Yes,School,High,Yes,Poor,Medium,8.47,66.36,Low,90.8,79
EDU02220,Diya Kumar,Female,22,AIDS,7,83.9,2.3,7.0,4,5,62.6,60.6,57.8,56.1,53.6,5.33,5.81,3,216,12,2.0,0.9,60,45,Yes,Yes,PG,Low,Yes,Average,High,6.03,100.76,Critical,85.4,43
EDU02221,Sai Reddy,Female,22,CIVIL,8,86.8,5.4,7.2,7,9,91.4,86.5,91.4,97.6,100.0,10.0,9.57,0,97,33,3.4,0.1,79,85,No,Yes,PhD,High,Yes,Good,Medium,8.98,85.72,Low,81.5,92
EDU02222,Riya Reddy,Male,18,ECE,7,87.4,3.7,7.6,8,7,88.7,93.6,87.9,88.0,89.4,7.81,7.59,0,141,4,2.7,1.7,82,44,Yes,Yes,School,Upper-Middle,Yes,Poor,High,9.01,95.96,Moderate,90.6,77
EDU02223,Keerthi Reddy,Male,22,MECH,8,93.9,1.5,5.6,1,6,70.2,61.5,61.5,58.9,63.7,6.78,6.53,1,74,40,0.7,2.9,47,50,No,Yes,Diploma,Low,Yes,Good,Medium,6.44,71.16,Moderate,95.4,70
EDU02224,Keerthi Kumar,Male,19,MECH,5,75.8,1.3,7.9,2,5,49.9,51.4,47.2,45.2,45.0,5.43,5.34,3,204,9,2.3,2.8,68,82,Yes,Yes,School,Low,Yes,Good,Low,4.95,98.32,Critical,64.1,55
EDU02225,Sneha Verma,Female,23,EEE,7,80.0,3.5,6.8,10,3,78.4,80.6,78.3,75.7,83.9,8.77,9.09,0,114,18,3.7,1.2,46,95,Yes,Yes,PhD,Low,Yes,Average,Low,7.91,73.2,Moderate,93.0,79
EDU02226,Karthik Sharma,Female,21,CIVIL,4,74.6,3.1,6.8,3,8,68.9,60.3,63.0,70.8,74.3,7.06,7.65,1,172,28,1.6,2.4,51,94,No,Yes,PG,Low,Yes,Good,Medium,6.41,84.64,Moderate,74.2,62
EDU02227,Sai Verma,Female,21,ECE,3,79.1,4.1,5.1,9,4,84.1,81.4,81.9,83.7,82.4,8.64,8.94,0,211,40,2.2,0.6,45,60,Yes,No,School,Middle,Yes,Good,High,8.25,91.84,Moderate,79.0,66
EDU02228,Nisha Reddy,Male,19,AI&DS,7,71.9,5.6,8.2,7,3,82.9,78.0,80.1,83.0,84.7,7.2,7.1,0,118,8,5.0,0.6,83,58,No,Yes,PG,Low,Yes,Good,Medium,8.03,85.56,Moderate,71.0,51
EDU02229,Sneha Iyer,Male,22,CSE,1,68.1,3.9,7.1,1,8,79.2,80.2,83.4,81.9,89.3,8.8,8.67,0,44,3,1.2,1.1,55,41,No,Yes,Diploma,Middle,Yes,Average,Medium,8.09,58.04,Low,65.5,65
EDU02230,Keerthi Gupta,Female,23,CIVIL,8,95.7,4.7,6.5,5,4,86.5,93.5,94.9,97.5,93.5,9.43,9.1,0,164,39,3.7,1.5,51,58,No,Yes,UG,High,Yes,Average,Medium,9.16,91.48,Low,94.0,86
EDU02231,Karthik Singh,Male,24,CSE,1,84.8,1.3,7.3,6,10,66.8,70.7,65.9,72.8,79.7,7.27,7.84,0,180,31,1.4,1.1,67,53,No,Yes,UG,Middle,No,Average,High,6.78,96.72,Low,75.2,73
EDU02232,Priya Patel,Female,20,EEE,2,81.4,5.9,7.8,3,8,95.1,88.9,93.5,91.2,86.9,10.0,9.83,0,200,14,4.2,0.1,58,43,No,Yes,UG,Low,Yes,Average,Medium,9.25,95.76,Low,78.5,81
EDU02233,Pooja Reddy,Female,19,MECH,7,94.8,4.8,8.5,4,6,95.6,87.6,88.2,94.0,90.1,8.77,8.4,0,200,12,2.1,1.5,47,85,No,Yes,Diploma,Low,Yes,Good,Low,9.05,96.72,Low,91.5,77
EDU02234,Aditya Das,Male,23,ECE,7,85.0,1.0,7.1,1,10,54.1,51.0,51.3,44.9,45.0,5.73,5.92,4,157,27,3.8,1.6,89,67,Yes,Yes,UG,Low,Yes,Average,Low,5.21,101.0,Critical,100.0,46
EDU02235,Meera Iyer,Female,24,EEE,6,76.0,2.2,8.3,8,3,59.1,60.5,56.9,61.3,57.3,4.75,4.47,2,36,39,5.0,0.9,48,87,Yes,Yes,School,Upper-Middle,Yes,Good,Low,5.88,56.8,Critical,82.5,62
EDU02236,Sanjay Reddy,Female,21,CSE,6,77.2,2.3,5.9,3,8,63.7,69.2,62.8,56.0,60.4,7.23,6.74,1,90,5,3.4,0.9,73,64,Yes,Yes,PG,Middle,Yes,Good,Medium,6.52,78.08,Moderate,75.8,75
EDU02237,Karthik Verma,Male,19,CSE,7,98.1,3.2,5.2,5,3,86.8,94.3,91.3,92.7,91.1,8.98,9.29,0,30,4,2.4,0.2,63,84,Yes,Yes,UG,High,Yes,Good,Low,9.08,70.44,Low,100.0,87
EDU02238,Vihaan Kumar,Female,21,ECE,2,69.9,5.9,7.3,3,5,94.3,94.8,95.4,90.4,87.7,8.87,9.07,0,219,40,3.4,2.6,96,54,Yes,Yes,PG,Upper-Middle,No,Good,Low,9.48,110.16,Low,64.2,86
EDU02239,Karthik Reddy,Female,20,AIDS,8,82.2,4.2,7.7,3,9,79.9,83.3,84.2,78.1,78.5,7.99,8.23,0,119,2,1.6,0.7,100,63,No,Yes,PhD,Upper-Middle,No,Poor,High,8.25,96.68,Low,84.5,51
EDU02240,Sneha Das,Male,20,EEE,8,78.4,3.3,8.3,5,8,78.5,69.1,72.1,75.4,81.8,7.84,7.48,0,77,3,4.0,2.5,49,87,Yes,Yes,School,High,Yes,Excellent,Medium,7.32,66.36,Low,77.5,64
EDU02241,Sai Iyer,Male,24,ECE,2,82.9,4.2,5.5,10,6,82.5,73.7,74.5,74.5,69.5,6.56,6.55,2,159,35,3.3,1.6,44,97,Yes,Yes,PhD,Upper-Middle,Yes,Good,Low,7.69,82.56,Critical,74.4,59
EDU02242,Pooja Kumar,Male,23,CIVIL,7,86.4,2.7,8.3,2,8,78.2,75.0,81.1,79.1,76.3,8.86,9.21,0,177,13,1.9,2.3,76,62,No,Yes,UG,High,Yes,Average,Low,7.81,100.36,Low,75.0,83
EDU02243,Diya Singh,Female,17,AIDS,4,87.7,1.8,6.6,2,9,69.1,61.5,69.3,64.0,68.1,6.66,6.39,1,30,38,3.1,1.2,49,68,Yes,Yes,School,High,Yes,Poor,Low,6.66,60.68,Moderate,88.8,65
EDU02244,Vihaan Kumar,Female,17,AIDS,6,95.2,5.7,6.8,3,5,95.6,100.0,95.9,93.0,97.3,10.0,10.0,0,105,32,2.4,2.5,99,70,Yes,Yes,UG,Middle,Yes,Excellent,Medium,9.72,98.68,Low,91.6,94
EDU02245,Priya Gupta,Female,17,ECE,8,99.2,5.4,7.9,8,9,100.0,100.0,99.1,100.0,100.0,10.0,10.0,0,84,25,3.7,2.5,45,51,Yes,Yes,PG,Middle,Yes,Average,High,9.97,74.48,Low,95.1,99
EDU02246,Riya Singh,Female,17,ECE,5,74.8,1.2,5.5,3,8,58.4,59.3,56.9,53.2,61.0,6.28,6.26,2,95,21,2.9,1.7,47,72,Yes,Yes,School,Low,No,Average,Low,5.82,67.72,High,72.6,50
EDU02247,Aarav Gupta,Female,21,EEE,2,89.5,3.4,6.2,6,5,75.9,66.5,72.5,76.7,85.8,6.89,7.4,0,27,12,0.3,1.7,90,69,Yes,Yes,PG,High,Yes,Average,Medium,7.16,77.2,Moderate,99.6,72
EDU02248,Sneha Gupta,Male,20,ECE,3,64.6,5.4,5.4,6,6,86.7,91.0,85.8,91.7,88.6,9.23,9.31,0,129,29,4.9,0.7,80,64,Yes,Yes,PhD,Middle,Yes,Excellent,Low,8.78,83.64,Low,60.0,66
EDU02249,Pooja Sharma,Female,22,AI&DS,7,79.5,5.7,5.1,10,7,100.0,98.4,99.3,91.5,96.5,10.0,10.0,0,108,4,4.2,0.7,77,47,No,Yes,PG,High,Yes,Poor,Medium,9.92,84.2,Low,85.6,75
EDU02250,Nithin Nair,Female,20,CIVIL,5,71.1,2.9,5.3,8,4,62.8,62.6,63.7,65.6,67.7,6.02,6.47,2,176,35,2.5,0.7,78,44,No,Yes,PG,Low,Yes,Poor,Medium,6.3,94.84,Critical,68.5,50
EDU02251,Aditya Verma,Female,23,IT,4,76.9,2.2,5.7,4,4,57.9,61.7,56.2,61.3,60.9,5.6,5.16,4,169,16,0.6,1.8,62,45,Yes,No,UG,Upper-Middle,Yes,Average,High,5.86,89.36,Critical,72.6,70
EDU02252,Vihaan Kumar,Male,22,IT,1,85.7,5.8,8.2,1,6,98.7,100.0,100.0,98.6,100.0,9.0,9.57,0,33,31,2.5,2.3,80,71,Yes,Yes,PG,Upper-Middle,Yes,Good,High,9.96,72.88,Low,78.0,78
EDU02253,Priya Sharma,Male,22,AIDS,2,70.9,5.2,5.6,4,4,90.9,98.0,96.6,98.2,100.0,10.0,9.94,0,193,5,4.9,0.9,41,94,Yes,Yes,UG,Middle,Yes,Poor,Medium,9.52,83.36,Low,59.0,82
EDU02254,Vihaan Reddy,Female,23,CSE,8,56.5,5.5,6.9,2,5,86.8,77.9,83.2,79.1,77.4,9.19,8.97,0,189,9,3.8,0.6,82,45,No,Yes,PhD,Low,Yes,Average,Low,8.26,93.2,Low,61.0,83
EDU02255,Nithin Reddy,Female,23,MECH,7,90.9,2.7,7.9,8,9,80.7,81.3,84.7,77.6,74.7,8.04,7.63,0,116,7,0.6,0.8,44,42,No,Yes,UG,Upper-Middle,Yes,Average,Low,8.22,77.16,Moderate,81.4,63
EDU02256,Aarav Das,Female,18,IT,5,94.4,2.3,5.4,2,7,78.1,80.1,81.9,73.9,71.2,8.68,8.92,0,175,33,4.1,2.4,51,80,Yes,Yes,Diploma,High,Yes,Excellent,Low,8.0,93.16,Low,79.8,92
EDU02257,Riya Verma,Female,20,EEE,3,95.1,2.8,7.7,8,3,74.9,73.3,70.0,64.5,65.1,7.84,8.36,0,87,35,2.9,0.7,40,96,No,Yes,School,Low,Yes,Poor,High,7.27,71.44,Moderate,92.8,72
EDU02258,Sneha Kumar,Female,18,CSE,3,94.6,5.4,5.2,3,9,92.6,90.0,93.3,85.4,90.7,8.43,8.8,0,205,36,3.9,1.2,57,100,No,Yes,PhD,High,Yes,Poor,Low,9.2,101.64,Low,89.5,100
EDU02259,Harish Das,Male,18,CIVIL,4,74.8,4.6,8.4,5,6,84.1,82.3,82.6,90.4,92.7,8.24,7.86,0,124,18,2.6,2.1,56,55,Yes,Yes,UG,High,No,Excellent,Low,8.3,77.12,Moderate,69.0,54
EDU02260,Aditya Verma,Male,22,CIVIL,1,90.0,3.9,5.7,3,9,79.7,84.2,82.9,81.8,77.1,7.86,7.51,0,48,22,0.7,1.4,53,74,Yes,No,PhD,High,Yes,Average,High,8.23,66.8,Low,95.8,74
EDU02261,Rahul Singh,Female,18,MECH,3,84.2,2.7,8.3,10,9,68.0,74.9,67.5,65.7,67.4,6.1,6.17,2,218,32,1.8,2.6,56,42,No,Yes,UG,Middle,Yes,Poor,High,7.01,99.68,Critical,81.5,67
EDU02262,Pooja Iyer,Female,20,EEE,7,61.5,4.1,8.3,9,9,76.1,78.0,77.5,79.0,74.9,8.72,9.01,0,206,18,4.6,2.7,48,100,No,No,UG,Upper-Middle,Yes,Excellent,High,7.72,85.0,Moderate,59.1,66
EDU02263,Rahul Kumar,Male,22,ECE,7,72.0,4.9,7.8,10,3,79.9,71.5,78.2,74.1,77.3,6.88,6.97,1,125,28,3.5,0.5,90,76,No,Yes,UG,Low,Yes,Good,Low,7.65,89.8,High,78.0,82
EDU02264,Aarav Das,Male,19,AIDS,1,78.5,5.0,5.7,7,9,83.0,73.5,77.3,82.2,90.5,7.72,7.5,0,136,0,4.1,1.7,88,100,No,Yes,UG,Low,Yes,Poor,Medium,7.79,93.8,Moderate,73.7,87
EDU02265,Sai Patel,Male,22,IT,7,78.1,4.4,7.4,6,8,80.4,80.4,84.3,84.5,81.2,9.11,9.53,0,29,22,2.1,1.0,60,62,Yes,No,UG,Low,Yes,Good,Low,8.17,61.04,Low,79.7,83
EDU02266,Riya Patel,Female,19,AIDS,1,71.9,3.4,8.2,10,6,68.0,64.9,69.6,66.2,64.1,6.56,6.67,1,83,9,2.7,0.0,87,70,Yes,No,Diploma,High,Yes,Poor,High,6.75,80.16,High,86.5,58
EDU02267,Aditya Verma,Female,20,ECE,6,80.6,4.8,5.7,6,10,92.2,95.1,96.7,100.0,98.9,8.79,8.69,0,155,29,3.9,0.8,79,87,Yes,Yes,School,High,Yes,Average,Low,9.47,94.84,Low,88.9,69
EDU02268,Karthik Iyer,Male,22,AI&DS,7,78.2,5.8,5.7,4,7,90.7,86.5,93.3,97.3,100.0,9.82,10.0,0,82,35,3.7,1.6,55,52,Yes,Yes,PhD,High,Yes,Average,Medium,9.02,69.68,Low,87.7,90
EDU02269,Sneha Kumar,Female,19,MECH,2,90.5,2.4,6.8,1,8,70.2,70.8,68.2,65.0,72.7,7.58,7.59,0,29,26,1.2,0.9,42,57,No,No,Diploma,Low,Yes,Poor,High,6.97,58.8,Low,78.2,72
EDU02270,Sai Das,Female,21,AIDS,7,78.9,2.1,7.2,8,10,68.9,66.6,65.1,57.4,56.2,6.41,5.95,2,22,12,5.0,1.3,40,98,No,Yes,PhD,Low,Yes,Excellent,Low,6.69,51.96,Critical,74.2,57
EDU02271,Ananya Gupta,Female,20,CSE,1,100.0,3.5,7.6,8,4,80.5,72.9,80.8,78.7,81.5,7.22,7.34,0,58,8,0.7,0.4,92,84,No,Yes,School,High,Yes,Poor,Medium,7.81,88.4,Moderate,94.2,67
EDU02272,Aarav Das,Female,18,MECH,8,78.6,1.8,5.9,7,8,65.9,56.7,62.7,60.3,67.2,6.72,6.84,2,189,4,3.1,2.9,62,52,No,No,Diploma,Upper-Middle,Yes,Good,High,6.18,94.04,High,88.8,47
EDU02273,Rahul Patel,Male,18,AI&DS,8,76.3,4.6,7.0,4,7,89.2,86.6,83.2,82.7,87.7,8.1,8.51,0,189,20,4.2,2.2,79,64,Yes,Yes,PhD,Low,Yes,Poor,High,8.63,99.92,Low,76.8,75
EDU02274,Rahul Gupta,Male,22,IT,3,89.5,3.3,6.7,3,5,85.3,89.7,90.1,90.5,91.8,9.88,9.89,0,117,35,0.3,2.3,75,93,Yes,Yes,School,High,Yes,Poor,Low,8.84,89.2,Low,77.5,85
EDU02275,Diya Reddy,Female,22,AI&DS,4,77.8,2.6,8.3,9,6,72.1,63.3,71.4,77.5,82.3,7.4,7.42,0,43,19,4.8,0.9,43,61,No,Yes,PG,Upper-Middle,Yes,Poor,Medium,6.89,56.92,Moderate,79.8,97
EDU02276,Rahul Reddy,Female,18,CSE,1,86.7,4.4,6.1,6,8,93.3,94.0,96.3,92.1,89.8,10.0,9.51,0,128,34,3.7,2.4,81,50,Yes,Yes,UG,Middle,Yes,Good,Low,9.45,92.68,Low,80.5,100
EDU02277,Sai Singh,Female,17,EEE,3,85.8,3.6,8.4,5,8,78.5,84.0,79.6,80.6,79.2,8.4,8.83,0,155,20,4.5,2.1,83,92,No,Yes,School,Middle,Yes,Excellent,High,8.07,98.52,Low,80.9,78
EDU02278,Harish Singh,Female,21,ECE,2,83.2,1.1,7.1,3,3,59.7,59.9,58.2,58.5,63.0,5.81,6.02,1,153,27,0.7,1.6,78,51,No,Yes,PG,Middle,Yes,Average,Low,5.93,95.08,High,83.6,63
EDU02279,Nisha Singh,Male,24,EEE,3,79.3,3.0,7.2,2,10,71.9,74.9,76.9,69.4,74.1,8.68,9.15,0,197,32,0.6,1.4,67,67,No,Yes,PhD,High,Yes,Poor,Low,7.46,97.92,Low,85.1,99
EDU02280,Rahul Kumar,Male,20,AI&DS,2,85.6,4.5,6.6,1,7,86.2,88.1,88.4,85.1,94.4,9.63,9.74,0,162,32,1.7,0.0,91,71,Yes,No,PhD,Middle,Yes,Good,Low,8.76,103.04,Low,89.1,95
EDU02281,Pooja Kumar,Female,19,CIVIL,1,86.8,4.6,6.0,3,3,84.3,82.4,80.6,75.3,75.8,7.84,8.21,0,70,38,4.4,1.5,94,72,Yes,Yes,Diploma,Middle,Yes,Poor,Medium,8.24,86.32,Low,88.1,81
EDU02282,Harish Gupta,Female,20,IT,6,70.3,5.8,7.8,6,8,86.6,79.4,80.3,72.8,81.5,8.42,8.2,0,167,1,5.0,1.4,93,57,No,Yes,PhD,High,No,Average,High,8.21,98.72,Moderate,61.8,83
EDU02283,Aarav Reddy,Male,19,CSE,3,92.2,2.2,7.6,1,6,74.5,73.0,78.5,80.2,82.3,6.97,6.67,2,208,27,0.2,1.9,48,43,No,Yes,School,Low,Yes,Good,Low,7.53,97.68,High,94.7,72
EDU02284,Aarav Nair,Female,24,AIDS,6,97.3,1.9,5.5,9,9,66.9,63.4,64.9,71.7,77.7,5.78,5.77,3,202,30,0.8,0.5,86,82,Yes,Yes,UG,Middle,Yes,Poor,Medium,6.51,113.72,Critical,100.0,45
EDU02285,Harish Reddy,Male,17,CIVIL,2,89.1,3.9,5.3,1,4,81.2,86.8,83.5,80.6,78.6,9.07,9.55,0,84,7,4.6,0.5,52,54,No,Yes,PhD,High,Yes,Poor,Low,8.38,73.24,Low,83.2,100
EDU02286,Priya Das,Male,24,AIDS,1,77.5,2.2,6.9,4,4,67.5,58.4,64.6,72.1,76.9,6.62,7.01,0,202,20,2.3,1.3,73,78,No,Yes,Diploma,Low,No,Poor,Low,6.35,100.6,Moderate,74.0,81
EDU02287,Vihaan Sharma,Female,22,EEE,1,61.9,2.9,6.7,5,7,69.3,61.2,61.1,67.5,64.0,6.74,6.77,2,25,30,3.1,0.7,73,63,Yes,Yes,PG,Middle,Yes,Average,Low,6.39,58.96,High,62.1,57
EDU02288,Aarav Iyer,Female,23,IT,1,80.0,4.5,6.6,7,9,89.3,86.4,84.1,84.6,85.1,8.41,8.28,1,186,6,4.7,1.3,63,54,No,Yes,Diploma,Upper-Middle,Yes,Excellent,Medium,8.66,94.4,Moderate,88.2,59
EDU02289,Rahul Reddy,Female,20,EEE,1,92.5,4.0,8.3,4,7,87.4,92.6,87.2,93.8,92.6,8.84,8.35,0,24,23,5.0,1.0,95,98,No,No,PhD,Middle,Yes,Excellent,Low,8.91,79.8,Low,100.0,60
EDU02290,Pooja Nair,Female,22,CIVIL,7,95.1,4.7,8.5,8,6,90.0,85.5,90.2,89.5,86.4,8.95,8.95,0,25,26,5.0,1.0,42,51,No,Yes,Diploma,Middle,Yes,Poor,Medium,8.86,59.84,Low,95.0,81
EDU02291,Keerthi Singh,Male,17,IT,1,98.2,5.6,6.4,8,9,99.2,100.0,96.7,92.3,91.7,9.21,9.74,0,133,24,3.7,0.7,85,84,No,Yes,Diploma,High,Yes,Excellent,Low,9.86,99.88,Low,100.0,79
EDU02292,Rahul Kumar,Female,22,AIDS,8,77.6,4.9,6.7,5,3,82.9,84.6,86.8,85.1,94.3,8.97,8.65,0,41,38,4.7,2.8,45,62,No,Yes,Diploma,Middle,Yes,Poor,High,8.48,57.24,Low,67.3,73
EDU02293,Karthik Nair,Male,21,AI&DS,5,92.4,3.2,6.6,10,6,80.9,74.7,73.3,75.3,77.3,7.1,7.33,0,192,24,1.0,2.0,46,56,Yes,Yes,School,Middle,No,Excellent,High,7.63,93.76,Moderate,88.0,69
EDU02294,Ananya Sharma,Female,18,IT,1,74.6,5.2,5.2,10,3,85.9,76.8,78.7,77.4,77.2,8.22,8.22,1,99,29,2.1,0.3,61,74,No,Yes,PG,Middle,Yes,Good,Low,8.05,74.04,High,76.6,89
EDU02295,Aarav Verma,Male,18,AI&DS,6,76.3,5.2,5.3,5,3,91.8,91.1,90.2,94.8,99.0,8.8,9.4,0,94,22,1.0,1.6,69,54,Yes,Yes,PG,Upper-Middle,Yes,Excellent,Low,9.1,76.92,Low,67.4,69
EDU02296,Karthik Sharma,Male,24,AIDS,8,72.1,2.0,6.3,4,9,57.4,60.5,57.0,51.6,58.5,5.44,5.84,4,157,35,0.1,1.4,48,43,Yes,Yes,UG,Low,Yes,Poor,High,5.83,79.44,Critical,72.9,54
EDU02297,Sneha Gupta,Female,22,EEE,7,67.0,3.5,7.5,1,7,70.0,63.2,62.6,56.7,62.9,5.3,5.42,2,69,17,0.5,3.0,47,65,Yes,Yes,School,Low,Yes,Poor,High,6.53,59.4,High,78.0,45
EDU02298,Karthik Kumar,Male,22,ECE,6,84.4,4.8,7.4,3,10,96.0,100.0,100.0,97.2,100.0,10.0,9.95,0,162,18,0.4,2.9,48,95,No,Yes,PhD,Upper-Middle,Yes,Excellent,Medium,9.87,85.36,Low,80.4,99
EDU02299,Priya Das,Male,22,AIDS,3,71.7,2.2,7.3,2,6,65.4,57.4,59.8,60.3,58.8,5.63,5.27,3,48,38,1.7,1.4,88,75,No,Yes,PhD,Middle,Yes,Excellent,High,6.09,73.48,Critical,72.6,52
EDU02300,Pooja Iyer,Female,24,CIVIL,8,77.0,4.5,6.6,10,8,81.4,80.0,76.0,83.1,82.9,7.98,8.2,0,131,22,0.7,2.8,94,97,Yes,Yes,UG,High,Yes,Excellent,High,7.91,94.6,Moderate,65.5,82
EDU02301,Nithin Verma,Male,18,AI&DS,6,83.7,5.6,7.3,9,7,98.6,99.8,97.2,100.0,97.4,10.0,9.56,0,156,15,1.6,2.5,60,80,No,Yes,PhD,Low,Yes,Average,Medium,9.85,88.68,Low,79.7,80
EDU02302,Sai Nair,Male,24,ECE,3,76.8,3.2,8.4,1,9,75.8,75.6,74.7,72.6,67.7,7.71,8.17,0,206,39,0.8,1.2,46,46,Yes,Yes,UG,High,Yes,Excellent,High,7.54,90.32,Low,63.6,83
EDU02303,Nisha Das,Male,19,ECE,3,76.9,4.7,6.5,4,9,88.0,78.7,79.2,80.2,86.2,7.35,6.93,1,25,9,4.4,0.5,47,65,Yes,Yes,PG,Upper-Middle,Yes,Average,High,8.2,54.56,Moderate,82.6,72
EDU02304,Nisha Reddy,Female,20,ECE,5,67.6,5.5,5.1,6,9,83.1,85.9,85.4,81.4,78.5,9.1,9.56,0,55,16,0.8,2.2,95,87,No,Yes,PG,Middle,No,Poor,Medium,8.48,76.04,Low,70.4,92
EDU02305,Nithin Reddy,Female,23,ECE,4,94.2,3.5,7.2,2,5,75.8,80.5,75.4,75.0,79.5,8.19,8.44,0,25,39,4.0,3.0,89,83,Yes,No,School,High,Yes,Average,Medium,7.72,78.28,Low,87.4,60
EDU02306,Aditya Reddy,Male,20,ECE,2,98.4,3.7,5.9,5,10,84.1,90.6,90.2,96.3,93.7,9.57,9.82,0,163,36,2.2,1.0,90,89,No,Yes,School,Middle,Yes,Average,High,8.83,107.96,Low,100.0,73
EDU02307,Sanjay Gupta,Male,17,ECE,2,93.7,2.2,8.3,5,7,75.3,77.4,79.9,75.4,83.8,8.11,8.53,0,68,8,4.1,1.3,42,92,Yes,Yes,PhD,Low,Yes,Good,High,7.75,67.88,Low,92.2,58
EDU02308,Pooja Das,Male,23,EEE,6,75.0,4.0,7.8,4,3,82.2,83.2,87.0,94.0,97.6,7.84,8.3,0,92,26,2.8,0.1,80,91,Yes,Yes,PG,Low,Yes,Poor,High,8.41,80.4,Low,77.0,67
EDU02309,Meera Singh,Female,19,CIVIL,8,60.3,1.9,6.1,1,9,53.9,59.2,59.3,56.7,66.5,5.33,5.29,4,172,31,3.5,3.0,53,92,No,Yes,Diploma,Low,Yes,Poor,High,5.75,79.72,Critical,64.8,52
EDU02310,Sneha Das,Male,18,CIVIL,3,76.5,5.4,8.0,4,10,91.3,85.4,90.8,86.7,92.4,8.35,8.55,0,27,21,2.1,1.5,69,54,No,Yes,Diploma,High,Yes,Good,Medium,8.92,63.6,Low,66.1,66
EDU02311,Diya Reddy,Male,22,ECE,1,92.9,5.0,6.4,1,3,100.0,91.2,98.9,96.2,91.2,8.94,9.43,0,203,39,1.7,0.1,91,90,No,Yes,UG,High,Yes,Excellent,Low,9.67,114.16,Low,100.0,87
EDU02312,Keerthi Gupta,Female,19,AI&DS,6,73.2,3.9,8.2,6,7,70.3,63.1,69.0,64.8,67.2,6.27,6.64,1,58,20,2.7,0.3,94,77,No,Yes,PG,Upper-Middle,Yes,Good,Low,6.75,78.48,High,77.2,67
EDU02313,Nisha Verma,Female,23,MECH,7,83.7,2.1,7.6,7,3,67.9,65.9,67.8,63.9,66.9,6.92,7.03,1,97,6,3.5,2.7,48,67,Yes,Yes,UG,Middle,Yes,Average,High,6.72,72.08,High,77.2,70
EDU02314,Aarav Verma,Male,20,CSE,5,75.8,2.0,7.3,1,5,60.4,67.7,65.6,70.0,73.6,6.94,7.01,0,94,10,3.4,1.7,75,42,No,Yes,UG,Middle,Yes,Excellent,Medium,6.46,79.12,Low,69.3,52
EDU02315,Aarav Das,Female,22,AI&DS,7,92.3,1.4,5.2,2,5,65.7,61.8,67.0,70.5,75.6,6.95,6.93,1,120,27,4.7,1.8,70,57,Yes,Yes,Diploma,Middle,Yes,Good,Medium,6.48,88.92,Moderate,100.0,54
EDU02316,Harish Nair,Male,18,AIDS,6,77.9,2.5,7.5,8,4,70.3,63.5,66.3,58.5,62.7,6.14,6.41,2,182,4,1.8,0.6,47,56,No,Yes,PhD,Middle,Yes,Average,Low,6.67,86.36,Critical,76.1,59
EDU02317,Aditya Verma,Male,23,AIDS,1,82.8,2.5,7.0,6,9,63.1,62.3,62.0,61.5,62.2,6.56,6.45,1,94,3,3.2,1.3,42,96,Yes,Yes,UG,Upper-Middle,Yes,Poor,High,6.25,68.72,High,95.1,74
EDU02318,Sai Verma,Male,24,IT,5,80.7,5.0,8.1,10,4,83.0,83.4,87.4,92.3,91.6,9.48,9.5,0,191,17,2.6,0.7,49,60,No,Yes,PhD,Upper-Middle,No,Poor,Low,8.46,90.08,Moderate,83.1,90
EDU02319,Karthik Gupta,Female,20,ECE,5,77.1,2.8,6.9,4,4,71.0,72.1,70.9,68.4,71.8,7.65,7.88,0,212,38,3.1,0.5,81,91,No,Yes,School,High,Yes,Good,Medium,7.13,105.64,Moderate,74.8,88
EDU02320,Nisha Gupta,Female,18,ECE,2,81.9,2.6,6.0,4,9,70.1,70.5,66.8,62.3,63.8,5.7,5.36,3,201,37,1.4,0.8,80,100,Yes,Yes,Diploma,Upper-Middle,Yes,Good,High,6.91,104.96,Critical,70.3,63
EDU02321,Meera Nair,Female,22,CSE,2,80.0,4.1,6.8,4,6,87.1,91.3,89.9,95.7,100.0,9.96,9.8,0,89,31,0.6,2.9,87,76,No,Yes,School,Upper-Middle,Yes,Good,High,8.94,84.6,Low,79.4,83
EDU02322,Diya Das,Female,18,EEE,1,72.1,5.4,8.1,8,10,92.9,99.4,96.2,89.8,98.2,10.0,9.78,0,27,20,4.2,0.7,63,48,Yes,Yes,Diploma,High,Yes,Excellent,Low,9.62,59.44,Low,68.5,99
EDU02323,Vihaan Iyer,Female,19,CSE,7,79.6,2.4,7.9,4,5,66.1,72.7,74.2,70.3,73.8,7.7,7.87,0,184,10,0.8,2.1,77,90,Yes,Yes,School,Upper-Middle,Yes,Good,Medium,7.1,99.44,Low,80.7,66
EDU02324,Vihaan Kumar,Female,24,ECE,1,78.3,4.1,7.8,7,5,73.4,75.2,73.4,69.3,78.1,8.05,7.6,1,135,26,0.7,1.6,50,68,Yes,Yes,Diploma,Middle,Yes,Average,Low,7.4,78.32,High,86.8,71
EDU02325,Aarav Das,Female,24,IT,6,83.0,5.8,6.0,8,10,100.0,90.3,97.4,100.0,100.0,10.0,9.96,0,149,9,4.7,0.8,50,93,Yes,Yes,PG,High,Yes,Poor,Medium,9.59,83.0,Low,73.5,96
EDU02326,Aishwarya Singh,Male,24,EEE,4,74.4,3.4,7.4,8,5,69.7,69.4,69.6,62.9,58.3,6.72,7.14,1,104,34,0.0,2.2,76,80,No,Yes,PG,Upper-Middle,Yes,Poor,Medium,6.96,80.96,High,74.3,93
EDU02327,Riya Singh,Female,22,ECE,5,73.9,1.2,7.3,4,5,53.5,51.7,54.3,50.1,47.2,6.42,5.99,3,42,2,2.7,0.4,93,93,Yes,Yes,School,Middle,Yes,Good,High,5.32,75.16,Critical,68.9,61
EDU02328,Meera Gupta,Female,20,ECE,7,80.0,3.2,6.9,6,7,71.7,69.2,72.2,70.8,75.3,7.27,7.0,1,56,14,3.5,0.3,85,86,Yes,Yes,PG,High,Yes,Excellent,Medium,7.1,77.2,High,83.7,46
EDU02329,Sneha Patel,Male,22,CIVIL,7,82.6,2.2,6.8,3,5,65.8,61.6,65.0,71.5,74.0,6.47,6.01,1,66,37,3.9,0.9,43,68,No,No,Diploma,Middle,Yes,Poor,High,6.41,63.44,High,76.2,56
EDU02330,Vihaan Singh,Female,20,CIVIL,4,83.2,1.7,5.1,6,7,61.7,67.3,62.1,63.5,71.4,5.39,5.08,2,157,40,2.1,1.3,46,82,No,Yes,PhD,Upper-Middle,No,Average,High,6.37,83.08,Critical,82.5,55
EDU02331,Keerthi Iyer,Male,18,MECH,1,74.2,5.2,5.0,4,4,82.5,78.5,82.9,83.6,87.1,8.11,7.78,1,59,3,4.8,1.6,92,97,No,Yes,UG,High,Yes,Poor,High,8.13,78.28,Moderate,64.8,69
EDU02332,Sneha Kumar,Female,22,AIDS,3,97.6,3.4,5.7,1,4,82.4,84.3,81.4,79.2,77.1,8.51,8.93,0,93,0,3.7,0.7,40,65,No,Yes,School,Upper-Middle,Yes,Poor,High,8.27,73.64,Low,87.6,100
EDU02333,Sneha Iyer,Male,18,AIDS,8,93.8,1.9,8.0,7,5,65.8,61.6,66.2,64.8,61.4,6.22,6.18,2,132,12,0.7,0.9,41,82,No,Yes,PG,High,Yes,Poor,Low,6.45,80.32,High,91.3,68
EDU02334,Aditya Verma,Female,24,CIVIL,7,76.3,3.9,7.9,6,6,75.7,76.9,75.7,69.1,68.2,8.44,8.87,0,160,16,3.4,1.1,84,49,Yes,Yes,UG,High,Yes,Average,High,7.61,96.12,Low,94.1,76
EDU02335,Harish Gupta,Male,17,ECE,2,99.2,5.0,7.9,4,10,100.0,100.0,100.0,98.1,100.0,10.0,10.0,0,26,29,1.6,1.4,89,76,No,Yes,Diploma,Middle,Yes,Excellent,High,10.0,80.48,Low,94.1,100
EDU02336,Aarav Nair,Female,24,AIDS,5,95.0,5.3,5.2,10,6,90.3,87.0,87.6,90.6,100.0,9.37,9.34,0,89,8,4.4,2.8,96,98,Yes,Yes,PG,Low,Yes,Poor,Low,8.83,94.2,Low,97.3,76
EDU02337,Ananya Iyer,Female,22,AIDS,3,75.5,3.3,6.9,9,4,78.9,74.8,79.1,84.8,85.5,8.52,8.76,0,150,2,0.8,2.4,71,43,No,Yes,PhD,High,Yes,Excellent,Low,7.76,88.6,Moderate,75.2,78
EDU02338,Keerthi Singh,Male,18,EEE,7,72.1,1.3,8.1,10,4,50.1,46.2,45.4,51.7,58.2,4.5,4.03,4,189,10,3.0,1.8,72,40,Yes,Yes,UG,High,Yes,Poor,High,4.72,95.44,Critical,66.3,47
EDU02339,Keerthi Gupta,Male,23,CIVIL,8,72.7,2.7,7.2,6,6,66.2,73.7,73.7,79.6,88.4,7.33,7.51,1,41,19,1.2,1.6,79,68,No,Yes,UG,Middle,Yes,Average,Low,7.12,68.88,High,76.4,96
EDU02340,Priya Kumar,Male,21,CIVIL,8,85.4,5.6,6.2,2,5,100.0,100.0,96.6,100.0,99.4,9.67,9.24,0,116,2,1.5,0.6,57,62,No,Yes,PG,High,Yes,Good,Low,9.89,80.16,Low,85.1,85
EDU02341,Pooja Sharma,Male,24,MECH,5,76.2,4.5,8.2,8,10,87.7,84.8,89.7,89.1,97.4,8.07,8.63,0,58,16,3.3,1.4,79,60,No,Yes,PG,Middle,Yes,Excellent,Low,8.74,73.68,Low,72.9,74
EDU02342,Arjun Das,Male,22,CSE,8,88.2,1.2,6.9,2,9,59.0,57.5,63.0,62.5,60.6,6.66,6.64,1,75,20,0.8,0.5,46,67,No,Yes,PhD,Upper-Middle,Yes,Good,Medium,5.98,68.68,Moderate,97.2,67
EDU02343,Rahul Gupta,Male,21,EEE,8,73.0,2.7,5.7,10,10,70.6,66.7,64.5,70.7,73.5,7.44,7.61,0,143,39,5.0,2.4,63,83,No,Yes,UG,Low,Yes,Excellent,Low,6.73,83.0,Moderate,81.7,77
EDU02344,Aditya Sharma,Female,22,MECH,7,72.4,2.8,5.3,1,6,64.8,66.1,61.5,67.1,72.3,6.5,6.75,1,126,25,3.3,1.1,94,83,No,Yes,Diploma,Low,Yes,Excellent,Low,6.41,91.76,Moderate,64.8,69
EDU02345,Vihaan Verma,Female,20,AI&DS,1,76.6,5.5,6.5,4,6,97.7,100.0,99.7,100.0,95.2,10.0,10.0,0,147,33,2.3,2.5,44,76,Yes,Yes,Diploma,Low,No,Poor,Medium,9.91,77.64,Low,75.0,86
EDU02346,Ananya Sharma,Female,17,AI&DS,5,82.2,5.1,5.6,6,6,87.7,79.7,79.0,80.8,80.8,7.8,7.39,0,67,0,0.3,2.2,100,60,No,No,School,High,Yes,Poor,Low,8.21,86.28,Moderate,81.3,52
EDU02347,Ananya Reddy,Female,19,ECE,3,81.7,2.8,7.3,4,6,75.8,80.7,81.1,87.9,93.1,7.51,7.02,0,151,40,4.6,0.7,41,53,No,Yes,Diploma,Middle,Yes,Excellent,Medium,7.92,79.28,Moderate,89.9,73
EDU02348,Nisha Kumar,Female,24,EEE,5,88.1,3.5,7.3,4,3,81.7,76.7,75.2,80.6,88.2,7.41,7.61,1,23,35,2.4,2.5,70,73,No,Yes,Diploma,Upper-Middle,Yes,Average,Medium,7.79,67.84,Moderate,87.9,59
EDU02349,Aishwarya Verma,Female,20,AIDS,1,87.2,4.9,7.4,9,3,89.4,95.9,91.6,91.3,100.0,8.21,7.73,0,76,15,4.8,2.8,46,97,Yes,Yes,PG,Upper-Middle,Yes,Excellent,High,9.23,68.48,Moderate,93.7,55
EDU02350,Sanjay Nair,Male,22,ECE,1,97.6,2.2,7.3,3,9,78.3,86.2,81.7,77.5,86.4,7.97,8.15,0,135,8,3.2,1.4,48,51,No,Yes,School,High,Yes,Poor,Low,8.21,85.24,Low,100.0,94
EDU02351,Aarav Reddy,Male,21,AI&DS,7,76.6,2.8,6.6,9,8,73.0,70.1,73.3,73.7,70.1,7.99,7.56,0,76,10,4.5,0.4,75,58,No,Yes,Diploma,Low,Yes,Good,High,7.21,75.84,Moderate,79.3,67
EDU02352,Karthik Patel,Male,18,ECE,4,76.1,4.8,8.1,1,7,88.6,93.6,89.4,81.4,76.8,8.2,7.92,0,168,21,4.4,1.5,51,41,Yes,No,PG,Upper-Middle,Yes,Poor,Low,9.05,84.44,Low,89.5,70
EDU02353,Rahul Iyer,Female,23,ECE,2,84.4,3.6,6.5,7,5,73.5,77.1,75.1,71.9,74.3,7.0,6.89,1,177,26,0.7,1.5,55,40,Yes,Yes,PG,High,Yes,Average,Medium,7.52,91.16,High,76.0,59
EDU02354,Sai Gupta,Male,24,CIVIL,8,96.0,5.9,5.9,9,4,98.9,96.5,95.4,100.0,98.5,9.54,9.89,0,177,19,0.3,0.9,44,93,No,No,Diploma,High,Yes,Good,Low,9.69,91.4,Low,91.4,76
EDU02355,Riya Iyer,Male,20,AIDS,2,94.4,3.6,7.1,3,7,85.7,80.0,86.4,86.5,87.7,8.08,7.59,1,159,21,0.7,0.5,43,43,No,Yes,PG,Upper-Middle,Yes,Good,High,8.4,86.76,Moderate,84.4,52
EDU02356,Arjun Iyer,Female,23,EEE,8,82.9,5.1,5.7,3,4,90.9,98.6,95.9,99.5,100.0,9.69,10.0,0,160,33,1.4,2.4,82,94,No,Yes,School,Middle,Yes,Excellent,High,9.51,97.96,Low,85.8,100
EDU02357,Pooja Kumar,Female,18,ECE,6,91.5,4.1,5.7,7,5,85.5,90.2,87.1,84.9,81.7,9.04,9.26,0,52,14,1.7,1.0,45,70,Yes,Yes,PhD,Upper-Middle,Yes,Average,Medium,8.76,65.0,Low,97.0,83
EDU02358,Vihaan Iyer,Female,21,CIVIL,2,93.9,3.2,6.1,7,3,79.1,78.1,83.0,83.0,88.2,8.14,8.41,0,21,38,3.7,2.1,64,41,Yes,Yes,PG,Low,Yes,Excellent,Low,8.01,67.36,Moderate,97.6,59
EDU02359,Aditya Kumar,Female,21,AI&DS,3,65.3,4.9,5.5,6,9,87.1,78.2,78.3,79.0,88.0,8.77,8.58,0,96,34,3.2,0.9,83,100,No,Yes,School,Middle,Yes,Average,Low,8.12,78.52,Low,60.8,75
EDU02360,Riya Nair,Male,23,CSE,4,75.0,4.9,5.6,2,10,88.6,83.2,87.1,92.3,97.6,8.83,8.8,0,152,9,1.1,2.7,77,66,No,Yes,PG,High,Yes,Good,High,8.63,91.2,Low,84.1,96
EDU02361,Pooja Nair,Male,24,AIDS,6,83.7,2.7,7.5,2,4,71.5,77.1,76.5,82.9,85.9,7.54,8.06,0,75,30,3.1,2.5,56,100,No,Yes,PG,High,Yes,Average,Medium,7.5,70.88,Low,80.6,61
EDU02362,Sneha Sharma,Male,23,CSE,6,68.2,5.8,7.6,4,9,86.7,86.0,85.3,78.0,87.6,9.18,9.72,0,157,9,4.7,2.1,70,59,No,Yes,PG,Middle,Yes,Poor,High,8.6,86.68,Low,57.7,82
EDU02363,Sanjay Reddy,Female,22,CSE,3,81.5,2.2,7.9,5,4,64.5,69.8,70.7,66.8,73.5,7.54,7.79,0,84,14,1.5,1.6,49,62,Yes,No,PG,Middle,Yes,Good,Low,6.83,69.0,Moderate,76.9,80
EDU02364,Vihaan Patel,Female,18,MECH,5,86.1,4.8,7.2,3,6,86.4,89.3,88.0,85.6,93.5,9.57,9.22,0,35,26,0.1,1.4,86,81,Yes,Yes,PG,High,Yes,Average,Low,8.79,75.84,Low,81.9,100
EDU02365,Priya Das,Male,24,AI&DS,4,82.6,4.9,5.5,3,5,88.3,84.5,87.3,90.7,97.3,9.26,9.58,0,192,6,2.3,0.1,50,58,No,Yes,PG,Low,No,Poor,Low,8.67,91.44,Low,78.2,88
EDU02366,Rahul Gupta,Male,24,IT,1,85.8,3.8,6.9,1,5,80.7,88.1,88.4,84.7,94.6,8.54,8.17,1,213,39,4.1,0.4,73,92,No,Yes,UG,High,Yes,Good,Medium,8.57,106.12,Moderate,76.4,71
EDU02367,Sanjay Nair,Female,21,CIVIL,6,81.1,4.2,6.0,6,9,86.3,77.5,78.5,76.1,76.9,8.49,8.68,0,204,31,4.1,1.8,75,80,Yes,Yes,PG,Low,Yes,Average,High,8.08,103.24,Low,71.8,82
EDU02368,Keerthi Patel,Female,21,ECE,2,81.5,2.2,8.3,2,5,69.6,68.8,64.7,68.2,67.5,6.09,6.56,2,72,36,3.7,1.7,41,57,No,Yes,School,Low,Yes,Poor,High,6.77,63.4,High,79.0,55
EDU02369,Karthik Patel,Female,18,CIVIL,2,74.5,5.9,6.2,1,5,86.5,86.8,84.5,76.6,74.7,7.51,7.84,0,132,27,4.2,1.9,58,40,No,Yes,Diploma,High,Yes,Poor,Medium,8.59,79.4,Low,80.3,68
EDU02370,Harish Reddy,Female,20,MECH,8,75.3,2.4,7.9,9,8,59.7,62.2,58.9,66.3,65.0,6.41,6.93,1,100,34,3.2,2.2,89,82,No,Yes,PG,Middle,Yes,Average,Low,6.03,85.72,High,77.6,59
EDU02371,Pooja Kumar,Female,18,AIDS,8,86.1,4.1,6.8,1,7,86.9,78.5,77.8,73.3,68.3,8.67,8.87,0,216,22,0.1,2.3,47,56,Yes,Yes,PhD,High,Yes,Excellent,Low,8.11,96.44,Low,71.5,84
EDU02372,Keerthi Das,Male,24,ECE,4,76.5,3.8,7.8,1,5,70.6,67.4,65.2,66.8,69.7,5.8,6.05,2,109,1,2.9,2.7,72,93,No,Yes,Diploma,Middle,Yes,Good,Medium,6.77,81.2,High,64.5,56
EDU02373,Riya Kumar,Female,18,AI&DS,7,96.8,1.2,8.1,9,5,68.4,72.6,71.8,66.5,65.1,6.6,6.45,2,147,8,2.3,0.1,79,48,No,No,School,High,Yes,Poor,Medium,7.09,99.72,Critical,100.0,52
EDU02374,Riya Nair,Female,24,AIDS,7,73.8,3.4,7.5,8,10,67.3,59.9,63.7,59.8,69.1,5.79,5.84,2,30,25,3.5,0.6,79,61,No,Yes,PhD,High,Yes,Excellent,Medium,6.36,67.12,Critical,68.9,65
EDU02375,Sneha Das,Male,23,AIDS,1,89.0,3.2,5.2,8,8,71.8,66.8,67.3,60.2,58.3,6.85,6.35,1,72,4,1.8,2.8,40,88,No,Yes,Diploma,Upper-Middle,Yes,Good,High,6.86,66.0,High,88.2,78
EDU02376,Pooja Iyer,Female,19,MECH,6,82.4,3.0,6.0,2,10,80.3,82.9,85.4,91.2,93.0,7.6,7.95,1,70,11,3.9,1.4,76,72,Yes,Yes,PG,Upper-Middle,Yes,Good,Low,8.29,77.36,Moderate,85.2,51
EDU02377,Nithin Nair,Male,23,AI&DS,5,81.1,4.8,5.6,10,3,90.0,97.9,95.1,91.0,94.6,9.14,9.53,0,167,32,0.4,2.2,86,58,Yes,Yes,UG,Upper-Middle,Yes,Excellent,High,9.43,100.24,Moderate,91.0,100
EDU02378,Harish Patel,Female,19,MECH,6,100.0,4.2,5.6,3,9,95.0,97.0,96.8,100.0,100.0,10.0,10.0,0,148,10,0.5,0.1,49,74,No,Yes,UG,Middle,Yes,Poor,Low,9.63,89.2,Low,87.8,100
EDU02379,Aishwarya Patel,Female,17,CSE,4,98.8,1.9,7.9,6,10,69.0,61.6,68.2,68.4,65.6,7.33,7.7,0,66,21,3.1,1.5,75,63,No,Yes,Diploma,Middle,No,Excellent,Medium,6.63,82.72,Low,87.9,62
EDU02380,Rahul Nair,Male,22,MECH,1,84.4,1.7,7.3,3,8,68.5,65.9,63.3,67.4,76.8,6.99,7.42,0,75,36,4.1,2.8,91,60,No,Yes,School,High,Yes,Poor,Medium,6.59,85.16,Low,90.0,58
EDU02381,Vihaan Patel,Female,24,ECE,8,73.8,2.0,5.8,1,4,61.3,60.6,58.0,54.5,57.6,6.6,6.24,1,90,34,2.5,1.7,41,62,Yes,Yes,PhD,Upper-Middle,Yes,Poor,High,6.0,63.92,Moderate,77.7,73
EDU02382,Aarav Kumar,Male,22,MECH,8,94.0,3.6,6.1,8,6,90.7,81.0,81.1,75.6,82.8,9.02,9.02,0,82,40,1.7,0.1,90,63,Yes,Yes,UG,Low,Yes,Excellent,Medium,8.43,90.0,Low,100.0,70
EDU02383,Aishwarya Verma,Female,17,CIVIL,1,93.2,4.1,7.5,4,10,85.0,76.4,76.4,70.5,78.8,8.63,8.95,0,207,18,2.0,0.8,97,46,Yes,Yes,Diploma,Low,Yes,Poor,Medium,7.93,117.48,Low,98.2,92
EDU02384,Rahul Iyer,Male,18,CSE,8,87.2,3.4,8.2,8,8,71.8,62.4,66.8,70.0,65.2,7.67,7.37,0,31,4,4.7,2.4,61,79,Yes,Yes,UG,Low,No,Average,Low,6.7,65.48,Moderate,85.7,66
EDU02385,Nisha Patel,Female,17,EEE,5,67.3,3.4,6.6,1,9,69.9,71.1,68.7,68.3,72.0,7.45,7.9,1,83,4,3.7,0.5,94,60,Yes,Yes,School,High,Yes,Poor,Medium,6.99,81.12,Moderate,62.1,80
EDU02386,Sai Singh,Female,21,MECH,2,88.6,3.0,8.3,2,6,76.2,79.8,73.3,74.0,73.2,7.28,7.14,0,101,2,4.0,0.4,80,69,No,Yes,Diploma,Low,No,Poor,High,7.64,87.64,Low,86.7,43
EDU02387,Priya Iyer,Female,22,EEE,1,81.1,3.1,5.2,6,5,71.3,62.4,70.0,63.0,60.4,6.12,6.57,2,68,12,3.2,2.0,54,90,Yes,Yes,PG,Middle,Yes,Poor,Medium,6.79,67.64,High,66.4,73
EDU02388,Karthik Verma,Female,22,IT,2,70.4,2.0,7.0,9,8,65.0,65.0,63.2,57.6,65.3,5.77,5.68,2,28,13,2.7,0.3,73,66,Yes,No,UG,Low,Yes,Good,Medium,6.44,62.96,Critical,90.1,52
EDU02389,Arjun Patel,Male,23,IT,5,74.7,1.9,7.8,7,7,61.2,60.7,58.1,55.5,53.1,5.52,5.38,3,85,9,4.8,0.3,76,99,Yes,Yes,UG,High,Yes,Good,Low,6.0,77.28,Critical,71.6,43
EDU02390,Nisha Kumar,Female,22,EEE,1,72.8,3.2,6.1,8,5,72.5,75.1,75.4,75.4,76.2,7.4,6.98,2,47,33,4.3,1.3,43,94,Yes,Yes,PhD,Low,Yes,Excellent,Low,7.43,55.72,Critical,67.5,65
EDU02391,Pooja Kumar,Male,17,ECE,2,87.6,2.9,6.5,8,10,69.3,61.5,62.4,64.3,73.2,6.49,6.8,1,219,22,4.5,0.1,67,60,No,Yes,PhD,Low,Yes,Good,High,6.44,105.64,High,95.0,80
EDU02392,Sanjay Das,Female,24,MECH,2,75.3,5.3,5.5,9,3,88.7,91.4,86.6,81.2,87.9,9.64,10.0,0,210,13,4.0,0.0,46,59,No,Yes,Diploma,Middle,Yes,Average,High,8.89,90.52,Moderate,69.1,74
EDU02393,Aditya Singh,Male,17,EEE,2,83.6,3.4,5.7,10,8,70.0,69.3,71.5,68.4,69.9,7.36,7.13,0,48,17,3.0,2.0,53,99,Yes,Yes,Diploma,Middle,Yes,Poor,Medium,7.03,64.24,Moderate,85.7,65
EDU02394,Meera Reddy,Male,24,ECE,2,90.2,1.4,7.9,7,10,69.7,70.3,66.8,62.6,70.3,6.4,6.05,1,26,6,3.5,2.6,72,43,Yes,No,Diploma,High,No,Good,Low,6.89,70.08,High,81.7,49
EDU02395,Priya Patel,Female,17,MECH,5,89.8,4.8,6.3,2,8,93.1,97.1,99.5,94.5,100.0,9.09,9.48,0,37,10,2.5,1.9,78,44,Yes,Yes,School,Low,No,Average,Medium,9.66,74.52,Low,99.3,77
EDU02396,Aishwarya Sharma,Female,22,CIVIL,8,69.5,3.6,8.3,9,10,77.3,77.4,73.9,77.3,79.6,7.86,7.67,1,86,19,0.5,2.5,63,68,No,Yes,PG,Upper-Middle,No,Average,Medium,7.62,70.2,High,69.4,82
EDU02397,Pooja Sharma,Male,19,CSE,1,77.2,4.9,8.4,10,8,83.1,83.0,79.9,74.6,73.6,8.59,8.21,1,97,40,4.6,0.3,46,42,No,Yes,UG,Middle,Yes,Good,Low,8.2,68.68,High,76.0,77
EDU02398,Nithin Iyer,Female,21,MECH,5,88.4,5.0,5.2,3,3,88.3,81.7,84.2,77.8,84.2,7.93,7.63,1,53,25,3.9,0.6,42,97,Yes,Yes,School,Low,Yes,Poor,High,8.47,62.76,Moderate,85.0,71
EDU02399,Rahul Reddy,Male,24,CIVIL,2,80.6,2.8,5.9,3,8,77.7,72.2,74.7,71.4,69.1,6.95,7.07,1,75,5,4.7,2.3,50,79,No,Yes,School,Middle,Yes,Poor,High,7.49,67.24,Moderate,87.4,47
EDU02400,Aishwarya Sharma,Male,21,MECH,5,78.0,2.1,6.4,8,7,64.7,55.5,56.2,55.6,52.3,6.07,6.53,1,54,37,2.4,0.9,92,99,No,Yes,PG,Upper-Middle,Yes,Average,Medium,5.88,78.8,High,65.2,63
EDU02401,Arjun Gupta,Female,23,IT,8,83.6,4.5,6.0,10,3,87.9,93.7,87.0,81.2,77.4,9.5,10.0,0,145,2,1.5,0.9,97,71,No,Yes,UG,Low,Yes,Average,Low,8.95,101.24,Moderate,77.2,75
EDU02402,Aishwarya Kumar,Male,17,AIDS,4,79.1,3.8,6.7,1,4,77.2,81.1,75.4,69.5,69.2,8.43,8.94,0,135,30,0.6,1.2,98,71,No,Yes,UG,Low,Yes,Excellent,Low,7.79,97.84,Low,80.6,93
EDU02403,Priya Singh,Female,21,EEE,5,80.3,4.3,6.0,1,7,83.2,86.0,83.1,83.1,86.5,9.29,9.11,0,47,11,2.1,2.7,71,97,No,Yes,PG,Middle,Yes,Good,Medium,8.41,69.92,Low,74.6,90
EDU02404,Rahul Iyer,Female,18,AIDS,4,65.5,5.5,5.3,3,9,92.8,83.7,88.8,89.1,84.5,9.86,9.6,0,103,33,3.4,1.3,84,77,No,Yes,School,Low,Yes,Good,High,8.84,80.4,Low,70.3,88
EDU02405,Priya Verma,Male,23,ECE,5,72.8,1.9,6.1,4,8,60.8,60.3,64.7,62.0,62.2,7.06,6.99,1,65,20,2.7,2.6,47,72,Yes,Yes,UG,Low,Yes,Good,High,6.19,60.92,Moderate,78.8,66
EDU02406,Sneha Gupta,Female,19,CIVIL,2,73.8,2.7,7.7,8,4,71.8,78.6,77.5,84.5,86.6,7.66,7.37,1,67,2,0.1,0.3,95,81,Yes,Yes,PhD,Upper-Middle,Yes,Excellent,Medium,7.6,80.92,High,64.6,61
EDU02407,Pooja Kumar,Male,20,ECE,6,76.4,1.8,6.1,9,7,57.3,55.2,61.0,63.5,63.1,5.22,5.04,2,120,39,2.6,0.4,60,60,No,Yes,PhD,High,Yes,Good,Medium,5.78,78.56,Critical,82.4,42
EDU02408,Ananya Sharma,Male,21,IT,5,69.7,5.0,6.1,9,7,82.3,81.0,82.6,77.9,76.6,8.86,8.88,0,134,27,2.7,2.1,52,72,No,Yes,UG,Low,Yes,Good,High,8.2,75.48,Moderate,49.4,76
EDU02409,Aishwarya Gupta,Male,24,AIDS,3,98.4,3.6,7.2,3,10,79.2,87.2,78.4,84.1,83.4,7.59,7.37,1,147,38,2.7,2.9,55,67,Yes,Yes,PhD,Upper-Middle,Yes,Good,Low,8.16,90.76,Moderate,98.2,85
EDU02410,Nithin Iyer,Male,18,CIVIL,5,79.6,5.5,7.3,2,4,95.8,100.0,94.6,97.6,100.0,9.11,9.3,0,186,20,0.7,2.2,98,45,Yes,Yes,UG,Upper-Middle,Yes,Average,Low,9.68,108.24,Low,82.5,85
EDU02411,Sanjay Verma,Male,24,EEE,3,91.0,3.2,6.5,10,3,84.9,81.7,78.8,83.6,92.7,8.7,8.71,0,195,7,3.0,0.7,54,78,No,Yes,School,Upper-Middle,Yes,Excellent,Medium,8.18,97.0,Moderate,98.0,66
EDU02412,Keerthi Reddy,Female,17,MECH,5,88.7,4.6,5.6,10,3,93.5,98.5,95.7,90.7,90.5,10.0,10.0,0,22,18,4.0,1.2,43,72,Yes,Yes,School,High,Yes,Good,Medium,9.59,57.08,Low,95.1,96
EDU02413,Keerthi Kumar,Male,24,AIDS,5,65.2,1.3,8.0,8,9,48.8,41.7,46.2,40.6,47.5,5.56,5.31,3,156,32,1.9,1.0,66,74,Yes,No,Diploma,Low,No,Excellent,Medium,4.56,83.68,Critical,54.7,41
EDU02414,Nithin Nair,Female,20,CSE,8,80.3,5.5,6.3,10,8,93.6,99.2,98.1,97.7,94.6,9.24,9.07,0,188,7,4.5,0.5,84,55,No,Yes,Diploma,High,Yes,Average,Medium,9.7,103.32,Moderate,83.4,80
EDU02415,Ananya Reddy,Female,23,MECH,8,79.1,2.8,8.3,2,9,72.3,73.5,75.7,71.4,68.3,7.35,7.88,0,116,13,3.1,0.8,46,90,Yes,Yes,Diploma,Upper-Middle,Yes,Average,Medium,7.38,73.24,Low,90.8,71
EDU02416,Meera Singh,Male,22,ECE,3,78.3,2.5,7.2,7,6,69.3,75.4,72.6,73.0,73.3,6.6,6.95,1,176,40,3.0,0.7,91,80,No,No,PG,Upper-Middle,No,Average,Medium,7.24,102.92,High,78.4,46
EDU02417,Aarav Nair,Male,24,AIDS,3,78.3,5.7,8.1,3,3,89.4,87.3,87.7,95.4,99.3,9.18,9.29,0,23,15,0.9,0.4,56,40,Yes,Yes,Diploma,Low,Yes,Good,High,8.81,58.32,Low,86.7,78
EDU02418,Harish Patel,Male,19,EEE,7,83.1,3.4,5.0,1,7,69.7,72.3,70.5,64.1,63.4,6.28,6.19,1,203,14,2.1,0.2,100,66,Yes,Yes,UG,Low,Yes,Poor,Low,7.08,113.84,Moderate,97.2,65
EDU02419,Diya Gupta,Male,20,MECH,4,84.7,1.9,8.4,2,5,64.4,70.3,72.2,73.8,77.5,8.17,8.48,1,160,4,3.3,2.3,59,75,Yes,Yes,Diploma,Middle,Yes,Good,Low,6.9,89.48,Moderate,78.9,71
EDU02420,Aditya Iyer,Female,17,IT,4,100.0,4.4,8.5,5,10,89.8,90.7,94.4,100.0,100.0,9.58,10.0,0,41,35,1.8,2.2,54,69,Yes,Yes,UG,High,No,Excellent,High,9.16,69.8,Low,86.5,91
EDU02421,Aarav Verma,Female,21,CSE,8,66.2,3.6,6.5,8,6,70.1,74.1,70.1,74.1,78.0,7.34,7.73,0,27,8,0.3,2.7,50,47,Yes,Yes,School,Low,Yes,Excellent,High,7.14,51.88,Moderate,57.0,69
EDU02422,Arjun Patel,Male,20,CSE,4,67.9,3.6,5.7,5,5,67.6,69.8,70.4,74.7,80.9,7.25,7.29,0,31,17,0.5,1.2,91,98,No,Yes,School,Low,Yes,Poor,Low,6.93,69.76,Moderate,69.2,70
EDU02423,Keerthi Singh,Male,21,AI&DS,4,91.2,5.9,7.4,7,5,100.0,100.0,95.4,91.3,100.0,9.72,9.34,0,185,32,0.7,1.8,76,91,Yes,Yes,PG,Middle,Yes,Good,Low,9.85,103.88,Low,100.0,70
EDU02424,Sneha Iyer,Male,18,CIVIL,7,90.1,4.7,8.4,2,8,95.5,100.0,98.9,100.0,100.0,10.0,9.92,0,42,4,3.2,0.8,44,61,Yes,Yes,PhD,Middle,Yes,Good,High,9.81,62.04,Low,92.4,81
EDU02425,Sanjay Das,Male,19,IT,4,79.3,2.8,7.1,7,6,75.5,80.5,81.4,76.1,75.2,8.03,8.52,0,215,14,2.9,1.3,97,50,No,Yes,PG,Middle,Yes,Excellent,High,7.91,113.52,Moderate,81.9,77
EDU02426,Sai Singh,Male,20,CIVIL,5,97.5,3.6,8.2,1,5,87.6,89.2,93.2,89.8,91.3,8.86,9.32,0,180,24,3.3,1.4,63,100,Yes,Yes,PG,High,Yes,Average,Low,9.0,100.2,Low,94.9,81
EDU02427,Nisha Sharma,Male,20,CIVIL,6,81.6,4.7,6.5,5,4,79.8,74.5,75.8,67.8,76.7,6.94,7.48,0,32,37,0.8,2.9,72,54,No,Yes,UG,Upper-Middle,Yes,Excellent,Medium,7.67,67.84,Moderate,76.6,65
EDU02428,Karthik Kumar,Male,23,CIVIL,6,88.6,3.7,8.3,5,7,74.8,75.8,74.4,81.5,81.2,8.14,7.71,0,44,31,3.3,0.5,54,43,Yes,Yes,PhD,Middle,Yes,Average,High,7.5,65.84,Low,89.4,68
EDU02429,Nithin Singh,Female,22,AI&DS,8,83.4,2.6,7.3,3,5,74.0,64.6,71.1,67.4,77.3,6.13,5.63,3,130,33,5.0,1.7,70,70,Yes,Yes,PG,Upper-Middle,No,Excellent,Medium,6.99,87.36,Critical,77.7,40
EDU02430,Harish Reddy,Male,18,CIVIL,7,80.5,5.2,6.8,3,9,91.3,88.8,89.6,94.6,93.1,8.55,9.01,0,101,39,2.2,2.7,94,63,No,Yes,Diploma,Low,Yes,Average,High,8.99,90.0,Low,97.8,68
EDU02431,Priya Kumar,Female,24,EEE,2,98.2,2.6,6.1,2,3,74.6,74.3,70.1,66.3,66.9,6.48,6.73,2,158,17,2.6,0.1,43,49,Yes,Yes,Diploma,Middle,Yes,Excellent,High,7.3,88.08,High,96.0,48
EDU02432,Vihaan Gupta,Female,18,AIDS,4,85.7,5.0,7.3,3,8,93.5,90.7,88.1,86.0,93.3,8.71,8.38,0,67,15,3.5,1.2,42,45,No,Yes,UG,Middle,Yes,Average,Low,9.08,64.48,Low,83.6,65
EDU02433,Vihaan Das,Male,19,EEE,3,81.2,2.0,6.9,10,3,65.3,59.4,61.4,64.7,61.9,6.16,6.19,1,54,13,3.3,1.8,58,75,No,Yes,PG,Low,Yes,Excellent,Medium,6.2,66.48,High,75.3,41
EDU02434,Sanjay Patel,Male,19,CSE,4,78.0,4.7,5.1,9,6,90.1,89.4,84.9,91.8,89.7,7.72,7.87,1,208,30,4.0,0.7,45,74,Yes,Yes,UG,High,Yes,Good,Low,8.81,90.8,High,71.0,80
EDU02435,Diya Kumar,Male,18,CIVIL,5,77.6,5.6,7.1,3,4,86.0,86.7,91.0,91.2,87.5,9.41,8.94,0,109,19,4.6,1.9,54,96,Yes,Yes,UG,Middle,Yes,Good,Medium,8.79,74.44,Low,78.6,57
EDU02436,Nisha Das,Female,20,AIDS,3,79.7,1.1,8.1,6,9,49.9,46.5,50.3,57.7,65.4,4.5,4.19,2,112,36,2.5,0.7,92,66,No,Yes,PG,Low,Yes,Excellent,High,4.89,91.08,Critical,91.9,39
EDU02437,Aarav Sharma,Male,20,AI&DS,4,76.8,1.7,5.7,3,6,56.1,55.2,59.8,56.9,64.2,6.38,6.25,1,55,24,2.4,0.9,46,94,Yes,Yes,PG,Middle,Yes,Average,Medium,5.7,60.12,Moderate,78.1,57
EDU02438,Ananya Das,Female,19,IT,4,88.7,5.6,7.2,3,7,100.0,98.3,96.8,98.0,100.0,10.0,9.55,0,170,24,3.5,2.4,77,52,Yes,No,School,Upper-Middle,Yes,Excellent,Low,9.84,100.28,Low,87.1,55
EDU02439,Vihaan Verma,Male,23,MECH,4,81.6,4.5,6.2,9,8,83.2,74.3,80.0,74.5,80.2,7.34,7.09,0,80,17,0.8,0.8,78,61,Yes,Yes,UG,Middle,Yes,Poor,Low,7.92,79.84,Moderate,77.8,50
EDU02440,Keerthi Singh,Female,18,MECH,8,78.4,4.3,7.8,10,6,88.3,84.1,83.9,87.2,92.0,8.77,8.94,0,63,33,4.6,1.3,89,73,No,Yes,School,Middle,Yes,Excellent,High,8.54,79.56,Moderate,88.2,64
EDU02441,Riya Patel,Male,17,MECH,5,75.7,3.2,6.0,3,7,75.8,80.6,78.6,85.0,93.4,7.17,7.07,0,116,25,4.0,2.2,78,44,No,Yes,Diploma,High,Yes,Excellent,Low,7.83,84.68,Low,84.0,69
EDU02442,Aditya Patel,Female,17,CIVIL,7,76.2,1.1,8.5,10,9,51.5,52.1,55.3,49.2,46.9,6.19,6.02,2,22,13,1.6,2.7,96,70,No,No,PhD,High,Yes,Average,Medium,5.3,73.28,Critical,76.7,60
EDU02443,Meera Gupta,Male,23,EEE,1,94.1,2.3,7.9,5,5,78.5,72.1,77.5,77.4,80.4,7.13,7.4,1,88,15,0.1,2.1,90,49,Yes,Yes,UG,Low,Yes,Average,High,7.6,91.24,Moderate,99.2,65
EDU02444,Ananya Singh,Male,18,AIDS,1,85.4,4.2,7.3,1,5,90.6,97.4,93.1,87.3,87.9,9.55,9.29,0,66,17,0.0,2.3,92,96,No,Yes,PG,Upper-Middle,No,Average,High,9.37,84.16,Low,88.8,67
EDU02445,Sanjay Singh,Male,23,IT,4,78.1,5.2,5.5,3,10,82.1,79.9,85.5,80.9,78.2,8.4,7.92,0,170,11,4.0,1.7,99,66,No,Yes,School,High,Yes,Average,High,8.25,104.84,Low,69.7,79
EDU02446,Sneha Iyer,Female,18,IT,7,100.0,3.0,5.8,2,3,78.8,69.2,77.0,69.1,70.9,7.87,8.23,0,116,12,4.2,0.1,70,54,Yes,Yes,PhD,Upper-Middle,No,Average,Medium,7.5,91.2,Low,100.0,73
EDU02447,Aishwarya Iyer,Male,20,MECH,5,100.0,4.2,7.0,6,6,97.3,93.7,97.3,100.0,100.0,9.12,9.41,0,24,25,2.9,1.6,58,95,No,Yes,PhD,Low,Yes,Good,Medium,9.61,68.0,Low,91.8,100
EDU02448,Meera Sharma,Male,24,AI&DS,7,81.7,2.9,7.6,9,8,79.8,70.4,78.2,82.9,88.2,7.57,7.73,0,211,32,1.8,0.9,49,70,Yes,Yes,School,Middle,Yes,Poor,Medium,7.61,94.48,Moderate,89.3,57
EDU02449,Sanjay Gupta,Male,22,MECH,5,81.4,2.8,7.5,2,8,68.2,59.6,65.9,66.5,62.6,6.2,5.72,3,51,14,3.2,1.7,49,91,No,Yes,School,Upper-Middle,Yes,Poor,High,6.46,62.36,Critical,89.6,74
EDU02450,Aarav Sharma,Male,17,MECH,1,86.3,4.3,7.5,3,4,84.5,75.3,79.9,83.4,78.9,8.49,8.11,1,207,25,3.5,2.7,62,46,No,Yes,PG,Middle,Yes,Good,Medium,7.99,100.72,Moderate,67.2,71
EDU02451,Ananya Nair,Female,19,EEE,8,74.7,3.1,5.5,6,7,65.7,67.0,62.6,56.0,51.3,7.25,7.22,0,192,37,2.2,1.4,71,67,Yes,Yes,School,Middle,No,Excellent,Medium,6.51,96.68,Moderate,72.7,50
EDU02452,Sanjay Gupta,Female,22,MECH,6,91.2,4.3,6.5,5,6,82.0,77.7,76.7,74.8,75.5,8.43,8.03,0,111,12,1.7,0.4,78,92,Yes,Yes,PhD,High,Yes,Poor,High,7.88,89.88,Low,85.0,95
EDU02453,Meera Das,Male,24,MECH,4,79.2,5.9,6.6,3,10,89.0,81.4,83.5,87.4,84.5,7.4,6.98,1,154,36,4.6,1.4,69,82,No,Yes,School,High,No,Good,Medium,8.46,90.08,Moderate,76.5,60
EDU02454,Sanjay Das,Male,21,CSE,2,85.6,1.9,5.8,7,7,71.1,66.6,70.3,71.0,66.7,7.18,7.18,0,204,0,2.0,2.3,57,69,No,No,UG,Upper-Middle,Yes,Average,Medium,6.93,97.84,Moderate,85.8,56
EDU02455,Ananya Kumar,Male,23,AI&DS,6,71.1,2.8,7.6,5,10,60.3,52.1,53.5,57.2,54.8,5.29,5.05,3,122,33,1.8,0.8,79,66,No,Yes,PhD,Low,No,Good,Medium,5.53,84.44,Critical,82.5,64
EDU02456,Meera Sharma,Female,24,EEE,2,81.4,3.1,6.5,5,7,74.3,71.1,68.9,75.8,75.8,6.1,6.32,1,24,35,0.1,0.9,53,63,Yes,Yes,School,Low,Yes,Excellent,High,7.14,58.56,High,87.2,47
EDU02457,Meera Kumar,Female,23,AI&DS,4,96.5,5.5,7.4,6,6,100.0,96.5,96.1,93.9,96.1,10.0,9.67,0,41,9,2.7,0.7,43,78,No,Yes,PhD,Low,Yes,Poor,High,9.75,64.0,Low,100.0,74
EDU02458,Meera Iyer,Male,24,EEE,2,83.8,5.4,5.6,7,3,86.3,91.4,93.1,95.2,100.0,8.84,9.09,0,151,24,0.4,1.6,80,82,No,Yes,School,High,Yes,Good,High,9.03,95.72,Low,90.4,84
EDU02459,Pooja Gupta,Male,17,IT,3,83.6,2.7,5.7,7,8,64.5,69.1,67.2,72.7,68.6,5.74,6.29,1,108,29,3.9,1.2,96,90,Yes,Yes,UG,High,Yes,Average,Low,6.69,93.44,High,86.0,43
EDU02460,Riya Kumar,Female,21,CSE,6,76.5,4.4,6.6,2,6,82.2,86.6,85.9,83.4,82.3,8.08,7.9,0,122,23,2.7,1.6,86,87,No,Yes,PG,High,Yes,Poor,Medium,8.49,89.4,Low,99.3,53
EDU02461,Nisha Patel,Female,23,AIDS,4,79.0,3.3,8.2,3,4,78.9,78.3,76.2,70.4,71.7,8.06,7.65,0,192,11,1.8,0.4,62,75,No,No,PhD,Middle,No,Poor,High,7.78,94.8,Low,86.4,65
EDU02462,Arjun Kumar,Male,17,IT,7,71.0,2.2,8.4,1,3,64.6,57.1,61.9,54.4,60.2,6.32,6.12,2,83,19,0.0,0.6,42,67,Yes,Yes,PG,Low,Yes,Excellent,Low,6.12,61.8,High,77.0,59
EDU02463,Riya Gupta,Male,20,EEE,6,78.9,1.3,6.3,9,5,54.7,55.5,57.8,54.3,61.7,5.2,5.39,3,94,11,0.7,1.5,77,86,Yes,No,Diploma,Low,Yes,Good,Low,5.6,81.16,Critical,82.2,33
EDU02464,Sneha Reddy,Male,20,IT,2,76.7,2.1,8.1,2,6,64.6,65.7,69.9,70.1,67.5,6.78,7.34,0,107,26,0.5,1.8,58,52,No,Yes,PG,Upper-Middle,Yes,Average,High,6.67,75.28,Low,77.4,72
EDU02465,Aishwarya Verma,Male,20,MECH,6,79.7,5.7,5.7,2,7,98.3,95.5,94.9,95.3,95.3,8.89,8.7,0,45,27,2.8,1.6,46,94,No,Yes,School,High,No,Excellent,Medium,9.62,59.28,Low,84.1,69
EDU02466,Nithin Kumar,Female,22,AI&DS,1,90.3,1.7,6.3,5,4,63.7,71.1,66.9,72.3,80.1,5.85,6.44,1,98,15,1.7,2.4,45,52,No,Yes,Diploma,Upper-Middle,No,Excellent,High,6.72,73.72,High,83.4,64
EDU02467,Nisha Das,Male,19,CSE,1,63.0,4.6,6.9,1,10,83.5,82.4,85.7,82.9,89.9,8.83,8.42,1,64,32,2.9,2.0,47,89,No,Yes,PhD,High,Yes,Average,High,8.39,56.8,Moderate,55.0,87
EDU02468,Sanjay Singh,Female,23,IT,7,88.7,2.4,7.8,7,4,69.1,65.4,62.9,61.5,61.6,5.76,6.34,2,213,39,0.1,2.0,74,89,No,No,School,Upper-Middle,Yes,Excellent,Medium,6.58,107.68,Critical,90.8,79
EDU02469,Aishwarya Kumar,Male,21,AIDS,1,96.0,1.2,5.5,4,10,69.7,70.9,66.7,74.2,69.8,6.57,6.57,1,43,36,2.7,1.7,55,100,Yes,Yes,UG,Middle,Yes,Poor,Medium,6.91,69.0,Moderate,100.0,69
EDU02470,Sneha Singh,Female,17,AIDS,2,76.8,3.9,5.4,8,8,72.6,72.4,70.0,75.7,71.1,6.38,6.08,1,101,40,2.0,0.6,84,47,Yes,Yes,School,High,Yes,Excellent,Low,7.17,84.52,High,82.5,48
EDU02471,Rahul Gupta,Male,19,CIVIL,2,65.6,2.7,5.1,10,8,56.2,53.6,51.9,52.9,48.8,4.67,4.51,3,73,36,0.9,1.9,59,86,Yes,Yes,PG,Upper-Middle,No,Poor,Low,5.39,64.44,Critical,66.5,40
EDU02472,Diya Gupta,Male,20,CIVIL,8,93.8,4.3,6.8,10,8,85.3,78.0,81.1,75.4,78.5,7.89,7.65,0,191,34,0.7,1.6,71,91,Yes,Yes,School,Middle,Yes,Poor,High,8.15,104.12,Moderate,97.5,66
EDU02473,Ananya Verma,Male,22,AI&DS,5,85.2,5.0,6.0,3,4,85.7,81.2,87.1,90.8,93.9,9.21,8.9,0,44,16,1.7,2.6,69,42,No,Yes,UG,Middle,Yes,Average,Low,8.47,70.48,Low,84.5,86
EDU02474,Sai Iyer,Female,21,ECE,3,78.2,5.6,6.0,4,5,87.6,77.8,82.8,85.2,81.8,7.33,7.63,0,160,37,2.8,2.0,85,57,Yes,Yes,School,High,Yes,Average,Low,8.27,97.28,Moderate,77.6,77
EDU02475,Karthik Nair,Male,22,CSE,1,84.6,3.3,6.8,2,8,78.9,80.4,79.4,84.0,83.3,7.63,8.11,0,177,19,2.1,1.3,63,60,No,Yes,PG,Low,Yes,Excellent,Low,7.96,94.44,Low,77.3,69
EDU02476,Ananya Sharma,Male,17,AI&DS,7,75.5,1.9,5.1,7,4,56.8,53.2,55.9,57.1,57.8,4.89,5.39,2,215,24,0.6,2.3,63,68,No,Yes,UG,Middle,Yes,Excellent,High,5.53,98.4,Critical,63.1,62
EDU02477,Sneha Iyer,Male,24,AI&DS,5,85.7,3.3,6.2,4,3,80.3,82.7,85.3,79.0,77.4,8.67,9.08,0,46,7,3.5,2.4,79,55,No,Yes,UG,Middle,Yes,Poor,Low,8.28,75.08,Low,94.6,81
EDU02478,Arjun Iyer,Male,18,AI&DS,1,63.4,4.5,6.9,6,3,75.3,68.9,73.1,76.4,74.8,7.1,6.7,1,34,1,2.7,0.3,83,62,Yes,Yes,PhD,High,Yes,Excellent,High,7.24,65.36,High,68.7,75
EDU02479,Nisha Reddy,Male,24,EEE,5,69.0,3.5,5.1,8,7,66.6,69.3,72.3,68.5,72.6,7.32,7.31,0,165,7,1.9,0.1,65,76,No,Yes,PG,Upper-Middle,Yes,Excellent,Low,6.94,86.6,Moderate,75.2,40
EDU02480,Arjun Iyer,Male,22,AI&DS,7,72.5,2.2,8.0,5,4,64.7,54.8,63.0,70.6,72.3,7.27,7.14,0,90,19,1.6,1.4,96,96,No,Yes,PhD,Low,Yes,Excellent,Low,6.08,85.4,Moderate,62.9,59
EDU02481,Sai Singh,Male,20,MECH,1,85.6,5.8,8.3,6,4,96.9,88.6,97.0,100.0,100.0,9.54,9.9,0,155,23,0.9,2.8,61,67,No,No,PhD,Middle,Yes,Poor,High,9.42,89.64,Low,91.3,100
EDU02482,Aishwarya Singh,Female,22,CIVIL,4,78.2,5.9,6.9,6,9,96.4,100.0,98.5,100.0,96.4,10.0,9.98,0,202,26,4.0,0.3,72,76,Yes,No,School,High,Yes,Poor,Low,9.83,100.48,Low,83.8,100
EDU02483,Pooja Das,Male,23,MECH,1,72.5,1.2,7.3,4,4,54.1,45.9,50.6,47.7,46.8,4.5,4.02,4,116,22,0.6,0.2,71,58,No,No,UG,High,Yes,Excellent,High,5.02,80.6,Critical,83.9,39
EDU02484,Arjun Sharma,Female,17,AIDS,3,74.1,5.3,5.9,9,8,86.3,80.4,85.9,87.3,89.4,8.7,8.48,0,153,23,0.8,2.5,73,66,Yes,Yes,PhD,Middle,Yes,Average,Medium,8.42,89.44,Moderate,72.9,92
EDU02485,Aarav Nair,Female,24,CIVIL,3,70.0,4.8,7.2,10,9,87.2,89.7,91.6,98.8,100.0,10.0,10.0,0,206,25,2.5,0.1,50,73,No,Yes,PhD,Middle,Yes,Excellent,Medium,8.95,89.2,Low,62.1,76
EDU02486,Sai Singh,Male,22,EEE,2,84.2,4.1,6.7,8,9,78.2,75.9,76.7,71.5,74.5,7.8,7.7,0,215,22,1.7,1.0,44,56,No,Yes,PhD,Middle,Yes,Good,Low,7.69,94.28,Moderate,90.2,69
EDU02487,Vihaan Das,Female,20,IT,2,100.0,3.7,8.1,4,4,94.6,98.1,94.6,94.8,100.0,9.99,9.9,0,159,13,4.1,2.0,75,42,No,Yes,PhD,Low,Yes,Good,Low,9.58,101.8,Low,93.6,94
EDU02488,Diya Sharma,Female,24,MECH,7,58.0,2.9,8.2,8,4,66.8,60.8,65.4,71.3,68.2,7.25,7.49,1,136,22,2.6,0.3,90,55,Yes,Yes,PG,Upper-Middle,No,Good,Low,6.43,86.4,High,53.6,52
EDU02489,Vihaan Singh,Female,18,MECH,1,93.7,1.0,7.6,1,6,66.8,62.0,64.6,60.4,61.0,7.14,7.22,0,102,27,1.6,1.5,70,78,Yes,Yes,School,Upper-Middle,Yes,Excellent,High,6.45,85.88,Low,81.6,53
EDU02490,Sanjay Verma,Female,18,ECE,8,82.6,1.1,6.8,1,6,63.9,68.5,61.7,66.8,66.0,5.39,5.05,3,181,3,2.2,0.1,64,73,Yes,Yes,School,High,No,Excellent,Medium,6.47,94.84,Critical,85.8,50
EDU02491,Nithin Nair,Female,17,MECH,8,85.5,5.0,8.2,1,8,84.0,91.8,83.3,83.8,81.1,9.21,9.47,0,67,3,4.8,0.4,78,40,No,Yes,PhD,High,Yes,Poor,High,8.64,78.8,Low,80.6,89
EDU02492,Vihaan Singh,Male,20,IT,7,82.7,4.7,8.0,4,7,85.1,87.5,81.7,83.7,90.3,8.58,8.73,0,95,9,3.2,2.5,49,48,Yes,Yes,Diploma,Upper-Middle,Yes,Poor,Medium,8.48,71.68,Low,84.2,96
EDU02493,Keerthi Singh,Male,22,ECE,3,77.8,2.8,8.3,9,6,64.3,66.1,68.6,68.3,68.0,7.14,7.65,0,58,7,1.4,1.0,76,72,No,Yes,PhD,Upper-Middle,Yes,Poor,Medium,6.63,73.12,Moderate,67.0,69
EDU02494,Nisha Patel,Female,18,AIDS,6,71.6,2.9,8.5,7,4,73.6,77.0,71.5,69.4,74.3,7.99,8.19,0,136,0,0.1,2.0,95,46,No,Yes,Diploma,High,Yes,Poor,Low,7.4,93.84,Moderate,63.6,88
EDU02495,Rahul Verma,Female,18,ECE,2,80.7,4.8,6.8,4,8,86.0,92.2,85.0,86.8,93.0,8.95,9.35,0,96,10,1.7,0.7,88,48,No,Yes,School,Upper-Middle,Yes,Poor,High,8.77,86.68,Low,72.5,72
EDU02496,Priya Iyer,Female,21,EEE,1,84.4,3.7,5.0,10,8,81.0,86.2,85.2,79.4,76.1,8.19,8.03,1,217,27,0.9,0.0,55,78,No,Yes,Diploma,Upper-Middle,Yes,Average,Low,8.41,99.16,High,99.4,55
EDU02497,Pooja Das,Female,20,EEE,2,68.6,5.9,5.6,7,6,87.4,91.5,87.4,88.9,93.6,7.76,7.63,0,94,23,1.0,1.6,50,49,Yes,Yes,UG,Low,No,Poor,Medium,8.88,66.24,Moderate,69.0,59
EDU02498,Vihaan Verma,Female,24,EEE,4,72.6,5.9,5.5,8,5,93.3,93.4,94.2,94.5,96.3,9.47,9.02,0,167,35,3.8,0.1,62,47,Yes,Yes,PG,Middle,No,Average,Low,9.36,87.24,Moderate,85.8,81
EDU02499,Sneha Nair,Male,21,MECH,8,87.3,1.8,6.3,4,9,69.3,72.1,72.2,73.6,69.7,7.86,7.64,0,144,23,2.6,1.4,97,74,No,Yes,PhD,Low,Yes,Poor,High,7.12,102.52,Low,80.7,65
EDU02500,Aishwarya Singh,Female,18,CSE,6,89.3,1.9,6.6,2,10,71.6,65.0,63.5,56.1,62.5,5.35,4.91,3,188,8,4.3,1.4,46,69,Yes,Yes,Diploma,Middle,Yes,Good,High,6.67,91.72,Critical,99.2,52
EDU02501,Meera Verma,Male,23,AI&DS,1,72.1,5.5,7.1,5,8,84.2,83.1,81.6,80.1,76.6,8.91,9.22,0,140,1,0.4,1.7,53,72,No,Yes,Diploma,Low,Yes,Average,High,8.3,78.04,Low,66.1,80
EDU02502,Pooja Patel,Female,17,CIVIL,7,69.1,3.1,6.9,9,7,72.6,70.8,72.6,74.4,70.7,6.65,7.17,0,27,26,4.3,0.8,85,75,Yes,Yes,Diploma,High,Yes,Average,Medium,7.2,67.04,Moderate,86.1,70
EDU02503,Sneha Iyer,Female,20,IT,8,100.0,4.7,8.4,4,7,100.0,100.0,96.6,89.5,93.3,8.67,8.22,1,73,18,1.7,0.6,93,68,Yes,Yes,PhD,Middle,Yes,Average,Medium,9.89,91.8,Moderate,100.0,100
EDU02504,Rahul Nair,Male,24,MECH,2,100.0,2.8,5.9,9,5,85.7,90.5,90.0,89.2,85.0,8.14,7.88,1,42,13,3.0,1.7,50,53,Yes,Yes,PhD,High,Yes,Good,Medium,8.87,68.4,Moderate,94.6,88
EDU02505,Aditya Reddy,Male,24,CIVIL,1,60.2,5.8,7.9,9,9,92.4,93.1,90.6,93.3,99.7,9.89,9.43,0,145,6,1.2,1.9,83,76,Yes,Yes,Diploma,Low,Yes,Good,Low,9.2,86.28,Moderate,73.6,64
EDU02506,Arjun Verma,Female,17,MECH,5,92.4,1.6,8.5,2,5,65.0,70.5,70.5,66.8,69.5,7.24,7.74,0,122,31,1.5,2.1,61,41,No,Yes,School,Upper-Middle,Yes,Good,Low,6.87,85.76,Low,89.2,60
EDU02507,Ananya Singh,Male,22,AI&DS,6,77.5,4.7,8.5,2,8,81.5,77.1,82.7,88.5,96.9,8.64,8.61,0,114,13,1.3,0.5,59,81,Yes,Yes,PhD,Low,Yes,Average,Medium,8.04,77.4,Low,69.4,59
EDU02508,Aarav Reddy,Female,21,AI&DS,6,94.2,3.3,6.5,9,10,83.8,88.2,83.1,80.6,76.1,8.35,8.52,0,121,5,0.4,2.1,78,68,No,Yes,School,Middle,Yes,Excellent,Medium,8.5,93.08,Low,92.9,74
EDU02509,Diya Patel,Female,18,MECH,8,92.6,4.1,5.4,8,5,87.8,92.8,87.7,91.0,91.4,8.01,7.89,0,218,37,1.2,0.8,67,68,Yes,No,PhD,Low,Yes,Poor,High,8.94,107.44,Moderate,75.1,78
EDU02510,Arjun Reddy,Female,19,AIDS,5,87.9,3.2,5.1,2,4,75.6,67.0,74.7,70.5,75.0,8.42,8.8,0,26,32,1.3,1.1,69,84,Yes,Yes,Diploma,Low,Yes,Good,Low,7.24,67.96,Low,90.7,89
EDU02511,Aditya Singh,Female,23,CIVIL,7,80.2,2.4,5.9,2,8,64.8,69.8,68.0,67.1,74.1,6.71,6.43,1,90,12,3.4,0.3,89,96,Yes,Yes,PG,Upper-Middle,Yes,Average,Low,6.75,85.68,Moderate,87.6,59
EDU02512,Aarav Nair,Male,24,ECE,6,80.4,4.5,7.3,10,10,79.0,78.4,78.1,83.9,85.3,8.76,8.32,0,119,11,1.6,1.0,56,63,No,Yes,PG,Middle,Yes,Poor,High,7.85,78.36,Moderate,80.1,95
EDU02513,Riya Patel,Female,19,MECH,6,90.8,5.9,6.5,7,6,93.3,95.8,98.8,100.0,95.7,10.0,10.0,0,212,15,2.0,0.8,65,62,No,Yes,School,Upper-Middle,Yes,Excellent,Low,9.6,104.72,Low,100.0,80
EDU02514,Karthik Gupta,Female,21,ECE,6,70.0,2.5,6.7,1,4,61.3,61.5,63.0,62.8,65.8,6.43,6.61,1,151,33,0.9,1.5,75,88,No,Yes,School,High,Yes,Good,High,6.19,88.2,Moderate,87.6,77
EDU02515,Arjun Singh,Female,21,MECH,1,90.4,5.3,5.8,4,4,100.0,92.0,96.7,90.5,89.3,8.99,8.78,0,194,21,2.5,0.3,90,78,No,Yes,UG,Middle,Yes,Average,Medium,9.62,110.96,Low,84.3,62
EDU02516,Rahul Kumar,Female,18,CIVIL,4,93.4,4.0,5.9,5,4,86.9,89.1,83.2,83.6,91.6,7.34,6.86,1,23,33,3.5,3.0,48,57,Yes,Yes,Diploma,Middle,Yes,Poor,Low,8.64,61.16,Moderate,85.7,65
EDU02517,Nisha Reddy,Female,20,ECE,6,63.3,1.8,8.1,3,8,58.6,59.4,59.0,52.1,49.6,5.88,6.31,1,135,31,1.2,0.4,70,61,Yes,Yes,Diploma,High,Yes,Excellent,High,5.9,80.32,High,85.6,48
EDU02518,Riya Kumar,Male,23,CSE,5,82.7,2.2,7.5,9,5,62.2,59.7,62.5,70.0,71.2,5.4,5.27,2,141,35,4.7,0.6,43,84,Yes,No,UG,High,Yes,Good,Low,6.15,78.48,Critical,64.1,58
EDU02519,Ananya Verma,Female,24,EEE,3,95.1,4.3,6.9,6,6,97.1,100.0,99.0,100.0,98.7,10.0,10.0,0,53,5,1.6,1.5,92,80,Yes,Yes,School,Middle,Yes,Poor,High,9.87,85.44,Low,100.0,97
EDU02520,Priya Reddy,Male,24,EEE,8,74.3,2.2,5.3,2,3,64.9,58.1,57.1,53.8,61.3,5.52,5.09,2,129,11,2.8,2.1,87,92,No,Yes,School,Low,Yes,Excellent,Medium,6.0,90.32,Critical,83.0,40
EDU02521,Aditya Das,Female,22,IT,7,77.1,4.3,8.0,1,5,89.1,86.0,83.0,78.3,82.9,8.19,8.6,0,73,36,3.7,2.8,88,66,No,Yes,PhD,Low,No,Poor,Low,8.6,80.64,Low,83.5,70
EDU02522,Aishwarya Singh,Male,19,ECE,2,73.0,4.3,6.2,7,10,75.5,66.1,66.3,66.8,63.8,7.36,7.79,0,146,14,0.1,1.8,56,76,Yes,Yes,UG,Middle,Yes,Poor,High,6.93,80.8,Moderate,68.2,88
EDU02523,Karthik Patel,Female,23,AIDS,3,94.1,1.2,7.4,2,3,60.3,63.3,66.1,65.6,74.6,5.96,6.03,1,157,0,3.1,2.0,63,90,Yes,Yes,UG,High,Yes,Average,Low,6.32,94.24,Moderate,100.0,70
EDU02524,Keerthi Verma,Female,24,ECE,7,92.0,6.0,5.8,9,7,95.4,96.7,93.5,94.9,100.0,8.72,8.93,0,35,8,4.9,1.7,42,44,No,Yes,PG,Upper-Middle,Yes,Good,Low,9.52,60.6,Low,79.3,62
EDU02525,Aishwarya Singh,Female,24,IT,4,76.3,4.4,5.7,7,9,83.9,80.1,83.6,85.7,94.3,8.96,8.47,0,111,1,1.3,1.5,84,43,Yes,Yes,Diploma,High,Yes,Good,Low,8.25,86.32,Low,72.6,98
EDU02526,Riya Nair,Male,20,AI&DS,8,76.2,5.1,6.3,9,8,86.2,82.2,89.2,94.5,100.0,9.16,9.12,0,79,8,4.1,0.5,79,47,No,Yes,UG,High,Yes,Average,High,8.59,77.88,Moderate,75.8,77
EDU02527,Nithin Patel,Male,24,CSE,3,87.3,2.2,5.8,1,9,74.1,69.2,73.3,72.8,82.7,7.12,7.3,0,156,3,4.7,1.9,75,69,Yes,Yes,PG,Middle,Yes,Poor,Low,7.22,96.12,Low,87.7,63
EDU02528,Ananya Iyer,Female,24,IT,5,86.8,1.6,6.6,5,5,57.4,53.9,55.1,60.2,66.5,6.31,6.01,1,50,29,4.7,0.2,68,94,No,Yes,PG,Upper-Middle,Yes,Excellent,Medium,5.55,71.92,High,95.0,59
EDU02529,Aditya Singh,Male,23,EEE,4,92.7,5.2,5.3,8,8,88.5,87.5,89.3,88.9,98.4,7.96,8.41,0,47,33,2.8,0.5,47,95,No,No,UG,Middle,Yes,Good,Medium,8.84,65.28,Low,85.6,85
EDU02530,Arjun Sharma,Male,19,IT,1,73.8,1.4,7.0,2,9,49.8,41.9,50.2,44.6,47.5,5.93,6.46,1,20,38,3.7,2.6,99,51,No,Yes,Diploma,Middle,Yes,Poor,Low,4.73,73.12,Moderate,69.8,65
EDU02531,Sai Patel,Male,22,IT,2,85.0,1.7,5.0,7,5,71.2,65.8,67.6,59.9,58.9,7.47,7.72,1,209,10,1.3,2.1,78,41,Yes,Yes,Diploma,High,Yes,Poor,Medium,6.82,107.0,Moderate,83.6,100
EDU02532,Ananya Kumar,Male,17,IT,7,85.2,4.6,8.5,3,10,88.4,81.6,86.2,80.8,86.8,8.28,8.41,0,198,31,1.4,0.7,57,43,Yes,Yes,PG,Upper-Middle,No,Poor,High,8.54,96.48,Low,88.7,82
EDU02533,Diya Nair,Female,20,IT,1,100.0,3.1,8.3,10,6,82.6,76.9,80.1,87.1,96.7,8.23,8.16,0,217,19,1.7,0.7,82,75,No,Yes,Diploma,Middle,Yes,Excellent,Medium,7.99,116.2,Moderate,81.8,62
EDU02534,Arjun Nair,Male,22,IT,4,100.0,1.2,7.3,9,4,68.6,68.3,70.3,65.4,71.0,6.55,6.38,1,217,0,1.3,2.3,57,49,Yes,Yes,PG,High,Yes,Poor,High,6.91,106.2,High,100.0,64
EDU02535,Aishwarya Nair,Male,20,CSE,8,81.3,4.5,5.8,10,8,89.8,81.6,88.9,81.0,78.4,9.31,9.29,0,136,35,4.9,2.4,77,63,Yes,Yes,School,Upper-Middle,Yes,Poor,High,8.68,90.52,Moderate,77.4,72
EDU02536,Rahul Gupta,Male,17,ECE,3,84.8,5.9,5.2,1,3,93.6,100.0,92.7,85.7,81.4,9.4,9.09,0,163,10,0.6,2.9,40,52,No,Yes,UG,Low,Yes,Poor,Medium,9.54,82.52,Low,75.3,83
EDU02537,Sneha Das,Male,23,MECH,5,80.3,5.9,7.8,7,5,97.3,88.7,97.0,94.9,93.2,9.66,9.79,0,168,5,1.6,0.9,100,51,Yes,Yes,Diploma,Middle,Yes,Average,Medium,9.43,105.72,Low,62.4,64
EDU02538,Arjun Iyer,Female,22,EEE,5,62.1,5.0,6.4,3,7,85.6,75.6,84.8,83.1,79.0,8.45,8.61,0,150,17,0.8,2.7,93,79,Yes,No,UG,Middle,Yes,Poor,Low,8.2,92.04,Low,46.6,72
EDU02539,Keerthi Kumar,Female,17,CIVIL,8,84.6,4.2,5.9,4,3,91.1,82.5,84.0,81.6,84.2,9.02,8.93,0,64,13,1.1,1.0,58,44,No,Yes,PhD,Low,Yes,Good,Low,8.59,69.84,Low,87.3,92
EDU02540,Pooja Verma,Male,22,CSE,5,86.1,3.2,8.0,10,3,74.2,73.8,78.1,81.6,85.3,7.02,6.9,1,146,9,2.8,1.4,75,59,Yes,Yes,School,High,Yes,Average,Medium,7.54,93.64,High,86.4,54
EDU02541,Aditya Patel,Female,19,EEE,4,55.9,4.2,7.3,10,4,73.1,68.5,71.5,72.5,69.8,6.87,6.71,2,208,1,1.7,1.0,89,80,No,Yes,Diploma,Low,Yes,Average,Medium,7.1,99.56,Critical,40.0,53
EDU02542,Aarav Kumar,Female,19,CIVIL,7,88.1,1.5,5.2,5,7,69.6,70.1,65.2,65.0,67.4,6.54,6.68,2,164,24,3.4,0.5,66,71,No,Yes,Diploma,Upper-Middle,Yes,Good,High,6.83,94.44,High,89.0,47
EDU02543,Sneha Kumar,Female,23,IT,6,92.9,1.8,8.5,6,3,73.0,77.0,77.5,82.3,78.3,8.21,7.79,0,53,4,1.5,1.5,82,70,No,No,UG,Middle,Yes,Average,High,7.58,80.56,Moderate,92.3,69
EDU02544,Keerthi Reddy,Male,24,ECE,2,70.8,2.5,6.6,7,8,61.4,63.6,62.6,61.4,62.3,6.9,7.03,1,87,25,4.5,0.3,67,40,Yes,Yes,PG,Upper-Middle,Yes,Average,Medium,6.25,72.52,High,72.7,56
EDU02545,Harish Verma,Female,18,MECH,1,95.5,5.6,6.3,2,4,100.0,91.5,99.4,94.5,95.5,9.17,9.0,0,43,3,4.9,1.4,69,43,Yes,Yes,School,Middle,Yes,Poor,High,9.7,74.4,Low,98.8,96
EDU02546,Harish Reddy,Female,18,AI&DS,1,86.3,2.0,7.9,7,3,66.3,71.6,71.0,70.6,73.5,6.23,6.12,1,202,21,2.1,2.9,43,65,No,Yes,PhD,Low,Yes,Average,Medium,6.96,92.12,High,77.5,49
EDU02547,Rahul Gupta,Female,17,AI&DS,2,93.7,2.9,7.2,6,6,83.9,87.3,88.3,92.5,93.2,8.27,8.85,0,83,0,0.1,2.0,89,81,Yes,Yes,School,Middle,Yes,Good,Low,8.65,89.68,Low,87.5,72
EDU02548,Riya Nair,Male,18,CSE,5,72.4,4.0,5.7,9,9,77.0,75.2,80.2,76.4,72.4,8.57,8.24,1,37,30,3.8,1.1,95,49,Yes,Yes,PhD,Upper-Middle,Yes,Excellent,High,7.75,74.36,Moderate,79.0,83
EDU02549,Aarav Patel,Male,17,AI&DS,4,79.3,4.3,5.1,10,4,84.2,79.6,82.0,86.4,91.9,7.4,7.06,0,105,37,2.5,0.0,45,51,No,Yes,Diploma,Middle,Yes,Poor,High,8.19,70.72,Moderate,76.4,52
EDU02550,Sai Iyer,Female,24,ECE,3,86.7,4.5,7.1,8,4,82.5,77.4,75.5,81.8,91.7,8.47,8.88,0,98,0,3.1,0.8,97,64,No,Yes,UG,Low,Yes,Poor,Medium,7.85,93.08,Moderate,100.0,70
EDU02551,Keerthi Iyer,Female,20,AI&DS,1,78.2,4.6,7.1,4,10,89.1,79.2,83.0,76.3,75.3,8.41,8.16,0,89,15,4.1,2.1,70,45,No,Yes,Diploma,Low,Yes,Poor,High,8.38,77.08,Low,80.0,67
EDU02552,Karthik Das,Female,21,CSE,5,90.1,3.8,5.4,7,4,85.6,92.0,85.3,81.4,81.2,9.22,9.17,0,43,38,2.0,0.5,55,89,Yes,Yes,PhD,High,Yes,Good,Low,8.76,66.64,Low,85.3,77
EDU02553,Karthik Gupta,Female,19,AIDS,7,81.1,6.0,7.1,6,8,97.2,93.3,92.3,84.5,92.3,8.85,9.0,0,75,3,4.6,0.8,78,100,Yes,No,PG,High,Yes,Poor,Low,9.43,78.64,Low,77.0,100
EDU02554,Aishwarya Verma,Male,18,IT,3,83.2,3.0,7.2,6,4,80.6,77.7,82.6,81.3,85.4,7.87,7.53,0,64,1,4.1,0.1,87,61,No,Yes,School,Middle,Yes,Excellent,Medium,8.03,80.88,Moderate,81.3,68
EDU02555,Karthik Patel,Female,17,AI&DS,2,85.5,2.0,6.5,1,7,63.4,57.3,63.4,57.5,56.6,6.01,6.32,2,157,11,2.3,1.7,77,75,Yes,Yes,PG,High,No,Average,Low,6.14,96.4,High,85.2,64
EDU02556,Nisha Nair,Male,22,EEE,8,74.4,5.7,8.4,8,5,85.8,78.2,85.1,92.0,97.1,8.69,8.84,0,179,3,1.8,0.1,57,90,Yes,Yes,School,High,Yes,Poor,Medium,8.3,88.36,Moderate,71.5,94
EDU02557,Sanjay Das,Female,17,AIDS,1,74.7,5.4,7.2,5,3,90.3,89.5,88.2,82.0,77.4,8.98,9.47,0,168,12,3.3,3.0,73,66,Yes,Yes,PhD,Upper-Middle,No,Poor,Medium,8.93,92.68,Low,80.5,83
EDU02558,Priya Das,Male,23,CIVIL,7,83.5,2.2,5.2,9,3,60.8,66.7,65.7,71.9,70.4,5.89,5.49,4,217,40,1.8,0.8,98,44,No,Yes,UG,High,Yes,Excellent,High,6.44,116.0,Critical,94.9,58
EDU02559,Arjun Gupta,Female,22,EEE,6,71.4,4.9,5.1,6,9,76.7,70.7,73.7,76.9,85.6,6.48,6.77,1,181,12,2.8,2.1,63,76,No,Yes,PG,Low,No,Poor,Low,7.37,89.96,High,75.5,58
EDU02560,Riya Reddy,Male,18,AIDS,1,81.8,4.7,7.0,5,9,85.1,86.1,90.3,86.4,91.5,9.19,9.19,0,164,12,4.4,1.7,65,78,No,Yes,Diploma,Middle,Yes,Average,High,8.72,91.52,Low,75.9,80
EDU02561,Diya Singh,Male,17,MECH,5,77.1,2.7,5.1,3,4,64.9,71.4,72.4,76.4,76.6,7.36,7.51,1,217,39,1.3,0.6,82,96,No,No,PhD,Low,Yes,Excellent,High,6.96,107.04,Moderate,70.2,46
EDU02562,Karthik Patel,Male,23,IT,2,100.0,1.1,5.8,9,8,66.4,69.6,64.3,58.2,58.2,5.63,5.86,2,170,33,3.8,1.2,49,53,Yes,Yes,PG,Middle,Yes,Poor,Medium,6.68,93.6,Critical,100.0,66
EDU02563,Keerthi Sharma,Male,21,IT,1,90.2,2.5,5.3,7,5,66.5,66.0,66.1,72.3,75.8,6.88,6.7,2,177,17,4.3,1.9,90,98,Yes,Yes,PhD,Middle,Yes,Excellent,Low,6.62,107.48,High,97.7,64
EDU02564,Nisha Patel,Female,24,EEE,1,70.1,3.5,6.5,7,3,65.0,70.0,69.9,71.2,77.5,7.81,7.85,0,96,37,4.5,0.6,87,63,Yes,Yes,PG,High,Yes,Excellent,High,6.83,82.04,Moderate,68.0,55
EDU02565,Sneha Gupta,Female,24,ECE,7,87.1,4.6,7.7,2,8,88.9,90.1,93.7,100.0,100.0,9.31,8.93,0,96,27,4.4,1.9,53,59,No,Yes,School,Low,Yes,Average,High,9.09,75.24,Low,96.8,89
EDU02566,Aarav Reddy,Male,21,ECE,5,94.3,5.8,5.5,1,10,97.7,100.0,97.2,98.8,96.3,9.41,9.26,0,63,29,4.4,1.8,87,66,Yes,Yes,School,Low,No,Excellent,Medium,9.83,85.12,Low,87.1,72
EDU02567,Aarav Verma,Male,20,AI&DS,7,51.9,3.8,6.6,4,6,66.0,61.6,65.2,67.1,63.3,7.46,7.45,0,106,11,2.8,1.6,62,97,Yes,Yes,PhD,Middle,Yes,Excellent,Low,6.43,66.76,Moderate,47.5,81
EDU02568,Aarav Kumar,Male,20,AIDS,8,76.4,5.2,5.9,2,6,85.4,79.3,84.3,77.3,75.4,8.46,8.86,0,213,15,0.9,1.8,79,68,Yes,No,PG,Upper-Middle,Yes,Poor,Low,8.3,104.76,Low,74.1,78
EDU02569,Arjun Verma,Male,18,CIVIL,7,80.8,5.1,8.1,9,4,83.8,74.4,75.1,70.9,76.1,8.45,8.07,0,106,40,1.4,2.7,98,89,Yes,Yes,UG,High,No,Poor,Low,7.78,92.72,Moderate,83.4,35
EDU02570,Aishwarya Kumar,Female,22,ECE,1,76.3,4.1,8.1,8,10,86.9,85.0,86.8,85.4,93.6,7.8,7.79,0,65,25,0.3,2.0,86,79,Yes,Yes,PG,Upper-Middle,Yes,Average,Medium,8.62,77.92,Moderate,77.4,69
EDU02571,Riya Iyer,Female,23,IT,7,66.0,5.0,7.4,7,5,79.3,79.2,80.5,81.4,86.5,8.88,8.43,0,107,3,0.1,0.6,64,65,Yes,No,PhD,Upper-Middle,Yes,Poor,Low,7.97,73.4,Moderate,56.8,71
EDU02572,Pooja Singh,Female,18,AI&DS,7,75.6,3.6,7.9,10,10,70.7,77.4,73.7,72.6,80.1,8.08,7.74,1,40,3,4.6,0.4,41,79,No,Yes,PhD,High,Yes,Poor,Low,7.39,54.64,High,81.1,74
EDU02573,Aarav Sharma,Male,17,AIDS,4,93.6,1.1,6.9,7,6,57.2,51.5,49.6,53.9,60.4,5.86,6.24,1,185,28,4.0,1.4,89,51,No,Yes,PhD,Upper-Middle,Yes,Good,Low,5.28,110.04,High,95.7,64
EDU02574,Priya Sharma,Male,24,ECE,6,79.7,3.8,7.8,3,7,74.2,72.7,70.0,70.4,77.8,7.72,7.78,0,117,10,3.3,0.6,50,55,Yes,Yes,School,Middle,Yes,Poor,Low,7.23,75.28,Low,75.9,83
EDU02575,Harish Verma,Female,22,IT,6,79.2,5.9,6.8,8,3,98.3,100.0,100.0,100.0,100.0,10.0,10.0,0,180,38,2.7,0.1,62,59,Yes,Yes,Diploma,Middle,No,Poor,Low,9.94,92.48,Low,78.0,80
EDU02576,Aishwarya Sharma,Female,21,ECE,2,81.5,4.1,7.2,9,3,75.4,76.0,73.4,77.6,73.7,8.07,7.61,0,181,3,4.3,2.2,44,50,Yes,Yes,Diploma,Upper-Middle,Yes,Good,Medium,7.49,86.4,Moderate,80.2,87
EDU02577,Sai Patel,Female,21,EEE,4,80.2,4.8,6.4,9,3,94.2,92.1,90.3,92.9,98.9,9.44,9.56,0,43,13,2.3,0.8,91,92,Yes,Yes,School,Upper-Middle,Yes,Poor,High,9.22,77.08,Moderate,77.8,99
EDU02578,Riya Iyer,Male,18,AI&DS,5,76.2,3.0,5.0,10,5,69.4,75.4,74.1,79.4,85.3,7.38,7.62,1,199,6,3.5,0.9,89,57,Yes,Yes,UG,Low,Yes,Average,Medium,7.3,105.88,High,81.6,73
EDU02579,Sneha Sharma,Female,22,AIDS,6,83.8,5.0,7.5,6,5,90.4,90.0,91.0,88.1,83.1,9.74,10.0,0,91,4,0.5,1.6,81,95,Yes,Yes,School,Middle,Yes,Average,Medium,9.05,84.12,Low,92.1,91
EDU02580,Keerthi Nair,Male,24,IT,6,91.4,4.6,6.0,4,8,87.0,88.3,88.7,85.8,83.6,8.28,8.35,0,105,0,0.2,0.7,90,41,No,Yes,PhD,High,Yes,Average,High,8.8,93.56,Low,100.0,86
EDU02581,Priya Nair,Male,19,MECH,1,89.0,2.3,6.5,1,7,67.7,75.5,68.1,63.8,72.8,7.71,7.33,1,70,3,3.7,2.4,55,48,No,Yes,Diploma,High,Yes,Good,High,7.04,71.6,Moderate,77.7,62
EDU02582,Keerthi Nair,Female,23,AIDS,4,81.8,5.8,6.0,9,4,100.0,95.7,100.0,100.0,100.0,9.37,9.86,0,40,38,0.1,0.6,98,89,No,No,UG,High,No,Poor,Medium,9.86,79.92,Low,74.1,81
EDU02583,Sanjay Nair,Female,21,EEE,7,81.6,4.8,5.9,3,4,86.8,83.7,86.6,93.8,91.9,9.39,9.14,0,124,40,0.4,1.0,80,75,No,Yes,UG,Low,Yes,Good,Medium,8.57,89.44,Low,81.8,89
EDU02584,Nithin Nair,Male,19,IT,5,80.4,1.2,5.2,5,7,61.9,58.8,65.2,66.3,71.7,7.35,7.22,0,184,14,1.6,0.2,100,57,Yes,Yes,School,Middle,Yes,Good,Low,6.2,108.96,Moderate,66.2,75
EDU02585,Aarav Nair,Male,18,MECH,4,95.7,4.1,5.1,1,8,95.3,94.6,97.0,93.6,96.2,10.0,10.0,0,51,28,3.1,2.3,85,76,Yes,Yes,Diploma,Low,Yes,Average,Medium,9.56,82.48,Low,93.4,95
EDU02586,Diya Verma,Male,20,AI&DS,2,74.4,5.2,5.3,1,7,84.3,86.5,85.0,85.6,83.7,7.73,7.43,1,26,27,0.6,1.2,46,93,No,Yes,School,Low,Yes,Excellent,Low,8.53,53.36,Moderate,67.0,76
EDU02587,Aishwarya Nair,Female,24,AI&DS,3,77.3,2.6,6.9,2,5,67.8,58.6,59.8,60.4,60.3,6.88,7.09,1,215,4,0.3,1.0,48,72,No,No,PhD,High,Yes,Poor,High,6.21,93.12,Moderate,74.4,62
EDU02588,Diya Iyer,Male,22,CIVIL,8,82.7,2.9,6.7,8,3,70.2,64.9,71.8,65.8,62.0,7.51,8.11,1,43,5,4.6,0.6,41,80,No,Yes,UG,Middle,Yes,Excellent,High,6.9,58.08,High,68.1,91
EDU02589,Nisha Nair,Female,23,CIVIL,1,60.3,1.3,6.6,3,4,46.5,40.8,43.6,49.4,54.0,4.5,4.05,4,143,2,1.1,0.7,46,40,Yes,No,School,Low,Yes,Good,Medium,4.36,71.12,Critical,58.2,21
EDU02590,Meera Kumar,Male,20,AI&DS,8,97.7,3.5,7.1,1,5,88.2,78.3,82.0,84.9,90.5,7.78,7.53,0,26,7,4.7,2.9,49,90,Yes,Yes,Diploma,Upper-Middle,Yes,Poor,Low,8.28,63.88,Low,92.7,89
EDU02591,Diya Gupta,Male,20,ECE,5,77.0,5.8,5.9,3,10,87.7,88.7,89.7,94.9,100.0,9.63,9.9,0,79,23,4.6,1.0,100,58,No,No,PG,High,Yes,Excellent,High,8.87,86.6,Low,66.6,83
EDU02592,Keerthi Nair,Female,24,CSE,3,80.3,2.4,6.0,7,6,64.3,66.4,66.3,63.8,69.1,7.3,7.46,0,26,20,4.2,0.7,67,81,No,Yes,PG,Low,Yes,Average,High,6.57,64.12,Moderate,77.3,75
EDU02593,Vihaan Sharma,Female,19,CSE,1,94.4,4.1,7.2,8,6,83.8,82.2,84.2,87.4,94.8,7.88,7.67,0,39,27,4.2,0.2,43,92,No,Yes,UG,Low,Yes,Average,Low,8.34,62.76,Moderate,100.0,42
EDU02594,Rahul Nair,Male,20,CIVIL,6,71.4,3.6,5.8,5,9,78.6,80.6,84.4,88.0,87.5,8.53,9.01,0,57,24,4.1,1.4,78,44,Yes,Yes,PhD,Upper-Middle,Yes,Good,High,8.12,71.16,Low,78.3,82
EDU02595,Priya Das,Female,17,EEE,8,73.8,5.4,6.8,3,4,94.9,94.0,93.4,87.0,87.4,9.06,9.13,0,22,40,2.1,2.8,68,43,Yes,Yes,Diploma,High,Yes,Poor,Low,9.41,61.12,Low,78.0,86
EDU02596,Rahul Kumar,Male,23,ECE,6,72.7,3.2,7.1,4,9,68.0,68.0,71.5,76.5,80.4,7.79,7.71,0,65,6,3.6,0.4,97,78,No,Yes,UG,Upper-Middle,Yes,Good,Low,6.92,80.88,Low,74.8,37
EDU02597,Vihaan Sharma,Female,19,CIVIL,8,96.5,5.6,6.4,3,8,98.5,100.0,100.0,96.2,94.6,10.0,9.82,0,76,5,0.2,0.1,60,79,Yes,Yes,UG,Upper-Middle,Yes,Excellent,High,9.95,77.8,Low,96.0,70
EDU02598,Arjun Gupta,Male,20,MECH,6,71.3,1.3,8.3,5,9,59.9,55.4,57.4,57.5,59.6,4.91,4.91,4,173,9,2.4,2.4,45,78,No,Yes,Diploma,Middle,Yes,Average,Low,5.76,81.12,Critical,56.5,45
EDU02599,Keerthi Iyer,Female,24,CIVIL,2,80.1,2.2,6.2,3,3,60.6,53.5,58.3,51.9,54.2,6.73,6.26,1,64,34,0.2,1.0,86,92,No,Yes,PG,Middle,No,Good,High,5.75,79.24,High,88.2,46
EDU02600,Pooja Das,Male,20,CSE,2,76.5,3.8,7.0,9,6,75.3,82.7,75.4,72.6,73.5,7.05,7.37,0,26,40,1.7,0.9,53,98,Yes,Yes,School,Low,Yes,Good,Low,7.78,57.0,Moderate,74.1,70
EDU02601,Nisha Sharma,Female,24,IT,8,90.6,5.7,5.0,7,6,93.7,92.0,89.6,93.9,93.8,8.65,8.71,0,101,12,0.5,0.6,75,57,No,Yes,School,Upper-Middle,Yes,Good,Medium,9.18,86.44,Low,90.6,79
EDU02602,Nithin Nair,Male,17,EEE,3,76.2,2.5,8.5,8,10,62.1,66.6,60.2,56.1,61.1,6.25,5.93,4,42,6,3.2,0.1,95,89,Yes,Yes,Diploma,Low,Yes,Good,Low,6.3,76.88,Critical,90.7,51
EDU02603,Sneha Iyer,Female,19,AI&DS,4,85.7,5.6,8.5,7,8,100.0,92.2,95.4,100.0,100.0,10.0,9.98,0,38,3,2.3,0.4,68,69,No,Yes,UG,High,Yes,Average,Medium,9.59,69.08,Low,91.0,89
EDU02604,Keerthi Kumar,Female,24,AI&DS,6,78.4,1.1,5.5,2,4,58.1,60.1,61.3,59.2,66.6,6.45,6.8,1,202,33,4.3,1.0,44,69,Yes,Yes,UG,Upper-Middle,Yes,Average,Medium,5.98,89.36,Moderate,83.3,46
EDU02605,Aishwarya Singh,Female,20,EEE,5,76.2,1.9,7.7,3,6,55.6,60.1,54.7,54.6,52.4,6.03,5.86,4,93,0,3.2,0.0,62,53,No,Yes,PG,Middle,Yes,Excellent,High,5.68,73.88,Critical,88.3,58
EDU02606,Riya Reddy,Male,24,IT,8,84.1,1.9,7.7,4,7,65.1,70.1,62.8,68.6,71.6,6.69,6.51,1,118,9,3.2,2.5,61,83,No,Yes,UG,Upper-Middle,Yes,Average,High,6.6,81.64,Moderate,91.2,37
EDU02607,Meera Iyer,Female,22,MECH,8,100.0,3.2,8.1,10,7,89.6,97.5,96.6,99.5,100.0,8.85,8.81,0,76,21,3.8,1.9,65,76,Yes,Yes,PhD,Middle,Yes,Good,Medium,9.46,81.2,Low,97.3,86
EDU02608,Harish Das,Female,23,CIVIL,6,74.7,3.0,6.5,3,3,70.0,66.4,66.0,69.7,65.9,7.41,7.71,1,124,7,4.3,0.4,86,54,No,Yes,UG,High,No,Good,High,6.75,89.08,Moderate,80.8,53
EDU02609,Harish Sharma,Female,21,IT,7,79.3,2.6,6.0,6,6,68.6,62.0,63.0,59.7,59.7,6.22,6.02,1,107,0,0.9,0.5,78,61,Yes,Yes,UG,High,Yes,Poor,Low,6.45,84.32,High,70.4,33
EDU02610,Priya Iyer,Female,17,CSE,5,83.1,4.0,8.0,8,9,83.5,89.4,85.2,81.7,88.0,7.58,7.41,1,191,27,4.7,2.9,42,73,Yes,Yes,Diploma,High,Yes,Average,Low,8.6,88.24,Moderate,81.7,83
EDU02611,Nithin Das,Male,20,EEE,3,90.3,4.9,6.7,10,10,89.6,94.6,95.0,92.9,89.1,9.31,9.73,0,96,39,3.1,2.2,48,77,No,Yes,Diploma,Low,Yes,Average,Low,9.31,74.52,Low,83.7,87
EDU02612,Aditya Nair,Male,21,IT,7,80.8,5.3,7.6,8,8,93.1,89.6,93.7,96.8,94.5,9.51,9.57,0,119,40,2.6,1.1,91,100,No,Yes,School,Upper-Middle,Yes,Good,Medium,9.21,92.52,Low,78.2,79
EDU02613,Diya Das,Female,22,ECE,3,79.9,5.1,7.4,2,4,86.0,76.2,78.6,82.2,91.0,8.02,7.61,1,169,12,1.8,0.2,74,97,Yes,No,PG,Middle,Yes,Good,Medium,8.03,95.36,Moderate,69.7,79
EDU02614,Sai Nair,Male,19,EEE,5,80.0,1.6,5.4,8,6,65.1,64.0,65.7,60.2,62.0,6.07,6.45,1,163,19,2.7,0.1,41,44,Yes,Yes,UG,Middle,Yes,Average,Medium,6.49,81.0,High,86.1,50
EDU02615,Ananya Kumar,Female,21,AI&DS,6,90.2,3.5,7.5,1,9,83.3,88.6,82.1,75.7,71.5,7.39,7.94,1,149,26,3.4,0.9,81,65,Yes,Yes,Diploma,Upper-Middle,Yes,Average,High,8.47,98.28,Moderate,88.3,82
EDU02616,Aarav Sharma,Male,22,MECH,3,90.7,3.0,6.7,9,5,77.2,82.9,78.8,72.7,73.3,7.13,7.11,0,123,0,1.3,0.5,47,74,Yes,Yes,School,Low,Yes,Good,High,7.96,79.68,Moderate,78.7,69
EDU02617,Diya Reddy,Female,21,AI&DS,1,80.5,4.7,5.7,2,6,84.6,77.6,81.7,80.8,85.7,9.01,9.19,0,118,37,3.2,0.2,81,89,Yes,Yes,UG,High,Yes,Excellent,High,8.13,88.2,Low,91.6,77
EDU02618,Karthik Reddy,Female,23,ECE,2,90.6,3.6,5.5,8,10,80.3,75.7,74.5,72.4,77.0,7.46,7.31,0,130,11,4.7,1.3,61,68,No,Yes,PhD,Upper-Middle,Yes,Average,Medium,7.68,86.64,Moderate,87.3,55
EDU02619,Aarav Iyer,Female,18,CIVIL,4,94.0,4.9,5.4,5,5,91.1,95.9,90.9,91.2,99.2,8.4,7.95,0,105,19,1.4,0.5,100,58,Yes,Yes,Diploma,Upper-Middle,Yes,Average,Low,9.26,98.6,Low,84.0,64
EDU02620,Ananya Verma,Male,17,AIDS,1,92.5,4.2,7.3,7,9,81.7,76.4,77.8,77.3,87.2,7.39,7.87,0,53,34,1.6,2.9,78,60,Yes,Yes,School,Middle,Yes,Poor,Low,7.86,78.8,Low,79.2,60
EDU02621,Rahul Gupta,Female,22,MECH,7,100.0,2.6,5.5,2,10,79.1,86.8,79.6,73.4,69.2,8.91,9.47,0,74,38,0.1,0.7,64,59,Yes,Yes,School,Middle,Yes,Good,High,8.18,80.4,Low,100.0,81
EDU02622,Rahul Das,Male,24,ECE,5,72.6,1.0,5.1,8,5,50.9,58.7,51.0,43.7,46.9,4.78,4.52,4,130,0,4.3,0.8,72,80,Yes,Yes,School,Middle,Yes,Average,High,5.35,83.84,Critical,72.8,24
EDU02623,Nithin Sharma,Male,24,IT,8,82.5,2.4,8.5,10,6,66.5,59.8,60.0,67.8,75.6,5.23,5.38,3,185,38,4.0,1.9,97,59,Yes,Yes,PG,Low,Yes,Good,Medium,6.21,108.8,Critical,71.3,76
EDU02624,Meera Nair,Male,21,CSE,7,86.1,1.9,5.8,7,7,59.4,64.3,58.9,54.6,52.9,6.71,7.0,0,202,29,4.8,0.8,83,48,No,No,Diploma,High,Yes,Poor,Medium,6.09,108.04,Moderate,88.3,82
EDU02625,Nithin Reddy,Female,20,CSE,8,100.0,4.2,8.3,8,10,85.1,78.2,85.2,89.5,91.4,8.55,8.77,0,145,9,2.7,1.4,100,49,No,Yes,School,Middle,Yes,Average,Low,8.28,109.0,Low,100.0,87
EDU02626,Diya Singh,Male,23,CIVIL,3,65.9,2.6,7.2,8,4,63.7,67.9,62.3,57.7,57.6,5.24,4.82,3,165,22,0.9,0.6,90,77,Yes,Yes,UG,Low,Yes,Good,High,6.46,95.36,Critical,49.2,47
EDU02627,Arjun Verma,Female,17,AIDS,8,80.6,4.9,5.6,2,3,88.8,87.7,83.3,83.6,87.0,7.43,7.94,0,155,35,4.2,1.8,46,87,Yes,Yes,School,Middle,Yes,Poor,High,8.66,81.64,Low,69.8,68
EDU02628,Priya Kumar,Male,20,AIDS,5,68.9,3.8,6.4,2,5,72.4,65.6,68.5,73.2,75.7,7.7,7.86,1,93,18,4.0,1.3,64,78,Yes,Yes,School,Low,Yes,Average,Low,6.88,71.76,Moderate,68.0,76
EDU02629,Nisha Patel,Female,17,EEE,5,98.1,5.3,5.0,8,4,100.0,100.0,100.0,100.0,97.4,9.35,9.81,0,190,3,4.0,2.6,76,88,No,Yes,School,Upper-Middle,Yes,Poor,Low,10.0,107.64,Low,99.0,94
EDU02630,Harish Singh,Male,17,CSE,2,66.9,5.5,7.2,7,10,79.5,81.3,76.5,79.5,75.4,7.28,7.82,0,110,18,3.4,0.5,55,67,No,Yes,PG,Upper-Middle,Yes,Good,High,7.91,70.76,Moderate,45.5,82
EDU02631,Aditya Reddy,Male,23,EEE,3,88.2,2.5,5.3,9,8,72.3,75.0,72.7,75.2,78.2,6.78,6.76,1,178,35,4.7,0.7,40,45,No,Yes,Diploma,High,No,Average,Medium,7.33,86.88,High,80.6,61
EDU02632,Rahul Nair,Male,18,CSE,6,74.1,5.2,5.1,2,9,87.9,81.1,89.1,83.4,89.8,9.7,9.32,0,91,24,4.6,2.9,53,42,Yes,Yes,PG,Low,Yes,Good,Medium,8.6,69.04,Low,77.0,100
EDU02633,Vihaan Sharma,Female,20,AI&DS,3,73.7,4.8,7.9,7,10,85.1,81.0,79.3,83.6,82.7,7.49,8.0,1,156,14,0.6,0.5,41,42,No,Yes,School,Upper-Middle,Yes,Excellent,High,8.18,77.08,Moderate,64.9,59
EDU02634,Keerthi Gupta,Female,21,IT,7,69.9,2.2,5.8,4,4,57.1,58.7,61.1,54.5,52.1,6.04,5.63,4,196,19,0.1,1.0,46,67,Yes,Yes,PG,High,Yes,Poor,Medium,5.9,85.56,Critical,73.4,56
EDU02635,Aditya Nair,Male,21,CIVIL,2,68.5,3.3,6.1,5,10,65.0,64.5,66.3,72.0,77.9,7.33,7.91,0,106,30,0.1,2.4,89,91,No,Yes,Diploma,High,Yes,Good,Low,6.53,84.2,Low,69.8,58
EDU02636,Vihaan Patel,Female,23,ECE,2,68.4,3.4,8.5,9,4,77.6,68.3,72.5,68.1,75.0,8.24,7.87,1,66,29,0.8,1.7,66,69,Yes,Yes,PG,Upper-Middle,Yes,Poor,Medium,7.28,66.96,High,66.6,89
EDU02637,Pooja Singh,Male,23,EEE,8,89.2,5.4,6.2,7,3,90.0,89.6,91.7,88.1,84.7,9.08,9.05,0,189,16,3.8,1.7,51,54,No,Yes,PhD,Middle,Yes,Excellent,High,9.04,93.88,Low,92.0,79
EDU02638,Sneha Nair,Male,19,ECE,6,70.4,5.3,8.0,3,5,80.9,72.7,73.4,74.3,83.1,7.33,7.47,0,75,10,1.6,2.8,80,77,No,No,PhD,Middle,No,Good,Medium,7.57,75.16,Moderate,75.3,67
EDU02639,Diya Verma,Female,20,EEE,5,69.7,2.2,7.6,1,4,63.2,64.6,63.3,64.8,70.3,6.31,6.19,1,148,37,1.3,2.6,60,43,No,Yes,PG,Middle,Yes,Excellent,High,6.37,81.48,Moderate,71.3,72
EDU02640,Aarav Gupta,Female,19,CIVIL,4,73.5,3.2,8.3,1,9,71.2,66.3,67.0,66.0,67.2,7.3,7.69,0,104,30,4.4,0.9,79,61,No,Yes,UG,Upper-Middle,Yes,Good,Low,6.82,81.8,Low,82.8,44
EDU02641,Riya Verma,Female,20,AI&DS,8,79.1,5.6,8.1,5,9,98.3,90.0,97.3,95.1,92.6,10.0,9.95,0,46,8,4.0,1.5,52,96,Yes,Yes,School,High,Yes,Poor,High,9.52,61.64,Low,83.9,95
EDU02642,Nisha Sharma,Male,24,AI&DS,7,83.9,3.2,5.8,5,4,78.9,86.5,79.3,82.7,90.4,7.46,6.99,2,42,20,1.6,1.6,65,71,Yes,Yes,Diploma,High,Yes,Good,High,8.16,67.96,High,77.5,67
EDU02643,Sneha Patel,Female,23,ECE,3,85.9,3.4,5.2,7,4,73.1,72.0,75.7,79.4,79.5,6.84,6.86,2,140,22,4.7,0.5,57,55,No,Yes,PG,High,Yes,Average,Medium,7.36,85.16,High,80.4,60
EDU02644,Harish Reddy,Male,24,CSE,2,69.3,3.1,5.9,10,8,69.5,60.9,68.7,66.7,75.5,7.43,7.69,0,187,20,4.1,2.8,42,60,Yes,Yes,UG,Upper-Middle,No,Poor,Medium,6.64,81.92,Moderate,77.9,80
EDU02645,Riya Iyer,Male,18,EEE,2,84.4,5.5,5.3,9,10,95.5,100.0,100.0,100.0,100.0,9.4,9.11,0,52,24,4.1,1.1,77,63,Yes,Yes,Diploma,High,Yes,Average,High,9.85,74.96,Low,72.9,74
EDU02646,Nithin Gupta,Male,18,IT,6,76.4,5.1,7.2,8,3,87.6,93.9,91.4,96.2,97.5,8.76,8.32,0,156,25,2.4,2.2,66,90,Yes,Yes,Diploma,Low,No,Good,Low,9.1,88.16,Moderate,75.4,96
EDU02647,Nithin Gupta,Male,22,MECH,7,82.4,4.4,5.4,9,5,89.9,95.2,95.5,94.7,100.0,8.82,9.02,0,94,2,1.9,1.5,92,42,No,No,UG,Low,Yes,Poor,Medium,9.35,88.56,Moderate,88.2,89
EDU02648,Karthik Kumar,Male,24,MECH,8,73.6,3.9,8.1,3,3,74.7,82.2,73.8,78.1,85.0,6.91,6.65,1,172,27,3.7,2.4,71,61,No,Yes,UG,Upper-Middle,Yes,Average,Low,7.69,92.24,High,71.8,45
EDU02649,Karthik Nair,Male,23,EEE,4,69.1,4.9,6.6,10,9,77.7,83.8,79.1,80.3,84.0,8.06,8.0,1,135,40,0.2,1.5,62,92,No,Yes,School,Middle,Yes,Good,High,8.02,79.44,High,71.3,79
EDU02650,Aarav Das,Female,18,IT,6,75.0,5.4,6.7,5,9,85.0,92.4,85.7,83.1,88.5,8.14,7.64,1,208,17,1.0,1.5,99,58,Yes,Yes,PG,High,Yes,Good,Medium,8.77,111.2,Moderate,70.2,81
EDU02651,Vihaan Iyer,Female,24,CSE,7,72.6,1.6,7.6,1,9,51.2,57.0,49.3,49.3,57.5,5.25,5.31,4,101,10,2.5,0.4,57,59,Yes,Yes,PhD,Upper-Middle,Yes,Good,High,5.25,72.04,Critical,80.3,59
EDU02652,Arjun Gupta,Male,24,CSE,2,75.5,3.8,5.4,2,6,83.8,89.6,83.2,81.2,77.3,7.57,7.98,1,29,1,0.2,0.3,61,78,No,Yes,PhD,High,Yes,Good,Low,8.55,60.4,Moderate,81.9,92
EDU02653,Karthik Patel,Female,23,AIDS,1,79.6,2.8,8.1,4,9,67.5,58.5,59.8,61.5,62.9,6.88,7.2,1,89,32,4.2,2.1,65,45,Yes,Yes,PhD,Middle,Yes,Good,Low,6.19,75.64,Moderate,70.5,83
EDU02654,Meera Gupta,Male,18,CSE,4,77.7,4.2,7.3,9,8,86.9,82.2,82.7,78.6,88.2,8.51,8.54,0,195,1,1.3,2.1,65,90,Yes,Yes,School,Upper-Middle,Yes,Average,High,8.39,96.08,Moderate,78.9,63
EDU02655,Sai Iyer,Male,23,ECE,3,72.3,1.3,8.1,5,7,54.2,47.1,52.0,54.3,55.6,4.63,4.47,4,144,0,1.4,2.6,45,91,Yes,Yes,PG,High,No,Good,Medium,5.11,75.72,Critical,82.6,50
EDU02656,Karthik Das,Male,18,CSE,2,93.0,4.4,8.4,7,7,91.9,82.8,87.9,87.1,90.2,8.86,9.05,0,147,3,4.0,1.5,41,76,Yes,Yes,Diploma,Middle,Yes,Average,Low,8.75,83.0,Low,91.9,74
EDU02657,Aarav Reddy,Male,22,IT,4,67.0,2.3,7.9,5,4,55.2,59.0,60.9,55.5,57.2,5.27,5.27,2,151,22,0.2,0.9,78,69,No,Yes,School,Middle,Yes,Poor,Medium,5.84,88.2,Critical,70.8,24
EDU02658,Aditya Singh,Female,17,ECE,8,86.1,6.0,8.3,5,7,97.3,93.8,99.7,100.0,100.0,10.0,9.98,0,74,7,3.7,0.4,53,83,Yes,Yes,Diploma,Middle,Yes,Average,High,9.69,70.44,Low,97.3,83
EDU02659,Sanjay Das,Female,24,AI&DS,1,96.1,1.2,5.1,7,10,67.7,71.9,70.1,67.3,70.1,7.34,7.71,0,168,40,4.3,1.8,99,78,No,Yes,UG,Middle,No,Poor,Medium,6.99,111.64,Low,97.1,76
EDU02660,Diya Kumar,Female,24,ECE,3,94.5,4.7,7.2,4,3,90.5,95.8,91.7,93.2,90.4,9.88,9.6,0,26,37,3.9,2.9,59,50,No,Yes,PhD,Middle,Yes,Excellent,Low,9.27,66.6,Low,93.7,71
EDU02661,Harish Das,Female,17,CSE,4,86.7,2.0,8.1,8,10,62.1,67.5,64.4,57.3,56.7,5.91,6.25,2,57,33,0.7,2.5,97,74,No,Yes,PhD,Low,Yes,Good,Medium,6.47,84.88,High,82.5,45
EDU02662,Priya Das,Female,20,AIDS,3,90.8,2.7,7.7,9,9,74.0,80.5,73.9,77.0,80.2,7.76,8.26,1,164,23,3.3,0.7,92,94,No,Yes,UG,Upper-Middle,Yes,Average,High,7.61,105.92,Moderate,93.5,63
EDU02663,Diya Reddy,Male,21,CIVIL,2,72.9,1.4,7.5,1,8,60.0,54.6,55.1,49.8,59.1,5.0,4.8,2,57,19,0.8,2.1,50,72,Yes,Yes,School,Upper-Middle,Yes,Good,High,5.66,60.56,High,71.7,40
EDU02664,Nithin Iyer,Female,17,ECE,6,95.0,3.0,5.4,8,6,80.4,77.2,81.9,78.1,80.3,8.89,8.82,0,180,21,2.3,0.0,68,78,No,Yes,Diploma,Low,Yes,Average,Low,7.98,101.2,Low,87.5,84
EDU02665,Diya Verma,Female,23,ECE,8,85.6,1.2,5.3,10,10,66.7,56.9,63.9,62.6,64.5,7.24,7.26,1,54,13,1.0,1.8,46,53,Yes,Yes,Diploma,High,Yes,Good,Low,6.25,63.44,High,87.3,67
EDU02666,Karthik Patel,Male,23,AI&DS,2,82.6,3.7,8.2,4,9,75.5,76.7,72.9,77.2,74.6,7.37,7.31,0,65,6,3.1,2.7,83,59,Yes,Yes,UG,Upper-Middle,Yes,Excellent,High,7.5,79.24,Low,91.0,73
EDU02667,Pooja Reddy,Female,20,IT,4,77.4,4.2,6.6,5,7,77.4,78.7,81.2,85.7,82.1,7.72,7.63,0,193,33,4.9,1.6,90,64,Yes,Yes,PG,Upper-Middle,Yes,Average,High,7.91,105.56,Moderate,79.4,70
EDU02668,Sanjay Nair,Female,21,AIDS,2,71.7,3.6,5.7,5,7,75.3,73.8,73.4,70.1,67.4,7.07,7.67,1,128,20,3.4,2.4,83,63,No,Yes,UG,Middle,Yes,Average,High,7.42,87.48,Moderate,84.1,62
EDU02669,Nisha Reddy,Female,18,CIVIL,2,57.7,5.3,7.5,1,9,74.9,68.3,68.4,62.6,65.5,5.91,5.69,2,69,21,3.1,1.5,42,95,No,Yes,UG,Low,Yes,Average,Medium,7.05,53.68,High,62.0,72
EDU02670,Pooja Nair,Male,18,AIDS,1,75.4,1.1,6.6,9,4,50.6,55.5,53.9,47.2,54.8,6.05,6.41,2,65,29,3.0,2.2,43,63,Yes,Yes,UG,Upper-Middle,No,Excellent,Medium,5.33,60.36,Critical,81.5,66
EDU02671,Riya Verma,Male,17,MECH,3,94.0,2.3,8.3,6,3,72.2,75.9,69.5,76.7,84.2,6.37,6.52,2,158,20,2.3,1.9,62,44,Yes,Yes,Diploma,Upper-Middle,Yes,Excellent,Medium,7.25,94.0,High,99.7,80
EDU02672,Nisha Verma,Female,19,IT,5,74.8,5.3,7.9,5,5,81.3,81.3,84.6,77.2,86.9,8.71,8.67,0,76,37,0.5,2.2,80,89,No,Yes,PG,High,Yes,Good,High,8.24,77.12,Low,85.7,82
EDU02673,Karthik Reddy,Male,20,ECE,1,86.4,4.3,6.7,5,5,87.3,93.7,92.5,89.5,96.0,9.37,8.93,0,164,19,1.4,1.2,52,96,No,Yes,Diploma,High,Yes,Poor,High,9.12,88.16,Low,81.1,96
EDU02674,Diya Das,Male,19,IT,5,78.4,3.9,5.9,3,8,83.7,80.9,78.3,79.9,76.1,8.6,8.5,0,94,5,1.2,0.1,46,63,Yes,No,Diploma,Low,Yes,Poor,Low,8.1,68.56,Low,88.8,65
EDU02675,Ananya Verma,Male,18,EEE,5,74.9,4.9,6.0,3,7,92.0,86.7,85.6,91.9,99.8,9.21,9.12,0,164,1,2.2,2.4,69,61,No,Yes,PG,Low,No,Poor,Low,8.81,90.36,Low,83.5,85
EDU02676,Rahul Das,Female,17,EEE,1,78.4,1.4,6.7,5,4,60.7,51.8,59.0,58.9,54.3,5.92,6.39,1,70,15,2.8,1.3,62,59,No,Yes,PG,Upper-Middle,Yes,Excellent,Medium,5.72,70.16,High,70.8,67
EDU02677,Aishwarya Verma,Male,19,CSE,7,66.4,3.3,5.7,8,5,71.5,75.9,70.4,63.3,62.6,6.17,6.1,1,111,39,0.3,0.2,100,83,Yes,Yes,Diploma,Upper-Middle,Yes,Average,Low,7.26,88.76,High,63.2,66
EDU02678,Harish Reddy,Male,24,IT,2,96.7,4.1,6.8,10,5,84.6,77.6,77.5,73.6,76.3,7.14,6.96,2,56,39,3.4,2.7,47,51,Yes,Yes,Diploma,Low,Yes,Good,Low,7.99,68.68,Critical,87.3,77
EDU02679,Aarav Kumar,Female,19,ECE,3,88.0,2.4,6.9,5,7,77.4,83.6,82.1,81.3,80.5,8.3,8.29,0,106,16,4.0,1.6,42,62,No,Yes,UG,Middle,No,Good,Medium,8.1,73.2,Low,79.9,56
EDU02680,Riya Patel,Male,19,ECE,4,76.6,5.2,7.8,3,4,86.3,78.0,78.8,84.7,82.4,8.45,8.22,0,41,32,2.1,0.3,100,88,No,Yes,UG,Upper-Middle,Yes,Poor,High,8.1,78.84,Low,87.8,68
EDU02681,Sneha Kumar,Female,24,IT,2,62.9,5.7,5.8,9,7,83.5,88.2,88.8,88.6,96.9,8.27,8.52,0,33,14,2.6,0.5,94,79,No,Yes,Diploma,High,Yes,Poor,Medium,8.68,69.36,Moderate,82.4,75
EDU02682,Aishwarya Patel,Female,17,ECE,6,83.6,3.3,5.4,7,3,80.6,84.7,85.8,91.6,87.0,7.97,8.11,1,171,38,0.1,1.1,80,94,Yes,Yes,School,High,Yes,Poor,High,8.37,99.64,Moderate,86.6,76
EDU02683,Aditya Kumar,Female,20,MECH,3,91.7,5.3,6.5,3,5,90.6,95.8,96.1,100.0,100.0,9.45,9.76,0,141,5,1.0,0.7,45,73,Yes,Yes,School,High,Yes,Excellent,Low,9.42,82.88,Low,99.4,63
EDU02684,Priya Reddy,Female,20,CIVIL,2,78.8,5.2,7.3,2,7,89.8,88.3,92.3,92.3,94.4,8.38,7.91,1,31,37,1.2,0.6,87,88,Yes,No,PG,High,Yes,Good,Medium,9.01,72.52,Moderate,76.7,50
EDU02685,Karthik Sharma,Female,22,CIVIL,3,85.8,3.8,7.0,2,9,82.2,87.5,80.1,73.6,82.1,7.48,8.02,0,139,20,4.7,0.1,74,51,No,Yes,PG,High,No,Excellent,High,8.33,91.72,Low,79.1,80
EDU02686,Riya Patel,Male,22,ECE,7,81.9,2.6,6.0,9,8,70.3,68.9,70.0,69.5,67.9,6.37,6.39,1,78,14,2.7,1.4,95,49,Yes,Yes,School,Upper-Middle,Yes,Average,High,6.97,86.36,High,86.1,62
EDU02687,Riya Sharma,Male,23,CIVIL,3,75.0,5.4,5.3,4,10,89.5,89.4,86.2,84.2,88.3,8.55,8.23,1,92,9,2.6,0.2,51,65,No,Yes,PhD,Low,Yes,Poor,High,8.84,68.8,Moderate,82.7,84
EDU02688,Aarav Patel,Male,18,IT,2,90.0,5.8,7.0,5,7,98.0,100.0,94.6,95.8,94.2,9.6,9.74,0,170,36,3.1,0.5,71,87,No,No,Diploma,Middle,No,Average,Low,9.75,98.4,Low,84.1,84
EDU02689,Sanjay Reddy,Male,17,CIVIL,5,78.9,5.1,8.4,6,4,84.6,90.4,84.9,76.9,81.0,8.1,8.23,1,30,4,0.9,2.3,81,43,Yes,Yes,UG,Middle,Yes,Good,High,8.66,69.96,Moderate,77.0,88
EDU02690,Aditya Verma,Male,21,ECE,3,88.0,2.8,8.0,7,8,67.2,64.9,68.1,64.8,70.3,6.4,6.87,1,112,26,3.0,2.1,53,97,Yes,Yes,UG,Upper-Middle,Yes,Average,Low,6.67,78.8,Moderate,90.7,55
EDU02691,Ananya Gupta,Female,20,EEE,8,85.8,4.0,6.3,5,6,77.9,75.4,77.6,75.7,74.9,7.24,6.81,1,50,5,0.8,2.9,69,86,Yes,Yes,Diploma,High,No,Excellent,Medium,7.7,71.92,Moderate,89.8,52
EDU02692,Aarav Verma,Female,20,ECE,8,87.6,5.7,5.9,2,10,94.6,100.0,100.0,99.1,96.5,9.82,9.92,0,143,7,3.3,0.9,43,81,No,Yes,Diploma,High,Yes,Poor,High,9.82,80.84,Low,89.4,67
EDU02693,Aishwarya Gupta,Female,21,IT,6,75.7,1.6,7.4,2,9,59.1,59.1,54.8,53.1,61.3,5.43,5.66,3,107,13,4.4,1.1,82,99,No,Yes,School,High,Yes,Good,Medium,5.77,84.48,Critical,97.2,21
EDU02694,Arjun Iyer,Female,17,ECE,3,92.0,3.8,5.5,7,5,81.2,83.2,85.1,92.2,99.2,8.63,9.18,0,61,35,4.7,0.9,46,84,No,Yes,UG,Upper-Middle,Yes,Poor,Low,8.32,67.4,Low,85.2,68
EDU02695,Meera Iyer,Female,22,ECE,3,76.5,1.5,6.2,1,8,64.9,60.2,61.1,59.5,57.3,7.1,7.16,0,90,18,1.1,1.2,88,59,No,Yes,PG,Upper-Middle,Yes,Poor,High,6.21,83.8,Low,78.5,73
EDU02696,Pooja Verma,Female,23,ECE,5,75.5,5.2,5.3,10,10,82.4,83.8,85.1,83.4,88.9,7.8,7.92,1,97,35,0.1,2.3,85,53,No,Yes,School,High,Yes,Excellent,Medium,8.38,83.6,High,60.7,79
EDU02697,Aishwarya Gupta,Male,20,CIVIL,8,95.2,2.9,5.4,8,5,73.5,69.1,75.0,76.9,81.0,6.82,6.34,1,216,17,1.6,0.2,88,67,Yes,Yes,UG,Upper-Middle,Yes,Poor,High,7.25,116.48,High,98.1,75
EDU02698,Vihaan Patel,Female,19,IT,5,87.3,3.3,6.1,5,6,71.5,72.3,72.8,79.9,84.8,6.32,6.53,1,163,9,4.0,2.8,41,65,No,Yes,Diploma,Upper-Middle,Yes,Average,High,7.22,83.92,Moderate,91.8,46
EDU02699,Ananya Iyer,Female,23,EEE,3,91.9,1.7,5.0,9,4,65.5,62.7,66.1,73.5,80.8,7.22,7.77,0,149,2,4.2,2.7,69,78,No,Yes,School,Upper-Middle,Yes,Good,High,6.48,94.16,Moderate,95.7,62
EDU02700,Harish Verma,Male,22,CSE,3,77.5,4.8,5.2,3,10,80.7,74.2,77.5,71.5,67.6,6.96,7.03,0,29,25,1.7,1.3,52,95,Yes,Yes,PhD,Upper-Middle,Yes,Good,Medium,7.75,57.6,Low,79.4,56
EDU02701,Sai Das,Female,21,IT,7,94.5,3.1,6.6,10,3,85.0,80.3,83.3,84.1,89.6,8.39,8.75,0,160,36,2.3,1.5,77,59,No,Yes,School,Upper-Middle,Yes,Poor,High,8.29,100.6,Moderate,93.8,100
EDU02702,Meera Gupta,Female,17,CIVIL,4,100.0,5.1,5.5,8,9,99.7,93.1,97.0,100.0,97.8,8.92,8.74,0,31,39,3.3,2.4,95,74,No,Yes,School,Upper-Middle,Yes,Excellent,Medium,9.66,84.2,Low,100.0,82
EDU02703,Sneha Das,Female,24,AI&DS,5,77.4,1.6,6.8,4,8,53.7,46.7,53.9,50.0,55.3,4.63,5.05,2,216,19,2.0,2.2,88,40,No,Yes,PhD,High,Yes,Excellent,High,5.14,109.36,Critical,81.2,31
EDU02704,Keerthi Patel,Male,19,EEE,1,84.4,2.6,7.5,10,5,76.8,74.9,77.8,81.9,91.4,7.32,7.08,0,42,25,0.3,2.1,95,81,No,No,Diploma,Upper-Middle,Yes,Good,Medium,7.65,80.16,Moderate,75.9,45
EDU02705,Sanjay Kumar,Male,24,EEE,7,80.0,5.0,6.3,5,6,90.8,97.3,92.1,84.4,85.4,8.84,8.57,0,200,38,3.6,1.0,77,49,No,No,Diploma,Upper-Middle,No,Excellent,Medium,9.34,102.8,Low,80.6,94
EDU02706,Keerthi Verma,Female,17,MECH,3,88.2,5.7,5.5,3,7,98.0,100.0,100.0,95.0,93.4,10.0,10.0,0,179,32,3.2,0.9,79,61,No,Yes,UG,Low,Yes,Good,Low,9.93,102.68,Low,95.1,100
EDU02707,Aarav Kumar,Female,24,EEE,8,87.5,4.5,7.9,10,4,92.8,83.1,83.6,77.3,78.8,9.17,9.64,0,153,11,4.4,0.1,62,63,No,Yes,PhD,Low,Yes,Excellent,Low,8.65,90.4,Moderate,94.9,100
EDU02708,Riya Gupta,Male,21,IT,3,80.3,1.5,8.0,6,9,54.1,59.2,57.6,59.8,63.5,6.15,6.66,1,84,31,3.4,1.3,74,53,No,Yes,PhD,Upper-Middle,Yes,Excellent,Low,5.7,78.52,Moderate,75.0,67
EDU02709,Diya Sharma,Male,18,IT,1,95.0,3.8,6.4,6,8,85.3,91.4,86.4,78.5,82.9,8.73,8.72,0,122,13,4.4,0.8,60,46,Yes,Yes,School,Middle,Yes,Poor,Low,8.77,86.4,Low,99.1,94
EDU02710,Keerthi Kumar,Male,19,AIDS,3,82.4,3.3,7.1,2,10,74.9,79.9,81.7,87.0,82.1,8.55,8.31,1,102,27,2.7,1.6,77,99,No,Yes,PhD,Low,Yes,Poor,Medium,7.88,84.16,Moderate,81.3,51
EDU02711,Sai Das,Male,23,CIVIL,8,69.8,5.5,6.9,3,6,82.4,84.0,83.7,86.6,82.1,8.97,8.56,0,140,2,1.5,1.2,42,40,Yes,Yes,PhD,Low,Yes,Poor,Medium,8.34,72.72,Low,69.4,75
EDU02712,Aarav Patel,Male,23,CSE,3,78.6,2.3,5.7,8,7,71.4,62.6,65.5,65.6,72.6,6.41,6.47,1,77,16,2.4,1.3,94,58,No,Yes,UG,High,No,Excellent,High,6.65,84.44,High,79.1,61
EDU02713,Keerthi Reddy,Male,22,MECH,1,72.7,2.9,5.5,3,6,75.9,66.7,68.2,63.6,59.8,7.81,8.21,1,127,8,4.6,2.0,100,70,No,Yes,School,Middle,Yes,Excellent,Medium,7.03,94.48,Moderate,74.5,62
EDU02714,Pooja Das,Male,19,ECE,2,89.8,4.9,5.3,10,10,97.7,94.7,99.1,93.3,89.2,10.0,10.0,0,69,12,1.8,1.3,95,59,No,Yes,PG,Upper-Middle,Yes,Excellent,Low,9.72,87.72,Low,89.1,61
EDU02715,Riya Singh,Female,18,EEE,4,98.4,4.3,8.4,10,8,89.9,86.2,87.9,84.2,79.3,8.28,8.06,0,57,40,1.0,0.2,54,100,Yes,Yes,UG,Middle,Yes,Good,Medium,8.8,72.36,Moderate,92.1,73
EDU02716,Harish Verma,Female,24,CSE,2,92.5,2.7,7.1,8,6,78.7,69.3,71.1,77.4,73.4,6.13,6.57,1,62,37,0.3,1.4,78,61,Yes,No,UG,Middle,Yes,Good,Medium,7.3,80.6,High,83.8,61
EDU02717,Rahul Nair,Male,22,EEE,1,79.1,4.9,6.2,1,4,91.5,92.1,88.5,84.6,83.0,8.93,9.15,0,89,21,2.3,1.1,67,88,No,Yes,PhD,Low,Yes,Average,Medium,9.07,76.24,Low,80.8,85
EDU02718,Vihaan Singh,Female,18,CIVIL,2,62.5,3.4,5.8,8,4,74.0,67.7,74.7,68.4,71.6,7.25,7.81,0,127,36,4.7,1.2,93,96,No,Yes,Diploma,Low,Yes,Poor,Low,7.21,87.6,Moderate,74.9,71
EDU02719,Nisha Verma,Female,21,CIVIL,7,96.1,5.2,5.8,2,9,100.0,100.0,100.0,100.0,96.2,9.27,8.99,0,172,12,0.2,0.1,67,97,No,Yes,Diploma,Middle,Yes,Average,Low,10.0,99.64,Low,88.8,82
EDU02720,Aarav Das,Female,23,ECE,5,89.7,5.6,5.3,7,8,94.9,91.2,92.3,98.2,100.0,9.59,9.92,0,195,37,3.2,0.8,88,76,Yes,Yes,PhD,Middle,Yes,Average,Low,9.28,110.08,Low,95.1,100
EDU02721,Karthik Kumar,Male,24,ECE,7,69.8,5.1,5.7,7,8,83.3,84.4,86.6,81.5,85.4,9.52,9.63,0,59,10,2.2,2.7,40,97,No,Yes,UG,High,Yes,Poor,Low,8.48,55.72,Low,70.1,80
EDU02722,Keerthi Reddy,Female,21,CSE,7,89.4,6.0,6.3,5,4,100.0,100.0,98.8,100.0,100.0,9.57,9.46,0,132,14,3.2,0.8,76,87,No,No,School,Middle,Yes,Average,Medium,9.96,92.56,Low,88.8,88
EDU02723,Nithin Das,Male,17,CSE,6,99.6,5.3,5.9,3,4,95.2,85.4,94.5,89.9,99.0,8.46,8.26,1,138,18,4.2,2.4,52,57,Yes,Yes,PG,Upper-Middle,No,Poor,Low,9.17,88.24,Moderate,98.2,70
EDU02724,Diya Gupta,Male,22,AIDS,3,78.1,3.7,5.2,7,9,76.4,76.9,74.6,81.1,78.1,6.68,6.52,2,176,32,2.4,0.6,81,99,Yes,Yes,PhD,High,Yes,Average,High,7.6,98.84,High,84.0,43
EDU02725,Sneha Iyer,Female,17,CIVIL,7,84.5,3.0,6.1,5,8,71.3,69.4,69.6,72.6,70.7,6.47,6.95,2,21,3,3.1,0.6,62,92,No,Yes,PG,Middle,No,Average,Medium,7.01,62.8,High,90.7,66
EDU02726,Sneha Gupta,Female,18,IT,5,81.7,2.4,6.1,6,6,70.7,71.1,75.0,81.5,89.3,7.7,7.99,1,147,30,1.6,2.5,92,71,No,Yes,UG,Upper-Middle,Yes,Excellent,Low,7.23,98.88,Moderate,78.3,88
EDU02727,Nithin Reddy,Female,20,MECH,8,100.0,2.5,7.7,3,3,75.1,74.3,73.0,74.6,75.3,7.01,7.09,1,31,3,4.9,2.7,85,65,No,Yes,PG,High,Yes,Poor,Medium,7.41,80.2,Moderate,96.6,44
EDU02728,Keerthi Patel,Male,24,MECH,3,77.8,2.7,6.6,10,10,68.6,60.1,63.2,64.2,70.8,6.91,7.24,0,63,28,1.0,2.3,46,55,No,Yes,PG,Upper-Middle,Yes,Average,Medium,6.4,62.12,Moderate,74.3,57
EDU02729,Ananya Verma,Female,24,IT,6,83.9,5.6,5.9,1,5,96.6,87.9,87.9,84.5,92.8,8.64,9.01,0,132,29,3.7,0.9,93,69,No,Yes,PhD,Middle,Yes,Good,Low,9.08,97.16,Low,79.1,84
EDU02730,Karthik Sharma,Male,24,ECE,7,78.2,3.9,7.3,3,4,80.5,86.7,82.9,87.0,92.7,9.24,8.83,0,27,33,2.0,2.5,88,95,No,Yes,Diploma,Low,Yes,Average,High,8.34,71.88,Low,65.8,82
EDU02731,Sai Gupta,Male,24,MECH,3,80.4,3.4,6.8,10,3,68.8,70.6,66.4,72.0,73.6,6.87,7.02,1,126,29,0.5,0.2,70,99,Yes,Yes,School,Low,Yes,Excellent,Low,6.86,85.36,High,85.4,65
EDU02732,Diya Iyer,Male,24,EEE,6,80.1,4.6,5.5,2,3,83.4,79.5,78.6,78.6,81.6,7.48,7.66,1,134,29,2.7,2.6,87,57,Yes,Yes,PG,High,No,Excellent,High,8.05,93.64,Moderate,79.9,59
EDU02733,Sneha Kumar,Female,21,AIDS,7,66.1,1.6,7.4,10,9,51.3,53.8,51.4,53.8,59.2,5.16,4.77,3,142,5,0.3,2.0,50,43,Yes,Yes,PG,Upper-Middle,Yes,Poor,High,5.22,74.84,Critical,63.2,57
EDU02734,Riya Singh,Female,21,AIDS,2,87.2,3.3,7.0,9,9,78.4,76.8,82.2,80.8,79.5,7.54,7.47,1,133,5,3.1,1.6,88,62,Yes,Yes,Diploma,Low,Yes,Excellent,High,7.91,96.68,Moderate,93.9,60
EDU02735,Meera Patel,Male,22,IT,2,96.3,2.8,8.2,5,6,81.8,87.3,87.8,81.5,81.4,8.02,7.95,1,199,18,1.7,2.0,91,74,No,Yes,PhD,Low,Yes,Poor,High,8.56,114.72,Moderate,100.0,60
EDU02736,Riya Verma,Male,24,CSE,2,81.4,5.2,7.5,10,10,85.4,88.7,87.3,82.7,81.2,9.63,10.0,0,180,26,2.4,0.9,65,99,No,Yes,Diploma,Low,Yes,Excellent,High,8.71,94.56,Low,83.6,100
EDU02737,Priya Verma,Female,24,IT,5,71.7,2.0,6.7,5,6,58.3,62.7,62.8,67.5,68.7,7.27,6.88,2,182,32,3.4,2.8,68,52,Yes,Yes,PG,Low,Yes,Poor,High,6.13,92.28,High,69.6,79
EDU02738,Ananya Reddy,Female,24,CSE,6,86.5,5.2,6.2,4,3,100.0,90.6,98.0,97.2,94.1,10.0,10.0,0,47,24,3.3,0.9,95,92,No,Yes,PhD,Upper-Middle,Yes,Average,High,9.62,82.0,Low,78.9,82
EDU02739,Nisha Gupta,Female,18,ECE,6,78.7,2.2,7.8,3,6,67.5,72.5,74.0,75.0,83.1,8.07,7.82,0,38,8,1.4,1.5,47,99,Yes,Yes,School,Low,Yes,Average,High,7.13,57.88,Low,78.9,67
EDU02740,Karthik Patel,Male,18,IT,8,75.0,5.5,6.6,5,7,87.8,87.1,92.2,99.6,100.0,9.05,8.97,0,66,19,0.8,0.5,71,67,No,Yes,PhD,Middle,Yes,Average,Low,8.9,71.6,Low,83.5,69
EDU02741,Keerthi Nair,Female,18,IT,4,95.5,4.5,6.9,9,7,87.0,91.6,91.5,95.4,100.0,8.67,8.9,0,189,19,3.5,1.6,68,55,No,Yes,School,High,Yes,Poor,Medium,9.0,103.2,Low,81.4,84
EDU02742,Nisha Verma,Female,18,AI&DS,3,68.8,4.6,6.5,3,5,77.4,68.3,73.8,75.2,77.2,6.6,6.48,2,108,24,1.2,2.6,99,84,No,Yes,PhD,Upper-Middle,Yes,Average,Low,7.32,88.72,High,82.8,60
EDU02743,Sai Singh,Male,19,ECE,2,72.8,2.3,7.7,5,3,57.5,61.9,61.3,55.8,65.7,7.12,7.08,1,161,0,2.9,0.7,90,56,Yes,Yes,UG,Upper-Middle,Yes,Good,Medium,6.02,97.32,High,74.0,74
EDU02744,Aarav Sharma,Female,19,AIDS,6,75.6,2.1,7.8,9,10,59.7,53.6,58.6,58.6,68.5,5.72,5.35,4,55,34,2.0,2.0,47,75,Yes,No,Diploma,Low,Yes,Average,High,5.73,60.04,Critical,72.4,41
EDU02745,Arjun Kumar,Female,23,ECE,7,81.2,3.0,5.0,3,3,80.1,74.0,74.0,77.7,84.7,6.61,6.89,1,163,22,1.8,2.2,41,98,Yes,Yes,PhD,Low,Yes,Good,Low,7.6,81.48,Moderate,77.4,60
EDU02746,Pooja Patel,Male,19,MECH,6,83.4,4.4,7.7,8,9,84.9,85.9,82.4,75.3,84.4,8.91,8.8,0,152,33,3.4,1.2,43,43,Yes,No,PG,Middle,Yes,Average,High,8.44,80.96,Low,69.2,91
EDU02747,Harish Sharma,Female,17,AIDS,7,80.8,2.8,7.4,4,6,65.4,71.6,66.7,67.7,71.7,7.43,6.99,2,109,6,1.8,1.3,99,42,Yes,Yes,PG,Upper-Middle,Yes,Poor,Low,6.79,93.72,High,75.5,53
EDU02748,Riya Nair,Female,23,EEE,3,84.8,2.3,7.5,6,7,75.1,75.7,71.2,65.6,73.2,7.77,7.77,0,62,7,3.7,0.7,48,62,Yes,Yes,PG,Low,Yes,Average,Medium,7.4,65.52,Low,95.4,77
EDU02749,Aarav Nair,Female,20,CIVIL,7,83.8,1.5,7.7,2,4,61.6,53.3,58.4,58.4,66.0,5.37,5.79,2,59,10,3.8,1.9,52,86,No,Yes,PG,Upper-Middle,Yes,Good,Medium,5.78,66.12,High,86.3,39
EDU02750,Aditya Reddy,Female,17,EEE,4,75.2,3.7,5.7,9,6,72.0,73.7,75.1,80.2,76.4,7.6,7.95,0,210,0,0.8,1.9,84,87,No,Yes,UG,Middle,Yes,Good,Medium,7.36,105.68,Moderate,83.8,67
EDU02751,Keerthi Patel,Male,19,CSE,2,99.7,1.4,7.7,8,3,68.5,73.8,75.2,81.5,82.2,8.15,8.74,0,202,37,3.3,2.7,82,46,Yes,Yes,PG,Middle,Yes,Excellent,High,7.25,113.08,Low,92.4,81
EDU02752,Diya Iyer,Female,24,CSE,3,90.0,2.1,8.0,1,4,68.8,59.3,68.4,76.2,86.1,6.15,5.76,2,27,27,2.0,0.5,67,68,Yes,Yes,PhD,Upper-Middle,Yes,Average,Low,6.55,68.2,High,95.7,77
EDU02753,Sneha Nair,Female,23,EEE,2,72.0,1.6,6.5,1,8,53.5,46.4,46.6,41.0,45.0,4.62,4.67,2,130,18,3.8,1.9,95,55,Yes,Yes,UG,High,Yes,Poor,Medium,4.88,92.8,High,76.1,39
EDU02754,Ananya Iyer,Female,22,AIDS,1,75.6,2.9,6.8,7,9,73.6,70.9,71.1,78.3,84.2,7.88,7.41,0,119,26,1.0,1.2,51,54,Yes,Yes,UG,Low,Yes,Poor,Medium,7.19,74.44,Moderate,64.2,62
EDU02755,Nisha Iyer,Male,21,MECH,7,75.7,4.3,5.2,6,9,83.7,91.3,85.9,83.1,85.3,8.69,8.72,0,93,25,1.0,2.0,62,47,No,Yes,PG,Upper-Middle,Yes,Poor,High,8.7,73.68,Low,60.6,71
EDU02756,Sai Patel,Female,22,CIVIL,2,62.0,4.1,5.1,5,5,69.9,66.4,71.4,65.4,75.2,6.75,7.2,0,202,31,1.4,1.4,73,90,No,Yes,PhD,Middle,No,Excellent,Low,6.92,94.4,Moderate,78.0,72
EDU02757,Nithin Verma,Male,18,IT,2,72.4,5.2,6.9,2,7,93.8,99.9,97.5,98.8,100.0,9.26,9.73,0,91,1,2.0,0.1,94,92,Yes,Yes,PhD,Middle,Yes,Average,High,9.71,84.76,Low,71.9,52
EDU02758,Meera Verma,Male,17,CSE,8,80.9,5.7,5.6,3,6,97.9,92.4,96.9,97.5,100.0,10.0,10.0,0,210,32,1.8,2.3,94,54,Yes,Yes,PG,High,Yes,Good,Medium,9.57,111.96,Low,90.7,78
EDU02759,Vihaan Patel,Female,18,CSE,7,74.7,1.7,8.1,8,9,61.1,63.0,66.1,61.3,67.7,6.91,6.8,1,84,18,1.6,0.2,80,83,No,Yes,UG,Upper-Middle,Yes,Good,Medium,6.34,78.68,High,75.2,66
EDU02760,Ananya Nair,Male,20,IT,2,86.8,3.3,5.3,1,4,82.9,79.3,78.7,82.2,88.0,7.02,6.6,1,57,38,4.9,2.3,71,99,Yes,No,Diploma,Upper-Middle,Yes,Good,High,8.03,74.52,Moderate,79.7,43
EDU02761,Harish Nair,Female,19,CIVIL,2,88.9,2.3,5.9,9,6,74.5,76.0,75.2,70.7,74.0,7.31,7.56,1,125,37,1.4,3.0,62,99,No,Yes,Diploma,High,Yes,Average,Medium,7.52,85.36,High,96.3,60
EDU02762,Sai Patel,Male,20,IT,6,78.7,3.0,6.9,7,9,76.7,71.8,77.8,77.5,78.6,7.78,7.45,0,90,9,3.2,0.9,79,57,Yes,Yes,Diploma,Upper-Middle,No,Poor,High,7.54,81.08,Moderate,89.2,78
EDU02763,Arjun Iyer,Male,21,EEE,8,83.7,3.1,6.3,3,10,71.4,69.6,67.4,70.1,73.9,6.1,6.52,1,167,14,1.1,1.1,80,91,Yes,Yes,School,Upper-Middle,Yes,Average,Medium,6.95,98.88,Moderate,89.9,60
EDU02764,Riya Das,Female,20,AIDS,7,93.1,3.6,8.1,3,7,76.5,71.2,69.7,75.1,74.1,7.55,8.14,0,169,20,3.7,2.9,41,55,No,Yes,PhD,Middle,Yes,Average,Medium,7.25,87.44,Low,93.7,83
EDU02765,Harish Das,Male,19,CSE,8,72.9,2.3,6.0,5,8,68.5,67.8,71.7,65.7,62.2,6.45,6.58,1,153,29,0.9,2.6,93,41,Yes,No,Diploma,Middle,Yes,Poor,High,6.93,96.96,High,81.9,28
EDU02766,Sai Reddy,Male,21,EEE,7,74.3,4.7,6.2,8,8,76.5,69.1,76.6,75.1,71.2,6.93,7.17,0,146,6,1.4,0.2,71,53,No,Yes,UG,Low,Yes,Excellent,Medium,7.41,87.32,Moderate,78.3,73
EDU02767,Arjun Singh,Female,18,CSE,8,69.9,4.9,6.3,10,9,77.3,74.3,78.5,81.7,87.1,8.84,8.56,0,180,38,4.3,2.6,52,76,No,Yes,Diploma,High,Yes,Good,Low,7.67,84.76,Moderate,81.8,81
EDU02768,Karthik Kumar,Female,22,AI&DS,5,75.0,3.3,7.6,3,7,68.0,71.9,69.4,74.5,78.3,7.55,7.84,0,51,13,2.1,1.0,90,83,Yes,Yes,School,High,Yes,Average,Medium,6.98,76.2,Low,78.2,57
EDU02769,Diya Singh,Female,21,EEE,8,90.4,5.7,5.0,10,5,96.7,98.7,93.9,93.2,93.1,8.9,9.18,0,136,0,0.8,2.0,78,51,Yes,Yes,UG,High,Yes,Average,Low,9.64,94.56,Moderate,90.7,83
EDU02770,Sneha Das,Male,21,IT,1,63.0,2.0,5.3,1,7,61.3,52.3,56.2,57.4,55.1,6.56,6.41,2,75,32,3.2,2.3,68,80,No,Yes,Diploma,Low,Yes,Excellent,Medium,5.66,67.4,High,73.8,65
EDU02771,Aishwarya Reddy,Female,18,MECH,1,61.9,4.3,8.2,2,7,78.6,76.9,78.2,70.4,75.0,8.0,7.98,0,185,37,4.7,1.9,98,74,Yes,Yes,School,Low,Yes,Excellent,Low,7.79,100.96,Low,55.4,60
EDU02772,Nithin Patel,Male,18,CSE,1,92.4,4.6,7.5,9,9,88.4,92.7,85.9,88.1,96.8,8.4,8.27,0,147,21,0.5,2.8,85,91,Yes,Yes,School,Upper-Middle,No,Poor,Low,8.9,100.36,Low,100.0,78
EDU02773,Priya Nair,Female,20,IT,3,82.4,2.8,5.4,7,3,66.7,59.2,65.1,66.4,70.1,6.22,5.78,3,85,37,1.8,2.1,48,56,No,Yes,PhD,Upper-Middle,Yes,Average,Low,6.37,69.16,Critical,81.0,43
EDU02774,Diya Verma,Female,19,AIDS,8,76.8,4.9,6.2,2,6,78.9,76.2,75.0,74.8,73.3,8.48,8.6,0,62,36,4.0,2.1,59,43,Yes,Yes,PG,Low,Yes,Poor,Medium,7.67,66.72,Low,77.5,61
EDU02775,Priya Patel,Female,22,AI&DS,7,78.2,4.3,6.5,7,8,81.8,87.7,87.4,92.7,100.0,7.79,7.81,0,50,14,4.1,2.6,81,83,Yes,Yes,UG,High,Yes,Average,High,8.56,73.68,Moderate,87.8,69
EDU02776,Ananya Gupta,Male,19,CSE,7,99.9,3.6,6.0,7,8,83.6,90.7,83.1,78.3,73.3,8.29,8.67,0,72,29,0.5,2.1,76,93,No,No,School,High,Yes,Average,Medium,8.58,84.76,Low,100.0,86
EDU02777,Meera Gupta,Male,18,AI&DS,2,89.7,3.1,7.3,1,5,78.2,69.0,69.7,74.3,71.8,6.25,6.18,2,137,21,3.9,2.5,51,79,Yes,Yes,Diploma,High,Yes,Excellent,Low,7.23,83.68,High,73.2,61
EDU02778,Karthik Kumar,Male,19,ECE,1,67.4,3.8,8.3,6,4,76.0,82.4,78.2,85.7,91.8,7.57,8.03,0,131,18,3.0,2.3,41,95,Yes,Yes,PhD,Low,Yes,Average,Low,7.89,69.56,Moderate,70.6,64
EDU02779,Ananya Reddy,Female,21,MECH,4,58.5,5.9,6.7,3,9,90.3,92.0,93.1,98.9,98.9,9.29,9.51,0,168,8,4.6,0.2,56,72,No,Yes,School,High,Yes,Good,Medium,9.18,79.4,Low,73.4,70
EDU02780,Harish Patel,Female,18,AI&DS,8,73.9,4.5,5.7,6,5,77.8,75.6,80.0,84.7,90.0,8.3,8.75,0,204,8,2.1,1.8,46,94,Yes,Yes,Diploma,Low,Yes,Good,Low,7.78,88.76,Low,74.5,80
EDU02781,Meera Singh,Female,17,EEE,3,95.6,4.8,6.6,5,5,92.5,96.8,89.7,91.3,90.8,8.9,8.43,1,31,39,0.4,1.1,54,71,Yes,Yes,UG,High,Yes,Average,Low,9.3,66.04,Moderate,100.0,73
EDU02782,Sneha Kumar,Female,23,MECH,3,76.7,2.8,7.6,1,8,73.1,74.4,70.8,65.9,64.6,6.88,6.45,1,143,5,1.6,2.2,86,60,No,Yes,UG,Low,Yes,Good,High,7.28,93.68,Moderate,85.2,40
EDU02783,Riya Reddy,Female,18,CSE,1,53.6,4.3,7.8,8,3,73.8,65.4,70.2,66.4,62.4,7.54,7.49,0,137,12,2.7,1.1,67,93,No,Yes,PhD,Low,Yes,Poor,High,6.98,75.64,Moderate,55.4,74
EDU02784,Sai Iyer,Male,17,MECH,4,76.5,1.9,8.0,2,8,65.3,62.5,62.7,67.9,63.3,5.86,6.12,1,93,22,3.6,0.3,93,70,Yes,Yes,UG,Upper-Middle,Yes,Average,High,6.35,86.4,Moderate,79.3,49
EDU02785,Sanjay Sharma,Female,20,ECE,7,84.4,1.1,8.4,1,8,58.4,60.6,57.3,58.4,64.9,6.38,6.62,1,126,29,4.3,2.1,94,82,No,Yes,PG,Middle,Yes,Average,Medium,5.88,96.56,Moderate,75.8,56
EDU02786,Aarav Patel,Male,21,CIVIL,8,86.6,3.4,8.2,2,10,80.6,75.3,75.2,69.2,76.4,7.26,6.85,1,95,5,2.6,0.6,58,87,No,Yes,PG,Upper-Middle,Yes,Excellent,Medium,7.7,76.84,Moderate,79.8,80
EDU02787,Nisha Gupta,Female,20,CIVIL,3,88.9,1.2,6.7,2,4,58.3,52.9,56.2,57.1,62.9,6.17,6.17,1,35,14,3.6,1.2,52,99,Yes,Yes,PhD,Low,Yes,Average,Medium,5.58,63.36,Moderate,98.9,28
EDU02788,Meera Patel,Female,20,CIVIL,7,85.5,4.0,7.5,9,10,86.6,94.3,94.3,98.0,98.0,9.51,9.59,0,53,9,4.6,1.9,94,59,Yes,Yes,Diploma,Middle,Yes,Excellent,Medium,9.17,82.4,Low,95.0,88
EDU02789,Sanjay Kumar,Male,22,AI&DS,2,95.3,3.8,6.8,1,5,83.5,73.6,76.8,72.8,68.9,8.05,7.56,0,93,26,3.1,1.3,100,78,No,Yes,UG,Middle,Yes,Excellent,Medium,7.8,96.72,Low,86.3,53
EDU02790,Nithin Iyer,Female,19,CSE,1,77.2,3.7,8.1,10,8,73.8,77.0,74.7,71.5,73.8,7.5,7.2,0,28,25,3.3,2.8,84,46,Yes,Yes,PhD,Upper-Middle,Yes,Average,High,7.52,70.08,Moderate,88.2,60
EDU02791,Meera Nair,Male,17,IT,5,82.9,5.3,5.5,8,7,92.6,95.8,98.1,93.6,93.5,8.85,8.63,0,48,18,2.7,0.7,83,65,Yes,Yes,UG,Middle,Yes,Average,Medium,9.55,75.96,Moderate,88.9,84
EDU02792,Aishwarya Patel,Female,19,MECH,8,85.9,3.2,5.1,4,8,74.7,69.8,67.9,69.3,64.9,5.9,5.66,3,61,21,2.7,2.5,70,68,Yes,Yes,UG,High,Yes,Average,Low,7.08,74.56,Critical,91.7,47
EDU02793,Nisha Gupta,Male,21,CSE,3,77.6,5.5,6.1,6,6,90.6,93.5,88.6,95.7,99.8,9.78,10.0,0,173,26,3.2,2.0,62,49,Yes,Yes,School,High,Yes,Poor,High,9.09,90.44,Low,74.5,80
EDU02794,Sneha Sharma,Female,22,IT,3,62.6,5.8,7.1,4,8,85.5,76.1,79.4,72.9,72.9,7.56,7.35,1,124,29,4.7,1.8,82,71,Yes,Yes,Diploma,Low,Yes,Average,High,8.03,82.64,Moderate,68.0,67
EDU02795,Arjun Sharma,Male,18,AI&DS,2,78.4,2.2,8.2,9,3,64.1,66.0,61.4,68.2,66.9,5.68,5.46,4,157,36,0.1,2.7,68,93,No,Yes,PG,Upper-Middle,Yes,Excellent,Low,6.38,89.96,Critical,74.5,31
EDU02796,Sai Gupta,Female,21,ECE,2,86.2,1.6,5.6,9,6,68.1,61.3,63.0,64.3,67.3,6.71,6.36,2,187,40,2.6,1.4,89,96,No,Yes,PhD,Upper-Middle,No,Average,High,6.41,107.48,Critical,81.8,43
EDU02797,Nisha Gupta,Female,19,CIVIL,2,81.8,4.0,7.8,10,10,79.8,71.6,77.7,83.7,82.7,8.33,8.85,0,50,5,2.6,2.2,71,65,Yes,Yes,UG,Upper-Middle,No,Excellent,High,7.64,71.12,Moderate,79.7,64
EDU02798,Riya Sharma,Female,18,AIDS,2,78.1,4.9,5.0,8,9,93.9,85.0,86.9,91.1,95.0,7.79,8.13,1,218,22,2.4,2.2,58,62,Yes,Yes,School,Low,Yes,Good,High,8.86,98.04,Moderate,79.7,82
EDU02799,Karthik Gupta,Female,24,EEE,7,89.7,5.2,7.9,7,8,87.9,85.0,85.4,83.7,83.0,9.46,9.03,0,29,31,1.0,2.9,44,59,No,Yes,Diploma,Low,Yes,Average,High,8.61,59.28,Low,77.5,86
EDU02800,Aarav Das,Male,18,CIVIL,8,78.5,2.4,8.0,4,9,70.0,66.9,66.7,67.1,69.8,5.92,5.43,4,107,35,4.9,1.7,53,84,Yes,Yes,UG,Middle,Yes,Excellent,Low,6.79,74.0,Critical,73.8,49
EDU02801,Nithin Gupta,Male,19,CSE,8,87.2,5.1,6.6,3,8,100.0,95.4,99.5,100.0,100.0,10.0,10.0,0,135,37,0.5,2.9,78,78,Yes,Yes,Diploma,Low,Yes,Excellent,High,9.83,93.08,Low,98.4,91
EDU02802,Diya Verma,Male,22,CSE,8,77.7,4.5,7.2,5,8,81.4,79.1,84.6,82.3,88.4,8.29,8.16,1,189,6,0.5,1.8,48,54,No,Yes,PG,High,Yes,Average,Medium,8.17,88.08,Moderate,79.5,86
EDU02803,Rahul Singh,Female,18,IT,6,60.9,5.0,5.9,7,8,82.7,76.1,76.4,70.2,69.2,7.39,7.72,0,167,9,3.5,0.2,80,95,No,Yes,PhD,Middle,No,Good,High,7.84,89.76,Moderate,55.6,77
EDU02804,Nithin Kumar,Female,20,MECH,2,75.5,2.9,7.2,5,4,71.7,75.2,72.1,68.2,71.6,6.31,6.03,1,35,27,1.6,1.1,49,74,Yes,Yes,PhD,Upper-Middle,Yes,Excellent,Medium,7.3,56.8,High,72.5,62
EDU02805,Priya Gupta,Male,17,EEE,1,83.9,3.2,8.1,3,7,80.7,72.3,71.5,70.3,76.4,6.55,7.14,0,112,35,4.1,2.7,95,87,No,Yes,Diploma,Upper-Middle,Yes,Excellent,Low,7.48,93.96,Low,91.1,58
EDU02806,Sneha Patel,Female,23,CIVIL,2,91.9,1.5,6.0,10,8,61.8,53.5,56.7,57.8,67.2,6.55,6.55,1,97,18,1.0,0.3,50,60,No,Yes,UG,High,Yes,Poor,Low,5.73,76.16,High,75.7,67
EDU02807,Aishwarya Das,Male,24,CIVIL,3,80.0,1.9,5.4,2,4,58.4,66.1,65.1,69.7,67.5,5.94,6.52,2,81,20,0.0,2.4,51,89,Yes,Yes,Diploma,Middle,Yes,Average,Medium,6.32,68.6,High,80.0,96
EDU02808,Sneha Sharma,Female,23,CIVIL,8,64.8,2.9,5.3,10,6,65.6,68.1,67.4,73.0,75.1,7.12,7.33,1,194,30,3.5,2.3,52,72,Yes,Yes,PhD,Upper-Middle,Yes,Good,Medium,6.7,85.52,High,57.7,67
EDU02809,Keerthi Kumar,Male,21,CSE,3,72.2,5.5,6.4,1,5,93.0,99.4,95.5,100.0,96.2,9.08,9.23,0,171,2,0.6,0.7,83,51,No,Yes,PhD,Middle,Yes,Average,High,9.6,96.28,Low,75.2,92
EDU02810,Vihaan Nair,Female,18,EEE,7,93.0,5.4,7.4,1,6,100.0,100.0,99.1,100.0,96.3,9.41,9.07,0,91,31,3.7,2.6,62,51,No,Yes,PhD,High,Yes,Average,Low,9.97,80.2,Low,93.0,89
EDU02811,Rahul Sharma,Female,17,MECH,1,80.0,3.2,6.2,9,3,76.2,73.6,70.5,74.9,73.9,7.16,7.23,1,135,3,1.8,2.8,49,66,No,Yes,PhD,Low,Yes,Excellent,High,7.34,78.6,High,80.4,60
EDU02812,Priya Sharma,Male,21,AIDS,7,100.0,5.2,5.5,2,7,100.0,91.7,97.6,91.2,99.6,9.48,9.43,0,121,22,0.9,0.1,92,68,No,Yes,PhD,Upper-Middle,Yes,Good,Medium,9.64,101.0,Low,85.9,98
EDU02813,Ananya Iyer,Female,19,MECH,5,91.4,1.8,7.3,8,4,65.5,67.9,66.0,68.7,78.7,5.68,5.25,4,89,34,1.4,1.3,100,80,Yes,Yes,PG,High,Yes,Poor,Low,6.65,94.36,Critical,91.0,55
EDU02814,Diya Nair,Female,17,MECH,8,73.2,2.1,5.6,3,8,68.8,58.9,62.8,69.3,79.0,6.34,6.9,1,51,16,4.5,0.2,92,89,Yes,Yes,School,High,Yes,Poor,High,6.35,76.28,Moderate,78.6,52
EDU02815,Karthik Nair,Male,19,EEE,8,66.7,5.0,7.3,8,6,85.4,88.9,82.6,85.7,81.2,7.54,8.11,0,85,0,4.4,0.1,89,57,Yes,Yes,PhD,Low,Yes,Poor,High,8.56,79.28,Moderate,73.2,76
EDU02816,Pooja Sharma,Male,24,AIDS,3,75.8,5.7,8.4,2,10,88.5,79.6,85.7,84.3,92.5,8.2,8.32,0,48,3,0.5,2.6,44,88,Yes,Yes,Diploma,Upper-Middle,Yes,Excellent,High,8.46,57.52,Low,72.8,86
EDU02817,Arjun Singh,Male,23,CIVIL,4,88.1,1.9,6.7,10,6,67.0,68.4,65.1,62.3,62.4,6.75,6.8,1,181,37,2.9,0.7,97,55,No,Yes,UG,Middle,No,Excellent,High,6.68,110.24,High,70.9,63
EDU02818,Nithin Reddy,Male,21,EEE,2,77.0,5.3,7.5,6,6,95.8,90.3,96.8,98.4,100.0,9.53,9.56,0,112,14,2.1,2.9,94,47,Yes,Yes,PG,Middle,Yes,Poor,Low,9.43,90.8,Low,65.5,84
EDU02819,Aishwarya Das,Male,19,EEE,8,90.1,5.3,6.4,1,10,90.7,97.5,93.9,98.9,100.0,10.0,10.0,0,40,17,3.7,1.9,48,53,No,Yes,PhD,Middle,Yes,Good,Medium,9.4,63.24,Low,82.8,83
EDU02820,Aishwarya Iyer,Female,20,CSE,8,73.8,1.3,6.5,9,6,63.5,62.8,67.5,73.6,78.8,6.89,6.96,2,211,29,2.9,2.2,90,48,No,Yes,School,Middle,Yes,Average,High,6.46,107.72,Critical,73.6,62
EDU02821,Riya Kumar,Male,22,EEE,4,81.0,1.3,7.9,8,3,60.3,65.3,59.4,52.2,60.9,6.53,7.0,0,202,26,0.1,2.6,91,65,No,No,PG,Upper-Middle,Yes,Average,Medium,6.17,109.2,Moderate,77.2,46
EDU02822,Sneha Verma,Female,23,ECE,1,89.8,1.0,5.7,4,10,58.9,54.5,56.7,56.1,56.9,5.55,5.44,2,48,13,3.4,1.9,49,77,No,Yes,UG,Middle,No,Excellent,Medium,5.67,65.12,High,97.9,26
EDU02823,Sneha Das,Male,23,CSE,2,82.4,5.8,7.1,6,7,92.5,88.7,86.4,91.6,96.5,8.29,8.87,0,112,35,0.3,2.4,95,99,Yes,Yes,PG,High,No,Excellent,Medium,8.92,93.36,Low,79.5,71
EDU02824,Sai Verma,Female,20,CIVIL,1,85.4,2.8,7.7,1,6,71.1,75.3,73.8,69.6,79.4,8.37,8.23,0,148,3,0.3,2.7,95,76,No,Yes,PhD,Low,Yes,Excellent,Low,7.34,101.76,Low,76.4,60
EDU02825,Karthik Sharma,Female,23,MECH,4,100.0,5.9,5.8,6,3,100.0,100.0,96.0,97.6,100.0,9.96,9.68,0,51,38,0.9,0.9,57,95,Yes,Yes,PhD,Middle,Yes,Good,High,9.87,73.0,Low,100.0,100
EDU02826,Rahul Reddy,Male,21,AIDS,2,93.6,2.7,8.5,2,8,70.1,62.2,62.7,62.9,63.3,6.39,6.53,1,177,33,2.2,0.3,79,100,No,Yes,PhD,Low,Yes,Poor,Low,6.5,104.44,Moderate,89.2,49
EDU02827,Sneha Nair,Female,18,CSE,4,89.1,3.8,7.5,8,8,85.6,91.0,90.1,97.9,93.0,8.33,7.85,0,147,18,1.9,1.8,47,67,No,Yes,Diploma,High,Yes,Poor,High,8.89,83.84,Moderate,88.4,71
EDU02828,Vihaan Kumar,Male,23,IT,2,91.2,5.3,5.8,1,7,89.9,86.3,85.9,91.6,87.4,8.05,7.67,0,120,31,1.0,0.1,79,46,No,Yes,PG,Low,No,Poor,Medium,8.74,92.08,Low,98.5,64
EDU02829,Pooja Iyer,Male,17,CIVIL,8,78.8,2.3,5.9,10,7,68.5,72.9,70.0,77.8,81.9,6.38,6.33,2,119,21,1.3,1.5,56,47,Yes,Yes,Diploma,High,Yes,Average,Medium,7.05,77.72,Critical,81.9,51
EDU02830,Keerthi Patel,Female,22,CIVIL,3,86.8,5.2,6.5,6,6,90.7,96.4,96.9,100.0,100.0,9.61,10.0,0,29,31,2.1,1.2,89,90,Yes,Yes,PhD,High,Yes,Good,Medium,9.47,76.12,Low,82.1,82
EDU02831,Nisha Reddy,Female,21,EEE,6,86.2,4.7,5.2,7,7,90.2,94.9,89.9,86.0,94.4,9.08,9.1,0,39,0,4.3,2.0,60,79,No,Yes,Diploma,High,Yes,Excellent,High,9.17,66.28,Low,97.9,69
EDU02832,Vihaan Verma,Female,18,ECE,2,89.3,4.7,6.6,9,8,90.5,97.5,97.2,89.2,86.6,10.0,10.0,0,190,25,1.5,2.8,99,88,Yes,Yes,PhD,Middle,Yes,Good,Medium,9.51,113.32,Low,96.3,90
EDU02833,Pooja Nair,Male,18,MECH,1,75.1,2.3,7.2,10,4,71.1,71.6,69.7,61.8,61.3,7.95,8.15,0,201,3,2.5,0.5,43,100,No,Yes,School,Middle,Yes,Average,High,7.08,87.44,Moderate,63.3,63
EDU02834,Aishwarya Patel,Male,22,ECE,8,72.2,3.3,6.6,7,6,64.3,56.3,63.1,60.5,56.6,6.73,6.82,2,75,31,2.8,0.9,100,93,No,No,UG,Upper-Middle,Yes,Good,Low,6.12,83.88,Critical,71.5,77
EDU02835,Sneha Verma,Female,17,MECH,6,83.9,1.1,6.6,9,7,63.9,60.1,63.6,71.4,77.7,6.57,7.1,0,156,5,1.4,2.2,89,97,Yes,Yes,School,Middle,Yes,Good,Low,6.25,100.36,Moderate,67.4,44
EDU02836,Sneha Gupta,Male,22,AIDS,4,94.9,1.0,7.3,8,10,63.0,60.9,57.4,61.3,57.9,4.82,4.8,3,45,1,0.0,0.3,100,77,No,Yes,School,Middle,No,Average,Low,6.04,86.96,Critical,100.0,46
EDU02837,Pooja Sharma,Female,22,CSE,5,61.9,5.9,7.2,4,5,94.2,90.7,89.0,92.1,91.7,7.92,7.74,0,79,34,1.5,1.1,59,68,No,Yes,PG,Middle,Yes,Excellent,Low,9.13,64.16,Moderate,58.7,56
EDU02838,Pooja Verma,Male,22,ECE,4,66.4,5.1,5.7,2,8,77.5,83.7,82.6,78.9,86.0,9.17,9.25,0,132,34,3.3,1.5,73,68,No,Yes,PG,High,Yes,Poor,High,8.13,82.16,Low,69.0,97
EDU02839,Aarav Nair,Male,21,ECE,6,84.2,5.2,6.3,4,4,86.8,91.5,92.9,86.7,94.9,8.32,8.91,0,216,18,3.4,2.6,66,81,Yes,Yes,UG,Low,Yes,Average,Medium,9.04,103.28,Low,76.4,67
EDU02840,Ananya Iyer,Female,21,CSE,5,81.8,2.7,7.8,8,7,70.6,72.4,72.1,71.4,76.1,6.85,6.77,1,118,14,1.5,2.5,71,69,No,Yes,School,Low,No,Excellent,Medium,7.17,84.72,High,87.7,75
EDU02841,Aishwarya Iyer,Male,17,EEE,6,100.0,2.0,7.9,8,7,79.2,78.2,74.7,67.9,77.6,8.18,8.71,0,125,36,0.8,1.2,76,82,Yes,Yes,Diploma,High,No,Average,Low,7.74,95.4,Low,100.0,91
EDU02842,Aishwarya Iyer,Male,21,AIDS,6,68.0,3.3,5.2,10,10,66.6,60.1,59.6,65.2,67.6,6.75,6.28,2,185,6,3.4,1.0,62,88,Yes,No,PhD,Upper-Middle,Yes,Poor,High,6.21,89.0,Critical,75.6,66
EDU02843,Aishwarya Iyer,Male,23,EEE,5,78.7,4.9,6.6,6,7,88.8,83.2,84.8,90.6,96.8,8.91,8.43,1,198,31,4.5,1.7,89,62,No,Yes,Diploma,Low,Yes,Good,High,8.56,106.68,Moderate,80.5,94
EDU02844,Pooja Sharma,Male,22,CSE,1,59.0,2.4,6.6,9,9,61.2,65.1,63.4,67.3,71.7,5.69,5.39,4,183,11,1.3,2.8,45,55,No,Yes,School,High,Yes,Excellent,Low,6.32,78.2,Critical,60.9,64
EDU02845,Karthik Nair,Female,18,IT,6,58.6,5.9,8.1,5,4,78.8,71.0,76.7,75.1,78.4,8.05,8.07,1,141,40,2.8,1.1,46,68,Yes,Yes,UG,Middle,Yes,Average,High,7.55,70.04,High,55.5,85
EDU02846,Aishwarya Singh,Female,17,EEE,7,79.1,2.6,5.3,8,6,74.4,67.0,70.1,69.4,78.2,6.14,6.52,2,184,28,0.9,2.0,40,65,Yes,Yes,PhD,Low,No,Average,Low,7.05,84.44,Critical,90.0,64
EDU02847,Riya Patel,Male,23,ECE,6,85.9,2.6,7.5,4,5,72.0,63.7,71.9,78.7,73.9,7.68,7.33,0,182,16,4.0,2.4,94,91,No,Yes,PG,Low,Yes,Excellent,High,6.92,108.36,Low,95.2,80
EDU02848,Nithin Iyer,Female,20,AI&DS,8,63.0,2.4,5.8,10,4,62.9,58.5,58.3,62.5,59.7,5.85,5.87,2,209,16,2.4,2.8,77,67,Yes,No,PG,Low,Yes,Excellent,Low,5.99,97.8,Critical,63.1,52
EDU02849,Pooja Patel,Male,18,CIVIL,7,100.0,4.6,7.5,3,7,92.4,84.1,85.2,85.3,90.2,8.38,8.67,0,103,27,0.3,2.9,50,47,No,Yes,UG,High,Yes,Excellent,High,8.72,80.6,Low,95.7,80
EDU02850,Sai Patel,Male,20,ECE,2,91.8,1.7,8.0,8,9,72.5,63.4,70.3,65.4,67.0,7.76,7.87,1,25,0,3.3,1.5,85,81,Yes,Yes,UG,Upper-Middle,Yes,Good,High,6.87,75.72,Moderate,100.0,57
EDU02851,Riya Nair,Male,20,IT,3,78.6,4.3,5.6,10,8,77.3,75.1,73.1,70.4,71.7,6.93,6.67,2,191,0,1.7,2.7,72,77,No,Yes,Diploma,High,Yes,Average,Medium,7.52,98.44,Critical,88.2,62
EDU02852,Vihaan Singh,Female,23,MECH,1,100.0,2.4,6.5,4,5,79.7,84.5,78.8,77.5,73.1,7.64,7.36,0,111,10,3.2,0.3,68,68,No,Yes,PG,High,Yes,Poor,Low,8.1,89.4,Low,98.9,75
EDU02853,Ananya Nair,Female,17,EEE,5,83.0,5.4,7.1,9,8,89.4,82.1,85.5,84.1,81.4,7.82,7.81,1,144,26,0.6,1.1,75,49,No,Yes,PhD,Low,No,Average,High,8.57,92.0,High,83.1,70
EDU02854,Arjun Kumar,Female,18,AIDS,7,79.0,4.3,5.5,2,8,80.9,73.7,77.4,75.5,70.8,7.08,7.05,0,141,6,4.6,0.8,47,86,Yes,Yes,PG,Middle,Yes,Excellent,Medium,7.73,78.6,Low,91.0,59
EDU02855,Keerthi Reddy,Female,17,CSE,4,98.6,2.8,6.7,9,7,78.7,73.6,76.5,69.5,68.4,6.67,6.62,1,162,0,1.4,2.5,60,93,No,Yes,UG,Upper-Middle,Yes,Excellent,High,7.63,95.84,High,97.2,62
EDU02856,Keerthi Nair,Female,21,CSE,6,77.7,5.4,8.3,8,3,95.0,92.3,89.3,82.1,91.7,9.58,9.7,0,91,22,3.2,1.4,99,82,Yes,Yes,PhD,Low,Yes,Poor,Medium,9.22,88.88,Moderate,77.4,82
EDU02857,Vihaan Kumar,Female,23,ECE,5,71.5,5.0,7.5,4,5,91.7,84.6,88.4,94.0,94.1,9.14,9.08,0,44,31,4.2,1.1,67,97,Yes,Yes,School,Middle,Yes,Good,Low,8.82,64.2,Low,68.9,74
EDU02858,Nisha Nair,Male,18,AIDS,7,67.0,2.3,5.7,4,5,60.6,66.3,65.4,63.4,59.4,6.98,6.64,1,104,18,2.2,0.2,73,77,No,Yes,UG,Middle,Yes,Excellent,Low,6.41,76.8,High,67.3,56
EDU02859,Vihaan Gupta,Female,23,EEE,3,92.4,5.7,6.6,1,3,100.0,97.8,96.6,99.9,100.0,9.56,9.68,0,61,4,2.5,2.5,41,73,Yes,Yes,PG,Middle,Yes,Poor,Low,9.81,65.56,Low,82.6,91
EDU02860,Aarav Das,Female,19,CIVIL,7,89.0,1.3,5.9,5,3,66.3,58.8,63.6,65.2,69.0,7.18,7.23,0,35,27,0.6,2.7,63,46,No,Yes,PG,Middle,Yes,Good,Low,6.29,67.8,Moderate,90.8,61
EDU02861,Aishwarya Verma,Male,22,CSE,5,97.9,1.3,5.1,9,5,61.6,51.9,56.2,58.7,64.5,5.81,5.8,4,63,12,2.9,0.8,85,94,Yes,Yes,UG,High,Yes,Good,Low,5.66,85.76,Critical,81.0,52
EDU02862,Ananya Gupta,Male,24,MECH,8,76.9,2.7,5.7,10,7,67.2,70.0,64.2,59.1,66.5,6.71,6.61,2,32,8,4.9,1.8,48,61,Yes,Yes,Diploma,Low,Yes,Excellent,High,6.71,56.36,Critical,67.0,69
EDU02863,Rahul Gupta,Female,23,EEE,2,86.9,5.1,7.9,1,4,88.9,80.1,88.9,81.9,84.2,8.36,7.93,0,150,13,3.5,2.6,100,87,Yes,Yes,Diploma,High,Yes,Good,Low,8.6,104.76,Low,100.0,69
EDU02864,Riya Nair,Female,19,EEE,5,87.4,2.7,8.2,7,7,76.4,69.1,72.6,72.1,75.2,7.2,7.35,1,34,13,0.7,0.7,84,73,No,Yes,PhD,Upper-Middle,Yes,Poor,Low,7.27,75.36,Moderate,85.2,64
EDU02865,Aditya Iyer,Female,20,MECH,5,100.0,1.4,6.8,4,5,69.6,67.2,65.9,70.1,74.0,6.22,5.98,3,64,26,3.6,2.8,68,95,No,Yes,School,Upper-Middle,Yes,Average,Medium,6.76,80.0,Critical,95.8,52
EDU02866,Vihaan Patel,Female,19,CIVIL,3,72.1,4.7,6.6,9,5,84.1,88.4,90.7,83.9,92.9,8.69,9.21,0,204,38,1.6,2.9,78,82,Yes,Yes,UG,High,Yes,Excellent,Low,8.77,100.84,Moderate,70.3,72
EDU02867,Harish Singh,Male,19,MECH,3,66.7,4.9,5.4,1,6,82.7,80.7,86.6,81.1,85.8,9.49,9.15,0,98,35,4.1,1.3,88,82,Yes,Yes,UG,High,Yes,Excellent,High,8.33,81.48,Low,70.6,79
EDU02868,Rahul Nair,Female,23,MECH,6,72.9,5.1,7.9,6,5,86.4,90.1,83.3,89.6,88.3,8.97,8.64,0,127,16,3.8,0.5,42,54,No,Yes,UG,Middle,Yes,Poor,High,8.66,71.36,Moderate,88.8,37
EDU02869,Pooja Iyer,Female,20,AIDS,3,85.0,5.2,6.5,3,8,96.6,95.0,99.0,94.0,100.0,10.0,10.0,0,67,5,1.5,1.0,84,83,No,Yes,PG,High,Yes,Poor,Low,9.69,81.0,Low,87.8,86
EDU02870,Harish Singh,Male,18,CSE,5,69.5,2.0,7.7,6,7,60.2,68.1,61.4,61.0,70.3,5.35,5.73,4,132,35,1.6,0.2,62,92,Yes,Yes,PhD,Middle,Yes,Excellent,High,6.32,79.0,Critical,61.5,48
EDU02871,Vihaan Gupta,Female,22,IT,7,88.8,3.3,6.3,5,5,84.1,89.0,86.4,81.4,88.9,8.9,8.42,1,43,29,0.8,2.5,82,62,Yes,Yes,PhD,Middle,No,Good,Low,8.65,76.92,Moderate,82.9,59
EDU02872,Ananya Das,Female,19,ECE,8,92.5,2.5,8.1,2,4,79.1,83.8,77.5,78.6,86.4,6.98,6.92,1,133,16,4.6,2.5,71,67,Yes,Yes,Diploma,Low,Yes,Poor,Medium,8.01,92.0,Moderate,86.2,47
EDU02873,Nithin Singh,Male,20,ECE,5,87.1,5.9,6.6,9,7,91.4,87.9,91.2,91.9,99.9,8.88,8.52,0,206,1,3.0,0.4,68,61,Yes,Yes,PhD,Upper-Middle,Yes,Average,Low,9.02,103.24,Moderate,97.8,82
EDU02874,Vihaan Singh,Female,18,EEE,3,72.0,2.5,7.0,4,10,58.8,56.4,58.5,60.3,59.4,5.03,4.81,3,119,34,2.7,2.4,78,96,Yes,Yes,Diploma,Low,No,Excellent,Medium,5.79,83.8,Critical,72.5,44
EDU02875,Sai Nair,Female,18,CSE,2,76.4,3.3,5.5,5,9,65.9,73.4,67.0,60.6,57.2,7.65,7.25,0,79,26,4.0,2.4,54,85,No,Yes,Diploma,Low,No,Poor,Low,6.88,67.96,Moderate,74.7,74
EDU02876,Sai Verma,Female,18,AIDS,2,86.6,3.6,6.4,7,10,74.5,72.9,75.1,82.1,87.9,6.64,7.14,1,79,11,0.2,0.3,84,70,Yes,Yes,UG,Upper-Middle,Yes,Average,Low,7.42,84.04,Moderate,89.4,67
EDU02877,Aarav Nair,Male,18,IT,2,73.2,3.1,7.1,1,7,73.9,75.9,77.1,77.7,85.4,7.71,7.38,0,72,6,4.9,1.7,40,96,Yes,Yes,School,High,Yes,Excellent,Medium,7.56,59.68,Low,77.3,92
EDU02878,Ananya Kumar,Female,23,IT,5,77.8,2.6,6.2,4,4,71.0,67.9,67.1,68.2,70.8,6.5,6.6,1,82,30,4.9,2.6,71,91,Yes,Yes,UG,Upper-Middle,Yes,Poor,Medium,6.87,75.92,High,69.0,70
EDU02879,Sanjay Kumar,Male,20,EEE,6,79.5,4.0,7.1,3,10,82.8,77.6,76.9,70.6,77.6,7.64,7.49,0,104,28,4.2,0.0,72,70,Yes,Yes,Diploma,Low,Yes,Excellent,Medium,7.91,81.4,Low,84.2,62
EDU02880,Vihaan Verma,Male,18,EEE,6,99.7,4.3,6.9,1,9,88.3,82.2,90.1,95.0,99.0,9.62,10.0,0,129,14,0.5,1.6,73,71,Yes,Yes,PG,Middle,Yes,Good,Low,8.69,94.88,Low,100.0,94
EDU02881,Nisha Nair,Male,22,CIVIL,1,73.6,2.7,7.4,6,8,66.6,62.9,60.8,55.7,52.4,6.03,5.77,2,169,7,5.0,1.1,84,72,No,Yes,Diploma,Low,Yes,Good,Low,6.34,96.84,Critical,66.9,64
EDU02882,Aditya Kumar,Female,19,ECE,7,81.8,5.7,6.1,5,3,98.1,100.0,100.0,95.2,93.9,9.88,10.0,0,64,24,0.2,2.5,40,72,Yes,Yes,Diploma,Middle,Yes,Good,Medium,9.94,61.52,Low,75.8,77
EDU02883,Ananya Nair,Female,22,EEE,7,95.1,4.7,5.2,7,6,96.7,98.6,93.0,85.2,93.2,9.4,9.56,0,43,26,2.8,1.1,82,84,No,No,PG,Upper-Middle,Yes,Poor,Medium,9.61,79.44,Low,96.8,82
EDU02884,Karthik Das,Male,18,AIDS,4,71.2,5.7,5.8,9,9,90.3,94.0,92.0,91.1,86.9,9.84,9.72,0,187,7,2.8,1.0,77,43,Yes,No,PhD,Upper-Middle,Yes,Good,High,9.21,96.68,Low,56.7,100
EDU02885,Diya Das,Female,21,CSE,5,78.2,2.6,5.4,8,6,66.6,57.1,60.3,56.8,55.4,5.7,5.4,2,202,6,1.2,2.6,49,43,Yes,Yes,Diploma,Middle,Yes,Average,Low,6.13,91.28,Critical,85.9,41
EDU02886,Sneha Kumar,Male,24,ECE,6,84.9,2.2,7.1,2,4,67.4,61.7,67.9,67.3,66.9,6.83,7.27,1,118,11,4.2,1.7,70,57,Yes,Yes,School,High,Yes,Excellent,High,6.57,85.56,Moderate,87.1,60
EDU02887,Nisha Nair,Male,17,MECH,4,76.2,4.6,8.0,8,7,84.8,82.3,84.2,84.7,80.3,7.43,7.31,0,218,15,3.6,0.3,87,76,No,No,PG,Middle,Yes,Poor,Medium,8.38,108.88,Moderate,73.2,80
EDU02888,Riya Patel,Male,23,ECE,1,60.8,1.6,8.4,7,3,59.3,62.3,59.6,57.8,64.7,6.29,6.06,2,205,31,3.4,2.8,91,44,Yes,Yes,PG,Middle,Yes,Average,Low,6.04,101.72,Critical,47.2,54
EDU02889,Keerthi Kumar,Female,21,MECH,4,84.0,2.7,6.8,8,9,72.4,66.7,69.2,63.4,71.7,6.72,6.86,1,75,20,4.7,2.8,75,79,Yes,Yes,Diploma,Middle,Yes,Good,Medium,6.94,78.6,High,84.1,62
EDU02890,Meera Iyer,Female,21,AIDS,7,90.9,4.0,8.1,5,5,80.6,87.9,82.3,86.8,91.7,8.45,8.14,0,202,31,3.9,2.1,48,100,No,No,UG,Low,Yes,Excellent,High,8.36,95.96,Low,95.2,63
EDU02891,Pooja Gupta,Female,19,CIVIL,7,91.9,3.5,7.4,5,4,82.7,78.1,75.6,73.4,78.1,7.67,7.53,0,38,40,0.5,3.0,57,83,Yes,Yes,Diploma,High,Yes,Poor,Medium,7.88,67.16,Moderate,93.9,78
EDU02892,Arjun Gupta,Female,19,CSE,2,73.2,4.2,6.3,6,5,85.3,88.2,85.7,90.7,94.8,9.24,9.8,0,214,38,0.5,2.4,68,93,No,Yes,PG,Upper-Middle,Yes,Poor,Medium,8.64,99.28,Low,74.0,100
EDU02893,Sai Kumar,Male,19,IT,6,86.6,4.9,7.9,6,10,91.1,89.8,92.0,91.8,88.9,8.87,8.95,0,115,3,3.2,1.6,75,43,No,Yes,PhD,High,Yes,Poor,High,9.1,87.64,Low,87.0,69
EDU02894,Harish Reddy,Male,23,IT,2,78.5,3.3,8.3,8,10,74.1,65.6,68.1,75.1,83.7,5.88,6.12,1,50,40,2.3,1.6,79,93,No,Yes,UG,Low,Yes,Poor,Low,6.93,73.0,High,69.8,62
EDU02895,Vihaan Patel,Female,24,ECE,4,86.5,5.1,5.3,6,7,86.4,78.1,79.7,87.5,89.7,7.54,8.14,0,89,37,4.5,2.5,60,49,No,Yes,UG,Middle,No,Good,Low,8.14,76.4,Low,85.4,87
EDU02896,Aditya Kumar,Female,17,AIDS,5,97.1,2.3,6.8,2,5,80.8,81.2,80.5,83.8,86.3,7.4,7.51,1,60,20,0.1,1.8,79,96,No,Yes,School,Upper-Middle,Yes,Average,High,8.08,82.44,Moderate,97.5,69
EDU02897,Nisha Das,Male,21,ECE,1,86.6,4.9,5.9,1,9,91.4,82.9,88.7,91.7,100.0,8.88,8.72,0,102,36,1.7,1.5,61,91,No,Yes,School,Middle,Yes,Good,High,8.77,79.44,Low,78.3,79
EDU02898,Nithin Kumar,Female,17,AI&DS,6,93.2,6.0,5.6,9,10,100.0,90.3,98.1,100.0,100.0,9.13,8.64,0,179,33,4.2,1.1,68,55,No,Yes,Diploma,Upper-Middle,Yes,Average,High,9.61,100.28,Low,81.3,72
EDU02899,Aishwarya Kumar,Male,21,MECH,8,87.5,5.2,5.0,2,4,97.0,89.0,94.7,92.9,94.6,8.91,8.9,0,192,12,4.7,0.2,68,87,Yes,Yes,School,Upper-Middle,Yes,Good,High,9.36,100.6,Low,100.0,86
EDU02900,Priya Iyer,Female,21,CIVIL,7,84.1,5.1,8.2,3,10,85.2,92.1,90.7,83.5,81.9,9.53,9.47,0,82,28,1.2,2.8,97,76,No,Yes,School,Middle,Yes,Good,Low,8.93,88.84,Low,92.6,72
EDU02901,Sanjay Patel,Female,22,EEE,3,87.5,1.2,6.3,6,3,63.5,55.5,57.5,60.3,60.9,5.88,5.5,3,76,10,2.5,2.7,90,53,No,Yes,PhD,Upper-Middle,Yes,Good,High,5.88,86.2,Critical,88.1,46
EDU02902,Sai Patel,Female,17,EEE,6,87.0,2.9,5.7,4,7,81.9,72.7,81.8,88.6,89.3,8.91,8.49,0,196,32,4.3,2.3,80,74,No,Yes,PG,Upper-Middle,Yes,Average,High,7.88,106.0,Low,79.7,79
EDU02903,Riya Gupta,Female,17,AI&DS,2,87.3,1.6,6.9,10,8,65.2,56.5,65.2,60.9,68.7,6.59,6.2,1,167,4,3.4,1.5,70,97,No,Yes,PhD,Low,Yes,Excellent,Medium,6.23,96.32,High,92.7,53
EDU02904,Ananya Nair,Male,21,AIDS,4,74.2,3.2,7.6,9,6,64.9,62.6,66.3,65.0,63.5,6.38,6.57,1,33,9,0.8,1.4,57,82,Yes,Yes,School,High,Yes,Average,High,6.46,59.08,High,70.8,54
EDU02905,Aishwarya Gupta,Male,17,MECH,1,89.6,5.2,5.3,9,6,88.3,94.8,93.7,94.4,100.0,9.39,9.14,0,69,13,4.7,1.3,51,66,No,Yes,School,Low,Yes,Excellent,Medium,9.23,70.04,Low,91.9,74
EDU02906,Rahul Iyer,Male,21,EEE,8,95.7,2.2,5.7,4,6,71.7,63.6,67.1,61.7,71.2,6.75,7.0,1,194,37,1.7,1.2,61,48,No,Yes,UG,Low,Yes,Good,Medium,6.75,101.48,Moderate,92.0,64
EDU02907,Aishwarya Sharma,Male,17,IT,8,92.1,2.7,6.7,10,9,75.5,81.3,83.0,81.9,86.2,7.55,8.07,1,69,32,4.6,1.3,64,61,Yes,Yes,PG,High,Yes,Poor,Medium,7.99,76.24,Moderate,93.1,95
EDU02908,Rahul Verma,Female,19,AIDS,6,76.6,5.2,7.2,2,5,91.2,88.1,93.3,88.5,95.3,8.83,8.75,0,35,28,2.8,2.4,71,58,No,Yes,Diploma,Middle,Yes,Average,Medium,9.09,66.04,Low,80.9,68
EDU02909,Nithin Singh,Female,20,CIVIL,4,72.6,4.8,7.3,10,5,85.1,86.1,86.3,81.5,79.4,7.99,7.81,0,100,39,2.8,2.4,77,67,No,Yes,UG,Upper-Middle,Yes,Poor,High,8.58,79.84,Moderate,78.7,76
EDU02910,Priya Gupta,Female,23,EEE,6,90.9,4.2,6.1,9,6,91.4,86.3,89.8,89.9,93.9,8.09,7.68,0,33,24,3.7,0.2,52,53,No,Yes,Diploma,High,Yes,Poor,High,8.92,63.76,Moderate,100.0,47
EDU02911,Diya Das,Female,22,CSE,5,97.2,4.8,7.1,8,5,95.6,96.8,91.5,99.3,100.0,8.99,8.85,0,118,28,0.4,1.2,69,69,Yes,Yes,PG,High,Yes,Poor,Medium,9.46,90.08,Low,83.9,78
EDU02912,Pooja Sharma,Male,21,AIDS,6,80.7,5.4,6.5,6,3,94.9,87.7,90.3,87.7,87.4,9.82,10.0,0,66,16,3.2,0.3,93,87,Yes,Yes,PG,Middle,Yes,Average,High,9.1,82.68,Low,87.3,84
EDU02913,Priya Patel,Female,23,AI&DS,6,78.0,4.2,6.3,6,9,81.5,87.6,87.9,94.1,90.7,9.08,9.11,0,141,34,4.5,2.0,100,46,No,Yes,Diploma,High,Yes,Excellent,Medium,8.57,99.4,Low,76.5,81
EDU02914,Diya Reddy,Female,24,MECH,1,73.2,3.4,7.3,3,10,75.0,80.0,77.9,78.6,75.2,7.06,7.44,1,141,22,1.3,0.5,73,96,Yes,No,PG,High,Yes,Poor,High,7.76,86.68,Moderate,62.8,64
EDU02915,Sai Das,Female,20,AI&DS,6,75.6,1.2,5.9,4,4,59.7,66.9,63.9,67.5,72.7,6.36,6.37,1,220,3,1.4,2.3,70,56,Yes,Yes,UG,Middle,Yes,Poor,Medium,6.35,102.24,High,75.5,56
EDU02916,Riya Nair,Female,19,IT,8,83.2,2.1,7.2,8,6,70.3,67.2,66.1,65.3,60.8,6.58,6.39,1,215,26,2.4,1.6,99,81,Yes,Yes,PhD,High,Yes,Average,Medium,6.79,115.88,High,74.9,60
EDU02917,Diya Gupta,Male,24,AI&DS,6,84.5,2.8,7.6,7,9,69.8,73.7,69.7,66.0,65.4,6.84,7.32,0,182,6,4.9,2.4,45,66,Yes,Yes,Diploma,Upper-Middle,Yes,Average,High,7.11,88.2,Moderate,100.0,70
EDU02918,Sneha Sharma,Male,19,AI&DS,3,73.1,4.6,5.5,6,10,79.7,84.4,86.4,83.4,82.8,8.09,7.94,0,203,8,2.8,0.1,47,46,No,Yes,PhD,Upper-Middle,Yes,Good,Medium,8.35,88.64,Low,79.2,74
EDU02919,Vihaan Verma,Female,21,CSE,3,62.6,5.6,6.0,9,9,88.3,94.3,95.4,91.2,90.2,9.46,8.98,0,46,19,1.1,3.0,50,86,Yes,Yes,UG,High,Yes,Good,High,9.27,54.24,Moderate,61.6,82
EDU02920,Ananya Reddy,Male,18,AI&DS,2,90.7,3.5,8.1,10,5,74.6,74.0,72.8,72.6,81.1,8.2,8.8,0,140,23,1.0,0.6,81,61,No,Yes,Diploma,Middle,No,Good,Medium,7.38,96.68,Moderate,72.0,78
EDU02921,Aarav Sharma,Male,21,MECH,3,84.0,5.8,7.1,10,6,96.7,100.0,97.6,100.0,100.0,9.71,10.0,0,66,29,3.1,1.6,55,53,Yes,Yes,School,High,No,Excellent,High,9.81,68.8,Low,79.0,97
EDU02922,Diya Kumar,Female,20,CIVIL,6,95.6,5.6,7.0,10,4,100.0,92.8,94.4,97.7,100.0,10.0,9.65,0,165,29,4.7,2.7,85,55,No,Yes,PG,Low,Yes,Poor,Low,9.57,105.24,Low,100.0,88
EDU02923,Ananya Nair,Male,24,CIVIL,8,98.9,4.9,6.0,9,9,91.7,97.4,94.2,91.6,90.7,8.45,8.31,0,30,34,3.2,2.3,99,75,No,No,PG,Middle,Yes,Good,Medium,9.44,85.16,Low,100.0,82
EDU02924,Harish Singh,Female,24,IT,8,61.1,1.0,5.6,7,4,42.6,49.0,47.9,45.0,53.0,4.5,4.9,4,182,10,4.2,1.1,83,74,No,Yes,UG,Low,No,Good,High,4.65,94.04,Critical,69.5,61
EDU02925,Sai Iyer,Female,20,AI&DS,1,100.0,1.2,5.1,4,4,63.7,69.7,66.0,70.0,65.1,6.84,6.4,1,55,33,0.2,2.0,49,78,No,Yes,UG,High,Yes,Excellent,Low,6.65,70.6,Moderate,89.4,77
EDU02926,Rahul Nair,Female,21,AI&DS,8,85.3,2.9,8.2,7,6,76.0,74.8,79.1,75.2,81.0,7.54,7.37,0,23,26,4.5,1.9,72,43,No,Yes,PG,Low,Yes,Excellent,High,7.66,67.52,Moderate,80.3,66
EDU02927,Aarav Sharma,Male,24,CIVIL,3,82.8,1.4,6.2,9,10,63.5,59.6,58.9,54.9,55.5,5.31,5.21,4,202,20,1.0,0.5,42,75,Yes,Yes,PG,Upper-Middle,No,Average,High,6.07,90.32,Critical,78.5,42
EDU02928,Arjun Das,Male,17,CSE,2,90.0,1.7,5.9,1,4,71.3,70.4,74.4,70.6,76.2,7.23,7.28,1,199,40,3.9,1.9,50,88,No,Yes,PhD,Low,Yes,Average,Medium,7.2,95.8,Moderate,83.5,70
EDU02929,Sneha Sharma,Female,21,IT,4,72.8,3.7,7.0,10,9,68.0,71.0,73.2,80.5,84.4,7.62,7.19,0,186,1,0.6,2.8,78,47,No,Yes,PG,Upper-Middle,Yes,Average,High,7.07,97.52,Moderate,82.4,79
EDU02930,Nithin Gupta,Male,18,AIDS,4,74.5,3.8,7.0,5,8,74.4,76.0,76.6,73.6,82.6,8.0,7.68,0,91,17,2.1,2.8,49,73,No,Yes,UG,Middle,Yes,Average,High,7.57,67.6,Low,72.6,90
EDU02931,Nisha Reddy,Female,19,AI&DS,1,83.5,2.4,7.3,6,7,70.3,74.9,76.7,76.4,79.7,7.63,7.28,0,84,6,4.6,0.8,65,97,Yes,Yes,PG,Upper-Middle,Yes,Average,Low,7.4,76.2,Moderate,93.4,54
EDU02932,Ananya Kumar,Female,24,MECH,6,96.2,1.8,6.2,3,7,74.5,79.7,75.8,83.0,85.0,7.11,6.63,1,213,25,2.9,0.8,79,41,Yes,Yes,PG,Upper-Middle,Yes,Average,High,7.67,112.68,Moderate,91.4,58
EDU02933,Sanjay Gupta,Male,18,EEE,2,83.1,2.7,8.2,2,3,65.7,65.8,70.2,69.7,77.5,7.69,7.28,0,80,23,4.2,1.9,72,93,No,Yes,Diploma,High,No,Poor,High,6.72,78.04,Low,89.7,68
EDU02934,Arjun Sharma,Female,20,IT,4,64.6,2.9,7.7,6,6,63.8,64.0,59.3,58.5,55.3,6.18,6.54,2,51,25,3.7,1.7,78,68,Yes,Yes,Diploma,Middle,Yes,Poor,Medium,6.24,67.24,Critical,53.6,63
EDU02935,Harish Das,Female,23,EEE,2,80.3,5.1,7.9,1,8,95.2,100.0,100.0,100.0,100.0,9.84,9.46,0,178,39,1.7,1.4,57,58,Yes,Yes,School,Middle,No,Excellent,High,9.84,90.52,Low,65.1,75
EDU02936,Sanjay Kumar,Male,18,AI&DS,6,81.5,5.3,7.8,7,4,95.8,90.6,92.5,93.8,99.2,8.48,8.47,1,118,16,1.2,2.8,86,49,No,Yes,School,Upper-Middle,Yes,Good,Low,9.3,90.6,Moderate,93.9,82
EDU02937,Pooja Reddy,Male,21,EEE,3,77.7,3.9,6.2,6,6,82.9,87.7,80.6,80.3,78.1,8.5,8.03,0,125,23,3.5,2.2,53,47,Yes,Yes,School,High,Yes,Excellent,Medium,8.37,77.28,Moderate,69.8,58
EDU02938,Harish Kumar,Male,21,IT,3,80.7,3.5,5.5,1,7,81.1,84.9,78.1,70.2,78.5,7.27,7.81,0,88,28,2.7,2.8,71,52,No,Yes,PG,Middle,Yes,Excellent,High,8.14,78.28,Low,73.4,85
EDU02939,Ananya Reddy,Female,24,EEE,4,60.3,5.6,6.2,2,4,83.9,84.1,79.1,73.8,77.8,8.47,8.51,0,93,20,2.2,0.8,96,47,No,Yes,PG,High,Yes,Excellent,Low,8.24,81.12,Low,40.5,78
EDU02940,Harish Verma,Female,17,CSE,6,89.1,1.4,8.1,5,9,69.9,69.6,74.3,75.0,84.5,7.84,7.67,0,42,33,3.0,2.9,44,87,Yes,Yes,Diploma,Low,Yes,Excellent,Medium,7.13,61.64,Low,94.5,96
EDU02941,Ananya Kumar,Male,18,AI&DS,4,74.0,3.6,6.9,3,8,81.1,85.0,85.6,89.7,92.0,8.7,8.77,0,162,1,4.7,1.8,66,98,Yes,Yes,School,Upper-Middle,Yes,Poor,Low,8.39,88.4,Low,73.4,91
EDU02942,Rahul Iyer,Male,21,AI&DS,5,89.6,5.4,5.9,5,3,100.0,92.0,98.6,100.0,100.0,10.0,10.0,0,101,37,1.9,2.3,98,99,No,Yes,UG,High,Yes,Poor,Low,9.69,95.24,Low,88.2,89
EDU02943,Riya Patel,Female,20,AI&DS,2,70.2,3.9,7.8,4,6,81.9,83.3,82.3,83.9,86.2,8.6,8.89,0,118,6,0.8,2.5,89,66,No,Yes,UG,Middle,Yes,Poor,Low,8.25,87.28,Low,77.5,87
EDU02944,Vihaan Das,Female,17,AI&DS,5,75.6,1.4,8.4,4,9,56.3,61.7,58.1,63.4,59.7,6.5,6.83,1,43,28,1.4,0.3,90,87,Yes,Yes,PG,Middle,Yes,Poor,Low,5.87,74.84,Moderate,64.4,64
EDU02945,Arjun Kumar,Female,17,AI&DS,4,82.5,1.0,8.5,6,10,51.9,44.8,46.6,44.2,47.9,5.49,5.23,4,52,10,3.2,1.3,94,61,Yes,Yes,PhD,Low,Yes,Excellent,High,4.78,81.0,Critical,82.5,72
EDU02946,Vihaan Iyer,Female,21,AI&DS,5,85.0,2.6,7.8,9,7,71.4,74.8,70.2,63.4,58.6,6.58,6.87,2,51,20,2.5,2.2,59,54,No,Yes,PhD,Upper-Middle,Yes,Excellent,High,7.21,67.8,Critical,81.2,71
EDU02947,Meera Singh,Female,20,AI&DS,3,61.4,3.3,7.2,2,4,64.0,64.1,65.3,62.6,60.1,6.28,5.82,4,70,19,1.8,2.2,67,99,Yes,Yes,UG,Upper-Middle,Yes,Average,High,6.45,65.36,Critical,56.8,34
EDU02948,Rahul Sharma,Female,23,AI&DS,8,87.4,3.4,8.0,2,7,74.6,71.7,70.4,76.0,83.4,6.92,7.02,0,133,26,4.3,0.0,59,71,No,Yes,UG,Upper-Middle,Yes,Poor,Low,7.22,85.16,Low,77.4,73
EDU02949,Sneha Nair,Female,19,ECE,7,78.7,1.9,7.4,9,7,65.1,58.3,63.3,55.9,60.4,6.28,6.87,1,112,30,4.9,2.6,50,49,Yes,Yes,Diploma,Low,Yes,Average,Low,6.22,73.88,High,77.2,78
EDU02950,Vihaan Reddy,Female,20,EEE,1,59.2,5.7,6.4,8,8,83.1,80.7,78.4,82.1,88.3,7.09,6.83,1,137,16,3.5,2.4,94,84,Yes,Yes,PG,Low,Yes,Good,High,8.07,88.68,High,55.0,66
EDU02951,Sneha Sharma,Female,20,CSE,2,96.1,3.2,8.1,3,7,85.3,85.6,82.4,74.5,71.6,8.27,8.15,1,133,22,3.5,0.8,75,70,No,Yes,Diploma,Low,Yes,Average,Low,8.44,95.04,Moderate,94.4,70
EDU02952,Riya Das,Male,23,ECE,6,74.5,2.9,5.8,4,6,74.7,76.7,77.9,72.7,75.3,7.48,7.24,1,103,40,3.8,2.7,57,91,No,Yes,School,Low,Yes,Excellent,High,7.64,73.2,Moderate,78.2,91
EDU02953,Karthik Reddy,Male,17,AI&DS,5,90.3,4.4,5.6,10,6,92.0,91.2,88.5,83.4,84.7,9.32,8.9,0,87,9,0.2,0.4,56,89,Yes,Yes,PhD,Middle,Yes,Average,Low,9.06,75.92,Moderate,100.0,71
EDU02954,Meera Sharma,Male,22,IT,3,76.6,2.0,5.6,5,4,67.5,68.9,72.5,78.0,79.9,8.23,8.12,1,111,36,4.1,2.8,63,55,Yes,Yes,UG,Middle,Yes,Good,High,6.96,78.04,Moderate,66.2,94
EDU02955,Aishwarya Iyer,Female,24,CIVIL,3,75.4,2.5,7.0,10,9,65.8,70.8,68.9,75.0,72.7,6.14,5.68,3,53,17,1.6,1.1,49,58,Yes,Yes,PG,Middle,Yes,Average,High,6.85,60.36,Critical,84.8,37
EDU02956,Pooja Verma,Female,23,CSE,1,71.8,3.6,5.6,3,9,78.1,71.1,75.7,77.3,72.5,8.06,8.54,0,179,16,0.7,2.7,94,63,No,Yes,Diploma,High,Yes,Good,High,7.5,102.12,Low,82.1,64
EDU02957,Sanjay Patel,Female,18,CIVIL,3,74.5,1.6,7.1,6,4,62.3,53.1,58.3,58.5,65.0,5.98,5.98,4,81,33,1.5,3.0,64,61,Yes,Yes,PG,High,Yes,Poor,High,5.79,71.6,Critical,69.5,65
EDU02958,Karthik Sharma,Female,23,CSE,6,93.9,4.7,7.2,9,9,90.3,85.8,91.9,95.2,97.8,9.13,9.63,0,162,28,4.9,2.7,80,58,Yes,Yes,School,High,Yes,Excellent,Medium,8.93,101.96,Low,91.0,94
EDU02959,Diya Singh,Male,22,CIVIL,1,75.3,5.7,5.6,1,4,97.9,91.1,97.0,94.2,97.6,8.82,9.33,0,205,38,0.3,2.3,80,55,Yes,Yes,Diploma,Upper-Middle,Yes,Good,Low,9.53,103.12,Low,69.6,72
EDU02960,Karthik Reddy,Female,17,ECE,1,81.0,3.4,5.0,4,3,77.0,70.5,72.1,68.5,73.1,6.68,7.14,1,99,33,3.0,0.6,70,99,No,Yes,Diploma,Upper-Middle,Yes,Poor,High,7.32,80.2,Moderate,90.2,72
EDU02961,Riya Gupta,Male,23,MECH,5,85.7,5.7,6.5,7,3,89.7,92.9,88.2,94.1,100.0,7.93,7.52,1,183,15,1.8,1.5,46,56,No,No,School,Middle,Yes,Average,Low,9.03,89.28,High,92.1,61
EDU02962,Aarav Das,Female,21,AI&DS,4,84.1,4.2,5.9,10,4,87.3,88.7,91.0,97.1,92.1,9.92,9.93,0,177,22,0.1,2.8,57,56,Yes,Yes,Diploma,Low,Yes,Poor,Low,8.9,91.84,Moderate,83.5,100
EDU02963,Ananya Iyer,Male,19,CIVIL,5,73.7,1.0,7.0,4,10,58.1,54.8,55.4,56.1,52.0,5.9,5.87,3,70,1,2.1,0.6,71,60,Yes,Yes,PhD,High,Yes,Excellent,Low,5.61,71.88,Critical,62.1,53
EDU02964,Aditya Verma,Female,18,AIDS,8,93.3,5.5,5.9,6,7,100.0,94.7,100.0,93.9,95.2,9.21,8.97,0,90,31,1.5,0.6,44,77,Yes,Yes,School,Upper-Middle,Yes,Excellent,Low,9.82,72.92,Low,95.3,75
EDU02965,Meera Sharma,Male,19,AI&DS,3,73.0,4.2,5.8,10,5,81.9,88.4,89.8,95.1,93.6,9.0,8.96,0,160,37,2.8,2.6,75,79,Yes,Yes,UG,Low,Yes,Excellent,High,8.67,91.2,Moderate,76.9,78
EDU02966,Sai Nair,Male,18,ECE,3,92.4,5.0,8.4,2,4,87.5,94.6,94.8,88.9,89.1,9.86,9.82,0,74,16,1.7,2.2,59,51,Yes,No,UG,Low,Yes,Average,Low,9.23,75.36,Low,79.4,95
EDU02967,Vihaan Patel,Male,22,IT,8,80.8,1.1,5.9,2,7,54.7,53.5,49.2,55.5,63.8,4.64,4.44,4,219,2,1.7,1.9,88,100,No,Yes,UG,High,Yes,Good,Medium,5.25,111.32,Critical,80.5,51
EDU02968,Sai Nair,Female,23,MECH,1,85.2,3.4,7.7,4,4,82.7,86.2,82.2,84.0,88.8,7.52,7.64,0,90,34,1.1,2.6,71,88,No,Yes,School,Upper-Middle,Yes,Poor,High,8.37,80.48,Low,84.2,72
EDU02969,Aditya Kumar,Male,23,IT,4,95.4,5.7,5.8,3,9,97.2,100.0,94.9,94.0,89.1,10.0,9.99,0,174,20,3.6,0.1,87,74,Yes,Yes,PG,Upper-Middle,Yes,Poor,High,9.74,107.76,Low,100.0,73
EDU02970,Arjun Gupta,Male,24,IT,4,81.4,5.5,8.5,9,7,91.7,91.8,93.0,86.2,93.7,9.22,9.29,0,108,32,3.2,0.8,57,80,Yes,Yes,PG,Upper-Middle,Yes,Average,Medium,9.22,76.96,Low,95.7,66
EDU02971,Aarav Reddy,Male,20,AI&DS,6,94.3,4.4,5.5,2,4,96.9,91.2,96.9,93.1,92.1,10.0,9.85,0,54,19,3.2,1.6,48,67,No,Yes,UG,Middle,Yes,Good,Low,9.5,67.72,Low,84.6,83
EDU02972,Priya Patel,Male,22,IT,6,86.9,2.9,8.2,1,6,72.8,75.7,78.5,84.0,84.5,7.44,7.62,1,167,21,4.1,0.2,74,60,Yes,Yes,School,Middle,Yes,Average,Low,7.57,97.76,Moderate,80.7,63
EDU02973,Arjun Nair,Male,21,AIDS,1,87.4,5.4,8.0,6,7,97.1,95.8,92.8,95.7,93.9,9.12,8.85,0,44,30,3.3,1.9,45,76,No,Yes,School,Upper-Middle,Yes,Poor,Low,9.52,61.76,Low,96.3,90
EDU02974,Vihaan Das,Female,17,MECH,7,87.1,3.4,8.2,9,8,79.0,79.6,82.7,84.4,86.9,8.05,8.14,1,33,17,0.9,0.3,45,66,Yes,Yes,School,Low,Yes,Excellent,Low,8.04,59.44,Moderate,89.0,61
EDU02975,Karthik Sharma,Male,20,ECE,8,81.1,2.0,5.3,10,7,66.6,65.5,63.1,63.8,66.1,6.61,6.69,1,50,8,1.3,0.2,95,86,No,Yes,School,High,Yes,Excellent,High,6.51,80.44,High,86.5,71
EDU02976,Aarav Singh,Female,21,AI&DS,1,94.3,1.6,7.6,10,4,63.2,62.4,63.5,59.8,68.7,7.05,7.63,0,48,24,4.1,0.2,69,69,No,Yes,PG,Upper-Middle,Yes,Good,Medium,6.3,74.92,Moderate,76.0,84
EDU02977,Aditya Patel,Female,21,ECE,1,82.0,5.8,8.4,7,7,96.8,89.4,92.4,94.8,94.4,8.71,8.93,0,28,5,1.5,0.5,76,46,Yes,Yes,Diploma,High,No,Excellent,Medium,9.29,68.8,Low,82.9,62
EDU02978,Sai Verma,Male,23,CIVIL,1,61.2,2.4,5.8,7,7,54.9,58.3,58.9,65.9,72.4,6.11,6.64,2,147,29,3.2,2.9,96,95,No,Yes,School,High,Yes,Poor,Low,5.74,92.28,Critical,64.3,49
EDU02979,Arjun Reddy,Male,17,IT,5,83.6,2.0,8.4,9,4,66.2,71.3,70.2,73.4,83.2,6.45,6.19,1,176,18,2.2,0.5,47,81,No,Yes,Diploma,High,Yes,Good,Medium,6.92,87.44,High,81.5,28
EDU02980,Aishwarya Das,Female,18,EEE,7,81.4,3.6,8.4,6,10,74.5,72.1,71.3,65.9,69.1,7.68,7.35,0,159,14,4.3,2.9,80,86,No,Yes,School,Middle,Yes,Excellent,Low,7.26,96.36,Low,78.5,60
EDU02981,Diya Iyer,Female,24,AIDS,3,88.0,5.7,6.8,10,10,100.0,92.3,99.2,100.0,99.5,10.0,9.92,0,168,32,1.4,0.1,60,53,No,Yes,UG,Middle,No,Average,High,9.72,92.8,Low,81.8,69
EDU02982,Arjun Patel,Female,17,ECE,7,90.4,1.2,7.3,8,10,56.5,47.9,51.1,47.0,49.9,5.66,6.17,1,172,2,0.3,2.7,100,72,Yes,Yes,Diploma,Middle,Yes,Good,Low,5.18,110.56,High,91.6,47
EDU02983,Harish Gupta,Female,18,CIVIL,2,82.5,1.8,6.4,3,6,69.3,65.3,67.2,71.1,79.8,7.52,7.43,1,61,22,3.3,1.4,57,50,Yes,Yes,PG,Middle,Yes,Good,Low,6.73,68.0,Moderate,79.5,78
EDU02984,Nisha Patel,Female,22,ECE,1,75.4,2.1,7.2,2,7,61.6,59.9,61.0,60.4,57.1,5.58,5.47,2,82,33,5.0,0.8,52,67,No,Yes,PhD,Low,No,Average,Low,6.08,67.36,High,76.6,53
EDU02985,Aarav Das,Female,23,AIDS,3,100.0,5.7,6.5,6,9,100.0,98.4,96.3,95.6,99.0,8.64,9.13,0,150,27,0.3,0.9,69,49,No,Yes,UG,Middle,Yes,Good,Medium,9.82,97.6,Low,100.0,90
EDU02986,Arjun Iyer,Female,22,EEE,4,75.2,3.9,7.6,6,4,70.1,71.5,74.5,74.8,75.5,7.71,8.21,0,153,40,0.7,1.2,62,98,Yes,Yes,School,Middle,No,Average,Low,7.2,85.48,Moderate,80.1,63
EDU02987,Diya Reddy,Male,17,AI&DS,6,86.2,5.5,6.5,7,8,92.2,96.0,94.8,92.8,98.9,9.39,9.88,0,177,33,0.3,2.5,83,72,No,Yes,PG,Middle,Yes,Average,High,9.43,103.08,Low,85.5,72
EDU02988,Aditya Singh,Male,22,CIVIL,1,87.4,2.2,5.3,5,9,64.7,57.0,61.6,67.5,67.5,5.72,5.38,4,26,38,1.4,1.8,40,61,No,Yes,School,Low,No,Good,Medium,6.11,56.16,Critical,90.6,48
EDU02989,Aishwarya Singh,Male,21,CSE,2,83.6,2.5,6.6,6,6,63.6,60.1,59.5,58.3,59.5,6.94,7.42,0,158,12,0.5,0.8,99,93,No,Yes,School,High,Yes,Average,High,6.11,104.64,Moderate,80.1,58
EDU02990,Nisha Iyer,Female,19,CSE,6,90.8,3.2,5.6,4,4,75.3,73.4,79.0,81.1,81.6,8.62,8.75,0,149,16,4.8,0.6,76,85,Yes,Yes,PhD,High,Yes,Excellent,High,7.59,96.52,Low,78.0,87
EDU02991,Riya Das,Male,22,CIVIL,3,90.0,1.3,5.5,4,8,61.6,57.6,62.4,60.5,62.0,5.67,5.28,4,159,17,0.6,0.3,57,91,No,Yes,PG,Upper-Middle,Yes,Poor,Medium,6.05,90.6,Critical,85.2,73
EDU02992,Priya Iyer,Male,22,IT,1,90.9,5.3,5.7,1,6,99.6,98.1,94.1,93.7,100.0,8.95,9.1,0,126,16,0.4,2.4,63,82,Yes,Yes,PG,Low,Yes,Excellent,High,9.73,86.76,Low,70.9,74
EDU02993,Pooja Reddy,Male,19,AI&DS,3,75.9,5.8,6.0,1,10,91.6,94.9,95.9,97.4,100.0,10.0,10.0,0,107,6,3.2,1.4,57,55,No,No,School,High,Yes,Average,Low,9.41,74.56,Low,70.6,100
EDU02994,Keerthi Patel,Female,20,IT,4,87.6,2.5,8.3,7,6,68.4,74.8,74.4,80.7,77.2,7.56,7.52,1,99,6,3.2,2.6,56,59,No,Yes,School,High,Yes,Average,High,7.25,77.24,Moderate,84.5,49
EDU02995,Nithin Iyer,Female,21,MECH,7,86.7,1.4,7.8,3,7,70.1,63.8,70.9,71.1,75.4,6.53,6.29,1,186,16,1.4,2.2,44,92,No,Yes,School,Middle,Yes,Excellent,Medium,6.83,89.48,Moderate,83.6,71
EDU02996,Sanjay Das,Female,23,AI&DS,1,75.5,3.6,7.5,8,3,72.1,69.6,66.2,61.5,67.5,6.98,7.53,0,70,6,0.9,2.7,88,61,Yes,Yes,PG,High,Yes,Average,High,6.93,79.4,Moderate,81.3,58
EDU02997,Keerthi Gupta,Male,20,AI&DS,6,83.7,5.3,5.2,6,7,98.0,92.1,91.8,86.9,87.4,8.48,8.91,0,111,32,2.7,0.2,60,97,No,Yes,Diploma,Upper-Middle,Yes,Good,Low,9.4,79.68,Low,78.4,100
EDU02998,Vihaan Das,Male,21,CSE,6,84.4,2.5,5.2,6,3,63.7,58.8,66.1,63.5,72.6,6.61,6.13,1,217,36,1.2,3.0,47,41,No,Yes,Diploma,High,Yes,Poor,High,6.29,95.96,High,91.8,64
EDU02999,Sneha Reddy,Male,22,AIDS,5,71.5,2.9,6.1,5,7,73.4,67.1,73.6,77.5,80.2,6.69,6.51,1,25,11,2.1,2.9,81,68,Yes,Yes,PG,Low,Yes,Poor,Low,7.14,66.0,High,80.8,59
EDU03000,Sneha Sharma,Female,22,AI&DS,8,80.4,1.1,7.2,3,7,61.2,59.3,56.1,57.2,56.4,4.76,4.7,4,87,36,3.8,0.8,94,77,No,Yes,PhD,High,Yes,Excellent,High,5.89,87.16,Critical,73.9,40
EDU03001,Harish Das,Female,22,EEE,6,72.4,4.1,5.2,1,3,83.7,85.8,88.5,84.9,84.2,9.02,9.27,0,189,35,0.3,0.9,77,71,Yes,Yes,School,Low,No,Poor,Medium,8.6,97.56,Low,79.4,100
EDU03002,Aditya Gupta,Male,19,AI&DS,3,82.6,4.6,6.8,2,6,91.2,84.0,87.4,79.6,76.3,9.52,9.9,0,96,32,2.8,1.4,93,92,Yes,Yes,UG,High,Yes,Poor,High,8.75,89.44,Low,76.3,100
EDU03003,Harish Das,Female,22,CIVIL,3,73.8,1.4,7.6,7,3,61.6,66.0,63.7,60.8,66.0,7.05,6.97,1,70,20,4.9,1.2,88,93,No,Yes,PhD,Middle,Yes,Excellent,High,6.38,78.72,High,70.6,50
EDU03004,Sai Das,Female,24,EEE,1,80.1,4.8,6.6,4,10,85.2,76.3,75.8,70.2,73.3,7.32,6.97,2,150,1,0.2,2.7,92,56,No,No,School,Middle,Yes,Good,High,7.91,98.84,High,83.5,68
EDU03005,Aarav Singh,Female,22,CSE,2,99.5,1.0,6.3,7,10,68.3,67.7,65.6,70.3,79.3,6.28,6.29,2,217,33,2.6,2.2,51,86,Yes,Yes,Diploma,Middle,Yes,Good,High,6.72,103.6,High,86.4,42
EDU03006,Meera Reddy,Female,21,EEE,4,78.0,3.5,6.5,5,7,70.8,73.5,70.5,76.1,71.8,6.66,6.66,1,201,29,3.4,1.2,59,81,Yes,Yes,School,High,No,Good,High,7.16,95.0,High,78.1,49
EDU03007,Ananya Patel,Male,23,CIVIL,3,79.8,2.7,5.6,9,10,72.8,76.2,72.1,74.5,73.4,7.32,7.45,0,80,21,2.4,0.9,44,46,Yes,Yes,UG,Low,Yes,Poor,High,7.37,65.52,Moderate,73.7,84
EDU03008,Sai Das,Male,20,AI&DS,4,71.6,4.7,7.4,8,5,75.2,72.2,72.8,67.3,74.5,7.99,8.04,0,182,9,0.6,1.7,56,93,Yes,Yes,School,Low,Yes,Excellent,Medium,7.34,87.44,Moderate,75.5,80
EDU03009,Priya Gupta,Female,20,AIDS,7,69.4,1.2,8.4,7,3,47.8,43.3,42.1,48.1,45.9,4.94,5.3,4,114,8,3.1,2.9,57,47,No,Yes,PhD,High,No,Good,Medium,4.44,73.36,Critical,71.4,76
EDU03010,Nithin Kumar,Male,17,AIDS,7,87.6,3.6,5.4,4,3,83.6,90.4,91.4,96.1,94.6,8.92,8.51,0,173,40,3.2,2.0,56,86,Yes,Yes,PG,Low,Yes,Excellent,Medium,8.85,92.04,Low,92.5,85
EDU03011,Meera Singh,Female,24,ECE,2,62.7,2.1,5.8,2,4,52.2,51.8,52.7,56.5,56.5,4.97,4.99,2,218,32,3.8,1.6,70,44,No,Yes,UG,Low,Yes,Good,High,5.22,96.68,Critical,66.8,60
EDU03012,Karthik Das,Male,19,AI&DS,7,84.2,4.4,7.4,6,5,92.1,90.6,90.9,95.5,100.0,10.0,10.0,0,58,12,4.3,1.0,62,97,No,Yes,UG,Low,No,Average,Medium,9.12,70.08,Low,98.2,82
EDU03013,Ananya Singh,Male,17,CIVIL,8,81.1,2.8,6.2,9,6,68.8,67.2,65.9,67.2,75.3,5.73,6.07,2,162,0,0.9,1.5,51,61,No,Yes,UG,Low,Yes,Average,Medium,6.73,85.24,Critical,76.0,50
EDU03014,Harish Reddy,Female,19,AI&DS,5,87.6,3.5,7.5,5,3,80.0,83.4,82.5,86.4,90.2,7.65,7.41,0,33,24,2.0,1.2,57,61,Yes,Yes,Diploma,High,No,Average,Low,8.2,64.44,Moderate,84.8,74
EDU03015,Pooja Reddy,Male,17,MECH,1,89.5,1.9,8.0,9,3,69.8,70.1,72.6,80.1,88.6,7.85,7.72,0,156,39,1.5,0.1,73,93,No,Yes,School,High,Yes,Excellent,Medium,7.08,96.2,Moderate,94.4,68
EDU03016,Keerthi Nair,Female,20,MECH,3,92.4,5.6,6.8,8,4,100.0,100.0,96.6,91.2,93.5,8.67,9.22,0,166,8,3.2,0.7,61,68,Yes,Yes,Diploma,Middle,Yes,Good,High,9.89,94.56,Low,92.4,85
EDU03017,Vihaan Sharma,Male,19,AIDS,2,82.2,5.6,6.5,8,3,98.6,93.6,92.3,92.8,100.0,9.29,8.81,0,100,15,3.3,2.8,96,83,No,Yes,School,Middle,Yes,Good,Medium,9.48,91.28,Moderate,76.5,85
EDU03018,Riya Singh,Male,20,CSE,6,83.6,4.7,5.5,7,9,84.1,87.5,83.7,81.1,76.3,8.3,8.08,0,142,33,2.5,2.2,41,43,No,Yes,UG,Middle,Yes,Excellent,Medium,8.51,78.24,Low,82.2,65
EDU03019,Sneha Patel,Female,21,IT,7,92.6,5.1,8.1,9,4,90.9,98.6,94.6,100.0,100.0,8.65,9.09,0,214,25,3.4,0.7,92,61,Yes,Yes,School,Low,Yes,Excellent,Medium,9.47,116.64,Moderate,83.4,85
EDU03020,Sai Das,Female,20,IT,2,82.5,5.1,6.6,10,6,97.6,99.7,99.4,93.3,97.5,10.0,10.0,0,140,31,3.3,2.4,84,67,No,Yes,School,High,Yes,Average,Medium,9.89,94.6,Low,87.9,84
EDU03021,Nithin Reddy,Female,23,IT,4,57.0,1.4,8.2,8,3,53.7,57.3,50.8,58.7,64.5,5.68,5.65,3,47,27,4.8,0.1,47,62,Yes,Yes,PG,Middle,Yes,Good,Low,5.39,51.0,Critical,52.0,51
EDU03022,Aarav Iyer,Female,18,CIVIL,1,83.6,5.4,5.1,1,6,90.8,85.1,91.2,86.5,89.2,8.92,8.74,0,215,1,0.1,0.3,88,75,Yes,Yes,Diploma,Middle,Yes,Poor,Low,8.9,111.64,Low,80.5,80
EDU03023,Priya Iyer,Female,23,EEE,3,77.2,2.4,7.7,9,4,62.5,63.3,65.5,62.2,67.2,5.81,6.1,1,45,25,2.2,0.7,89,66,Yes,Yes,PhD,Upper-Middle,Yes,Good,Low,6.38,75.48,High,88.3,57
EDU03024,Harish Das,Male,22,EEE,2,78.6,2.1,5.7,2,8,60.8,51.6,55.8,53.2,57.3,5.18,5.74,4,113,38,4.0,1.6,46,86,No,Yes,School,Upper-Middle,Yes,Excellent,Low,5.61,72.44,Critical,72.3,51
EDU03025,Priya Iyer,Male,18,ECE,4,78.7,3.0,6.2,1,6,65.7,64.4,63.6,60.5,59.0,6.77,7.3,0,54,10,1.8,1.0,88,84,Yes,Yes,School,Low,Yes,Good,High,6.46,77.48,Low,93.3,75
EDU03026,Ananya Singh,Female,20,CIVIL,5,89.2,5.3,6.6,9,5,97.6,87.7,89.8,94.6,99.5,8.8,9.07,0,44,35,3.7,1.8,44,72,No,Yes,PhD,Low,Yes,Good,Medium,9.17,62.08,Moderate,100.0,78
EDU03027,Aarav Singh,Male,18,IT,5,94.4,5.0,5.1,2,7,98.3,92.0,97.2,91.6,90.6,10.0,9.61,0,201,5,3.0,2.4,90,60,No,No,Diploma,Upper-Middle,Yes,Poor,Medium,9.58,113.96,Low,77.1,76
EDU03028,Nithin Reddy,Male,21,CIVIL,4,86.5,2.0,5.6,1,5,66.4,70.5,68.1,61.0,62.9,7.74,7.86,0,157,7,0.0,2.8,97,94,No,Yes,School,Upper-Middle,Yes,Excellent,Medium,6.83,104.8,Low,88.1,58
EDU03029,Aishwarya Iyer,Female,23,CSE,4,72.0,4.1,6.5,2,3,81.8,75.8,82.5,88.6,90.4,7.83,8.02,0,45,33,1.3,1.2,57,86,No,Yes,UG,High,Yes,Poor,High,8.0,60.6,Low,85.6,72
EDU03030,Aditya Sharma,Female,23,MECH,1,83.2,2.0,5.5,1,10,65.8,70.6,71.2,64.7,66.2,7.21,7.39,1,82,7,3.2,2.7,65,73,No,Yes,Diploma,Middle,Yes,Excellent,High,6.92,75.68,Moderate,98.4,72
EDU03031,Karthik Kumar,Male,21,EEE,6,78.2,5.2,8.4,1,5,85.8,91.8,91.6,92.6,91.7,8.4,8.8,0,207,2,4.7,1.1,89,77,No,Yes,Diploma,Low,Yes,Excellent,Medium,8.97,108.28,Low,69.3,84
EDU03032,Rahul Verma,Male,22,IT,5,86.3,4.9,8.1,3,6,86.6,77.0,77.7,71.1,68.9,8.56,8.29,0,50,28,2.2,2.8,69,95,No,No,PhD,Upper-Middle,Yes,Average,Low,8.04,72.12,Low,82.1,48
EDU03033,Aarav Iyer,Female,21,MECH,6,79.2,2.5,7.5,4,3,74.0,69.0,74.8,66.9,76.2,7.76,8.15,0,153,7,1.8,1.0,51,67,No,Yes,PhD,High,No,Excellent,Medium,7.26,82.68,Low,85.5,68
EDU03034,Vihaan Iyer,Male,19,AIDS,8,86.0,5.3,6.8,3,7,98.0,90.8,93.7,91.3,100.0,9.06,9.41,0,75,9,0.4,1.9,61,62,No,Yes,PG,High,Yes,Poor,Low,9.42,73.8,Low,83.2,78
EDU03035,Meera Verma,Male,19,CIVIL,6,76.7,1.4,6.2,2,9,62.1,68.7,66.9,60.7,62.7,5.99,6.33,1,84,1,1.3,1.0,62,59,Yes,Yes,School,Middle,Yes,Average,Low,6.59,72.28,Moderate,77.5,52
EDU03036,Aarav Iyer,Male,17,ECE,6,91.3,3.3,8.1,5,4,80.4,83.3,81.0,82.5,92.0,7.79,7.99,0,209,4,3.6,0.2,63,88,Yes,Yes,UG,High,Yes,Excellent,Low,8.16,103.52,Low,92.5,62
EDU03037,Arjun Sharma,Female,19,EEE,4,85.4,5.1,7.2,10,3,85.9,86.3,87.1,87.1,82.2,9.33,9.54,0,200,19,3.8,0.1,47,83,Yes,Yes,PhD,Upper-Middle,Yes,Average,Medium,8.64,92.96,Moderate,74.8,65
EDU03038,Aarav Verma,Female,17,EEE,3,91.2,2.9,6.6,7,9,75.1,80.7,75.9,77.4,76.5,8.21,8.21,0,179,11,1.6,1.3,76,48,No,Yes,UG,Upper-Middle,Yes,Average,Medium,7.72,102.68,Low,94.4,70
EDU03039,Sai Nair,Male,18,IT,1,82.3,2.4,6.7,5,7,61.7,65.5,66.5,63.6,67.8,5.95,6.37,1,28,35,0.2,0.6,68,65,Yes,No,PhD,High,No,Poor,Medium,6.46,65.72,High,85.8,52
EDU03040,Diya Sharma,Male,19,ECE,2,86.9,5.4,5.9,8,4,95.7,99.3,98.0,93.8,96.5,9.56,9.33,0,35,6,0.8,1.3,86,80,No,No,PhD,Upper-Middle,Yes,Good,Low,9.77,76.16,Low,90.9,100
EDU03041,Sneha Reddy,Female,20,CSE,5,81.8,2.4,6.5,3,3,74.2,72.4,74.9,76.7,85.8,7.51,7.75,0,183,26,1.8,1.1,56,89,No,Yes,UG,High,Yes,Good,Low,7.38,91.72,Low,96.4,74
EDU03042,Karthik Das,Female,17,CSE,4,84.0,1.5,5.4,1,10,64.2,58.9,58.8,53.5,55.4,6.65,6.91,1,183,8,4.7,0.9,90,100,Yes,Yes,PhD,Upper-Middle,Yes,Good,Low,6.06,106.2,Moderate,90.7,67
EDU03043,Pooja Singh,Female,20,MECH,1,90.6,1.7,8.0,6,3,68.5,68.6,65.7,61.0,62.2,7.38,7.94,1,128,24,2.2,2.9,78,66,Yes,Yes,School,Middle,Yes,Excellent,Medium,6.76,93.04,Moderate,100.0,60
EDU03044,Nisha Sharma,Male,17,AIDS,3,88.4,4.9,5.9,9,6,88.7,83.2,89.5,88.2,94.5,8.16,7.92,0,139,21,4.6,1.1,88,67,No,Yes,UG,High,Yes,Average,High,8.71,98.36,Moderate,100.0,89
EDU03045,Ananya Reddy,Male,18,AIDS,7,68.7,3.0,6.0,6,3,74.7,66.7,73.9,72.4,72.4,7.82,7.36,0,91,25,0.8,1.8,82,94,No,Yes,School,Upper-Middle,Yes,Poor,High,7.18,78.48,Moderate,60.6,55
EDU03046,Nisha Singh,Female,19,MECH,5,84.7,5.7,6.6,8,9,90.5,95.5,94.7,94.9,93.3,9.04,9.31,0,20,0,0.2,0.7,70,92,No,Yes,PG,Low,Yes,Poor,Medium,9.36,65.88,Low,86.9,87
EDU03047,Arjun Patel,Female,21,EEE,6,65.8,4.0,8.2,3,6,75.7,70.6,73.5,66.8,66.3,6.49,7.02,1,107,22,3.0,2.1,78,51,Yes,No,Diploma,Low,Yes,Average,Medium,7.33,78.92,Moderate,79.8,55
EDU03048,Priya Kumar,Male,22,CSE,4,90.3,3.4,8.1,4,4,80.4,83.8,85.9,86.3,81.6,8.45,8.7,0,184,1,1.4,1.1,72,70,No,Yes,PhD,Low,Yes,Average,High,8.34,101.72,Low,91.4,84
EDU03049,Vihaan Verma,Male,21,AI&DS,7,51.3,2.4,6.3,3,7,55.4,48.0,51.5,55.9,61.2,4.58,4.13,3,203,7,1.5,0.2,59,71,Yes,Yes,PG,Upper-Middle,No,Excellent,High,5.16,84.72,Critical,55.9,42
EDU03050,Nithin Gupta,Male,20,CIVIL,7,69.2,1.4,5.3,7,4,51.4,59.1,51.9,51.0,56.2,4.71,5.3,2,85,37,5.0,2.0,64,44,Yes,Yes,Diploma,Upper-Middle,Yes,Poor,Medium,5.41,70.28,Critical,66.0,76
EDU03051,Keerthi Iyer,Male,21,CIVIL,2,95.9,5.2,7.9,3,7,91.1,96.6,90.4,90.4,94.9,8.76,8.6,0,154,7,4.0,0.5,70,100,Yes,No,Diploma,Middle,Yes,Poor,Medium,9.27,97.16,Low,81.0,91
EDU03052,Aishwarya Reddy,Male,18,AIDS,5,61.3,2.9,8.4,7,3,58.0,58.5,58.0,51.1,46.6,5.1,5.39,4,118,40,1.0,2.8,83,96,No,Yes,PhD,High,Yes,Good,Low,5.82,81.32,Critical,56.4,56
EDU03053,Riya Nair,Female,17,AI&DS,7,99.3,3.3,5.0,1,3,79.7,87.0,81.3,83.1,80.8,8.09,8.65,0,35,35,3.2,0.2,91,81,Yes,Yes,PhD,Low,Yes,Good,Medium,8.27,83.12,Low,100.0,71
EDU03054,Aarav Iyer,Female,19,CIVIL,6,79.8,4.0,5.4,8,8,76.0,67.4,76.3,73.9,73.3,7.53,7.69,0,167,17,0.5,1.6,54,46,No,Yes,School,Middle,Yes,Excellent,High,7.32,86.92,Moderate,86.4,56
EDU03055,Nisha Kumar,Female,19,IT,5,69.3,3.7,5.3,10,5,79.2,73.2,78.6,78.3,86.6,7.7,7.28,1,50,19,0.2,2.5,42,91,Yes,Yes,Diploma,Low,Yes,Excellent,High,7.7,54.52,High,69.0,68
EDU03056,Diya Reddy,Female,24,AIDS,7,74.4,3.3,8.4,10,4,71.8,78.5,73.0,68.9,74.6,6.43,6.71,1,149,25,3.5,1.5,78,51,Yes,Yes,PG,Low,Yes,Good,Medium,7.44,90.76,High,72.1,54
EDU03057,Sneha Verma,Male,21,EEE,2,87.6,5.2,7.8,7,7,89.0,85.0,88.1,95.0,99.0,8.51,8.75,0,117,5,1.2,2.5,85,72,No,Yes,PhD,Upper-Middle,Yes,Poor,Medium,8.74,92.44,Low,97.2,68
EDU03058,Priya Reddy,Male,17,CSE,4,88.2,3.5,8.2,2,6,74.9,74.5,74.0,80.5,86.3,7.41,7.18,0,214,18,3.6,0.9,46,84,No,Yes,PG,High,Yes,Good,High,7.45,96.48,Low,88.4,60
EDU03059,Keerthi Das,Male,19,EEE,7,94.5,3.0,8.3,5,8,78.4,73.1,76.5,72.5,76.5,7.53,7.75,0,81,21,0.8,2.2,73,73,Yes,Yes,School,High,Yes,Poor,Medium,7.6,83.2,Low,100.0,71
EDU03060,Sai Das,Male,22,CSE,7,85.8,3.6,5.5,3,7,75.8,82.8,79.5,77.2,82.3,8.24,7.91,1,190,12,3.4,1.8,60,77,No,Yes,PhD,High,Yes,Good,Medium,7.94,96.32,Moderate,98.4,79
EDU03061,Meera Reddy,Female,19,CIVIL,1,85.4,3.4,6.8,1,10,78.9,81.1,81.9,77.0,73.9,9.17,8.69,0,203,29,0.6,1.3,80,53,No,Yes,UG,Middle,Yes,Average,Medium,8.06,106.76,Low,80.3,62
EDU03062,Pooja Singh,Female,19,AIDS,8,77.8,3.9,5.7,6,3,79.9,73.0,73.9,72.1,73.0,7.15,7.02,1,142,39,4.3,3.0,65,75,No,Yes,PG,High,Yes,Good,Low,7.56,85.52,High,80.5,42
EDU03063,Diya Verma,Male,17,AIDS,1,86.7,4.7,6.1,7,6,91.8,93.3,95.1,95.0,94.6,9.23,9.1,0,81,40,4.9,2.0,47,43,No,Yes,UG,High,No,Poor,Medium,9.34,69.68,Low,87.0,83
EDU03064,Karthik Gupta,Male,24,EEE,4,92.1,2.4,6.6,1,3,76.9,69.1,77.0,69.8,77.8,7.52,8.01,1,28,18,0.9,0.2,64,92,No,Yes,PG,Middle,Yes,Excellent,Medium,7.43,68.04,Moderate,97.1,47
EDU03065,Sai Kumar,Female,18,ECE,7,91.7,1.4,6.1,7,6,68.4,75.1,67.6,74.3,83.2,7.53,7.66,1,202,33,3.8,3.0,57,48,No,Yes,PhD,Low,Yes,Average,Low,7.04,99.88,Moderate,93.0,61
EDU03066,Vihaan Kumar,Female,22,ECE,8,73.9,5.3,8.4,5,5,83.1,83.9,86.8,90.5,92.1,8.46,8.85,0,90,14,1.1,2.7,92,69,No,Yes,UG,Middle,Yes,Average,Medium,8.46,84.36,Low,60.6,100
EDU03067,Aishwarya Gupta,Male,17,IT,4,74.4,5.6,5.2,2,9,90.0,91.3,95.4,95.4,100.0,9.75,9.4,0,29,20,4.2,0.2,71,100,No,Yes,PhD,High,Yes,Good,Medium,9.22,63.96,Low,82.4,73
EDU03068,Rahul Patel,Male,18,CSE,5,91.3,1.3,8.2,8,6,57.9,54.7,58.3,61.1,67.0,6.77,6.66,1,210,33,1.1,1.2,91,70,Yes,Yes,UG,High,No,Excellent,Medium,5.7,114.92,High,94.7,72
EDU03069,Karthik Singh,Female,22,EEE,8,82.9,5.0,8.0,3,5,82.7,81.3,86.4,82.0,90.4,8.75,8.29,0,144,27,2.6,0.5,41,52,No,Yes,Diploma,Middle,Yes,Poor,Low,8.35,78.36,Low,75.3,65
EDU03070,Rahul Gupta,Male,18,AI&DS,8,85.2,5.6,5.2,5,7,92.8,89.4,86.5,90.1,98.7,8.04,8.09,1,77,18,1.7,1.2,100,54,No,Yes,PhD,Upper-Middle,Yes,Average,High,8.96,89.48,Moderate,84.1,86
EDU03071,Nisha Kumar,Female,17,MECH,3,84.5,5.4,7.6,7,9,92.4,100.0,91.3,98.8,100.0,8.55,8.32,0,217,2,3.7,0.1,86,88,No,Yes,Diploma,Middle,Yes,Good,High,9.46,111.6,Low,82.0,88
EDU03072,Nithin Kumar,Male,18,ECE,4,72.5,3.6,6.7,8,7,68.9,59.7,62.0,66.6,74.0,5.37,5.56,3,129,21,2.0,1.0,73,84,No,Yes,School,Low,Yes,Good,Medium,6.35,84.0,Critical,60.4,45
EDU03073,Keerthi Patel,Female,17,MECH,3,84.6,2.3,6.6,10,8,71.1,68.7,66.4,68.8,69.5,6.41,6.3,1,208,11,3.2,1.2,56,51,No,Yes,UG,Low,No,Excellent,Medium,6.87,97.84,High,81.5,48
EDU03074,Sai Sharma,Male,23,CIVIL,4,83.7,5.6,5.0,8,3,92.4,86.8,92.1,96.5,99.1,9.19,9.14,0,74,19,0.9,2.4,52,48,Yes,Yes,PhD,Middle,Yes,Excellent,Low,9.04,69.08,Moderate,90.5,85
EDU03075,Meera Patel,Female,18,CSE,2,91.3,5.1,7.4,1,9,99.1,96.2,100.0,100.0,97.6,9.41,9.7,0,35,4,3.9,0.6,74,98,Yes,Yes,UG,Low,Yes,Excellent,High,9.84,73.12,Low,91.0,70
EDU03076,Karthik Singh,Male,22,AIDS,2,82.2,2.6,7.5,4,10,63.2,71.0,65.4,72.4,77.5,7.14,6.82,2,136,3,3.0,1.0,45,69,No,Yes,Diploma,Middle,Yes,Average,Low,6.65,78.08,High,92.8,100
EDU03077,Nisha Gupta,Female,18,CSE,4,70.4,1.5,7.7,4,6,57.8,60.8,62.0,56.5,58.2,7.1,7.21,0,127,19,1.8,1.4,67,47,No,Yes,School,Low,Yes,Excellent,Medium,6.02,80.36,Moderate,65.8,63
EDU03078,Rahul Iyer,Female,18,CSE,7,92.7,5.4,5.3,3,5,100.0,100.0,96.0,97.4,100.0,9.5,9.45,0,105,19,0.7,1.2,68,98,Yes,Yes,PhD,Upper-Middle,Yes,Average,Medium,9.87,85.28,Low,83.6,78
EDU03079,Sneha Iyer,Female,19,AI&DS,7,78.2,5.4,7.8,8,7,91.3,95.8,90.4,87.3,92.2,9.61,10.0,0,42,8,3.3,1.9,50,77,Yes,Yes,Diploma,High,Yes,Excellent,High,9.25,59.68,Low,78.1,89
EDU03080,Meera Patel,Male,20,MECH,1,70.7,2.2,8.4,5,6,58.1,55.7,55.3,61.6,71.4,5.83,6.42,2,132,33,4.2,2.9,54,40,No,Yes,PG,Upper-Middle,Yes,Excellent,Medium,5.64,76.28,High,68.5,63
EDU03081,Sanjay Sharma,Male,23,AIDS,5,78.4,3.1,5.7,1,6,70.9,65.0,63.4,57.5,65.4,6.66,6.58,1,183,26,2.3,0.8,43,52,Yes,Yes,Diploma,Low,Yes,Poor,Low,6.64,85.16,Moderate,82.5,87
EDU03082,Ananya Iyer,Female,21,CSE,7,94.9,3.3,5.6,10,3,80.6,86.5,80.2,73.8,78.0,7.06,7.29,0,75,4,0.1,2.5,90,55,Yes,Yes,PG,Middle,No,Excellent,High,8.24,88.96,Moderate,100.0,82
EDU03083,Keerthi Reddy,Male,20,CSE,2,76.4,4.2,5.6,7,10,87.0,91.5,90.8,94.7,94.5,9.27,9.57,0,178,32,2.5,2.6,86,55,No,Yes,PG,Middle,No,Poor,High,8.98,100.56,Low,75.0,72
EDU03084,Ananya Reddy,Male,21,AIDS,6,89.3,4.0,5.7,7,6,85.5,78.4,77.3,73.2,82.6,7.84,8.15,0,136,9,2.6,2.5,79,82,No,Yes,School,Low,Yes,Good,High,8.04,94.52,Low,87.6,67
EDU03085,Diya Nair,Male,24,AI&DS,5,85.0,5.4,7.8,9,4,97.6,91.3,89.6,91.0,87.5,9.46,9.05,0,41,16,0.2,1.9,48,76,No,Yes,PhD,Middle,Yes,Poor,Low,9.28,61.4,Moderate,88.7,99
EDU03086,Vihaan Gupta,Male,22,AIDS,4,69.0,3.5,5.9,4,10,65.5,57.9,62.6,60.9,64.7,5.83,6.17,2,66,11,4.3,0.6,98,63,No,Yes,PhD,Low,Yes,Excellent,Low,6.2,80.0,High,63.1,45
EDU03087,Meera Gupta,Female,20,CSE,2,85.3,4.4,5.2,4,9,90.3,85.0,82.9,82.5,89.0,8.91,8.66,0,85,14,3.5,2.2,54,82,Yes,Yes,UG,High,Yes,Poor,Low,8.61,72.72,Low,74.9,75
EDU03088,Harish Kumar,Female,19,ECE,8,73.1,3.5,7.1,5,3,78.5,77.8,81.8,88.6,90.8,7.68,7.37,0,149,8,2.7,0.9,73,80,No,Yes,PhD,Upper-Middle,Yes,Good,Medium,7.94,88.24,Moderate,65.2,69
EDU03089,Aditya Patel,Female,23,EEE,4,81.3,3.1,5.4,9,4,76.4,68.3,70.5,73.4,79.7,6.71,6.41,2,209,13,0.4,0.4,91,57,Yes,Yes,PhD,Middle,Yes,Good,Medium,7.17,110.72,Critical,85.3,51
EDU03090,Priya Das,Female,22,AI&DS,4,70.5,1.1,7.8,6,3,52.3,51.6,47.3,45.3,50.3,5.19,5.18,2,87,13,3.1,3.0,81,97,No,Yes,School,High,Yes,Good,High,5.04,78.0,Critical,72.8,59
EDU03091,Arjun Reddy,Male,21,CIVIL,5,100.0,2.5,6.4,8,7,84.3,83.6,82.0,89.2,93.4,8.77,8.6,0,130,19,3.0,2.4,84,69,No,Yes,PG,Middle,Yes,Excellent,Low,8.33,99.6,Low,95.5,79
EDU03092,Aditya Sharma,Male,21,ECE,4,91.5,5.2,7.0,4,5,87.9,94.0,86.2,84.3,85.1,7.68,7.52,1,27,13,4.5,1.6,40,86,No,Yes,PG,Middle,Yes,Good,High,8.94,58.0,Moderate,80.2,75
EDU03093,Aishwarya Reddy,Male,18,IT,2,97.0,1.2,5.6,7,7,61.0,67.9,59.8,62.7,69.9,5.5,5.54,2,123,20,1.0,0.8,91,56,No,Yes,PhD,Upper-Middle,Yes,Poor,Medium,6.29,99.8,Critical,95.9,62
EDU03094,Meera Sharma,Male,24,CSE,8,100.0,3.3,5.1,8,9,79.3,76.3,80.0,75.3,73.2,8.6,8.33,0,93,9,3.7,2.2,85,60,No,Yes,Diploma,Middle,Yes,Poor,High,7.85,92.6,Low,85.3,96
EDU03095,Priya Patel,Male,20,CSE,7,81.4,3.7,5.5,7,5,83.2,83.8,85.2,87.6,96.5,8.98,8.55,0,204,14,2.1,1.5,100,64,Yes,Yes,Diploma,Low,Yes,Good,High,8.41,113.36,Moderate,76.8,71
EDU03096,Sai Gupta,Female,21,CSE,7,82.1,4.7,7.0,9,6,89.3,88.3,90.9,85.6,86.9,9.56,9.85,0,94,4,0.6,2.9,91,92,No,Yes,PG,High,Yes,Poor,High,8.95,88.04,Low,88.8,93
EDU03097,Rahul Verma,Male,21,CIVIL,1,77.7,4.0,6.3,10,8,81.8,76.3,76.0,71.1,68.4,8.43,8.39,0,167,35,3.7,1.1,99,46,Yes,Yes,PG,Middle,Yes,Poor,Medium,7.8,104.08,Moderate,76.1,88
EDU03098,Priya Verma,Male,20,CIVIL,1,90.3,1.8,6.1,7,6,64.8,69.1,63.9,70.5,68.7,5.98,6.39,1,24,0,4.8,0.8,66,88,No,Yes,UG,Upper-Middle,No,Average,Medium,6.59,67.32,High,83.6,62
EDU03099,Sneha Kumar,Female,20,AI&DS,1,68.9,3.9,6.1,4,6,71.0,74.1,71.7,78.8,79.2,6.53,6.41,1,46,37,3.3,1.5,71,71,No,Yes,UG,Low,Yes,Average,High,7.23,65.16,High,59.8,68
EDU03100,Aditya Kumar,Male,17,CIVIL,3,94.0,1.6,8.2,3,6,71.7,70.2,68.0,63.8,72.8,6.69,6.82,1,184,17,3.5,2.4,78,43,No,Yes,UG,Middle,Yes,Excellent,Medium,7.0,105.6,Moderate,83.8,65
EDU03101,Nithin Iyer,Female,17,IT,7,98.7,5.4,7.3,10,4,100.0,100.0,95.4,91.6,88.9,8.98,8.8,0,113,3,3.6,2.1,97,64,Yes,Yes,PhD,Upper-Middle,Yes,Excellent,Low,9.85,100.88,Moderate,100.0,68
EDU03102,Karthik Nair,Male,19,IT,7,68.9,4.3,6.6,4,8,82.8,80.0,84.9,83.4,92.9,8.71,8.48,0,174,22,4.5,2.1,82,46,Yes,Yes,PG,Upper-Middle,No,Good,Low,8.26,95.16,Low,64.0,53
EDU03103,Nithin Das,Female,24,AIDS,8,93.8,4.2,6.6,6,5,84.1,91.1,90.0,94.8,96.2,9.74,9.77,0,132,9,4.8,1.4,44,80,Yes,Yes,PG,Upper-Middle,Yes,Poor,Low,8.84,81.52,Low,74.0,100
EDU03104,Keerthi Gupta,Male,23,MECH,1,81.8,3.4,5.7,4,4,79.2,71.3,75.0,76.7,83.2,6.52,6.49,1,191,10,2.2,0.1,51,82,Yes,Yes,Diploma,Middle,Yes,Poor,High,7.52,91.32,High,71.6,70
EDU03105,Keerthi Sharma,Male,17,MECH,4,78.5,1.3,7.6,6,9,61.2,62.6,66.0,66.4,66.9,6.0,6.21,1,190,16,0.4,2.1,67,90,No,Yes,Diploma,High,Yes,Poor,Low,6.33,96.2,High,75.9,61
EDU03106,Aarav Nair,Female,22,AI&DS,2,75.5,6.0,8.2,8,8,100.0,100.0,100.0,100.0,100.0,10.0,9.52,0,145,24,3.9,1.3,77,42,No,Yes,UG,Middle,No,Good,Low,10.0,90.0,Low,67.4,93
EDU03107,Priya Patel,Female,17,EEE,4,75.4,5.6,5.5,1,10,89.6,96.3,88.0,80.3,81.4,7.81,7.96,0,132,31,1.0,2.4,75,57,Yes,Yes,UG,High,Yes,Average,Low,9.13,86.56,Low,62.1,61
EDU03108,Priya Das,Male,17,MECH,6,91.2,2.5,5.7,2,5,74.5,76.1,75.7,77.2,75.4,7.65,8.13,0,99,6,3.5,1.2,87,92,Yes,Yes,UG,Middle,Yes,Good,High,7.54,91.08,Low,92.2,82
EDU03109,Riya Iyer,Male,18,ECE,3,68.1,2.9,6.0,4,7,65.9,68.8,70.0,76.5,80.9,6.72,7.2,0,64,35,3.2,1.1,50,68,Yes,Yes,Diploma,Upper-Middle,Yes,Poor,Low,6.82,60.04,Moderate,67.8,51
EDU03110,Vihaan Patel,Male,24,EEE,8,83.7,1.1,5.3,9,10,65.2,60.0,63.1,61.2,59.9,5.35,5.4,4,26,24,1.7,2.9,69,54,Yes,Yes,School,Upper-Middle,Yes,Good,High,6.28,66.28,Critical,74.1,34
EDU03111,Riya Gupta,Male,20,MECH,2,95.7,1.4,8.4,3,7,65.9,70.9,66.7,68.8,68.5,7.53,7.06,1,56,10,2.2,2.6,63,100,Yes,Yes,Diploma,Low,Yes,Good,High,6.78,74.68,Moderate,84.1,55
EDU03112,Karthik Reddy,Female,22,AIDS,2,90.5,3.6,5.2,4,6,81.6,75.3,79.1,76.1,72.8,8.6,8.28,0,206,36,1.8,1.9,90,61,No,Yes,School,Low,Yes,Excellent,Low,7.87,113.4,Low,93.2,65
EDU03113,Harish Sharma,Male,21,CIVIL,7,88.4,2.7,5.2,5,9,76.4,81.1,79.7,75.3,78.5,7.23,7.48,0,170,27,2.3,2.8,80,78,No,Yes,Diploma,High,Yes,Excellent,High,7.91,101.36,Low,89.3,88
EDU03114,Aishwarya Reddy,Female,20,AI&DS,2,77.1,2.5,6.8,1,10,60.3,62.1,57.0,55.5,57.2,6.1,6.32,1,39,1,4.7,0.4,80,96,No,Yes,PhD,Upper-Middle,Yes,Average,High,5.98,70.64,Moderate,81.0,67
EDU03115,Nisha Nair,Male,20,CSE,1,70.4,3.4,7.6,9,6,74.4,80.4,73.8,65.9,73.5,7.36,7.26,0,24,39,4.4,0.5,57,47,Yes,Yes,UG,Middle,No,Excellent,High,7.62,55.76,Moderate,66.6,61
EDU03116,Riya Kumar,Male,24,EEE,1,89.1,2.2,8.0,3,5,66.4,71.3,70.4,77.2,77.0,6.47,6.01,1,53,36,0.7,1.3,84,97,No,Yes,PhD,Low,Yes,Excellent,High,6.94,79.84,Moderate,100.0,70
EDU03117,Ananya Nair,Female,19,IT,7,91.3,5.2,5.9,2,10,98.7,100.0,96.9,97.8,100.0,8.89,8.55,0,44,15,3.7,2.4,41,61,Yes,Yes,PG,Low,Yes,Excellent,Low,9.85,61.72,Low,97.3,69
EDU03118,Sanjay Iyer,Male,17,CIVIL,6,95.2,3.9,7.3,7,9,81.3,86.5,81.9,79.1,84.0,7.29,7.6,0,128,22,2.0,0.2,81,94,No,Yes,UG,Low,Yes,Good,High,8.32,96.08,Low,88.1,54
EDU03119,Nisha Sharma,Male,22,MECH,4,89.1,4.1,8.4,6,10,91.3,85.1,90.7,83.1,85.1,9.54,9.73,0,178,10,3.8,1.7,40,80,No,Yes,PhD,High,Yes,Poor,Low,8.9,87.24,Low,94.5,86
EDU03120,Riya Sharma,Female,22,AI&DS,5,100.0,4.2,7.8,4,3,95.4,100.0,100.0,94.7,100.0,9.64,9.27,0,52,3,1.2,1.9,93,49,No,Yes,Diploma,Middle,Yes,Good,Medium,9.85,87.6,Low,92.5,100
EDU03121,Harish Patel,Female,21,IT,1,87.5,6.0,6.3,5,5,96.0,90.9,94.1,90.0,96.1,9.97,9.78,0,103,25,2.5,3.0,42,88,No,Yes,UG,High,Yes,Poor,Medium,9.37,72.4,Low,97.0,74
EDU03122,Sanjay Verma,Female,17,CSE,1,74.6,5.6,7.8,2,3,94.7,96.0,97.3,100.0,100.0,10.0,9.72,0,212,18,1.6,0.9,45,80,No,Yes,Diploma,Middle,Yes,Average,Medium,9.6,90.24,Low,81.9,89
EDU03123,Sneha Iyer,Female,24,AI&DS,3,70.9,3.8,7.2,8,4,73.6,75.4,79.4,79.6,80.0,8.23,8.64,0,116,9,1.7,1.9,44,84,Yes,Yes,PG,High,Yes,Poor,Low,7.61,69.16,Moderate,74.2,77
EDU03124,Riya Gupta,Male,21,MECH,6,73.0,5.5,5.5,3,5,83.4,85.5,83.5,78.6,83.7,8.67,8.9,0,88,20,3.4,1.5,96,56,No,Yes,PG,Upper-Middle,Yes,Average,Medium,8.41,85.2,Low,71.7,91
EDU03125,Riya Sharma,Female,19,IT,3,73.0,3.3,5.0,10,10,75.2,77.1,76.3,81.3,77.5,7.69,7.31,0,88,34,3.0,2.5,53,64,No,Yes,School,Low,Yes,Excellent,Medium,7.62,68.0,Moderate,94.9,72
EDU03126,Riya Verma,Male,24,CIVIL,1,88.1,3.8,7.3,8,7,87.6,88.3,92.9,96.3,94.7,8.69,8.99,0,108,24,0.7,1.9,45,52,No,No,PG,Upper-Middle,Yes,Average,High,8.96,74.84,Low,87.1,91
EDU03127,Aarav Das,Female,24,CIVIL,1,82.6,4.4,7.4,3,4,88.6,88.2,84.3,92.0,100.0,7.64,8.11,1,76,12,2.4,0.4,45,53,Yes,Yes,Diploma,High,Yes,Good,Medium,8.7,66.24,Moderate,83.7,80
EDU03128,Pooja Reddy,Male,22,AIDS,4,89.1,1.6,6.3,4,6,71.0,78.3,78.2,73.3,76.8,7.98,8.19,1,63,26,1.7,0.5,65,61,Yes,Yes,Diploma,High,Yes,Poor,Low,7.58,74.24,Moderate,91.5,85
EDU03129,Aditya Nair,Male,18,AIDS,8,97.9,1.7,8.4,1,4,75.7,68.1,68.6,75.0,71.3,5.99,5.5,2,176,29,1.5,0.5,92,91,No,Yes,UG,High,No,Good,Medium,7.08,111.16,High,94.1,58
EDU03130,Arjun Patel,Male,24,IT,1,83.1,3.1,5.0,9,6,71.3,71.6,66.5,65.0,73.2,5.87,6.19,2,161,13,0.6,0.6,65,72,Yes,Yes,UG,High,Yes,Poor,High,6.98,91.44,Critical,81.3,65
EDU03131,Arjun Kumar,Male,22,IT,8,94.0,1.2,6.5,2,5,67.1,62.6,62.7,57.5,57.2,6.14,5.73,3,210,32,0.9,0.2,96,84,No,Yes,PG,Middle,Yes,Average,Low,6.41,118.0,Critical,87.4,59
EDU03132,Aishwarya Gupta,Male,24,MECH,4,96.6,2.5,5.9,5,9,72.9,78.2,80.0,77.7,87.2,8.29,8.55,0,52,7,0.8,3.0,73,97,Yes,Yes,PhD,Upper-Middle,Yes,Poor,Low,7.7,78.24,Low,100.0,74
EDU03133,Keerthi Kumar,Male,21,AI&DS,4,88.1,2.2,6.7,10,4,74.3,72.0,76.2,68.4,66.2,6.81,7.3,1,218,23,4.5,2.3,79,40,No,Yes,PG,Low,No,Excellent,Medium,7.42,110.44,High,96.3,66
EDU03134,Nisha Iyer,Male,21,ECE,2,89.0,3.0,8.3,6,8,73.8,65.2,73.1,77.6,80.0,7.68,7.57,0,163,7,4.7,2.2,42,82,No,Yes,PG,Middle,Yes,Good,Medium,7.07,85.0,Low,80.6,82
EDU03135,Keerthi Patel,Female,19,AIDS,6,78.0,2.4,7.2,4,3,70.4,73.3,76.8,76.0,71.2,7.62,7.12,1,73,36,1.9,2.4,98,57,Yes,Yes,PG,Upper-Middle,Yes,Good,Low,7.35,85.0,Moderate,85.4,77
EDU03136,Aditya Patel,Female,18,CIVIL,1,96.4,3.3,7.0,2,4,86.8,94.3,86.1,89.4,85.4,7.9,8.4,1,74,28,0.2,1.0,66,100,Yes,No,PhD,Middle,Yes,Excellent,Low,8.91,79.76,Moderate,91.1,57
EDU03137,Vihaan Singh,Male,22,AI&DS,1,71.5,2.7,5.2,2,9,65.7,71.6,64.1,57.0,54.0,6.74,7.21,0,40,14,0.8,1.8,88,100,No,Yes,PG,Low,Yes,Excellent,Low,6.71,71.8,Low,65.2,70
EDU03138,Arjun Sharma,Female,23,AIDS,2,100.0,5.9,8.2,2,9,99.1,98.1,99.2,100.0,100.0,9.08,8.97,0,118,29,3.7,2.2,95,60,Yes,Yes,PG,Low,Yes,Excellent,Low,9.88,101.6,Low,100.0,72
EDU03139,Pooja Nair,Male,20,EEE,8,95.5,1.3,6.4,2,6,66.6,64.8,67.9,73.8,75.8,6.38,6.16,2,217,22,4.6,1.4,68,75,No,Yes,PG,Upper-Middle,No,Poor,Low,6.64,108.8,High,92.5,37
EDU03140,Meera Das,Female,20,CSE,2,65.2,3.4,5.6,4,6,65.7,61.6,65.2,63.2,64.0,6.34,6.42,2,117,38,0.8,0.7,48,47,Yes,Yes,PhD,High,Yes,Excellent,Medium,6.42,68.68,High,70.6,61
EDU03141,Harish Reddy,Female,21,ECE,6,69.1,5.4,6.5,5,3,80.1,85.7,83.6,76.3,76.3,8.55,8.88,0,119,19,1.2,1.7,89,52,Yes,Yes,PG,Middle,Yes,Good,High,8.31,87.04,Moderate,76.4,95
EDU03142,Priya Singh,Female,19,AIDS,3,83.5,1.9,5.8,4,3,70.5,62.1,61.3,63.5,72.7,5.46,5.64,4,126,39,0.9,2.4,59,78,No,Yes,UG,Low,Yes,Good,Low,6.46,82.2,Critical,100.0,53
EDU03143,Aishwarya Kumar,Male,19,AI&DS,4,78.0,3.1,7.2,2,6,68.2,66.5,70.0,70.0,78.8,7.38,7.2,0,58,3,0.0,1.8,57,100,Yes,Yes,Diploma,High,Yes,Average,High,6.82,65.6,Low,83.4,81
EDU03144,Nisha Verma,Male,17,MECH,1,85.7,5.3,5.1,10,4,96.9,88.1,91.4,90.9,90.4,8.24,8.14,0,45,37,2.5,0.2,45,47,No,Yes,PhD,High,Yes,Average,Low,9.21,61.28,Moderate,91.8,71
EDU03145,Sanjay Verma,Female,22,EEE,8,62.1,3.1,6.8,8,9,58.2,54.7,55.3,50.5,49.3,4.55,4.35,3,96,11,2.5,0.2,65,66,No,Yes,School,Low,Yes,Poor,High,5.61,70.04,Critical,62.4,54
EDU03146,Rahul Kumar,Female,18,IT,3,84.4,1.7,8.1,4,10,66.8,67.0,64.0,64.6,64.1,6.57,6.14,1,117,6,0.7,0.7,46,100,Yes,Yes,UG,Low,Yes,Poor,High,6.59,75.56,Moderate,83.8,24
EDU03147,Keerthi Iyer,Male,21,AI&DS,3,86.1,4.1,5.6,7,10,82.9,81.3,83.5,75.9,73.7,9.1,9.44,0,93,15,0.3,1.8,84,63,No,Yes,PhD,High,Yes,Poor,Low,8.26,86.64,Low,93.3,81
EDU03148,Pooja Gupta,Male,22,IT,5,76.3,2.8,7.3,2,8,73.2,73.0,72.7,66.0,75.8,6.79,7.06,1,192,12,5.0,1.8,93,50,Yes,Yes,PhD,High,Yes,Good,Medium,7.3,106.12,Moderate,81.2,53
EDU03149,Aditya Iyer,Male,22,AI&DS,2,96.3,3.6,6.0,7,9,80.3,75.1,73.7,70.8,74.6,7.83,8.21,0,78,12,1.5,2.4,44,47,Yes,Yes,UG,Low,Yes,Excellent,High,7.64,71.72,Low,85.1,59
EDU03150,Nithin Kumar,Male,19,EEE,4,80.9,1.3,7.6,3,3,62.9,61.6,58.9,58.1,63.1,6.19,6.71,1,196,22,2.8,1.2,100,48,Yes,Yes,School,Upper-Middle,Yes,Poor,High,6.11,111.56,Moderate,95.8,51
EDU03151,Meera Sharma,Female,17,CIVIL,6,99.1,3.9,6.2,5,4,83.5,88.0,87.2,84.5,92.9,8.12,8.5,0,131,7,2.2,1.9,66,60,Yes,Yes,PhD,Upper-Middle,Yes,Excellent,Low,8.62,92.24,Low,100.0,84
EDU03152,Vihaan Nair,Male,21,ECE,5,79.7,3.6,6.3,1,8,77.5,80.7,81.4,83.6,78.6,7.83,8.24,0,195,8,1.4,0.8,73,75,No,Yes,School,Upper-Middle,Yes,Excellent,High,7.99,100.08,Low,87.9,82
EDU03153,Karthik Iyer,Male,22,ECE,3,67.9,2.3,8.4,10,5,59.1,58.6,61.9,61.3,62.1,7.16,6.79,2,214,25,0.0,0.6,48,87,Yes,Yes,Diploma,Upper-Middle,Yes,Average,Medium,5.99,89.16,Critical,61.9,41
EDU03154,Priya Gupta,Female,22,CSE,7,73.8,3.0,8.0,7,6,62.2,53.0,57.6,52.0,59.3,5.61,5.87,4,211,17,0.9,1.2,83,76,No,No,PG,High,Yes,Poor,Low,5.76,104.92,Critical,57.3,68
EDU03155,Harish Kumar,Male,20,CIVIL,7,91.3,4.4,6.3,3,9,90.5,92.4,89.7,96.9,100.0,8.37,8.95,0,50,2,1.0,1.9,75,57,No,Yes,PG,High,No,Excellent,Low,9.09,76.52,Low,85.9,73
EDU03156,Harish Sharma,Female,21,AI&DS,5,74.6,3.5,8.2,10,5,75.1,80.6,74.1,79.4,84.9,8.02,8.07,0,27,16,1.0,2.5,42,97,Yes,Yes,PG,Low,Yes,Excellent,Medium,7.66,52.04,Moderate,65.6,91
EDU03157,Keerthi Gupta,Male,20,EEE,6,94.1,3.9,7.4,1,10,83.5,88.4,85.4,91.4,95.4,9.17,9.34,0,24,9,0.0,2.4,60,51,No,Yes,UG,Middle,Yes,Average,Medium,8.58,66.44,Low,97.9,87
EDU03158,Ananya Verma,Female,18,ECE,5,91.7,3.3,5.3,6,7,72.8,78.9,72.7,77.2,72.2,6.85,6.68,2,193,11,1.4,0.6,75,73,Yes,Yes,PG,Middle,Yes,Good,Low,7.48,105.28,High,90.3,51
EDU03159,Sanjay Das,Male,23,MECH,5,84.0,4.2,5.6,2,3,89.8,92.1,87.2,82.7,84.8,7.75,7.73,0,28,13,0.3,0.5,80,50,No,Yes,Diploma,Low,Yes,Excellent,Low,8.97,71.2,Low,93.3,61
EDU03160,Sai Singh,Male,17,CSE,5,76.2,5.7,7.7,9,7,98.5,89.5,89.6,87.3,85.8,8.97,8.64,0,148,0,3.6,2.5,91,52,Yes,Yes,UG,Middle,Yes,Excellent,Low,9.25,96.48,Moderate,68.7,65
EDU03161,Arjun Gupta,Female,20,CSE,5,71.5,1.2,6.6,5,4,50.0,55.0,55.4,54.5,54.8,5.73,5.61,2,200,27,0.7,2.4,59,48,Yes,Yes,PG,High,Yes,Average,Low,5.35,92.2,Critical,66.0,39
EDU03162,Arjun Sharma,Male,17,MECH,2,73.7,5.7,5.9,10,7,85.7,77.7,82.2,80.2,76.3,7.46,7.46,0,166,30,2.7,1.2,61,93,Yes,Yes,PhD,Upper-Middle,Yes,Good,High,8.19,87.08,Moderate,76.6,65
EDU03163,Aditya Verma,Male,24,AI&DS,2,87.9,2.1,5.3,1,3,73.4,78.3,76.6,73.4,70.8,8.2,8.28,0,63,12,1.4,0.5,54,50,Yes,Yes,School,High,Yes,Poor,High,7.61,69.36,Low,97.5,72
EDU03164,Rahul Nair,Male,18,ECE,4,81.9,2.3,7.9,8,7,74.4,78.4,79.4,82.9,80.1,8.45,8.17,1,154,11,2.4,0.1,67,49,No,Yes,PhD,High,Yes,Good,Low,7.74,90.36,Moderate,75.7,83
EDU03165,Rahul Gupta,Male,21,CIVIL,3,87.7,4.3,5.1,6,5,93.6,92.4,93.3,87.2,85.7,9.13,8.9,0,168,12,1.3,1.8,43,52,Yes,Yes,UG,Low,Yes,Good,Medium,9.31,85.88,Low,85.8,65
EDU03166,Diya Nair,Female,21,ECE,7,91.9,4.7,6.7,3,3,92.1,87.1,94.4,92.8,98.2,9.85,10.0,0,141,21,2.4,1.7,80,75,Yes,Yes,School,High,Yes,Poor,High,9.12,96.96,Low,82.4,93
EDU03167,Sanjay Nair,Male,22,ECE,1,79.7,1.0,5.9,7,8,60.5,60.5,57.2,49.6,58.9,5.18,5.6,4,173,17,2.6,3.0,44,88,No,Yes,Diploma,Low,Yes,Average,High,5.94,84.08,Critical,71.3,48
EDU03168,Diya Sharma,Female,23,ECE,2,76.6,3.6,7.0,4,7,70.1,72.7,74.6,74.3,81.7,7.58,7.19,0,141,20,3.4,0.7,53,54,No,Yes,PG,Upper-Middle,Yes,Good,Low,7.25,80.04,Moderate,74.5,61
EDU03169,Aarav Das,Female,19,AIDS,7,79.4,1.5,5.8,1,3,56.6,59.6,60.0,63.1,66.1,6.83,6.94,2,55,21,2.8,1.4,63,59,No,Yes,UG,Low,Yes,Poor,Medium,5.87,67.96,High,92.7,73
EDU03170,Pooja Gupta,Male,21,AI&DS,7,72.1,1.2,6.4,10,5,60.3,55.5,58.9,62.0,71.1,5.15,4.75,2,21,21,4.4,1.8,59,100,No,Yes,UG,Low,Yes,Good,Low,5.82,56.64,Critical,67.1,53
EDU03171,Riya Singh,Male,21,AIDS,5,71.0,5.5,8.0,8,10,87.3,79.7,80.1,77.3,85.3,7.4,7.65,0,167,7,3.4,1.3,57,70,Yes,Yes,Diploma,Middle,No,Good,Medium,8.24,84.6,Moderate,74.5,64
EDU03172,Nisha Verma,Male,22,ECE,4,77.1,3.0,5.5,7,10,70.7,77.7,71.2,74.9,77.1,7.5,7.24,0,201,21,1.8,1.7,42,56,Yes,Yes,PhD,Upper-Middle,Yes,Excellent,Low,7.32,87.84,Moderate,88.9,73
EDU03173,Karthik Das,Male,20,CIVIL,8,74.3,3.2,5.8,2,7,71.5,79.3,79.7,76.5,74.0,8.71,8.74,0,109,9,3.2,2.9,78,92,Yes,No,Diploma,Upper-Middle,Yes,Excellent,High,7.68,82.72,Low,84.9,100
EDU03174,Harish Nair,Female,22,EEE,5,89.6,2.8,5.0,1,4,74.4,67.6,75.4,81.4,88.6,6.82,6.36,1,98,36,3.0,0.8,83,96,Yes,Yes,UG,Middle,No,Average,Medium,7.25,88.64,Moderate,86.1,72
EDU03175,Harish Singh,Male,21,CSE,1,78.6,5.9,6.9,8,5,87.8,83.4,87.1,85.9,94.1,9.04,9.51,0,133,18,3.2,2.2,68,67,No,Yes,PhD,Middle,Yes,Excellent,Low,8.61,85.24,Low,67.3,93
EDU03176,Rahul Gupta,Male,18,CSE,3,96.4,4.0,5.6,10,6,88.0,82.2,82.8,81.3,85.7,8.19,8.15,1,133,0,2.5,0.7,76,62,No,Yes,UG,Upper-Middle,No,Average,Low,8.43,95.56,Moderate,100.0,87
EDU03177,Nisha Gupta,Female,20,CIVIL,3,97.5,3.5,8.1,2,7,86.3,83.0,81.4,87.9,97.7,7.62,7.45,0,137,33,0.7,1.6,61,53,No,Yes,Diploma,Low,Yes,Excellent,Low,8.36,90.8,Low,100.0,90
EDU03178,Sanjay Singh,Male,19,CSE,7,72.8,2.3,6.5,7,10,57.7,61.2,63.0,69.5,66.7,7.19,7.15,0,156,8,3.1,0.5,76,93,No,Yes,Diploma,High,Yes,Poor,Medium,6.06,90.72,Moderate,72.2,68
EDU03179,Sai Patel,Female,24,CSE,5,83.2,5.8,6.9,9,3,99.3,100.0,94.8,95.0,97.4,9.71,9.28,0,23,16,4.7,2.2,83,66,Yes,Yes,Diploma,Low,Yes,Poor,Low,9.8,71.08,Moderate,89.0,87
EDU03180,Harish Iyer,Female,19,MECH,3,84.5,3.0,6.0,1,9,74.4,79.2,76.8,76.9,75.4,7.27,7.18,0,166,27,3.6,1.2,40,76,No,Yes,PG,Upper-Middle,Yes,Poor,High,7.68,83.0,Low,61.6,81
EDU03181,Karthik Gupta,Female,21,AIDS,2,71.4,2.1,5.8,1,3,68.7,69.5,65.2,58.1,58.1,5.53,6.05,2,157,13,4.7,1.5,70,71,No,Yes,School,High,Yes,Excellent,Medium,6.78,87.96,High,75.7,63
EDU03182,Vihaan Iyer,Male,24,CIVIL,8,83.4,5.9,7.4,2,8,91.4,92.2,95.8,100.0,100.0,9.95,9.61,0,35,25,4.6,0.9,78,78,Yes,Yes,School,Middle,Yes,Good,High,9.31,71.56,Low,72.5,100
EDU03183,Pooja Iyer,Male,21,MECH,8,72.4,4.5,8.1,7,3,80.8,80.4,85.3,92.7,99.1,8.54,9.03,0,185,16,4.4,3.0,94,60,Yes,Yes,Diploma,Middle,Yes,Poor,Medium,8.22,103.56,Moderate,73.9,65
EDU03184,Aditya Das,Female,18,AIDS,4,96.1,3.4,7.5,5,7,85.8,78.0,79.8,72.2,67.8,7.32,7.59,1,53,32,1.2,0.8,72,66,Yes,Yes,UG,Upper-Middle,Yes,Excellent,High,8.12,77.84,Moderate,85.9,60
EDU03185,Ananya Singh,Male,24,IT,6,81.1,5.5,5.2,3,8,86.7,81.4,87.0,93.5,98.9,8.49,8.89,0,203,12,4.3,1.2,63,57,Yes,Yes,PhD,Low,Yes,Good,Low,8.5,98.24,Low,88.2,91
EDU03186,Sneha Nair,Female,19,CIVIL,5,77.6,1.4,7.6,7,3,55.9,52.8,58.8,51.5,46.5,6.53,6.43,1,154,5,1.2,2.0,81,77,No,Yes,UG,High,Yes,Excellent,Medium,5.58,94.24,High,78.3,79
EDU03187,Priya Patel,Male,17,AI&DS,3,90.0,5.7,5.9,8,6,97.4,96.4,95.0,89.0,94.2,10.0,9.84,0,121,16,4.8,0.1,94,65,Yes,Yes,School,Low,Yes,Average,High,9.63,97.8,Low,95.0,100
EDU03188,Vihaan Sharma,Female,21,MECH,5,88.0,3.2,6.4,3,9,74.6,72.9,75.1,74.8,83.9,6.52,6.22,1,201,39,3.4,1.7,80,95,No,Yes,PG,High,No,Good,Medium,7.42,107.4,Moderate,81.0,55
EDU03189,Karthik Nair,Male,23,EEE,7,67.4,4.2,8.1,10,10,76.5,77.3,72.2,73.0,78.8,7.89,7.78,0,183,5,4.6,0.7,73,77,No,Yes,PG,Low,No,Good,Low,7.53,92.76,Moderate,76.3,43
EDU03190,Priya Verma,Female,17,CIVIL,2,88.9,5.3,6.7,4,9,91.0,91.6,94.4,96.0,100.0,9.3,9.88,0,158,12,3.9,0.0,65,91,No,Yes,PG,Low,Yes,Poor,Medium,9.23,93.16,Low,95.6,100
EDU03191,Arjun Patel,Female,22,IT,7,81.7,1.6,7.3,3,9,55.2,52.7,50.6,56.0,51.4,4.91,5.47,2,104,3,2.1,2.6,79,50,No,Yes,Diploma,Low,Yes,Poor,Low,5.28,85.08,High,72.2,56
EDU03192,Arjun Sharma,Male,24,CSE,3,85.5,5.1,8.2,1,6,93.0,83.8,84.5,86.7,94.6,8.98,9.57,0,97,32,5.0,1.4,100,52,No,Yes,School,Middle,No,Excellent,Medium,8.71,93.6,Low,90.0,89
EDU03193,Aishwarya Sharma,Male,21,MECH,6,67.8,1.7,7.6,6,10,60.0,67.9,66.6,72.3,74.3,6.22,5.83,2,67,14,3.1,1.4,45,96,Yes,Yes,UG,Low,Yes,Average,High,6.48,58.52,Critical,52.7,50
EDU03194,Rahul Sharma,Female,21,EEE,1,88.2,4.0,6.7,2,5,82.8,79.9,81.4,73.5,82.4,7.43,7.38,1,208,6,1.4,1.5,44,40,No,Yes,PG,Middle,Yes,Poor,Medium,8.14,94.48,Moderate,88.5,68
EDU03195,Priya Iyer,Male,23,CIVIL,4,83.8,1.4,6.7,2,4,55.8,62.2,58.1,53.9,52.7,5.24,5.82,2,167,27,2.1,2.0,42,62,No,Yes,UG,Upper-Middle,Yes,Average,Low,5.87,83.72,High,82.5,43
EDU03196,Aditya Kumar,Male,17,ECE,7,98.4,3.0,8.1,1,10,77.9,74.8,78.8,82.7,81.3,8.7,8.68,0,135,15,0.6,1.6,76,74,No,Yes,School,Low,Yes,Average,Low,7.72,96.76,Low,95.8,54
EDU03197,Aishwarya Verma,Female,19,CSE,1,75.9,5.6,5.6,2,5,91.5,88.3,86.6,84.7,92.0,7.96,8.32,1,122,10,1.5,1.8,97,81,No,Yes,Diploma,Upper-Middle,No,Good,High,8.88,93.56,Moderate,72.7,98
EDU03198,Vihaan Nair,Female,20,AI&DS,3,87.4,1.2,5.8,2,8,58.5,62.3,63.5,63.7,59.2,5.78,5.9,2,68,20,1.5,1.8,46,88,No,Yes,PG,Upper-Middle,Yes,Good,High,6.14,66.96,High,87.7,29
EDU03199,Aarav Singh,Female,21,MECH,4,60.1,3.5,5.2,1,9,71.8,75.5,68.7,67.1,77.0,6.71,7.12,0,56,24,0.5,1.4,65,59,Yes,Yes,UG,High,Yes,Good,Medium,7.2,61.24,Low,66.5,79
EDU03200,Aarav Kumar,Male,24,CSE,2,85.6,5.4,6.5,10,4,93.5,84.9,85.2,84.2,86.8,9.07,8.67,0,184,17,2.8,2.2,45,58,No,Yes,School,Low,Yes,Excellent,Medium,8.79,89.04,Moderate,85.9,69
EDU03201,Meera Iyer,Male,18,EEE,4,82.3,5.9,7.3,2,10,95.1,94.0,94.8,100.0,100.0,9.4,9.06,0,67,32,2.8,2.4,61,72,No,Yes,School,Middle,Yes,Good,Medium,9.46,70.72,Low,85.2,87
EDU03202,Riya Singh,Female,17,ECE,5,77.2,3.0,6.6,5,7,74.2,74.4,69.4,64.6,71.3,7.27,7.2,0,64,3,1.8,2.2,41,92,No,Yes,PhD,High,Yes,Poor,High,7.27,60.08,Moderate,77.0,76
EDU03203,Arjun Reddy,Female,18,CIVIL,2,85.0,2.0,5.4,9,4,72.4,79.6,72.2,71.3,71.9,7.07,6.93,1,29,1,2.3,0.3,92,90,Yes,Yes,PhD,Low,Yes,Average,High,7.47,76.6,High,82.3,75
EDU03204,Rahul Singh,Male,19,MECH,5,75.7,3.8,5.0,2,6,73.1,75.6,76.9,81.2,79.0,7.74,7.86,0,169,34,2.5,1.4,67,70,No,Yes,PG,Low,No,Good,Medium,7.52,90.88,Low,74.3,85
EDU03205,Arjun Reddy,Female,17,ECE,8,94.1,1.3,5.1,2,4,60.7,52.8,56.5,53.8,55.1,5.0,4.83,2,121,6,1.9,0.6,51,85,Yes,Yes,PG,High,Yes,Good,High,5.67,82.24,High,100.0,38
EDU03206,Meera Reddy,Female,21,AI&DS,8,92.7,4.3,6.0,10,4,89.4,85.2,86.6,80.1,88.6,9.51,9.87,0,154,9,1.1,2.4,94,99,Yes,Yes,School,Low,Yes,Excellent,High,8.71,105.48,Low,80.9,90
EDU03207,Aishwarya Sharma,Female,23,CSE,3,79.8,1.9,8.0,7,9,69.9,71.3,69.3,66.7,65.6,7.26,7.18,0,113,21,0.2,2.5,43,61,No,Yes,PG,Upper-Middle,Yes,Good,High,7.02,71.72,Moderate,79.4,78
EDU03208,Sanjay Kumar,Male,17,AIDS,7,71.3,3.4,7.5,7,5,67.3,73.4,71.8,76.3,82.8,6.5,6.77,1,89,34,2.8,2.4,74,47,No,Yes,Diploma,High,Yes,Poor,Low,7.08,75.92,High,69.9,58
EDU03209,Sanjay Sharma,Female,18,AIDS,7,83.5,3.4,8.3,3,6,73.1,77.5,74.9,76.3,74.6,6.65,6.83,1,31,14,2.5,1.8,85,86,No,Yes,PG,Upper-Middle,Yes,Good,High,7.52,73.6,Moderate,75.8,53
EDU03210,Diya Patel,Female,19,ECE,7,72.7,5.0,5.9,8,3,87.3,86.1,85.8,84.5,93.9,8.5,8.28,0,164,20,3.3,1.0,64,57,Yes,Yes,School,Upper-Middle,Yes,Poor,High,8.64,87.48,Moderate,79.5,79
EDU03211,Arjun Gupta,Male,19,MECH,1,77.2,5.3,7.6,8,5,88.2,79.2,80.8,79.3,78.7,7.75,7.91,1,43,29,1.6,2.5,56,84,Yes,Yes,PG,High,Yes,Average,Low,8.27,61.88,High,72.6,75
EDU03212,Keerthi Patel,Male,23,AI&DS,7,82.6,5.5,5.1,8,8,95.2,98.1,100.0,100.0,100.0,10.0,9.89,0,207,15,3.2,2.5,71,77,Yes,Yes,Diploma,Low,Yes,Poor,Medium,9.78,102.84,Low,75.9,91
EDU03213,Riya Iyer,Female,24,IT,4,74.4,1.1,8.2,5,8,50.3,45.9,52.7,46.2,55.6,4.54,4.07,2,156,28,0.3,2.0,45,62,Yes,No,School,High,No,Excellent,Medium,4.96,78.96,Critical,64.8,32
EDU03214,Ananya Reddy,Female,24,EEE,7,70.6,5.3,7.9,5,4,92.9,83.1,85.5,91.7,100.0,8.55,8.47,0,130,18,2.6,3.0,88,78,No,Yes,Diploma,Upper-Middle,Yes,Excellent,Low,8.72,89.44,Moderate,70.5,58
EDU03215,Vihaan Patel,Female,21,AIDS,2,91.7,3.0,6.0,7,3,71.1,64.8,65.0,58.9,60.2,5.52,5.08,3,166,24,1.9,1.7,58,76,No,Yes,UG,Low,No,Poor,High,6.7,93.08,Critical,95.5,64
EDU03216,Aditya Gupta,Female,20,ECE,8,64.7,3.9,6.8,8,3,79.9,78.9,79.2,85.6,89.1,7.82,8.25,0,95,9,4.0,2.0,69,87,No,Yes,PhD,Upper-Middle,Yes,Good,High,7.93,72.48,Moderate,59.3,76
EDU03217,Aditya Kumar,Female,21,EEE,4,66.7,1.3,7.8,3,3,45.9,37.8,42.0,40.0,45.0,4.61,4.44,2,71,23,2.9,1.3,62,100,Yes,Yes,PhD,High,Yes,Good,High,4.19,65.68,Critical,78.8,32
EDU03218,Riya Gupta,Female,21,IT,5,76.9,3.6,6.5,3,9,80.0,70.1,79.5,74.0,75.3,7.87,7.66,0,43,18,0.2,0.6,75,85,No,Yes,Diploma,Low,Yes,Average,High,7.65,69.36,Low,86.2,74
EDU03219,Aarav Sharma,Female,21,EEE,1,92.3,1.3,6.0,2,8,61.9,53.7,53.4,46.1,53.7,6.25,6.55,2,87,24,4.1,2.1,71,94,Yes,Yes,Diploma,Upper-Middle,Yes,Poor,High,5.63,82.72,High,90.1,35
EDU03220,Riya Singh,Female,23,AIDS,3,94.4,5.3,7.5,9,4,90.9,97.1,89.3,82.5,82.6,8.09,8.58,0,170,3,2.1,2.3,67,52,No,Yes,School,Low,Yes,Poor,Low,9.24,98.56,Moderate,93.9,75
EDU03221,Riya Kumar,Female,22,ECE,4,74.5,1.3,7.3,10,8,59.1,55.4,59.2,55.0,55.1,5.36,5.13,3,78,12,2.3,0.4,40,51,No,Yes,Diploma,Middle,Yes,Excellent,Medium,5.79,61.4,Critical,84.8,54
EDU03222,Sai Verma,Male,23,EEE,2,89.7,2.2,5.4,3,7,66.2,60.7,64.8,66.0,70.6,6.49,6.47,2,96,40,1.4,2.1,85,52,Yes,Yes,School,High,Yes,Poor,High,6.39,89.08,High,91.5,58
EDU03223,Nithin Reddy,Female,23,MECH,3,87.2,5.9,6.0,9,4,92.4,92.6,88.1,82.2,88.0,9.32,8.9,0,86,10,2.0,1.6,84,69,No,Yes,PG,Middle,Yes,Good,Low,9.1,85.68,Moderate,93.9,83
EDU03224,Vihaan Verma,Female,20,EEE,7,74.3,5.5,6.9,5,8,85.2,88.8,88.8,85.8,83.0,9.8,10.0,0,122,32,0.0,1.5,43,75,Yes,Yes,PhD,High,Yes,Poor,Medium,8.76,71.32,Low,86.7,75
EDU03225,Aarav Verma,Female,20,IT,2,74.2,4.7,6.2,6,4,82.1,83.4,81.6,81.5,86.3,8.22,7.94,1,94,23,2.2,0.4,47,43,Yes,Yes,Diploma,Upper-Middle,Yes,Good,Medium,8.24,67.28,Moderate,76.9,100
EDU03226,Priya Singh,Female,18,ECE,3,100.0,3.1,6.6,2,10,87.3,83.3,88.9,84.7,93.5,9.43,9.49,0,89,11,2.4,0.2,60,92,No,Yes,School,High,Yes,Good,Low,8.65,81.8,Low,100.0,75
EDU03227,Priya Nair,Female,18,CSE,3,93.1,4.3,6.7,8,6,85.6,86.4,82.0,76.1,78.6,9.17,8.94,0,203,34,0.4,2.6,61,65,No,Yes,UG,High,Yes,Excellent,Medium,8.47,102.24,Low,95.8,92
EDU03228,Rahul Nair,Male,21,IT,3,87.1,1.2,7.1,3,10,66.1,73.5,73.5,67.8,63.4,6.39,6.11,1,21,9,4.9,2.4,58,80,No,Yes,PG,Low,Yes,Good,Low,7.1,62.24,Moderate,98.0,60
EDU03229,Nisha Singh,Male,19,CSE,1,79.3,4.9,8.4,4,4,82.7,83.9,81.8,86.1,89.6,7.26,6.98,1,61,13,2.2,2.3,70,78,No,Yes,Diploma,Low,Yes,Poor,High,8.28,71.92,Moderate,72.4,54
EDU03230,Nisha Reddy,Male,24,CSE,8,88.3,5.2,5.8,5,3,93.6,84.6,90.3,86.1,90.4,9.62,9.19,0,118,1,0.4,2.0,41,100,No,Yes,Diploma,Upper-Middle,Yes,Excellent,High,8.95,75.32,Low,77.0,81
EDU03231,Arjun Singh,Male,20,IT,8,70.2,1.1,5.9,10,4,48.2,40.1,40.4,44.5,45.0,4.5,4.23,3,156,35,4.6,2.8,51,85,No,Yes,UG,High,Yes,Good,High,4.29,79.68,Critical,68.8,52
EDU03232,Meera Reddy,Male,18,IT,4,86.8,5.5,8.1,10,5,97.4,93.7,93.9,92.8,100.0,9.42,9.36,0,144,4,3.2,1.9,56,78,No,Yes,PG,Middle,Yes,Excellent,Medium,9.5,85.92,Moderate,82.6,85
EDU03233,Aarav Sharma,Female,21,ECE,5,66.6,5.8,5.8,4,10,85.4,82.9,83.6,88.3,92.2,8.99,8.72,0,206,9,4.6,1.5,64,75,Yes,Yes,Diploma,Low,Yes,Average,Medium,8.4,93.44,Low,62.7,74
EDU03234,Keerthi Patel,Female,21,ECE,2,78.3,1.9,7.5,7,3,64.2,63.9,61.0,63.7,64.6,6.23,6.76,2,27,25,3.5,1.6,99,49,No,Yes,School,High,Yes,Average,Medium,6.3,76.32,Critical,92.5,84
EDU03235,Nisha Das,Female,19,CSE,5,83.9,4.0,6.3,2,7,79.1,77.9,80.4,77.8,87.3,9.03,9.28,0,74,25,1.0,2.7,55,45,Yes,Yes,PhD,Middle,Yes,Excellent,Medium,7.91,70.36,Low,84.2,83
EDU03236,Aarav Das,Male,24,ECE,3,85.1,5.3,6.9,3,3,95.6,87.6,89.8,87.4,83.1,8.98,9.2,0,62,1,4.2,2.2,73,66,Yes,Yes,Diploma,Low,Yes,Good,High,9.1,75.64,Low,79.2,77
EDU03237,Priya Iyer,Female,21,CIVIL,1,86.5,4.4,6.2,3,10,93.8,89.8,87.6,84.3,81.6,8.32,8.92,0,105,26,2.1,0.8,86,63,No,Yes,Diploma,Low,Yes,Poor,Medium,9.04,90.0,Low,86.2,86
EDU03238,Aarav Verma,Male,21,MECH,6,89.2,2.4,6.8,3,6,65.7,64.0,65.9,61.0,58.0,6.19,5.87,3,171,28,1.1,1.2,65,44,No,Yes,School,Low,Yes,Good,High,6.52,95.88,Critical,85.3,61
EDU03239,Diya Kumar,Female,21,CSE,6,83.1,5.5,7.2,6,9,94.9,87.4,95.0,94.5,91.1,9.89,10.0,0,143,33,4.9,1.8,99,40,Yes,Yes,PG,High,Yes,Good,Medium,9.24,101.44,Low,81.6,89
EDU03240,Sanjay Verma,Female,20,AI&DS,6,78.5,2.0,5.7,4,5,62.0,58.3,60.2,55.2,56.3,6.09,6.61,1,23,40,2.7,3.0,43,94,Yes,Yes,PhD,Low,Yes,Excellent,Medium,6.02,53.2,High,86.8,61
EDU03241,Diya Verma,Male,17,AIDS,3,78.4,3.5,6.3,7,10,68.8,60.4,68.0,68.4,71.9,6.46,6.89,1,20,36,3.9,1.9,70,45,Yes,Yes,PG,Low,Yes,Poor,Low,6.57,63.36,Moderate,92.7,49
EDU03242,Meera Patel,Female,20,AIDS,4,93.5,2.7,6.9,10,7,82.2,78.0,77.7,77.1,77.1,7.78,7.92,1,47,37,0.7,2.5,76,49,No,Yes,School,Middle,Yes,Good,High,7.93,77.2,High,87.1,66
EDU03243,Riya Singh,Male,23,AI&DS,7,83.2,3.2,7.7,4,10,77.3,71.1,73.1,74.0,79.9,8.18,8.75,0,137,6,0.9,0.6,54,76,Yes,Yes,School,Middle,Yes,Excellent,Medium,7.38,82.28,Low,83.4,95
EDU03244,Aarav Iyer,Female,17,IT,7,79.2,5.2,5.1,10,3,96.5,93.4,90.4,91.3,87.6,9.96,10.0,0,40,25,0.1,2.6,90,85,Yes,Yes,PhD,Middle,Yes,Good,Low,9.34,75.68,Moderate,80.3,89
EDU03245,Vihaan Patel,Male,22,CIVIL,4,83.9,5.3,5.7,8,4,89.9,95.9,93.8,99.7,100.0,9.59,10.0,0,211,16,1.9,0.3,49,40,Yes,Yes,PhD,Middle,Yes,Poor,Medium,9.32,95.36,Low,82.0,100
EDU03246,Meera Sharma,Female,17,CIVIL,3,77.3,6.0,6.0,8,4,89.4,92.9,87.1,82.8,86.4,8.69,8.36,0,213,38,4.8,3.0,69,64,Yes,Yes,Diploma,Low,Yes,Good,High,8.98,101.12,Moderate,87.9,75
EDU03247,Diya Nair,Male,21,CSE,8,92.3,3.0,6.0,10,7,76.1,81.6,74.9,72.2,75.2,7.33,7.34,0,65,27,0.1,2.3,75,42,No,Yes,UG,Middle,Yes,Good,High,7.75,79.92,Moderate,100.0,62
EDU03248,Priya Verma,Male,22,EEE,7,86.7,2.1,7.5,5,4,65.7,72.9,66.2,66.6,65.2,6.58,6.26,1,210,38,3.2,0.5,92,76,Yes,Yes,PG,High,Yes,Good,Low,6.83,113.48,High,81.6,74
EDU03249,Sai Nair,Female,20,AI&DS,7,64.1,3.9,7.3,5,6,72.4,79.7,72.6,75.6,73.2,7.78,7.87,0,200,2,3.3,0.2,54,80,No,Yes,Diploma,Upper-Middle,Yes,Good,Medium,7.49,87.24,Moderate,64.7,74
EDU03250,Keerthi Verma,Male,20,MECH,2,57.3,3.0,5.1,8,6,62.6,63.5,67.3,62.4,64.4,6.8,7.26,1,200,34,3.5,1.2,46,78,No,Yes,Diploma,Middle,Yes,Average,Low,6.45,81.32,High,46.7,44
EDU03251,Rahul Nair,Female,24,IT,3,83.2,3.4,6.4,8,5,72.2,69.9,72.4,64.5,64.6,7.71,7.79,1,163,4,2.8,1.0,70,68,No,Yes,PG,High,No,Excellent,Low,7.15,93.88,High,79.8,64
EDU03252,Riya Kumar,Male,23,IT,2,88.8,1.1,7.3,4,3,62.7,68.1,69.0,66.7,75.5,6.52,6.46,1,184,3,2.6,0.7,84,46,No,Yes,Diploma,Middle,Yes,Excellent,High,6.66,105.92,High,90.9,65
EDU03253,Vihaan Kumar,Male,23,CSE,7,85.9,3.2,6.2,5,6,80.0,76.2,77.0,69.5,65.9,7.44,7.33,0,131,0,2.4,1.6,76,82,No,Yes,Diploma,Low,No,Average,Medium,7.77,90.96,Moderate,74.6,74
EDU03254,Keerthi Singh,Male,23,MECH,1,90.3,5.0,7.5,7,8,91.5,83.8,88.0,92.4,94.3,7.93,7.92,0,111,10,0.8,0.2,57,87,Yes,Yes,School,Low,Yes,Average,High,8.78,81.12,Low,100.0,89
EDU03255,Aarav Singh,Male,17,EEE,5,70.6,2.3,8.0,2,10,60.3,58.3,56.5,56.0,60.5,4.75,4.68,4,128,32,3.4,2.5,51,53,Yes,Yes,PG,Middle,Yes,Excellent,Low,5.84,74.24,Critical,68.2,32
EDU03256,Pooja Kumar,Female,23,CIVIL,8,88.0,1.8,5.1,1,9,63.1,59.0,63.8,69.0,77.4,6.0,6.07,1,171,27,1.2,0.4,95,85,Yes,Yes,PhD,High,Yes,Good,Low,6.2,107.4,Moderate,75.0,59
EDU03257,Meera Nair,Male,24,ECE,6,95.0,2.3,6.8,7,9,70.4,76.0,76.1,73.4,70.5,7.92,7.77,1,173,37,0.8,2.1,97,73,No,Yes,Diploma,Middle,Yes,Excellent,Medium,7.42,111.4,Moderate,94.5,78
EDU03258,Ananya Gupta,Female,19,EEE,1,81.4,3.8,5.9,6,8,80.5,78.0,78.2,71.0,80.2,8.15,7.86,1,151,10,4.6,2.9,46,97,No,Yes,School,High,Yes,Excellent,Low,7.89,81.16,Moderate,89.1,60
EDU03259,Aishwarya Verma,Female,21,AIDS,5,68.9,1.7,5.1,8,8,64.0,57.3,57.2,61.3,69.0,6.54,6.35,1,137,10,1.9,1.1,78,80,Yes,Yes,Diploma,Low,Yes,Poor,High,5.95,86.16,High,71.6,63
EDU03260,Sanjay Patel,Female,17,EEE,3,64.0,2.7,7.7,6,6,64.8,60.9,65.1,65.2,74.9,5.75,5.93,4,72,22,4.0,2.6,52,68,No,Yes,PhD,Upper-Middle,Yes,Good,Low,6.36,60.8,Critical,71.1,56
EDU03261,Arjun Das,Male,22,MECH,7,64.8,4.3,7.6,3,5,78.4,76.8,74.6,81.3,84.6,8.26,8.02,0,89,15,1.6,0.0,50,91,No,Yes,Diploma,High,Yes,Good,High,7.66,63.72,Low,59.5,65
EDU03262,Sneha Singh,Male,17,AI&DS,7,85.0,4.4,5.1,4,5,89.4,86.4,92.2,90.3,93.7,8.64,9.1,0,49,19,1.6,2.1,49,60,Yes,Yes,Diploma,Upper-Middle,Yes,Excellent,Medium,8.93,63.4,Low,79.8,72
EDU03263,Priya Iyer,Male,17,CSE,4,89.0,3.7,6.0,5,3,85.3,80.3,84.9,92.6,88.9,7.83,7.67,0,118,11,2.7,0.9,49,62,Yes,Yes,Diploma,Low,Yes,Excellent,Low,8.35,78.8,Moderate,96.5,73
EDU03264,Pooja Kumar,Female,24,CIVIL,8,77.2,5.2,6.7,9,6,90.5,97.0,90.8,95.5,94.7,8.64,8.39,1,34,6,0.3,1.9,79,43,Yes,Yes,UG,Upper-Middle,No,Poor,High,9.28,69.28,High,77.1,59
EDU03265,Priya Sharma,Female,19,IT,4,83.7,4.2,6.2,4,3,85.0,88.6,86.9,88.0,84.5,8.53,8.12,0,185,33,4.0,0.3,87,74,Yes,Yes,PhD,Middle,Yes,Average,Low,8.68,105.28,Low,92.2,88
EDU03266,Ananya Iyer,Female,21,EEE,5,92.2,2.7,6.5,4,8,76.1,77.4,72.5,75.9,73.4,7.12,7.23,0,173,27,4.3,2.1,47,47,Yes,No,UG,Upper-Middle,Yes,Good,Low,7.53,90.28,Low,97.7,78
EDU03267,Vihaan Singh,Female,17,CIVIL,4,81.4,3.3,6.4,2,7,81.0,78.3,78.5,79.8,81.6,8.09,8.51,0,36,13,4.4,2.4,98,83,Yes,No,PG,Low,Yes,Good,Low,7.93,78.96,Low,93.0,86
EDU03268,Nisha Sharma,Female,23,CIVIL,8,100.0,2.5,6.9,5,10,84.9,77.0,79.3,77.6,74.8,8.43,8.51,0,104,18,3.4,0.1,67,88,No,Yes,Diploma,Middle,Yes,Good,High,8.04,87.6,Low,100.0,78
EDU03269,Diya Reddy,Female,24,CSE,4,64.8,1.1,6.2,10,10,52.8,60.1,55.1,53.1,61.7,4.89,5.38,2,63,12,4.9,2.1,62,43,Yes,Yes,PG,High,Yes,Excellent,Medium,5.6,63.32,Critical,57.7,46
EDU03270,Keerthi Gupta,Male,23,AI&DS,1,90.5,1.2,7.7,1,9,61.3,65.2,66.3,68.4,75.5,6.58,6.83,1,195,8,3.9,2.9,90,75,Yes,Yes,UG,Middle,Yes,Poor,Medium,6.43,111.2,Moderate,82.5,62
EDU03271,Keerthi Kumar,Female,19,MECH,6,67.1,2.0,6.0,8,8,54.6,47.8,48.0,42.3,45.0,4.85,5.01,3,154,16,3.2,0.6,53,52,No,Yes,UG,Low,Yes,Poor,Low,5.01,78.84,Critical,54.6,57
EDU03272,Riya Kumar,Male,24,CIVIL,2,93.2,4.1,7.6,8,6,94.0,98.7,100.0,94.0,99.0,10.0,9.72,0,77,36,3.1,2.0,57,46,Yes,Yes,UG,Upper-Middle,Yes,Good,Low,9.76,75.48,Low,94.1,76
EDU03273,Aditya Singh,Female,20,AI&DS,8,87.3,4.3,7.3,4,3,90.8,98.7,96.5,95.6,97.8,9.97,9.95,0,115,23,0.2,0.9,59,86,No,Yes,Diploma,Low,Yes,Excellent,High,9.53,81.52,Low,67.5,69
EDU03274,Riya Das,Female,24,MECH,4,83.0,5.2,5.2,3,4,94.8,87.3,87.9,80.2,83.0,7.89,7.47,0,195,25,1.4,0.0,86,46,No,Yes,Diploma,Middle,Yes,Average,High,9.0,106.6,Low,79.2,76
EDU03275,Vihaan Verma,Male,22,MECH,6,83.8,1.2,6.9,7,4,53.0,55.1,56.1,60.0,55.3,4.72,4.97,3,129,36,0.9,0.1,95,77,Yes,Yes,PG,Low,No,Poor,High,5.47,97.32,Critical,86.4,32
EDU03276,Sneha Iyer,Male,22,EEE,7,74.7,2.0,7.6,10,9,59.2,56.9,54.9,51.5,49.3,5.04,4.8,4,164,38,3.7,2.8,62,58,No,Yes,UG,Middle,Yes,Average,Low,5.7,87.48,Critical,81.5,65
EDU03277,Keerthi Gupta,Male,19,ECE,5,57.8,1.2,7.8,9,10,47.5,47.9,45.1,47.3,49.1,4.72,4.58,2,89,24,1.9,1.8,65,71,No,Yes,School,Middle,Yes,Poor,Medium,4.68,66.92,Critical,68.7,54
EDU03278,Sanjay Nair,Female,22,EEE,1,66.9,4.1,5.7,7,10,79.2,74.3,77.9,71.1,74.8,8.32,7.84,0,42,5,3.4,0.7,96,45,Yes,Yes,UG,Upper-Middle,Yes,Poor,Low,7.71,73.56,Moderate,78.4,47
EDU03279,Meera Das,Male,19,MECH,7,99.5,3.1,8.5,2,10,78.6,75.7,79.3,84.0,93.3,8.51,8.61,0,28,24,1.4,2.3,83,89,Yes,Yes,UG,Low,Yes,Good,Low,7.79,78.6,Low,90.1,72
EDU03280,Harish Das,Female,24,MECH,3,79.6,4.4,5.8,5,10,90.9,97.2,91.8,85.8,93.2,9.07,8.73,0,20,34,3.4,1.4,77,91,No,Yes,Diploma,Upper-Middle,Yes,Average,High,9.33,66.64,Low,70.5,84
EDU03281,Arjun Kumar,Female,23,CIVIL,2,86.6,1.9,7.8,7,7,69.6,77.1,75.3,80.3,78.4,8.32,8.68,0,159,29,4.8,1.7,93,44,Yes,Yes,PhD,Low,Yes,Poor,Low,7.4,103.64,Low,83.9,77
EDU03282,Nisha Das,Male,22,IT,2,86.4,2.7,5.5,8,7,67.2,71.9,73.4,77.7,81.4,6.97,7.34,1,131,5,3.1,1.8,74,93,No,Yes,UG,Middle,Yes,Average,Medium,7.08,90.36,High,90.5,80
EDU03283,Keerthi Reddy,Male,19,CIVIL,2,97.1,1.2,5.6,1,6,69.6,64.1,65.3,68.6,64.4,7.53,7.77,0,31,38,3.8,2.3,95,63,Yes,Yes,PG,Low,No,Excellent,High,6.63,83.04,Low,94.1,87
EDU03284,Aditya Gupta,Male,19,ECE,3,96.4,1.7,7.0,9,6,73.4,76.1,70.5,65.2,67.1,6.96,6.54,2,145,4,2.4,2.1,65,51,Yes,Yes,PG,High,Yes,Excellent,Medium,7.33,93.56,Critical,100.0,48
EDU03285,Sanjay Gupta,Female,20,AIDS,4,86.6,4.9,8.1,6,7,94.2,100.0,97.4,90.5,94.9,9.98,9.49,0,162,21,2.1,2.2,80,74,No,Yes,UG,Upper-Middle,Yes,Average,Medium,9.72,99.04,Low,87.1,73
EDU03286,Arjun Patel,Female,19,AI&DS,8,79.0,3.0,6.7,9,9,72.2,77.8,78.8,76.1,84.9,8.46,8.7,0,119,25,3.2,0.6,57,78,No,Yes,Diploma,Middle,Yes,Excellent,Medium,7.63,78.2,Moderate,78.5,97
EDU03287,Arjun Verma,Female,17,MECH,8,86.7,1.2,8.1,1,4,65.7,71.1,67.6,64.6,61.0,5.99,6.19,1,48,33,0.8,2.2,65,56,Yes,No,School,Low,No,Poor,High,6.81,70.28,Moderate,97.7,75
EDU03288,Pooja Gupta,Female,24,IT,1,99.0,4.1,7.1,8,4,94.0,87.6,86.0,92.0,90.6,8.34,8.82,0,87,33,1.3,1.2,71,92,Yes,Yes,School,High,Yes,Excellent,High,8.92,85.4,Low,100.0,56
EDU03289,Riya Kumar,Female,21,IT,3,86.8,2.2,6.3,3,4,71.4,78.3,77.8,73.3,70.7,8.41,7.99,1,129,29,1.2,0.6,45,42,No,No,PhD,High,Yes,Poor,Medium,7.58,78.52,Moderate,90.1,55
EDU03290,Nisha Singh,Male,22,CIVIL,2,95.1,4.3,7.2,7,6,90.8,84.4,84.6,86.8,89.3,8.28,7.9,0,85,34,3.2,1.7,47,50,Yes,Yes,PhD,Middle,Yes,Average,Low,8.66,73.84,Low,96.0,47
EDU03291,Aditya Patel,Female,18,CIVIL,2,90.8,2.0,7.9,6,10,70.6,61.3,67.9,62.6,69.3,6.12,6.2,1,160,12,1.7,0.3,99,77,Yes,Yes,Diploma,Middle,Yes,Poor,Medium,6.66,107.92,Moderate,100.0,47
EDU03292,Nisha Kumar,Female,19,CIVIL,7,82.9,5.5,7.3,8,4,92.5,88.4,88.6,83.1,91.2,9.36,9.39,0,156,6,1.9,1.4,58,91,No,Yes,PhD,Low,Yes,Average,Medium,8.98,87.56,Low,91.5,80
EDU03293,Vihaan Reddy,Male,17,CSE,3,94.5,2.0,6.6,3,9,65.1,62.3,67.5,61.3,63.6,6.53,6.2,2,183,6,3.4,1.3,83,84,Yes,Yes,Diploma,Upper-Middle,Yes,Good,Medium,6.5,107.6,High,74.1,79
EDU03294,Pooja Singh,Male,17,CIVIL,6,78.3,4.5,6.3,6,7,87.7,89.6,91.8,94.8,94.4,10.0,10.0,0,36,32,4.0,1.9,58,53,No,Yes,PG,Upper-Middle,Yes,Poor,Low,8.97,61.72,Low,82.8,100
EDU03295,Priya Nair,Male,19,AIDS,8,94.1,1.4,5.5,1,5,63.1,58.4,63.6,57.0,57.1,6.59,6.12,1,219,28,0.5,2.6,63,57,No,Yes,Diploma,Upper-Middle,Yes,Excellent,Low,6.17,106.64,Moderate,97.5,78
EDU03296,Sneha Singh,Male,24,MECH,1,74.0,4.3,8.4,3,10,87.4,91.4,85.4,83.6,83.7,8.04,7.94,1,174,12,2.8,2.0,43,77,Yes,Yes,Diploma,Upper-Middle,Yes,Poor,Medium,8.81,81.6,Moderate,72.6,74
EDU03297,Rahul Sharma,Male,18,AIDS,6,100.0,2.5,5.6,1,5,82.4,84.6,83.0,86.2,84.2,8.54,8.99,0,215,18,3.8,2.2,47,83,No,Yes,School,High,Yes,Good,Low,8.33,101.8,Low,100.0,78
EDU03298,Aishwarya Iyer,Male,19,AI&DS,7,84.9,4.2,7.9,5,4,90.5,87.6,91.1,84.8,83.1,9.02,8.81,0,106,2,0.8,2.7,63,55,Yes,Yes,PhD,High,Yes,Excellent,High,8.97,80.36,Low,88.5,75
EDU03299,Keerthi Nair,Female,20,CSE,4,75.0,1.9,6.4,5,8,58.6,50.5,49.6,56.5,56.0,4.66,4.32,2,186,39,4.9,2.5,80,70,Yes,Yes,Diploma,High,Yes,Excellent,High,5.29,99.2,Critical,85.2,50
EDU03300,Rahul Gupta,Female,19,IT,6,93.6,3.8,5.8,7,6,91.0,98.5,99.7,100.0,100.0,10.0,10.0,0,106,21,2.4,0.0,73,96,No,Yes,UG,High,Yes,Good,Low,9.64,87.84,Low,98.8,90
EDU03301,Sneha Nair,Male,21,ECE,3,89.5,5.8,6.7,7,4,95.6,94.4,92.4,84.8,87.7,9.2,9.42,0,95,16,2.1,1.7,89,69,Yes,Yes,PhD,Low,No,Good,Medium,9.41,90.4,Low,100.0,81
EDU03302,Rahul Das,Male,24,CSE,8,77.8,5.5,7.2,6,6,86.7,86.8,81.8,75.6,78.0,8.13,8.62,0,124,18,3.0,2.9,85,65,No,Yes,UG,Upper-Middle,No,Average,Low,8.51,89.92,Low,75.3,96
EDU03303,Harish Gupta,Female,22,AIDS,1,70.0,5.8,8.2,5,3,94.0,86.1,86.6,83.0,81.1,8.46,8.68,0,52,23,4.0,1.5,89,61,Yes,Yes,PG,Low,Yes,Good,Medium,8.89,74.0,Moderate,63.3,65
EDU03304,Aarav Sharma,Female,22,MECH,4,75.8,2.3,5.7,1,5,61.8,68.6,63.7,63.8,62.4,6.6,6.89,1,35,3,4.6,0.7,94,68,No,Yes,Diploma,High,Yes,Good,Medium,6.47,74.92,Moderate,84.1,64
EDU03305,Aishwarya Verma,Male,23,AI&DS,3,65.9,4.5,7.7,2,8,80.1,73.5,72.3,71.4,80.8,7.64,7.35,0,197,1,4.3,2.2,49,67,Yes,Yes,Diploma,Middle,Yes,Poor,High,7.53,85.36,Low,70.0,70
EDU03306,Nithin Gupta,Female,17,CIVIL,4,75.6,3.5,7.4,3,4,75.2,67.9,74.4,78.7,76.7,7.0,6.69,1,51,1,2.1,0.6,100,46,No,Yes,School,Upper-Middle,No,Excellent,Low,7.25,80.44,Moderate,74.0,40
EDU03307,Meera Gupta,Male,19,AIDS,1,73.1,1.1,5.6,1,3,54.9,52.4,56.8,64.1,73.2,6.68,7.0,0,124,20,2.1,1.7,95,58,Yes,Yes,School,Middle,Yes,Good,Low,5.47,92.04,Moderate,72.4,41
EDU03308,Keerthi Gupta,Male,24,CIVIL,6,67.9,2.1,6.0,4,6,57.8,54.0,58.5,55.2,51.2,6.82,7.03,1,86,29,0.5,1.6,41,96,Yes,Yes,School,Low,Yes,Poor,Low,5.68,60.76,Moderate,65.2,61
EDU03309,Aishwarya Singh,Female,17,MECH,5,75.3,1.3,7.1,9,8,49.9,44.7,43.1,40.0,45.0,4.77,4.59,3,175,29,4.5,1.2,74,60,No,Yes,Diploma,High,Yes,Average,Medium,4.59,94.72,Critical,67.3,24
EDU03310,Vihaan Reddy,Female,22,CSE,2,74.6,3.5,7.9,9,4,76.4,79.6,78.6,85.5,81.8,7.07,6.69,1,173,22,2.3,0.5,77,94,No,Yes,School,High,Yes,Good,High,7.82,95.24,High,62.7,50
EDU03311,Sanjay Kumar,Female,19,AIDS,3,77.3,1.4,6.2,4,9,52.8,53.4,49.6,50.2,58.9,4.5,4.96,4,85,36,0.8,0.5,68,55,No,Yes,UG,High,Yes,Poor,Low,5.19,75.12,Critical,71.4,68
EDU03312,Sai Das,Female,21,MECH,2,67.0,2.0,5.2,10,7,61.1,57.2,61.7,65.8,74.8,6.93,7.2,1,30,30,0.3,1.5,91,41,Yes,Yes,PG,Low,Yes,Average,High,6.0,69.2,High,59.1,80
EDU03313,Nisha Das,Female,24,CIVIL,6,90.3,4.0,6.0,8,9,78.3,80.6,84.4,83.3,80.1,7.47,7.83,0,170,26,0.5,1.7,68,89,Yes,Yes,UG,Middle,Yes,Excellent,Low,8.11,97.32,Moderate,87.4,59
EDU03314,Arjun Kumar,Male,20,EEE,8,95.2,3.3,5.2,8,5,84.2,91.3,84.4,89.0,98.7,9.1,8.71,0,75,36,4.8,0.6,48,76,Yes,Yes,PG,Middle,Yes,Average,High,8.66,72.28,Low,100.0,86
EDU03315,Aditya Kumar,Male,21,EEE,1,100.0,5.2,7.9,1,9,100.0,100.0,96.7,96.4,93.3,8.83,9.24,0,93,24,1.2,1.2,68,90,No,Yes,Diploma,Upper-Middle,Yes,Excellent,High,9.89,85.8,Low,100.0,66
EDU03316,Sanjay Patel,Male,24,IT,8,68.3,4.3,8.2,3,8,76.6,69.1,75.6,73.8,79.5,8.46,8.94,0,175,22,2.0,0.8,50,83,No,Yes,School,Upper-Middle,Yes,Average,High,7.38,82.32,Low,72.5,91
EDU03317,Nisha Reddy,Male,20,ECE,1,66.9,1.1,6.9,10,6,57.6,56.9,55.1,59.0,55.9,5.57,6.07,2,218,7,2.5,2.6,92,84,Yes,Yes,Diploma,Low,Yes,Poor,Medium,5.65,107.16,Critical,71.5,52
EDU03318,Sai Reddy,Female,18,CSE,7,72.5,2.4,6.9,8,6,60.2,59.4,62.5,57.4,64.5,5.97,6.55,1,177,26,1.6,2.0,58,40,Yes,Yes,PhD,High,Yes,Excellent,Low,6.07,87.6,High,80.4,47
EDU03319,Meera Singh,Male,23,CSE,2,100.0,2.1,6.0,7,7,79.3,72.7,74.4,81.0,83.9,6.9,6.51,2,186,31,1.7,1.9,80,98,Yes,Yes,PhD,Upper-Middle,Yes,Poor,Medium,7.55,109.2,High,100.0,38
EDU03320,Pooja Verma,Male,18,ECE,5,97.0,2.0,7.1,9,10,78.5,82.3,77.9,73.8,70.5,8.11,8.26,1,124,31,1.8,1.1,56,100,No,Yes,PG,Upper-Middle,Yes,Excellent,High,7.96,86.0,Moderate,96.7,75
EDU03321,Rahul Sharma,Male,20,AIDS,7,75.7,1.0,5.0,2,8,58.4,64.4,62.4,55.9,62.7,6.07,6.45,1,77,7,0.9,2.2,74,55,Yes,Yes,School,Low,No,Poor,High,6.17,75.28,Moderate,67.7,77
EDU03322,Priya Das,Male,22,CSE,3,92.5,5.6,5.9,10,3,100.0,96.6,100.0,100.0,100.0,10.0,9.55,0,190,1,2.9,0.7,48,63,Yes,No,School,Middle,No,Poor,High,9.89,94.2,Moderate,91.1,92
EDU03323,Nithin Gupta,Male,24,AI&DS,1,99.8,2.2,7.3,2,8,73.0,65.0,72.2,68.1,63.6,6.74,6.61,1,113,23,3.7,2.3,51,92,No,Yes,PG,Low,Yes,Poor,Low,7.01,82.92,Moderate,100.0,47
EDU03324,Vihaan Patel,Female,21,AI&DS,7,90.8,4.9,5.2,1,7,94.6,96.7,92.0,90.2,95.8,8.74,9.32,0,162,17,1.5,2.0,54,70,No,Yes,School,Middle,Yes,Good,Medium,9.44,90.32,Low,100.0,89
EDU03325,Diya Reddy,Female,18,EEE,2,87.4,4.3,8.1,4,7,84.3,79.2,77.8,83.7,87.6,7.13,7.24,0,199,7,1.9,1.5,44,42,Yes,Yes,PhD,Upper-Middle,Yes,Average,High,8.04,92.36,Low,90.1,79
EDU03326,Aditya Verma,Male,21,ECE,7,57.4,3.9,7.2,2,10,68.6,73.1,68.0,74.1,74.6,6.25,5.79,4,114,9,5.0,2.1,51,98,No,Yes,PhD,High,Yes,Average,High,6.99,66.16,Critical,46.0,53
EDU03327,Diya Gupta,Male,21,CIVIL,3,64.8,2.2,7.7,2,9,56.1,50.2,54.0,51.3,49.5,4.67,5.03,3,28,37,4.7,2.9,86,56,Yes,Yes,UG,Low,Yes,Average,Low,5.34,65.92,Critical,58.3,53
EDU03328,Keerthi Iyer,Female,21,CSE,2,78.9,2.9,5.5,1,5,70.5,69.5,74.0,79.3,84.1,7.46,7.05,1,22,35,3.9,0.5,88,51,No,Yes,PhD,Low,Yes,Average,High,7.13,71.16,Moderate,73.7,62
EDU03329,Nisha Nair,Female,24,ECE,3,86.5,4.9,5.8,3,8,94.8,90.6,90.1,83.6,85.3,9.41,9.16,0,42,31,0.4,2.6,76,78,Yes,Yes,PG,Upper-Middle,Yes,Excellent,High,9.18,73.4,Low,80.1,70
EDU03330,Harish Iyer,Male,24,EEE,2,86.1,5.4,6.0,10,5,93.7,100.0,100.0,100.0,100.0,10.0,10.0,0,125,3,3.2,0.3,46,86,Yes,Yes,UG,High,Yes,Good,High,9.79,77.84,Low,85.8,100
EDU03331,Riya Kumar,Male,18,CIVIL,8,63.0,3.8,8.4,8,6,73.3,78.7,78.6,82.9,79.3,7.19,7.21,1,146,34,1.3,2.4,47,65,No,Yes,PG,Upper-Middle,Yes,Good,Medium,7.69,73.2,High,50.0,75
EDU03332,Arjun Patel,Female,23,IT,7,66.7,1.9,6.5,5,7,58.3,59.2,55.1,56.1,65.5,5.56,5.91,2,193,9,0.5,2.5,100,61,Yes,Yes,School,Middle,Yes,Poor,Low,5.75,105.28,Critical,75.1,57
EDU03333,Ananya Patel,Male,21,EEE,1,79.6,2.8,7.6,2,7,77.3,82.6,78.9,76.9,77.6,8.43,8.83,0,58,12,3.4,1.8,46,95,Yes,Yes,PhD,Middle,Yes,Poor,High,7.96,61.84,Low,72.1,79
EDU03334,Pooja Patel,Male,21,CSE,2,82.0,1.5,7.7,7,9,59.6,56.1,60.8,68.4,74.3,7.05,7.63,1,99,38,4.3,2.4,85,44,No,Yes,School,Upper-Middle,Yes,Good,Low,5.88,86.6,Moderate,89.0,91
EDU03335,Riya Reddy,Male,24,AIDS,3,73.4,3.7,8.4,4,7,81.7,89.5,83.3,76.0,82.9,8.76,8.57,0,47,24,1.5,2.2,56,100,Yes,Yes,UG,Upper-Middle,Yes,Good,Medium,8.48,61.16,Low,73.3,76
EDU03336,Aishwarya Kumar,Female,22,AI&DS,5,93.4,2.2,7.8,8,4,74.5,76.6,79.1,80.3,88.9,7.08,6.59,1,140,40,1.4,1.6,61,95,Yes,Yes,PhD,Middle,Yes,Excellent,High,7.67,89.76,High,92.9,51
EDU03337,Meera Kumar,Male,24,CSE,4,90.1,5.5,7.8,5,6,100.0,93.2,95.8,89.6,85.2,9.49,9.35,0,145,23,3.2,1.4,76,89,Yes,Yes,Diploma,Low,Yes,Average,Medium,9.63,95.44,Low,73.2,88
EDU03338,Sneha Patel,Female,19,IT,3,91.3,5.6,7.7,10,9,92.3,88.5,94.0,96.0,96.0,9.15,9.23,0,55,32,0.5,1.3,49,68,No,Yes,Diploma,High,No,Poor,High,9.16,67.12,Low,99.7,95
EDU03339,Ananya Singh,Male,20,ECE,2,82.5,3.2,7.6,7,5,78.0,74.6,75.4,81.1,81.2,7.51,7.08,0,209,6,0.7,0.9,59,65,Yes,Yes,Diploma,Upper-Middle,Yes,Excellent,Low,7.6,98.4,Moderate,80.8,63
EDU03340,Sai Sharma,Female,17,ECE,1,94.3,3.6,5.0,4,9,85.8,78.0,77.9,85.1,83.3,7.11,7.61,0,174,30,3.2,0.1,98,59,Yes,Yes,School,Low,No,Excellent,High,8.06,111.72,Low,90.0,67
EDU03341,Vihaan Sharma,Female,20,AIDS,4,100.0,5.8,7.7,8,7,97.9,100.0,98.2,100.0,100.0,10.0,9.53,0,39,38,3.9,2.2,77,87,Yes,Yes,Diploma,Middle,Yes,Poor,Medium,9.87,78.6,Low,94.8,86
EDU03342,Ananya Kumar,Female,23,CSE,8,83.8,5.1,7.4,10,7,89.2,89.7,86.6,81.0,82.5,8.71,8.79,0,192,35,0.4,0.5,70,55,Yes,No,PG,Low,Yes,Good,Medium,8.85,99.92,Moderate,96.3,70
EDU03343,Sai Iyer,Male,21,EEE,4,82.0,3.2,6.2,3,3,70.1,62.3,61.4,57.4,52.9,7.1,7.1,0,204,39,1.8,0.1,75,69,Yes,Yes,Diploma,Upper-Middle,Yes,Excellent,High,6.46,103.6,Moderate,79.6,47
EDU03344,Pooja Kumar,Male,21,ECE,2,83.0,6.0,7.8,3,5,100.0,98.3,99.2,100.0,96.9,9.71,9.52,0,52,22,2.6,1.3,57,57,No,Yes,PhD,High,Yes,Poor,Medium,9.92,66.4,Low,88.0,85
EDU03345,Priya Iyer,Male,17,AI&DS,2,68.2,3.6,7.7,4,8,75.6,82.0,75.6,68.0,76.4,7.97,7.73,0,54,31,4.3,1.2,45,68,Yes,Yes,PhD,High,No,Excellent,Medium,7.77,56.08,Low,67.2,97
EDU03346,Sai Gupta,Female,17,EEE,2,88.5,5.5,8.1,7,5,100.0,92.6,96.4,95.6,98.4,10.0,10.0,0,71,22,3.9,2.7,91,62,No,Yes,PG,Low,Yes,Average,Medium,9.63,86.0,Low,85.3,98
EDU03347,Aditya Reddy,Male,18,CIVIL,3,72.5,5.0,7.5,4,9,80.8,79.4,77.9,77.3,75.8,8.1,7.78,0,92,11,3.1,2.6,89,49,No,Yes,School,High,Yes,Excellent,High,7.94,83.0,Low,75.8,50
EDU03348,Ananya Patel,Male,22,MECH,8,94.8,2.0,5.5,1,10,72.5,68.0,73.2,70.5,77.0,7.92,8.35,1,172,37,2.5,1.6,84,63,No,No,UG,Middle,Yes,Excellent,High,7.12,105.92,Low,99.8,84
EDU03349,Karthik Patel,Female,17,CIVIL,8,73.7,4.1,5.4,5,5,75.7,74.9,80.2,79.9,85.7,7.32,6.95,1,58,35,0.9,0.1,74,74,Yes,Yes,Diploma,Upper-Middle,Yes,Excellent,Low,7.69,70.68,High,64.2,50
EDU03350,Nithin Reddy,Male,19,ECE,7,78.8,2.3,6.4,1,7,69.3,67.3,65.8,61.8,59.1,6.12,6.6,1,113,28,4.0,1.5,91,90,No,Yes,School,Upper-Middle,Yes,Poor,Medium,6.75,90.52,Moderate,94.6,62
EDU03351,Riya Gupta,Male,22,EEE,2,79.2,5.3,6.1,4,3,86.5,78.9,84.7,90.3,100.0,8.34,8.62,0,136,9,2.1,2.1,94,94,No,Yes,Diploma,High,Yes,Good,High,8.34,96.48,Low,79.9,95
EDU03352,Priya Reddy,Female,23,AI&DS,2,91.0,1.0,6.1,9,3,54.1,55.8,55.8,59.6,63.4,5.13,5.29,3,36,28,3.3,0.9,57,55,Yes,Yes,PG,High,Yes,Average,Medium,5.52,66.4,Critical,93.8,45
EDU03353,Harish Verma,Female,24,EEE,6,96.6,2.3,6.9,1,9,78.8,82.2,85.1,90.5,89.5,8.87,9.4,0,95,22,4.0,1.8,56,75,No,Yes,School,Low,Yes,Poor,Medium,8.2,80.04,Low,100.0,88
EDU03354,Sanjay Singh,Male,20,CIVIL,7,78.9,3.4,5.4,3,4,82.2,89.3,90.6,96.3,92.4,9.66,10.0,0,84,32,4.4,0.9,71,76,No,Yes,UG,Middle,Yes,Good,Medium,8.74,76.76,Low,70.2,76
EDU03355,Priya Reddy,Female,19,ECE,1,97.5,4.5,8.2,1,8,87.5,95.3,91.3,86.2,91.4,8.73,8.67,0,59,10,1.2,1.6,64,90,Yes,Yes,PhD,Middle,Yes,Poor,Medium,9.14,76.4,Low,88.2,55
EDU03356,Arjun Patel,Male,20,MECH,8,91.2,2.6,8.0,6,10,75.5,76.9,73.3,70.2,66.5,8.28,7.84,0,111,29,3.6,0.1,54,64,Yes,Yes,Diploma,Low,Yes,Poor,High,7.52,80.28,Low,92.1,57
EDU03357,Aishwarya Kumar,Male,22,CIVIL,3,58.0,2.1,6.1,7,6,54.3,45.8,49.9,49.5,45.1,5.62,5.57,3,32,15,0.4,0.1,61,47,Yes,Yes,Diploma,High,Yes,Excellent,Low,5.0,54.0,Critical,78.9,43
EDU03358,Karthik Verma,Female,24,IT,4,80.0,4.2,7.3,4,8,82.9,83.2,81.7,85.0,91.8,7.43,7.49,1,191,20,3.6,0.1,60,67,Yes,Yes,Diploma,Low,Yes,Excellent,High,8.26,94.2,Moderate,79.7,85
EDU03359,Aishwarya Patel,Female,18,CSE,1,67.4,5.4,6.5,5,5,84.2,87.0,81.4,74.9,77.2,8.91,9.34,0,165,12,2.7,0.6,43,98,No,Yes,UG,Middle,No,Average,High,8.42,77.16,Low,60.3,92
EDU03360,Aditya Reddy,Male,18,CIVIL,2,72.4,4.4,5.6,4,6,84.5,82.3,85.0,86.2,85.4,8.27,7.77,0,142,35,3.3,0.3,88,88,Yes,Yes,PG,High,Yes,Poor,Medium,8.39,92.56,Moderate,76.7,79
EDU03361,Arjun Sharma,Male,22,AI&DS,8,86.3,3.6,5.4,7,5,86.3,86.9,91.0,93.7,97.4,8.92,9.25,0,206,30,2.6,2.8,43,75,Yes,Yes,PhD,Low,Yes,Good,Low,8.81,92.92,Low,74.0,79
EDU03362,Rahul Patel,Male,21,CSE,3,87.0,4.2,7.8,7,6,84.6,83.9,83.3,77.6,78.9,8.35,8.65,0,211,40,2.5,2.1,92,100,No,Yes,Diploma,High,Yes,Poor,Medium,8.39,113.8,Low,76.4,90
EDU03363,Arjun Gupta,Female,18,ECE,6,100.0,4.5,5.5,1,3,93.1,100.0,100.0,94.9,90.0,10.0,10.0,0,143,6,2.1,1.6,57,100,No,Yes,PhD,Low,Yes,Average,High,9.77,91.4,Low,78.5,97
EDU03364,Arjun Singh,Female,24,IT,7,79.2,5.8,6.9,7,3,88.2,89.2,88.5,82.6,80.7,9.39,9.74,0,134,2,2.7,2.4,86,90,No,Yes,School,Low,Yes,Good,High,8.86,92.88,Low,89.6,100
EDU03365,Vihaan Kumar,Male,24,CSE,1,65.3,5.0,5.4,7,10,87.7,93.6,95.6,96.0,100.0,9.89,9.41,0,72,6,2.9,1.8,75,80,Yes,No,Diploma,Upper-Middle,Yes,Good,Low,9.23,70.52,Low,55.0,74
EDU03366,Rahul Patel,Male,22,AIDS,8,94.4,1.0,5.8,1,4,68.7,65.3,63.8,70.0,74.5,5.66,5.24,2,206,2,1.1,0.3,52,97,Yes,Yes,PhD,Upper-Middle,Yes,Excellent,Low,6.59,99.76,High,100.0,53
EDU03367,Vihaan Das,Male,23,EEE,6,75.3,3.8,7.6,6,9,81.6,81.7,82.0,82.6,87.6,8.59,8.68,0,83,7,4.7,0.5,52,45,Yes,Yes,Diploma,Low,Yes,Good,High,8.18,67.52,Low,64.9,84
EDU03368,Nisha Singh,Male,18,IT,4,77.6,3.2,7.8,7,3,68.6,72.1,71.0,73.8,83.7,6.13,6.4,1,192,33,2.5,0.3,98,92,No,Yes,UG,Middle,Yes,Average,Low,7.06,108.64,High,66.4,75
EDU03369,Harish Sharma,Female,24,AIDS,6,75.4,5.2,8.0,2,7,90.2,93.4,95.2,96.2,100.0,8.96,9.38,0,135,31,3.5,0.5,51,47,Yes,Yes,School,Middle,Yes,Good,High,9.29,77.56,Low,75.8,93
EDU03370,Meera Patel,Female,19,IT,8,68.2,3.4,5.1,2,8,68.3,75.7,67.5,64.7,71.1,6.6,6.21,1,208,35,0.5,1.3,71,82,Yes,Yes,School,Low,No,Excellent,Medium,7.05,97.28,Moderate,63.5,58
EDU03371,Nisha Reddy,Female,18,CIVIL,8,83.6,1.8,7.1,10,4,65.5,62.1,64.9,61.2,59.0,5.5,5.43,4,94,26,4.8,0.6,44,64,No,Yes,PhD,Upper-Middle,Yes,Excellent,Low,6.42,69.84,Critical,79.0,56
EDU03372,Sanjay Patel,Male,23,IT,2,91.7,4.6,6.8,8,8,85.9,88.9,83.7,86.0,93.6,8.89,9.12,0,114,11,3.5,0.4,44,64,Yes,Yes,PG,Middle,Yes,Excellent,Low,8.62,77.08,Low,86.4,65
EDU03373,Sanjay Das,Female,18,AIDS,5,78.1,2.6,5.2,9,7,63.1,59.0,60.4,62.7,60.7,5.54,5.99,3,158,13,2.2,2.5,80,77,Yes,Yes,UG,Upper-Middle,Yes,Excellent,High,6.08,94.84,Critical,85.5,40
EDU03374,Meera Sharma,Male,19,AI&DS,4,81.3,5.9,5.8,4,4,88.8,93.0,88.4,92.3,98.9,8.02,7.61,0,99,14,0.6,2.8,47,85,No,Yes,Diploma,Middle,Yes,Good,Medium,9.01,71.12,Moderate,84.4,81
EDU03375,Vihaan Sharma,Male,22,IT,8,73.1,5.0,8.4,4,5,89.6,89.1,89.0,92.4,93.8,8.1,7.78,0,205,34,1.4,0.3,80,57,Yes,Yes,School,Upper-Middle,Yes,Excellent,High,8.92,102.24,Moderate,62.1,85
EDU03376,Sanjay Reddy,Male,23,AIDS,1,98.1,2.9,5.9,7,4,86.7,82.2,82.8,85.1,89.6,7.47,7.97,0,177,3,4.6,2.2,73,98,Yes,Yes,School,Upper-Middle,Yes,Poor,High,8.39,103.84,Moderate,100.0,61
EDU03377,Keerthi Sharma,Female,20,ECE,7,90.5,5.5,5.7,2,10,92.8,91.8,88.4,95.2,100.0,8.14,8.66,0,55,13,1.0,2.6,57,74,No,Yes,School,Low,Yes,Poor,Low,9.1,70.0,Low,87.3,79
EDU03378,Aarav Kumar,Female,20,CIVIL,5,79.0,3.9,8.4,10,5,79.2,84.6,78.2,78.6,82.7,8.25,7.86,0,217,24,4.1,1.8,99,46,No,Yes,School,High,No,Average,High,8.07,114.6,Moderate,75.8,84
EDU03379,Diya Nair,Female,19,CSE,4,94.5,1.0,7.4,8,8,69.9,74.7,71.6,71.6,77.3,6.27,6.05,1,23,39,2.2,1.2,75,56,Yes,Yes,School,Middle,Yes,Poor,Medium,7.21,72.4,High,97.4,68
EDU03380,Aditya Verma,Male,20,MECH,2,91.8,5.6,5.9,6,7,97.0,99.1,100.0,95.6,100.0,10.0,9.58,0,121,1,1.1,1.4,84,53,Yes,No,UG,Low,Yes,Excellent,Low,9.87,94.52,Low,89.9,85
EDU03381,Ananya Patel,Female,24,AIDS,2,79.1,1.9,7.7,3,3,60.6,62.5,60.1,57.9,57.3,6.13,5.68,4,145,23,1.4,0.7,81,69,Yes,Yes,PhD,Middle,Yes,Average,Low,6.11,93.04,Critical,66.4,55
EDU03382,Arjun Das,Male,17,ECE,8,70.3,2.1,7.3,1,6,57.1,55.0,53.4,47.4,45.4,5.32,4.86,2,198,14,0.8,0.5,83,53,Yes,Yes,School,Low,Yes,Poor,Medium,5.52,100.92,High,70.4,55
EDU03383,Diya Verma,Male,20,AI&DS,7,77.0,5.2,7.6,1,9,91.7,91.7,88.1,89.3,91.6,7.96,8.47,0,212,31,0.1,0.5,93,80,Yes,Yes,UG,High,Yes,Excellent,Medium,9.05,110.4,Low,74.5,71
EDU03384,Ananya Das,Male,19,AIDS,7,97.8,5.0,8.0,2,9,96.6,95.2,96.5,100.0,100.0,10.0,10.0,0,140,9,4.4,1.2,57,94,No,Yes,PhD,Low,Yes,Average,High,9.61,89.92,Low,93.6,81
EDU03385,Arjun Patel,Male,19,IT,2,91.9,4.5,8.4,2,10,83.2,85.6,82.8,80.8,88.9,9.14,9.69,0,82,37,2.8,1.5,57,91,No,Yes,School,Middle,No,Excellent,Medium,8.39,75.96,Low,83.0,84
EDU03386,Sai Singh,Female,19,IT,8,86.7,6.0,7.4,8,6,95.9,86.7,88.6,88.5,96.1,9.74,9.41,0,52,2,4.1,1.8,82,73,No,Yes,PG,Middle,Yes,Good,High,9.04,77.88,Low,81.6,75
EDU03387,Harish Das,Male,24,IT,3,74.2,3.7,5.7,2,7,69.9,69.6,68.0,67.4,62.8,7.46,7.83,0,148,24,0.9,1.3,69,63,No,Yes,Diploma,Upper-Middle,Yes,Average,Low,6.92,86.88,Low,74.8,56
EDU03388,Aishwarya Reddy,Female,18,AI&DS,5,91.9,2.1,7.7,7,7,68.5,62.2,67.9,66.2,73.2,7.12,7.46,0,135,16,3.1,1.7,45,55,Yes,Yes,School,Low,Yes,Poor,Medium,6.62,81.76,Moderate,100.0,68
EDU03389,Diya Kumar,Female,24,ECE,7,92.7,2.0,8.0,5,5,69.4,72.6,67.5,60.6,69.5,6.6,7.13,0,128,11,4.0,2.1,99,90,No,Yes,PG,Middle,Yes,Poor,High,6.98,102.28,Moderate,93.7,64
EDU03390,Sanjay Singh,Male,23,EEE,3,82.9,3.5,6.4,6,10,82.7,79.6,82.5,87.4,92.4,8.83,9.14,0,218,16,1.5,1.6,68,74,No,Yes,PhD,High,Yes,Average,Low,8.16,103.96,Low,71.4,80
EDU03391,Meera Singh,Male,24,CIVIL,2,82.8,5.4,5.2,5,5,88.2,84.9,86.0,89.0,94.4,8.26,8.15,1,115,4,2.1,2.5,52,90,No,Yes,UG,Upper-Middle,Yes,Average,High,8.64,76.92,Moderate,80.2,94
EDU03392,Harish Sharma,Female,17,MECH,3,81.4,5.5,6.7,1,4,99.6,100.0,98.6,93.2,90.3,10.0,10.0,0,189,9,0.1,2.8,44,84,No,Yes,PhD,Low,Yes,Average,Low,9.94,87.96,Low,86.7,100
EDU03393,Meera Verma,Female,19,IT,3,98.0,2.1,5.1,1,6,75.0,82.9,83.7,82.5,87.3,8.1,7.74,0,117,31,4.2,2.9,67,46,No,Yes,UG,High,Yes,Good,Low,8.05,89.4,Low,93.8,74
EDU03394,Riya Patel,Female,19,CIVIL,5,78.5,1.3,6.8,8,4,57.4,62.1,54.8,52.6,59.8,5.23,5.57,3,70,33,3.3,2.9,52,100,Yes,No,Diploma,Low,Yes,Poor,High,5.81,66.2,Critical,87.5,34
EDU03395,Riya Nair,Female,19,IT,1,94.0,3.1,7.3,8,3,75.7,79.5,76.1,76.0,84.1,7.56,7.51,0,131,17,3.9,3.0,76,43,No,No,Diploma,Middle,No,Excellent,Medium,7.71,94.2,Moderate,95.3,73
EDU03396,Sanjay Patel,Female,24,ECE,7,93.0,5.2,5.2,1,7,100.0,100.0,98.8,95.7,93.8,9.06,9.17,0,195,35,1.2,1.6,62,75,No,Yes,PhD,Low,Yes,Good,Low,9.96,101.0,Low,82.1,78
EDU03397,Vihaan Sharma,Female,22,IT,7,90.7,3.2,7.9,10,8,76.7,67.9,69.4,66.0,69.6,7.18,7.08,0,125,13,2.4,0.8,74,43,No,Yes,PhD,Low,Yes,Excellent,Medium,7.13,90.88,Moderate,80.6,68
EDU03398,Keerthi Iyer,Male,24,ECE,5,77.8,5.5,5.9,4,6,99.0,100.0,100.0,100.0,95.0,9.88,9.57,0,196,35,3.8,0.9,62,93,No,Yes,School,Middle,Yes,Good,Low,9.97,95.12,Low,80.6,77
EDU03399,Vihaan Reddy,Male,18,AI&DS,5,78.8,2.2,7.9,4,5,69.6,64.9,63.7,70.5,75.3,6.52,7.04,0,182,29,1.8,2.1,70,75,No,Yes,PhD,Upper-Middle,Yes,Poor,High,6.61,95.92,Moderate,67.0,70
EDU03400,Ananya Verma,Female,22,EEE,3,68.4,5.4,6.7,3,9,89.6,97.0,89.9,85.3,85.1,8.16,8.62,0,164,10,3.4,0.7,94,40,No,Yes,UG,High,Yes,Good,Medium,9.22,97.76,Low,63.4,75
EDU03401,Aditya Gupta,Male,19,ECE,3,97.6,3.5,6.9,3,10,84.0,78.8,84.7,78.0,81.5,8.8,8.55,0,39,40,4.2,1.5,71,40,No,Yes,PG,Low,Yes,Poor,Medium,8.25,75.24,Low,93.0,90
EDU03402,Sneha Iyer,Female,22,IT,2,80.6,1.3,7.2,5,7,54.7,56.5,50.9,49.9,55.5,5.36,5.62,3,214,34,2.6,0.3,41,91,No,No,PG,Low,Yes,Good,Medium,5.4,91.44,Critical,77.0,61
EDU03403,Diya Kumar,Male,23,ECE,6,83.2,4.7,5.9,10,9,88.1,90.8,91.3,92.1,91.2,10.0,9.54,0,54,13,4.9,2.1,55,72,No,Yes,PG,Middle,Yes,Average,Low,9.01,66.08,Low,79.0,100
EDU03404,Diya Nair,Female,20,CSE,8,64.5,5.7,8.3,1,3,80.7,77.5,81.5,77.1,76.6,8.02,8.27,0,33,14,2.1,2.9,63,61,No,Yes,PG,Low,Yes,Excellent,Medium,7.99,57.6,Low,66.8,73
EDU03405,Priya Sharma,Female,18,CSE,4,84.5,2.2,7.3,5,6,64.8,66.9,61.7,67.6,64.0,6.78,6.84,1,65,35,3.3,1.6,44,89,No,Yes,PhD,Low,No,Average,Medium,6.45,64.4,Moderate,82.3,62
EDU03406,Pooja Das,Female,21,MECH,8,74.8,5.0,7.7,10,7,85.6,80.2,83.4,83.5,88.4,7.71,7.54,0,24,34,2.1,1.8,97,78,No,Yes,PG,Upper-Middle,Yes,Good,Medium,8.31,73.52,Moderate,68.3,69
EDU03407,Meera Gupta,Female,19,AI&DS,5,69.2,3.8,5.1,1,8,70.3,63.5,69.7,62.7,64.2,6.7,6.58,1,177,31,4.5,0.3,71,46,Yes,Yes,School,Middle,Yes,Poor,Medium,6.78,91.48,Moderate,75.1,64
EDU03408,Pooja Sharma,Female,19,AIDS,8,75.5,4.3,7.8,8,3,75.9,77.1,78.8,82.6,85.6,7.59,7.15,0,144,30,4.6,0.7,57,72,Yes,Yes,PG,Middle,Yes,Poor,High,7.73,81.8,Moderate,71.7,54
EDU03409,Pooja Das,Male,21,AI&DS,8,72.6,3.5,6.5,6,6,69.2,69.6,67.5,70.1,74.4,7.62,7.42,1,207,27,2.4,2.9,41,73,Yes,Yes,UG,High,Yes,Good,High,6.88,86.84,High,63.4,69
EDU03410,Sai Reddy,Male,20,CSE,6,78.7,2.7,7.9,10,3,64.5,58.9,56.7,63.7,69.8,6.65,6.15,1,196,38,0.6,1.2,58,49,No,No,School,High,Yes,Average,Low,6.0,93.88,High,90.2,60
EDU03411,Keerthi Iyer,Female,21,ECE,3,99.8,1.8,7.9,10,3,76.7,80.9,76.0,80.3,79.8,6.69,6.26,1,124,15,2.9,0.4,72,50,Yes,Yes,PG,High,Yes,Excellent,Low,7.79,93.52,High,83.4,64
EDU03412,Arjun Reddy,Female,21,MECH,1,69.8,3.4,8.3,9,7,73.5,67.1,71.2,77.1,74.1,7.92,7.87,1,40,30,4.5,0.2,48,46,No,Yes,School,Middle,Yes,Average,High,7.06,55.12,High,74.7,54
EDU03413,Vihaan Nair,Female,23,IT,4,77.2,3.5,5.4,8,10,68.1,64.8,66.7,74.4,73.5,6.22,6.59,1,78,27,4.1,1.7,99,68,Yes,Yes,UG,Upper-Middle,Yes,Good,Low,6.65,86.08,High,82.9,50
EDU03414,Meera Patel,Male,23,AIDS,5,89.1,3.5,8.0,3,10,78.8,80.1,77.7,71.0,77.9,8.19,7.86,1,94,18,4.0,1.1,40,72,No,Yes,School,High,Yes,Average,Medium,7.89,70.44,Moderate,77.7,85
EDU03415,Rahul Nair,Female,19,MECH,2,85.8,2.7,7.5,5,6,78.0,72.6,70.6,73.9,79.9,6.94,6.45,1,123,39,0.4,1.5,89,96,Yes,Yes,UG,Low,Yes,Average,High,7.37,94.52,High,85.1,53
EDU03416,Keerthi Verma,Female,24,IT,2,92.7,3.7,8.3,9,7,80.2,73.0,80.7,78.8,76.1,8.0,8.4,0,94,1,3.2,1.7,92,49,Yes,Yes,PhD,Middle,Yes,Poor,Low,7.8,92.68,Moderate,90.9,81
EDU03417,Sai Reddy,Female,18,CSE,4,72.5,1.7,6.2,3,9,59.1,66.5,63.4,62.3,61.5,5.94,5.76,3,172,22,2.9,0.6,43,67,No,Yes,PhD,High,Yes,Average,High,6.3,80.6,Critical,82.5,21
EDU03418,Aditya Sharma,Male,21,EEE,3,97.5,2.0,6.5,6,3,72.5,63.1,66.5,62.5,59.3,5.71,5.32,3,63,21,0.2,1.4,92,54,Yes,No,PhD,Middle,Yes,Good,Low,6.74,88.4,Critical,100.0,47
EDU03419,Diya Nair,Male,20,AIDS,1,85.7,4.4,7.3,1,6,93.0,88.8,88.6,94.7,100.0,8.76,8.43,1,117,23,3.8,0.3,73,74,No,No,UG,Middle,Yes,Good,Medium,9.01,86.88,Moderate,72.2,67
EDU03420,Rahul Iyer,Female,20,CIVIL,3,94.4,5.5,7.5,3,3,100.0,99.8,100.0,96.1,100.0,9.63,9.71,0,183,31,0.8,0.8,77,42,No,Yes,Diploma,Middle,Yes,Average,Medium,9.99,105.16,Low,85.5,89
EDU03421,Ananya Nair,Male,20,CSE,4,74.2,3.9,5.5,1,4,79.1,82.3,77.1,70.6,65.9,8.45,8.55,0,210,36,2.8,0.5,90,85,Yes,Yes,UG,Low,Yes,Good,High,7.95,107.68,Low,80.2,88
EDU03422,Rahul Reddy,Female,23,CSE,7,96.0,1.8,6.4,1,8,72.4,69.4,71.0,69.6,69.3,8.09,8.68,0,188,36,1.2,2.4,73,94,Yes,Yes,School,Upper-Middle,Yes,Excellent,Low,7.09,105.2,Low,100.0,73
EDU03423,Meera Reddy,Female,19,AIDS,5,80.2,4.3,5.2,2,5,76.4,68.9,67.8,66.7,66.9,6.96,7.04,1,202,17,4.6,2.2,64,76,No,Yes,Diploma,Low,Yes,Poor,Low,7.1,98.08,Moderate,72.2,71
EDU03424,Nithin Sharma,Male,22,AIDS,1,78.7,3.7,5.3,4,9,72.8,66.8,67.7,61.8,63.5,7.27,7.25,0,121,21,4.3,2.6,73,71,Yes,Yes,School,Middle,No,Average,Medium,6.91,84.88,Low,77.0,67
EDU03425,Harish Gupta,Male,19,ECE,4,83.8,5.5,6.2,7,7,88.0,95.3,89.1,96.8,94.5,8.73,8.56,0,200,13,2.0,0.8,70,99,Yes,Yes,UG,Low,Yes,Poor,Low,9.08,101.52,Low,83.0,57
EDU03426,Nisha Singh,Female,18,AI&DS,6,100.0,2.7,5.3,8,8,79.0,84.4,84.1,77.9,79.4,8.67,8.24,0,59,10,4.9,1.6,40,71,Yes,Yes,PG,Middle,Yes,Average,High,8.25,67.8,Low,100.0,48
EDU03427,Arjun Reddy,Male,19,EEE,7,82.1,4.8,6.7,9,4,93.3,87.0,93.9,87.5,89.9,8.57,8.1,0,177,23,3.7,1.9,84,54,No,Yes,School,Middle,Yes,Excellent,Medium,9.14,101.84,Moderate,80.1,67
EDU03428,Meera Das,Female,23,AIDS,6,81.7,4.9,7.5,7,10,85.8,89.6,88.8,95.0,97.3,8.56,8.27,0,201,21,1.0,0.5,52,75,No,Yes,School,Low,Yes,Average,Medium,8.81,93.68,Low,77.9,40
EDU03429,Vihaan Patel,Female,21,ECE,3,86.0,5.6,6.1,3,6,100.0,90.8,92.0,85.1,86.7,9.38,9.51,0,50,19,1.9,0.4,66,42,Yes,Yes,School,Upper-Middle,Yes,Poor,Medium,9.43,70.8,Low,86.5,87
EDU03430,Priya Patel,Male,24,AIDS,2,71.9,3.4,5.1,4,4,68.4,69.9,72.3,72.3,76.1,6.41,6.51,1,195,39,1.9,0.3,87,54,Yes,Yes,UG,High,Yes,Average,High,7.02,102.56,High,73.2,65
EDU03431,Sneha Das,Male,20,AIDS,2,66.6,4.3,5.1,1,6,83.8,86.6,81.8,86.5,89.8,8.76,9.16,0,51,33,0.2,0.7,48,43,Yes,Yes,PG,Low,Yes,Good,High,8.41,56.04,Low,70.9,71
EDU03432,Keerthi Nair,Male,23,CSE,3,70.3,2.4,5.1,7,10,61.5,58.5,59.7,54.3,59.3,5.73,5.61,4,190,26,1.1,2.2,64,40,No,Yes,Diploma,Upper-Middle,Yes,Average,Low,5.99,91.72,Critical,63.2,57
EDU03433,Harish Reddy,Female,22,CSE,3,95.6,2.6,5.0,8,4,71.2,62.5,62.7,58.4,55.6,6.28,5.84,2,194,9,1.5,1.5,43,58,No,Yes,PG,Upper-Middle,Yes,Poor,High,6.55,94.24,Critical,100.0,66
EDU03434,Priya Verma,Female,18,AIDS,7,86.0,4.5,5.1,4,4,92.0,96.2,90.4,87.1,92.6,9.68,9.73,0,123,20,2.5,2.4,69,77,No,Yes,PhD,Upper-Middle,Yes,Good,High,9.29,86.6,Low,91.3,77
EDU03435,Harish Verma,Female,19,MECH,4,99.4,5.3,5.3,2,4,98.9,96.9,100.0,100.0,100.0,10.0,9.65,0,72,30,2.6,0.3,44,83,Yes,Yes,School,Upper-Middle,Yes,Excellent,Low,9.86,71.76,Low,100.0,76
EDU03436,Ananya Kumar,Female,23,AIDS,7,78.6,3.6,7.2,4,8,74.0,66.5,65.5,67.9,76.9,7.48,7.24,1,70,0,2.9,1.3,66,41,No,Yes,Diploma,High,Yes,Average,High,6.87,71.84,Moderate,93.7,60
EDU03437,Harish Kumar,Male,23,ECE,5,86.6,3.0,8.0,2,9,68.5,72.9,66.6,61.1,56.3,7.39,7.91,1,123,31,0.3,0.8,48,68,Yes,Yes,PG,Low,No,Good,Low,6.93,78.44,Moderate,85.3,79
EDU03438,Arjun Reddy,Male,23,ECE,5,87.5,3.6,7.5,5,8,85.0,84.3,88.3,91.6,88.9,8.36,8.61,0,82,15,2.0,2.9,55,99,Yes,Yes,PhD,Low,Yes,Excellent,Medium,8.59,73.4,Low,89.2,82
EDU03439,Arjun Singh,Female,19,CSE,4,87.7,4.0,6.4,3,4,85.0,83.6,82.5,80.8,84.3,7.28,7.65,0,183,13,3.6,1.5,66,56,No,Yes,Diploma,Upper-Middle,Yes,Poor,Medium,8.37,98.08,Low,100.0,74
EDU03440,Meera Patel,Female,24,ECE,8,66.1,3.8,5.5,1,10,74.5,81.4,76.2,79.2,74.9,8.29,8.35,1,81,33,0.1,2.8,52,63,No,Yes,PG,High,Yes,Excellent,Medium,7.74,63.44,Moderate,67.2,68
EDU03441,Vihaan Sharma,Female,24,IT,7,74.4,2.7,6.3,6,6,69.6,73.6,71.3,77.5,84.2,6.34,6.71,1,138,26,3.2,1.5,58,61,No,Yes,Diploma,High,Yes,Average,High,7.15,80.56,High,69.4,67
EDU03442,Rahul Sharma,Female,21,EEE,4,92.7,3.7,8.0,8,8,86.3,92.7,88.4,95.9,96.2,8.77,8.38,0,168,39,1.0,1.6,76,77,Yes,Yes,UG,Middle,No,Average,Medium,8.91,101.08,Low,93.2,73
EDU03443,Meera Sharma,Female,17,EEE,2,76.6,3.3,6.8,5,4,79.7,87.4,84.7,82.9,80.3,8.5,8.38,1,212,19,1.5,2.4,47,98,No,Yes,Diploma,Middle,Yes,Excellent,Medium,8.39,91.84,Moderate,84.1,69
EDU03444,Ananya Singh,Female,23,EEE,7,91.5,2.7,7.8,2,8,77.0,78.0,80.9,77.5,74.9,7.13,7.59,1,114,24,0.9,1.0,59,69,Yes,Yes,UG,Middle,Yes,Average,Medium,7.86,83.0,Moderate,95.4,57
EDU03445,Aishwarya Verma,Male,23,CIVIL,3,84.1,2.7,7.0,6,5,76.4,79.8,73.5,77.4,78.2,6.8,6.4,1,213,9,2.3,1.5,84,50,No,Yes,PhD,High,Yes,Excellent,High,7.66,109.84,High,84.3,45
EDU03446,Keerthi Reddy,Male,22,CSE,5,78.3,3.5,6.1,8,6,75.5,78.4,80.4,78.0,76.1,8.61,8.15,0,210,7,0.3,1.4,47,66,Yes,No,Diploma,Low,Yes,Average,Medium,7.81,92.12,Moderate,85.2,68
EDU03447,Keerthi Gupta,Female,24,CSE,2,81.3,4.6,5.8,3,3,78.5,76.2,81.2,86.5,96.0,7.59,7.53,0,24,23,0.7,1.1,48,100,No,Yes,UG,Middle,No,Excellent,Low,7.86,56.52,Moderate,81.7,51
EDU03448,Sneha Kumar,Female,18,MECH,2,94.8,2.9,6.5,2,5,78.9,74.9,79.8,83.4,80.8,7.56,7.52,1,148,38,3.4,2.8,73,48,No,Yes,School,Upper-Middle,Yes,Good,High,7.79,96.72,Moderate,100.0,79
EDU03449,Aditya Singh,Female,21,CIVIL,4,76.8,4.8,7.0,6,6,86.5,88.5,92.5,90.5,98.2,9.55,9.43,0,23,32,2.6,1.5,82,40,No,Yes,School,High,Yes,Average,Low,8.92,68.12,Low,82.2,84
EDU03450,Keerthi Nair,Male,18,MECH,2,91.7,2.7,8.2,8,5,76.1,68.1,68.9,75.5,85.4,6.92,6.79,2,73,1,0.1,1.7,53,65,Yes,Yes,PG,High,Yes,Poor,Medium,7.1,72.48,High,97.3,72
EDU03451,Sneha Das,Female,22,MECH,2,100.0,3.0,7.0,2,10,83.2,86.2,87.1,94.6,92.2,8.03,8.14,0,109,38,3.7,1.0,56,70,Yes,Yes,PhD,Upper-Middle,Yes,Poor,Low,8.55,84.2,Low,97.9,50
EDU03452,Nisha Gupta,Male,18,AI&DS,1,81.6,4.6,5.0,5,6,82.2,89.1,84.5,77.7,81.9,9.27,9.26,0,134,11,2.8,0.5,46,69,No,Yes,PhD,Middle,Yes,Excellent,Medium,8.53,77.84,Low,89.1,80
EDU03453,Keerthi Sharma,Male,24,CIVIL,2,77.3,3.0,7.5,7,9,69.1,61.2,64.9,72.4,81.9,6.41,6.53,1,31,7,2.2,2.5,72,54,No,Yes,PG,Upper-Middle,Yes,Good,High,6.51,65.92,High,75.5,61
EDU03454,Priya Sharma,Male,19,IT,8,82.7,5.7,5.9,7,10,100.0,100.0,100.0,97.2,100.0,9.7,9.41,0,118,14,2.1,2.8,44,53,No,Yes,PhD,Middle,Yes,Poor,Medium,10.0,74.28,Low,91.8,93
EDU03455,Meera Patel,Female,22,MECH,7,78.5,2.2,7.0,5,10,71.8,75.3,75.6,70.9,72.2,7.47,7.16,0,199,12,4.7,1.5,44,43,Yes,Yes,Diploma,Middle,Yes,Poor,Medium,7.42,88.8,Low,69.4,58
EDU03456,Rahul Das,Female,17,CSE,1,69.5,2.2,7.3,9,7,62.1,65.8,60.9,54.0,50.2,5.19,5.36,3,56,9,2.0,0.0,93,87,Yes,Yes,UG,Upper-Middle,Yes,Excellent,Medium,6.29,76.2,Critical,69.7,62
EDU03457,Priya Nair,Female,21,MECH,2,85.6,2.1,7.6,9,8,62.4,56.0,60.5,54.6,56.5,5.89,6.16,1,62,25,2.7,2.3,51,47,No,Yes,School,Low,Yes,Good,Low,5.96,67.04,High,84.4,39
EDU03458,Pooja Reddy,Female,24,IT,7,70.2,4.1,6.6,8,7,74.4,76.6,75.5,80.1,83.9,7.37,6.87,2,187,13,1.7,0.6,88,56,Yes,Yes,PhD,Upper-Middle,Yes,Average,Low,7.55,100.68,Critical,65.4,58
EDU03459,Keerthi Das,Female,18,AIDS,5,77.9,2.8,8.1,4,8,76.7,82.0,78.5,76.5,80.7,7.63,7.44,0,66,11,4.4,0.2,80,66,Yes,Yes,PhD,Low,Yes,Excellent,Medium,7.91,76.36,Low,75.7,58
EDU03460,Sai Patel,Male,20,ECE,2,82.2,1.5,5.5,5,6,68.3,74.3,72.3,70.2,75.5,7.8,8.09,0,56,11,0.8,1.8,44,87,Yes,Yes,PhD,Upper-Middle,Yes,Poor,Low,7.16,61.68,Low,72.3,46
EDU03461,Diya Reddy,Male,24,EEE,4,65.9,4.7,6.5,9,4,86.2,91.9,93.5,91.9,90.1,9.77,10.0,0,138,15,2.7,0.1,94,62,Yes,Yes,UG,Low,No,Excellent,Medium,9.05,91.56,Moderate,58.3,97
EDU03462,Priya Verma,Female,22,CSE,1,81.6,6.0,7.7,5,10,100.0,90.1,98.6,100.0,100.0,10.0,10.0,0,128,36,5.0,1.8,79,73,Yes,Yes,Diploma,Low,Yes,Average,Medium,9.62,89.84,Low,80.8,90
EDU03463,Ananya Sharma,Female,17,CSE,6,76.8,3.9,5.8,7,7,77.7,84.6,79.7,79.2,88.2,8.6,8.82,0,155,40,2.9,0.8,44,60,No,Yes,Diploma,Low,No,Excellent,High,8.07,79.32,Low,75.5,86
EDU03464,Karthik Verma,Male,17,IT,2,78.0,1.1,6.2,9,8,56.7,50.5,56.1,51.7,55.7,5.71,5.61,3,130,29,2.6,0.5,99,70,Yes,Yes,PG,Middle,Yes,Poor,Medium,5.44,96.8,Critical,70.3,50
EDU03465,Ananya Patel,Male,17,CSE,6,81.4,5.1,7.1,8,6,95.1,90.1,96.1,95.5,100.0,9.27,9.66,0,127,23,0.8,0.1,61,96,Yes,Yes,UG,Low,Yes,Good,High,9.38,82.36,Low,89.4,87
EDU03466,Aarav Singh,Female,17,IT,4,87.0,1.2,7.0,10,10,59.1,56.5,60.4,53.5,49.6,5.38,5.43,4,169,34,4.1,2.4,42,92,Yes,Yes,Diploma,Low,Yes,Average,Low,5.87,85.4,Critical,100.0,63
EDU03467,Ananya Kumar,Female,17,CSE,6,86.0,3.0,6.4,5,4,71.8,67.8,65.2,59.3,56.5,7.27,7.08,0,144,31,4.9,0.2,72,58,No,Yes,UG,Middle,Yes,Poor,Medium,6.83,92.0,Moderate,100.0,70
EDU03468,Pooja Patel,Male,17,EEE,7,96.1,2.7,7.4,3,6,72.5,67.3,73.6,80.0,88.8,8.07,7.66,1,40,13,4.0,2.3,63,86,No,Yes,PG,Middle,Yes,Poor,High,7.11,71.64,Moderate,94.0,69
EDU03469,Sanjay Reddy,Female,20,MECH,6,89.4,1.6,7.7,8,10,64.8,57.3,65.5,72.4,74.5,5.93,5.62,4,208,6,2.8,1.4,87,71,Yes,Yes,UG,Low,Yes,Good,High,6.25,112.16,Critical,81.4,53
EDU03470,Riya Patel,Female,21,CIVIL,7,85.3,4.1,5.1,8,7,90.9,88.7,93.1,91.9,89.2,8.85,8.81,0,166,28,3.0,1.0,85,86,No,Yes,PhD,Low,Yes,Excellent,High,9.09,101.32,Low,88.2,71
EDU03471,Pooja Verma,Female,17,AI&DS,4,62.1,4.0,7.2,2,10,71.3,78.6,77.1,78.6,78.2,6.88,7.0,0,188,33,0.3,2.8,78,83,Yes,Yes,School,Upper-Middle,Yes,Poor,Low,7.57,93.64,Low,56.7,84
EDU03472,Aishwarya Singh,Male,20,CIVIL,2,76.8,1.8,6.8,2,6,56.1,52.5,55.6,55.9,51.8,5.0,5.25,3,126,14,4.8,1.4,69,62,Yes,Yes,Diploma,Upper-Middle,Yes,Excellent,Low,5.47,83.52,Critical,90.1,45
EDU03473,Diya Singh,Male,18,MECH,1,92.4,2.0,5.9,10,7,76.5,70.5,73.7,80.8,87.2,6.61,6.75,2,102,26,1.1,1.5,75,43,No,Yes,UG,Low,Yes,Excellent,High,7.36,87.36,Critical,90.1,56
EDU03474,Ananya Gupta,Male,18,AIDS,6,69.1,4.8,6.0,7,5,76.0,80.8,83.4,81.9,91.8,9.26,9.24,0,125,26,0.3,2.6,78,84,Yes,No,PG,Middle,Yes,Poor,Low,8.01,83.84,Moderate,84.5,94
EDU03475,Vihaan Singh,Male,18,AI&DS,3,76.1,2.1,7.9,9,4,63.1,58.8,60.8,66.0,69.9,6.38,6.85,1,220,12,3.6,0.1,78,45,No,Yes,School,Upper-Middle,No,Good,Medium,6.09,105.64,High,67.0,87
EDU03476,Nithin Nair,Male,19,ECE,6,80.8,2.8,5.7,9,5,66.5,67.6,64.7,67.2,63.9,7.3,7.41,1,209,16,4.8,1.3,61,90,Yes,Yes,School,Upper-Middle,Yes,Excellent,High,6.63,98.52,High,69.2,71
EDU03477,Vihaan Nair,Female,20,AI&DS,4,74.0,5.1,6.5,5,6,83.5,74.4,82.7,78.3,73.7,7.77,8.32,0,207,3,3.0,2.4,87,61,No,Yes,PhD,Upper-Middle,Yes,Good,High,8.02,105.8,Low,79.4,55
EDU03478,Ananya Iyer,Male,18,AI&DS,6,91.6,2.7,7.4,10,4,75.3,74.2,72.2,75.7,74.5,7.67,7.79,0,218,38,0.1,0.1,48,70,No,Yes,UG,Low,Yes,Excellent,Low,7.39,99.44,Moderate,89.2,42
EDU03479,Sneha Singh,Male,18,CSE,5,88.1,2.4,7.6,8,7,66.1,66.2,62.4,63.8,69.9,5.72,5.24,2,24,13,3.3,1.4,51,91,No,Yes,UG,Upper-Middle,Yes,Average,Medium,6.49,60.44,Critical,92.3,46
EDU03480,Ananya Patel,Male,23,IT,4,83.1,4.7,6.6,2,5,86.9,89.1,92.2,96.0,100.0,9.58,9.34,0,176,22,2.5,0.9,46,67,Yes,Yes,PG,High,No,Good,Medium,8.94,86.84,Low,81.4,90
EDU03481,Arjun Iyer,Male,17,AI&DS,2,93.3,1.2,5.5,9,7,68.5,65.4,62.2,61.9,69.2,5.65,5.89,3,118,35,4.0,0.1,51,95,No,Yes,School,High,Yes,Good,Medium,6.54,81.32,Critical,89.1,51
EDU03482,Ananya Verma,Female,17,IT,3,76.1,2.1,8.1,7,10,71.0,68.4,66.3,68.6,70.2,7.21,6.96,1,101,33,3.0,2.4,65,47,No,Yes,PG,Low,Yes,Average,Low,6.86,76.64,High,68.4,38
EDU03483,Ananya Reddy,Male,24,CIVIL,2,68.6,3.2,7.1,1,9,73.3,65.8,70.6,69.6,66.9,7.67,8.0,0,57,0,1.0,1.8,48,99,Yes,No,PG,Low,Yes,Poor,Low,6.99,58.04,Low,59.6,73
EDU03484,Meera Nair,Female,22,IT,8,96.5,3.0,5.7,10,9,78.0,85.4,79.7,72.3,68.6,7.56,7.64,0,135,40,3.6,1.4,89,73,Yes,Yes,UG,Low,Yes,Poor,Medium,8.1,101.2,Moderate,100.0,74
EDU03485,Arjun Reddy,Male,18,EEE,3,93.1,2.3,5.3,4,3,72.5,76.4,70.5,68.7,64.1,6.95,7.21,0,30,26,3.6,0.3,90,49,No,Yes,UG,Low,Yes,Excellent,Low,7.31,79.24,Moderate,100.0,52
EDU03486,Keerthi Patel,Male,24,IT,8,77.3,5.7,5.1,6,8,97.8,89.4,94.8,91.5,98.8,8.9,8.85,0,128,9,3.5,0.5,46,52,No,Yes,Diploma,Upper-Middle,Yes,Average,Low,9.4,74.92,Low,73.4,84
EDU03487,Pooja Gupta,Male,21,MECH,1,82.5,4.6,7.8,8,7,90.6,90.0,87.5,91.4,93.2,8.45,8.99,0,172,19,4.8,1.8,53,54,Yes,Yes,PhD,High,Yes,Poor,Low,8.94,88.6,Low,75.1,100
EDU03488,Pooja Reddy,Male,22,IT,8,78.7,5.5,5.2,1,9,91.4,86.9,86.5,85.1,94.8,9.1,9.4,0,191,33,3.8,1.6,60,76,No,Yes,PhD,Low,Yes,Poor,Medium,8.83,93.68,Low,73.9,98
EDU03489,Pooja Das,Male,18,AI&DS,6,74.8,5.8,7.9,1,10,85.5,86.2,86.8,87.1,93.2,8.64,8.47,1,74,1,4.2,1.4,84,93,No,Yes,UG,Upper-Middle,No,Average,High,8.62,78.32,Moderate,73.8,92
EDU03490,Karthik Sharma,Male,24,AI&DS,5,81.6,5.9,8.0,6,4,100.0,100.0,99.9,100.0,100.0,10.0,9.64,0,59,13,1.6,1.7,58,83,Yes,Yes,PG,Upper-Middle,Yes,Poor,High,10.0,67.64,Low,81.9,71
EDU03491,Riya Reddy,Male,21,MECH,4,88.3,5.6,6.2,8,3,100.0,97.6,94.0,90.3,96.1,9.07,9.51,0,142,35,4.3,2.3,62,58,No,Yes,Diploma,Low,Yes,Excellent,High,9.72,88.52,Low,99.6,70
EDU03492,Rahul Gupta,Female,23,ECE,8,97.9,5.7,8.4,10,7,98.3,94.0,91.8,99.8,100.0,9.08,8.62,0,195,18,4.3,2.8,74,81,No,Yes,PG,Middle,Yes,Good,High,9.47,107.76,Moderate,92.8,79
EDU03493,Ananya Das,Male,19,AI&DS,3,58.4,1.4,7.0,2,7,48.6,45.0,47.2,47.2,51.6,4.61,4.92,4,62,9,0.7,0.0,81,74,No,Yes,School,High,Yes,Excellent,Medium,4.69,68.16,Critical,58.1,38
EDU03494,Diya Gupta,Female,23,CIVIL,8,64.1,1.8,7.0,6,8,52.4,51.8,54.3,56.0,53.6,5.02,4.99,2,205,28,1.8,2.3,69,78,No,Yes,PG,Upper-Middle,Yes,Average,Medium,5.28,94.24,Critical,70.2,45
EDU03495,Priya Reddy,Male,23,MECH,8,100.0,1.2,7.2,4,4,63.0,62.5,59.6,66.1,71.7,5.63,5.97,4,48,14,1.4,0.5,65,99,No,Yes,PG,Upper-Middle,Yes,Excellent,Low,6.17,75.6,Critical,100.0,66
EDU03496,Meera Kumar,Female,20,AIDS,7,92.6,2.4,6.7,3,6,71.7,72.5,75.7,71.5,71.2,7.81,7.72,0,126,17,4.7,0.2,91,89,No,Yes,Diploma,High,No,Excellent,High,7.33,98.64,Low,92.9,55
EDU03497,Sneha Nair,Male,22,IT,1,84.0,3.1,7.9,5,5,69.4,76.5,69.1,72.7,82.7,6.76,6.85,1,177,27,3.2,0.9,83,73,No,No,Diploma,Middle,Yes,Average,Low,7.17,102.2,Moderate,69.4,70
EDU03498,Harish Das,Female,19,AIDS,1,87.6,3.6,7.5,5,10,73.8,72.3,77.4,73.9,71.6,7.82,8.35,0,28,15,4.3,2.3,55,58,Yes,Yes,Diploma,Low,Yes,Excellent,High,7.45,62.64,Low,91.1,74
EDU03499,Sai Sharma,Male,17,IT,4,67.5,1.3,7.8,4,3,51.6,58.4,52.0,48.5,45.3,6.1,5.81,3,97,3,4.6,0.4,43,72,Yes,Yes,PhD,Low,Yes,Poor,High,5.4,63.6,Critical,57.6,67
EDU03500,Rahul Nair,Male,20,CSE,3,81.9,3.0,7.8,6,6,71.9,74.4,75.0,75.0,74.0,7.23,6.87,1,163,28,4.4,1.8,45,70,No,Yes,PG,High,Yes,Good,Medium,7.38,83.36,High,78.5,64
EDU03501,Nithin Reddy,Male,18,CSE,8,90.7,5.1,5.7,10,5,88.5,86.0,88.0,88.2,91.8,9.64,9.38,0,95,10,4.3,2.6,54,47,No,Yes,PG,Low,Yes,Good,High,8.75,76.88,Moderate,98.4,95
EDU03502,Karthik Reddy,Male,18,IT,1,87.6,1.4,8.2,8,6,60.9,63.8,61.2,59.2,68.4,6.02,6.25,1,50,20,0.5,1.9,58,84,Yes,Yes,Diploma,Middle,Yes,Poor,Medium,6.2,68.24,High,81.5,48
EDU03503,Nithin Kumar,Male,22,CIVIL,4,59.2,1.2,5.4,6,4,49.3,41.2,45.1,44.4,45.9,4.5,5.0,4,177,3,2.0,2.3,48,63,Yes,Yes,PhD,Middle,Yes,Poor,High,4.52,78.28,Critical,55.1,48
EDU03504,Harish Verma,Male,21,IT,2,97.7,1.4,5.1,1,5,68.3,66.9,66.8,70.5,70.3,7.45,7.2,0,88,20,4.7,0.8,90,100,No,Yes,PhD,Middle,Yes,Average,Low,6.73,92.68,Low,96.9,65
EDU03505,Harish Verma,Male,23,EEE,6,80.3,4.1,7.4,7,5,74.9,80.2,82.5,79.4,78.9,7.82,8.24,0,49,6,3.4,2.6,46,47,Yes,Yes,School,Upper-Middle,Yes,Poor,Low,7.92,60.32,Moderate,81.6,59
EDU03506,Aarav Das,Male,23,MECH,7,83.7,4.6,6.1,7,6,84.1,76.6,80.5,88.1,92.1,7.99,7.69,0,132,25,2.3,1.4,85,42,No,Yes,PhD,Upper-Middle,Yes,Excellent,Medium,8.04,93.88,Moderate,86.6,78
EDU03507,Pooja Patel,Female,18,CIVIL,5,71.9,5.7,8.0,3,3,86.1,77.2,81.4,77.6,87.5,8.63,8.94,0,171,36,4.3,2.7,51,54,No,Yes,UG,High,Yes,Good,Medium,8.16,83.36,Low,70.9,86
EDU03508,Aishwarya Verma,Female,18,ECE,5,83.7,1.2,7.2,3,5,56.8,64.3,65.0,59.2,55.4,7.31,7.77,1,29,3,1.7,2.9,72,97,Yes,Yes,PhD,Upper-Middle,Yes,Average,Medium,6.2,68.08,Moderate,82.7,62
EDU03509,Harish Kumar,Female,17,AIDS,3,86.1,1.3,6.7,7,8,62.5,57.1,60.3,57.9,59.4,5.12,5.64,3,92,25,4.2,1.6,84,49,No,Yes,Diploma,High,No,Good,Low,6.0,86.44,Critical,83.5,56
EDU03510,Aishwarya Singh,Female,22,ECE,4,69.6,4.4,6.3,10,4,75.8,79.9,77.5,70.6,78.3,8.04,7.71,0,64,9,2.0,1.4,68,59,No,Yes,Diploma,Upper-Middle,Yes,Good,Medium,7.77,67.84,Moderate,58.9,91
EDU03511,Harish Das,Male,19,AIDS,7,83.1,2.0,8.3,2,5,63.9,66.4,62.7,67.4,67.7,6.52,6.46,2,170,19,2.1,0.8,74,55,Yes,Yes,PG,Low,Yes,Poor,Low,6.43,96.84,High,94.9,71
EDU03512,Keerthi Das,Male,20,MECH,2,88.8,5.6,6.4,10,4,97.3,97.1,92.6,99.7,95.8,9.81,9.72,0,111,16,0.3,2.4,82,94,No,Yes,UG,High,Yes,Poor,High,9.57,90.52,Moderate,97.1,76
EDU03513,Karthik Das,Female,20,EEE,2,86.0,5.3,6.4,8,9,98.8,93.6,97.3,100.0,96.6,10.0,10.0,0,126,5,4.9,2.0,99,74,Yes,Yes,School,Low,Yes,Good,Low,9.66,99.2,Low,89.2,89
EDU03514,Aarav Singh,Male,20,IT,7,91.1,1.1,6.4,3,9,64.6,62.8,66.9,59.0,54.4,7.11,6.65,1,119,15,4.0,1.3,94,96,Yes,Yes,UG,Middle,Yes,Average,Medium,6.48,97.84,Moderate,100.0,56
EDU03515,Vihaan Das,Male,20,IT,2,79.8,5.4,8.0,7,5,95.9,87.4,95.9,90.6,98.9,9.95,10.0,0,110,20,2.4,1.9,52,48,No,Yes,School,High,Yes,Excellent,Low,9.31,74.72,Low,84.2,99
EDU03516,Nithin Iyer,Male,19,ECE,4,77.9,3.4,5.7,10,3,76.3,83.2,83.3,75.3,82.3,8.3,8.68,0,194,0,0.6,3.0,78,61,No,Yes,PhD,Upper-Middle,No,Excellent,Low,8.09,101.16,Moderate,58.6,78
EDU03517,Karthik Gupta,Male,18,EEE,1,69.3,3.6,5.5,10,8,79.5,87.3,86.0,82.5,79.3,9.45,9.76,0,76,28,3.7,1.0,44,63,No,No,Diploma,High,Yes,Poor,Low,8.43,60.52,Moderate,77.2,84
EDU03518,Priya Das,Female,18,EEE,6,62.2,1.4,8.3,2,6,44.7,48.8,45.8,51.3,54.4,5.38,5.96,4,70,37,3.4,2.0,89,40,No,Yes,PG,Low,Yes,Good,High,4.64,74.48,Critical,73.1,62
EDU03519,Priya Patel,Female,17,IT,8,85.8,3.5,5.6,4,4,83.3,83.1,79.2,79.5,81.6,8.43,8.35,1,64,28,1.7,1.0,90,80,Yes,Yes,PG,Low,No,Average,Medium,8.19,83.12,Moderate,76.3,67
EDU03520,Aditya Reddy,Male,17,CSE,8,77.5,3.1,5.1,3,3,76.7,76.4,78.6,73.2,70.5,7.15,6.79,1,90,9,1.7,0.5,49,67,No,Yes,PhD,Low,Yes,Poor,Low,7.72,68.6,Moderate,79.3,63
EDU03521,Aditya Reddy,Male,21,CIVIL,2,63.8,3.3,7.5,10,9,66.4,70.7,66.9,68.3,69.4,7.5,7.37,0,53,10,2.6,1.0,91,47,No,Yes,School,Middle,No,Average,Medium,6.8,72.52,Moderate,69.1,53
EDU03522,Diya Nair,Female,24,CSE,2,84.8,4.1,7.1,6,10,86.0,93.1,94.3,89.4,89.6,8.54,8.56,0,198,25,1.4,2.0,89,51,Yes,Yes,UG,Low,Yes,Good,Medium,9.11,109.12,Low,88.0,66
EDU03523,Aishwarya Verma,Female,24,CSE,5,85.5,1.6,7.1,8,6,63.4,69.1,67.2,65.4,63.4,6.32,6.84,1,119,5,4.9,0.1,45,52,Yes,No,UG,Upper-Middle,Yes,Excellent,Low,6.66,76.0,High,82.9,73
EDU03524,Harish Sharma,Female,22,MECH,2,83.1,1.6,7.7,3,5,67.3,61.1,66.2,62.6,65.7,5.96,5.92,2,129,1,4.3,0.0,92,56,Yes,Yes,School,High,Yes,Average,High,6.49,95.84,High,94.4,74
EDU03525,Nisha Iyer,Female,19,AIDS,6,91.4,4.7,5.5,4,3,94.1,84.8,85.9,88.2,90.7,9.41,9.0,0,83,7,4.6,0.5,98,42,No,Yes,PhD,Low,Yes,Poor,Medium,8.83,92.36,Low,88.3,88
EDU03526,Riya Iyer,Female,17,ECE,5,66.4,2.4,6.7,1,8,58.8,48.8,55.0,57.1,63.3,4.65,4.66,2,32,18,4.8,1.1,66,96,Yes,Yes,PG,Upper-Middle,Yes,Excellent,Low,5.42,59.36,High,65.2,54
EDU03527,Nithin Patel,Male,21,IT,4,96.4,5.8,6.8,10,5,95.0,100.0,92.6,84.8,85.9,9.08,9.09,0,195,17,1.7,2.0,71,72,No,Yes,School,High,Yes,Excellent,Low,9.59,105.96,Moderate,97.0,85
EDU03528,Diya Kumar,Female,18,CIVIL,3,67.0,3.0,5.4,3,5,69.9,61.8,62.7,64.5,62.9,5.4,5.78,2,30,30,3.8,1.4,100,84,No,Yes,Diploma,Low,Yes,Average,Medium,6.48,72.8,Critical,57.5,63
EDU03529,Rahul Verma,Female,24,ECE,8,64.1,2.6,8.4,9,7,56.7,63.2,56.8,57.1,65.6,4.97,4.47,4,195,4,2.1,0.5,58,96,Yes,Yes,PG,Low,No,Good,High,5.89,87.84,Critical,72.3,37
EDU03530,Karthik Reddy,Male,17,EEE,7,93.4,3.1,5.2,3,10,80.5,88.1,81.6,77.8,81.8,7.9,8.17,0,111,24,4.6,1.4,41,48,Yes,Yes,Diploma,Middle,Yes,Average,Low,8.34,75.96,Low,100.0,92
EDU03531,Rahul Patel,Female,22,IT,1,68.4,5.3,7.3,2,10,78.5,72.7,76.1,68.4,68.9,7.98,8.01,0,113,35,2.6,2.7,82,48,No,Yes,School,High,Yes,Average,High,7.58,82.76,Low,61.9,80
EDU03532,Sneha Sharma,Male,21,AI&DS,6,70.1,2.1,8.2,8,5,55.2,55.1,53.0,47.3,48.2,5.03,5.39,4,149,1,1.8,2.6,42,81,No,Yes,School,High,No,Excellent,Medium,5.44,74.64,Critical,66.2,62
EDU03533,Aishwarya Nair,Male,18,CSE,1,85.2,5.8,8.3,6,5,100.0,100.0,100.0,100.0,95.1,10.0,10.0,0,205,24,4.2,0.8,55,92,No,Yes,PhD,Low,Yes,Good,Medium,10.0,97.08,Low,81.3,65
EDU03534,Nisha Iyer,Male,22,CIVIL,4,80.1,4.4,6.7,2,9,83.6,75.1,81.8,82.1,80.6,7.85,8.27,0,203,22,3.7,0.4,43,93,No,Yes,PhD,Low,Yes,Average,High,8.02,89.84,Low,88.8,74
EDU03535,Riya Sharma,Male,24,EEE,5,100.0,2.9,7.2,6,9,77.8,76.9,78.7,79.3,88.1,8.19,8.62,0,217,36,3.3,0.5,55,40,No,Yes,PG,Upper-Middle,Yes,Average,High,7.78,105.4,Low,100.0,72
EDU03536,Sai Reddy,Male,24,AIDS,8,78.1,4.7,7.7,3,4,87.9,89.2,91.0,96.2,97.0,8.81,8.33,1,46,29,1.6,1.7,53,73,No,Yes,Diploma,Low,Yes,Excellent,High,8.94,61.64,Moderate,74.8,78
EDU03537,Sai Singh,Male,23,CIVIL,5,78.3,4.6,7.1,3,6,79.6,84.2,80.2,75.6,71.5,7.96,8.19,0,172,31,3.0,1.2,53,72,Yes,Yes,School,High,Yes,Average,High,8.13,86.92,Low,57.3,88
EDU03538,Arjun Sharma,Male,20,IT,5,80.5,4.6,8.1,3,6,84.5,82.6,86.4,81.7,78.9,8.65,8.88,0,193,37,4.1,1.6,83,49,Yes,Yes,School,Middle,Yes,Good,Medium,8.45,104.0,Low,66.8,86
EDU03539,Harish Singh,Female,23,ECE,3,77.2,3.9,5.5,8,4,82.1,74.4,78.8,83.4,83.0,8.57,8.85,0,95,17,0.9,2.4,56,83,Yes,Yes,Diploma,Middle,Yes,Excellent,Low,7.84,72.28,Moderate,75.2,77
EDU03540,Aarav Patel,Female,17,EEE,3,63.9,2.9,6.2,6,10,59.4,65.9,61.7,58.1,64.6,6.49,6.07,1,127,35,4.4,2.3,71,89,Yes,Yes,PG,Middle,Yes,Poor,Low,6.23,79.36,High,62.6,64
EDU03541,Karthik Gupta,Female,22,IT,1,64.7,4.4,7.2,2,7,77.6,79.4,81.1,82.7,80.9,8.24,8.49,1,63,10,3.7,1.4,68,50,No,Yes,Diploma,Middle,Yes,Average,Medium,7.94,65.68,Moderate,68.0,75
EDU03542,Riya Reddy,Female,18,CIVIL,1,82.9,1.3,8.2,4,3,63.8,65.3,67.9,66.3,71.4,6.15,6.23,2,214,20,3.3,1.8,48,95,Yes,No,UG,High,Yes,Poor,Medium,6.57,95.16,High,97.0,61
EDU03543,Sai Iyer,Male,18,AIDS,8,84.4,2.1,5.6,3,3,60.3,65.7,61.6,61.2,56.4,6.11,6.06,2,137,22,2.9,1.5,40,59,Yes,Yes,School,Upper-Middle,Yes,Average,Low,6.25,77.16,High,77.8,56
EDU03544,Sanjay Gupta,Male,18,IT,7,93.4,5.5,5.5,10,3,98.3,100.0,100.0,100.0,96.7,9.12,9.09,0,51,20,4.9,0.9,56,82,No,Yes,UG,Upper-Middle,Yes,Average,High,9.94,69.96,Moderate,87.6,90
EDU03545,Karthik Gupta,Female,21,CIVIL,4,79.2,1.5,7.1,2,5,65.0,66.3,70.5,69.3,67.7,7.67,7.45,0,169,9,3.9,0.0,47,89,Yes,Yes,PG,Low,Yes,Average,Low,6.73,84.28,Low,79.1,84
EDU03546,Vihaan Gupta,Male,21,IT,5,85.9,2.5,8.2,8,9,65.1,57.4,56.5,52.6,55.6,5.49,5.67,4,65,16,3.2,2.6,43,49,No,No,Diploma,Low,Yes,Average,Low,5.97,64.56,Critical,85.6,34
EDU03547,Karthik Patel,Female,24,AI&DS,5,94.9,5.5,6.0,9,6,100.0,98.0,96.6,95.8,100.0,9.19,9.32,0,131,28,0.6,2.9,51,79,Yes,Yes,PhD,Upper-Middle,Yes,Good,Medium,9.82,84.56,Low,100.0,87
EDU03548,Arjun Verma,Male,21,IT,5,81.3,1.4,5.2,6,5,65.7,58.6,65.0,59.3,62.7,7.15,7.63,0,120,26,2.4,1.2,100,58,Yes,Yes,PhD,Low,Yes,Average,Medium,6.31,96.52,Moderate,90.4,64
EDU03549,Keerthi Kumar,Male,20,EEE,5,85.7,1.3,8.2,4,5,59.4,54.6,53.3,54.9,60.0,4.89,4.67,2,23,29,0.3,0.3,86,47,Yes,Yes,PhD,Low,No,Excellent,Low,5.58,73.28,Critical,97.9,52
EDU03550,Sneha Sharma,Male,17,CIVIL,3,81.1,1.0,8.1,3,10,52.7,43.0,45.2,49.6,48.3,5.05,5.17,2,68,37,1.5,0.3,82,45,Yes,Yes,PG,High,Yes,Poor,Medium,4.7,78.84,High,94.1,37
EDU03551,Sai Kumar,Female,18,MECH,6,85.6,2.1,8.0,6,7,74.3,75.0,75.1,81.6,88.6,6.9,6.44,1,31,33,1.1,3.0,66,74,Yes,Yes,PG,Middle,Yes,Poor,Low,7.48,66.84,High,79.1,85
EDU03552,Keerthi Sharma,Female,19,IT,4,69.6,6.0,7.0,7,9,86.7,91.0,93.0,100.0,100.0,9.29,9.75,0,182,34,0.1,2.4,96,94,Yes,Yes,UG,Middle,Yes,Good,Medium,9.02,102.64,Low,60.8,98
EDU03553,Keerthi Verma,Female,24,CSE,8,88.6,1.8,8.1,9,3,66.1,71.1,64.4,65.7,73.5,6.83,6.73,1,218,9,4.5,1.0,70,93,Yes,Yes,School,Upper-Middle,Yes,Excellent,Medium,6.72,107.04,High,88.5,46
EDU03554,Meera Singh,Female,18,CSE,1,95.6,2.6,6.5,1,8,77.0,80.2,75.8,72.8,78.0,8.31,8.86,0,40,33,2.0,1.5,63,58,Yes,Yes,UG,High,Yes,Poor,Low,7.77,71.44,Low,95.8,68
EDU03555,Meera Iyer,Female,19,CIVIL,3,100.0,1.7,8.2,5,5,66.2,56.8,57.4,56.2,56.3,6.08,6.08,2,61,30,0.2,0.7,80,48,No,Yes,Diploma,Middle,Yes,Poor,Medium,6.01,84.2,High,95.2,61
EDU03556,Aishwarya Nair,Male,21,EEE,6,85.2,3.3,7.8,3,9,83.4,73.9,77.8,79.2,81.6,7.12,6.76,2,164,32,1.4,1.7,40,45,No,Yes,UG,High,Yes,Average,High,7.84,82.88,High,98.6,64
EDU03557,Aditya Gupta,Male,21,CIVIL,8,78.5,2.3,8.0,9,3,61.7,60.0,65.8,62.2,59.6,6.89,7.45,0,45,30,2.8,1.5,73,45,Yes,Yes,Diploma,High,No,Poor,Medium,6.25,69.6,Moderate,86.1,62
EDU03558,Priya Nair,Male,23,CSE,8,90.4,4.7,5.7,8,4,87.8,86.1,89.1,90.2,86.4,9.76,10.0,0,138,14,0.8,1.0,57,60,No,Yes,School,High,Yes,Excellent,Medium,8.77,86.56,Low,95.7,86
EDU03559,Nithin Das,Male,20,AIDS,2,84.2,3.6,6.1,10,10,83.2,74.8,81.1,82.0,88.8,7.36,7.22,1,92,37,4.9,1.4,85,62,Yes,Yes,PhD,Upper-Middle,No,Excellent,Low,7.97,86.08,High,87.6,70
EDU03560,Rahul Iyer,Female,22,IT,3,82.5,1.4,6.1,4,5,65.5,56.9,60.9,61.6,69.7,5.34,4.92,2,102,40,4.3,2.6,81,54,Yes,Yes,School,Middle,Yes,Average,Low,6.11,85.8,Critical,78.9,49
EDU03561,Sanjay Iyer,Male,23,CIVIL,2,80.1,1.3,8.3,5,9,60.7,57.5,55.5,61.0,62.4,6.14,6.73,1,213,35,2.0,1.5,51,79,No,Yes,PG,High,Yes,Good,Low,5.79,95.04,Moderate,77.0,35
EDU03562,Aishwarya Sharma,Male,17,IT,6,89.4,2.7,7.5,9,7,78.2,82.1,77.1,73.5,77.2,8.28,8.32,0,184,23,1.6,1.4,83,85,Yes,Yes,School,Low,Yes,Poor,Medium,7.91,105.76,Moderate,85.0,83
EDU03563,Vihaan Verma,Female,23,AI&DS,5,65.1,5.8,6.2,8,8,89.4,91.8,91.1,94.0,100.0,8.51,8.67,0,106,36,0.2,2.0,58,95,Yes,No,PhD,Middle,Yes,Good,Low,9.08,70.44,Moderate,51.7,79
EDU03564,Aarav Reddy,Female,23,EEE,1,75.8,2.9,6.0,10,3,72.0,63.3,68.7,72.2,72.6,6.07,5.58,3,91,5,0.9,1.2,45,66,No,Yes,PG,High,Yes,Average,Low,6.8,66.52,Critical,68.0,42
EDU03565,Meera Verma,Male,19,EEE,4,79.7,2.8,7.8,2,9,70.0,73.8,72.0,79.0,75.4,6.44,6.98,1,149,29,2.8,0.6,67,72,No,Yes,PG,Middle,Yes,Excellent,Low,7.19,88.48,Moderate,84.8,69
EDU03566,Vihaan Nair,Male,20,CIVIL,2,68.1,3.4,7.0,9,9,63.0,55.0,60.8,57.7,59.7,7.05,7.55,0,201,22,0.9,1.9,73,49,Yes,Yes,School,High,Yes,Poor,Medium,5.96,96.64,Moderate,59.6,66
EDU03567,Sneha Kumar,Female,17,AIDS,2,82.0,5.4,7.1,2,8,97.7,100.0,95.7,100.0,99.2,9.5,9.54,0,58,5,0.1,0.5,46,77,Yes,Yes,UG,Middle,Yes,Poor,Low,9.78,62.8,Low,87.7,78
EDU03568,Aarav Verma,Female,24,CSE,2,69.3,4.9,7.1,2,9,76.1,73.5,77.7,75.9,79.5,8.35,8.22,1,207,20,1.1,2.5,99,50,No,No,PhD,High,Yes,Average,Medium,7.58,108.72,Moderate,69.3,81
EDU03569,Arjun Patel,Male,23,AIDS,7,78.2,5.1,6.3,2,7,89.6,87.5,87.8,84.5,87.3,9.69,10.0,0,50,40,4.0,1.8,71,71,Yes,Yes,UG,High,Yes,Excellent,Low,8.83,69.68,Low,77.2,74
EDU03570,Aishwarya Iyer,Male,24,AI&DS,1,78.6,3.4,6.8,9,4,76.4,75.4,76.9,71.0,68.9,6.72,6.67,2,156,32,2.2,1.7,45,51,No,Yes,School,High,Yes,Poor,Medium,7.62,80.64,Critical,80.6,55
EDU03571,Sneha Verma,Male,21,AIDS,5,86.7,4.9,7.9,2,5,90.4,93.9,97.0,100.0,100.0,10.0,10.0,0,151,0,2.8,0.4,87,83,Yes,Yes,School,High,No,Poor,Low,9.38,99.68,Low,80.0,81
EDU03572,Aishwarya Gupta,Female,22,CSE,1,58.1,1.4,7.4,6,4,57.3,49.9,52.4,54.9,53.6,5.78,6.23,1,177,0,1.2,1.7,44,43,Yes,Yes,School,Upper-Middle,Yes,Poor,Low,5.32,76.24,High,76.0,34
EDU03573,Sneha Verma,Male,19,CIVIL,6,83.3,3.2,5.4,7,5,79.5,82.4,76.5,76.7,86.0,7.53,7.35,1,130,6,3.9,1.9,77,79,Yes,Yes,PG,High,Yes,Excellent,Low,7.95,90.12,High,79.1,70
EDU03574,Meera Kumar,Female,24,CIVIL,6,82.7,2.7,7.4,3,3,68.7,60.3,61.7,66.6,74.6,5.97,6.14,2,31,27,3.8,1.5,66,56,Yes,Yes,School,Upper-Middle,Yes,Poor,High,6.36,65.68,High,79.0,73
EDU03575,Pooja Patel,Male,23,IT,2,88.4,2.7,7.4,7,3,70.9,66.8,68.1,63.1,61.0,6.56,6.76,1,153,37,1.7,1.5,86,44,No,Yes,School,Upper-Middle,Yes,Poor,Medium,6.86,100.36,High,100.0,68
EDU03576,Aishwarya Patel,Female,21,EEE,6,74.1,2.3,5.4,5,9,58.2,51.6,53.2,45.9,48.9,5.27,5.39,4,165,10,2.9,0.6,88,75,Yes,Yes,UG,Low,Yes,Average,High,5.43,97.84,Critical,66.6,40
EDU03577,Vihaan Das,Male,20,IT,6,82.6,5.4,8.3,9,9,95.6,98.8,100.0,100.0,100.0,9.59,9.62,0,123,27,3.3,2.7,58,51,No,Yes,PG,Middle,Yes,Excellent,Low,9.81,80.84,Low,86.3,85
EDU03578,Nisha Gupta,Female,18,IT,5,73.6,1.4,7.9,10,7,52.0,54.8,48.8,43.0,45.0,5.78,6.21,1,63,8,2.7,1.0,40,86,Yes,Yes,PG,Low,Yes,Average,Medium,5.19,58.04,High,76.2,57
EDU03579,Priya Patel,Female,23,AIDS,1,88.4,3.9,7.0,5,8,90.7,81.6,89.4,84.3,80.1,8.78,8.68,0,71,25,2.7,1.8,51,50,No,Yes,Diploma,High,No,Excellent,Low,8.72,69.96,Low,95.3,52
EDU03580,Sanjay Nair,Female,22,CSE,4,83.7,5.8,5.6,9,8,98.4,89.8,93.3,94.8,100.0,9.04,9.62,0,34,3,3.0,0.6,85,72,No,Yes,PG,Low,Yes,Excellent,Low,9.38,74.28,Low,81.2,85
EDU03581,Sanjay Singh,Male,22,IT,5,98.8,1.3,5.4,5,8,62.5,62.4,63.9,69.4,66.9,7.24,6.78,1,220,35,0.2,2.9,65,89,Yes,Yes,PG,Middle,Yes,Average,High,6.29,109.52,Moderate,89.2,89
EDU03582,Aditya Patel,Male,24,CSE,7,75.1,4.0,5.6,6,9,81.1,73.0,75.6,76.9,79.0,7.22,6.87,2,35,36,4.4,0.2,72,79,No,Yes,UG,Upper-Middle,Yes,Poor,High,7.66,65.84,High,94.6,64
EDU03583,Nisha Singh,Female,22,CIVIL,4,84.7,4.6,5.8,8,6,85.1,82.0,87.2,90.9,86.7,7.93,7.98,1,124,16,1.9,2.8,78,50,Yes,Yes,Diploma,Low,Yes,Excellent,High,8.48,89.88,Moderate,91.9,54
EDU03584,Harish Patel,Female,23,IT,8,76.3,1.3,6.4,9,10,57.5,63.0,61.8,62.0,60.5,6.83,6.93,1,111,35,4.6,0.5,84,64,Yes,Yes,School,High,Yes,Excellent,Medium,6.08,86.32,High,70.3,81
EDU03585,Aishwarya Verma,Male,20,CSE,3,83.1,4.0,8.0,7,5,80.0,72.2,79.5,77.4,74.3,8.6,8.64,0,123,40,3.3,1.7,44,68,Yes,Yes,UG,High,No,Good,High,7.72,75.44,Moderate,95.6,67
EDU03586,Meera Sharma,Male,19,MECH,7,98.2,5.0,5.8,9,9,91.1,90.4,87.6,93.1,94.6,8.99,9.11,0,192,40,2.1,0.2,72,54,No,Yes,Diploma,Upper-Middle,No,Poor,Medium,8.97,106.48,Low,100.0,76
EDU03587,Aditya Nair,Male,19,CIVIL,7,89.9,3.6,6.8,4,5,80.3,74.4,74.0,76.4,85.1,7.61,7.16,0,133,39,4.1,2.4,95,74,No,Yes,UG,Upper-Middle,Yes,Good,Low,7.62,100.56,Low,81.0,51
EDU03588,Nisha Verma,Female,22,MECH,6,76.9,1.6,5.0,7,4,53.5,57.2,56.1,52.7,57.9,5.77,6.16,1,49,15,3.3,2.6,58,94,Yes,Yes,Diploma,High,Yes,Average,High,5.56,63.76,High,75.2,74
EDU03589,Pooja Verma,Male,19,AIDS,6,79.2,2.1,7.5,7,5,71.8,79.2,73.8,75.1,81.1,7.27,7.1,0,189,28,0.7,1.9,50,59,No,Yes,UG,High,Yes,Average,Low,7.49,89.48,Moderate,63.5,56
EDU03590,Pooja Singh,Male,17,CSE,4,84.2,1.7,5.9,4,6,60.5,62.4,64.3,67.4,74.3,6.16,5.82,2,179,0,1.2,0.8,56,46,Yes,Yes,Diploma,Upper-Middle,Yes,Excellent,Medium,6.24,91.88,High,77.5,61
EDU03591,Pooja Patel,Male,24,ECE,8,71.3,1.0,6.4,9,5,59.5,50.6,59.0,55.5,59.1,5.7,5.7,4,65,5,0.4,0.6,51,40,Yes,Yes,UG,Middle,Yes,Good,Low,5.64,61.92,Critical,68.2,76
EDU03592,Aarav Sharma,Female,21,CIVIL,8,75.6,2.2,7.6,7,4,62.9,55.2,61.6,58.5,64.0,6.59,6.6,1,84,29,1.4,2.9,85,59,Yes,Yes,Diploma,Upper-Middle,Yes,Average,Low,5.99,81.04,High,79.2,66
EDU03593,Priya Patel,Female,17,IT,7,79.0,2.0,7.1,4,9,63.4,56.3,62.4,58.2,64.7,5.69,5.73,4,200,16,1.1,2.2,49,69,No,Yes,PG,Low,Yes,Excellent,Low,6.07,91.2,Critical,84.8,48
EDU03594,Harish Singh,Male,24,CIVIL,1,81.1,5.8,5.9,2,4,95.4,99.0,96.2,99.7,100.0,9.29,9.25,0,71,6,4.8,0.9,80,79,Yes,No,School,High,Yes,Poor,Medium,9.69,78.64,Low,81.9,100
EDU03595,Priya Gupta,Male,17,MECH,1,78.4,5.6,7.8,9,6,87.3,94.7,94.6,90.4,89.4,9.38,9.5,0,99,14,2.9,0.4,87,70,No,Yes,School,Middle,Yes,Average,High,9.22,85.96,Low,80.4,80
EDU03596,Harish Singh,Female,19,ECE,5,83.1,5.0,6.1,7,5,97.4,97.9,100.0,100.0,100.0,10.0,10.0,0,101,18,0.1,1.4,50,42,No,Yes,Diploma,Low,Yes,Poor,Medium,9.84,73.44,Low,76.9,83
EDU03597,Diya Das,Female,19,CSE,5,88.4,1.5,6.5,10,7,57.6,61.6,60.9,65.4,71.3,5.88,5.74,2,59,4,0.5,0.5,40,58,Yes,Yes,School,Upper-Middle,No,Poor,Medium,6.0,63.16,Critical,89.4,61
EDU03598,Aditya Gupta,Male,20,ECE,4,80.6,4.1,5.5,6,6,79.6,74.0,72.9,80.0,87.2,7.83,8.26,0,127,23,2.8,0.8,87,43,No,Yes,PhD,Low,Yes,Excellent,Low,7.55,92.44,Low,84.2,89
EDU03599,Priya Sharma,Male,24,CSE,4,79.9,1.7,5.6,4,6,62.7,64.1,65.2,63.6,60.8,5.72,5.55,4,54,30,2.0,0.9,65,89,Yes,Yes,School,Low,Yes,Excellent,High,6.4,68.76,Critical,69.9,59
EDU03600,Meera Singh,Female,23,IT,6,71.7,3.2,5.7,1,6,70.6,61.0,63.0,70.5,69.5,6.43,6.23,1,92,19,0.4,2.9,74,72,Yes,No,PG,Low,No,Average,Low,6.49,76.68,Moderate,58.2,41
EDU03601,Aarav Gupta,Male,21,CSE,3,100.0,4.6,8.2,7,3,89.1,96.1,88.3,91.8,87.6,7.88,8.44,1,102,19,2.5,2.4,55,78,No,Yes,School,High,Yes,Excellent,Medium,9.12,82.4,Moderate,98.5,89
EDU03602,Sneha Sharma,Female,21,ECE,2,76.3,2.6,6.6,3,6,68.4,58.7,66.1,61.3,65.3,5.69,5.63,3,177,38,1.5,1.4,79,55,No,Yes,PG,Upper-Middle,Yes,Average,Low,6.44,97.52,Critical,99.6,47
EDU03603,Diya Das,Female,19,CSE,1,68.5,5.4,6.7,8,4,91.7,83.6,92.6,96.2,94.8,10.0,10.0,0,96,34,0.8,0.4,42,61,No,Yes,School,Middle,Yes,Poor,Low,8.93,63.4,Low,75.9,100
EDU03604,Diya Iyer,Female,17,CSE,6,88.5,4.5,8.4,4,8,83.9,75.9,81.1,78.0,78.7,8.85,9.37,0,145,24,3.6,1.2,55,93,No,Yes,PG,Middle,Yes,Poor,Medium,8.03,86.4,Low,76.0,50
EDU03605,Pooja Gupta,Male,17,AI&DS,7,75.7,3.5,5.6,5,4,75.7,70.9,70.5,73.0,82.1,7.62,7.21,0,38,15,4.6,0.3,63,78,Yes,Yes,Diploma,Middle,Yes,Excellent,High,7.24,63.08,Moderate,69.7,69
EDU03606,Sneha Iyer,Female,18,CIVIL,7,77.4,5.3,7.3,2,5,93.7,100.0,95.2,93.8,97.6,10.0,9.62,0,180,35,1.7,2.0,79,95,No,Yes,PG,High,Yes,Excellent,Medium,9.63,98.56,Low,78.8,83
EDU03607,Aditya Sharma,Female,18,EEE,1,74.7,4.6,6.1,7,4,86.7,83.1,84.4,87.9,84.6,7.71,8.02,1,58,27,1.4,0.5,89,79,Yes,Yes,PG,Upper-Middle,Yes,Poor,High,8.47,77.08,High,76.1,79
EDU03608,Arjun Singh,Male,24,CIVIL,3,94.3,2.7,7.5,4,5,69.1,66.5,63.5,56.2,61.0,5.9,6.37,1,145,24,1.8,0.5,90,65,No,Yes,UG,High,Yes,Excellent,Medium,6.64,102.72,Moderate,98.2,68
EDU03609,Sneha Singh,Female,24,EEE,5,78.5,5.9,5.5,6,4,100.0,96.0,97.9,100.0,100.0,9.24,9.83,0,120,15,4.4,0.0,72,85,Yes,No,PG,Upper-Middle,Yes,Poor,High,9.8,84.2,Low,84.2,100
EDU03610,Vihaan Das,Male,22,MECH,6,75.9,4.1,6.5,4,8,84.0,77.6,81.1,83.3,79.7,8.02,8.51,0,24,1,4.5,2.6,95,72,Yes,Yes,PG,Middle,No,Poor,Low,8.09,73.16,Low,80.9,84
EDU03611,Aarav Patel,Female,23,EEE,8,90.6,2.3,6.8,2,5,73.9,69.4,70.9,67.9,73.5,6.17,6.2,1,34,38,3.8,0.7,63,86,No,Yes,PG,Upper-Middle,Yes,Average,Low,7.14,68.24,Moderate,87.5,68
EDU03612,Vihaan Verma,Male,19,MECH,7,74.3,1.6,5.8,4,9,56.8,56.1,52.2,48.6,45.0,5.55,5.43,3,46,21,3.3,2.3,76,84,Yes,Yes,School,High,Yes,Excellent,High,5.5,69.32,Critical,69.2,30
EDU03613,Aishwarya Singh,Male,21,MECH,1,68.7,2.6,7.8,5,4,57.5,49.9,49.4,46.2,54.0,4.5,4.83,2,59,40,4.2,0.8,61,54,Yes,No,PhD,Upper-Middle,Yes,Excellent,Medium,5.23,63.68,Critical,70.0,63
EDU03614,Meera Kumar,Female,17,MECH,8,88.0,1.4,6.9,7,9,63.6,55.0,63.3,65.4,65.6,6.35,6.84,1,145,10,4.0,2.3,60,48,Yes,Yes,PG,High,Yes,Poor,High,6.06,88.2,Moderate,100.0,63
EDU03615,Rahul Reddy,Female,23,IT,7,90.5,2.3,7.6,1,5,66.0,65.5,70.6,74.3,70.6,6.97,6.69,1,138,10,0.8,1.0,94,54,Yes,Yes,PhD,Middle,Yes,Average,Medium,6.74,101.4,Moderate,74.6,57
EDU03616,Nisha Iyer,Male,24,CIVIL,1,74.2,5.1,5.5,10,4,92.3,91.2,87.2,91.5,100.0,9.51,9.83,0,72,39,4.2,0.6,77,64,No,Yes,PhD,Upper-Middle,Yes,Poor,Low,9.02,74.88,Moderate,62.1,86
EDU03617,Sai Singh,Male,20,CIVIL,6,89.1,3.5,6.4,8,6,80.4,84.0,81.8,82.3,81.5,8.5,8.83,0,211,34,3.9,1.2,59,81,No,Yes,School,Middle,Yes,Average,Low,8.21,101.44,Low,82.8,83
EDU03618,Karthik Verma,Female,22,MECH,8,83.7,3.1,6.6,10,4,68.1,59.6,60.6,53.1,61.1,5.63,6.05,1,29,36,3.6,1.4,69,96,Yes,Yes,UG,High,Yes,Good,High,6.28,66.88,High,90.6,63
EDU03619,Nithin Verma,Female,22,CIVIL,1,66.2,2.2,7.5,8,3,67.0,58.8,61.6,65.2,73.6,5.95,5.46,4,130,16,4.7,2.6,92,70,No,Yes,School,Upper-Middle,Yes,Excellent,High,6.25,89.28,Critical,59.2,41
EDU03620,Vihaan Kumar,Female,24,MECH,4,88.8,3.3,5.9,10,6,76.7,70.5,75.6,81.2,88.0,7.66,7.88,1,51,1,2.4,2.3,82,74,No,Yes,PhD,High,No,Poor,Low,7.43,78.52,High,81.2,53
EDU03621,Vihaan Iyer,Female,23,EEE,4,82.0,5.3,7.6,2,4,96.3,100.0,97.5,96.3,99.8,10.0,9.6,0,134,8,4.3,0.8,79,70,No,Yes,Diploma,High,Yes,Average,Low,9.79,91.2,Low,85.5,75
EDU03622,Arjun Sharma,Female,17,IT,4,61.3,3.6,5.3,5,7,71.9,63.8,67.4,65.3,63.4,7.33,7.15,0,220,6,4.3,0.5,75,60,Yes,Yes,PhD,High,No,Poor,Medium,6.77,98.52,Moderate,49.5,74
EDU03623,Aishwarya Nair,Male,21,IT,5,100.0,2.9,6.7,9,3,87.9,79.5,80.7,86.8,92.5,8.86,8.97,0,48,16,1.0,1.1,61,43,No,Yes,UG,Upper-Middle,No,Good,Low,8.27,74.0,Moderate,91.7,80
EDU03624,Ananya Das,Female,21,IT,5,80.8,2.3,6.9,10,5,70.2,75.9,76.4,71.9,80.5,7.58,8.08,0,86,35,3.6,2.1,60,91,Yes,Yes,Diploma,Upper-Middle,No,Good,Low,7.42,73.52,Moderate,92.4,83
EDU03625,Nithin Kumar,Female,24,MECH,6,86.0,4.5,6.1,7,8,92.0,99.4,91.6,95.1,95.4,8.38,8.23,1,113,12,2.0,0.6,58,66,No,Yes,PG,Upper-Middle,Yes,Average,Medium,9.43,80.2,Moderate,90.6,76
EDU03626,Priya Iyer,Female,18,MECH,2,85.2,6.0,5.3,3,5,100.0,100.0,100.0,93.0,93.1,9.74,9.43,0,135,4,3.0,1.5,61,90,No,Yes,School,Middle,Yes,Excellent,Medium,10.0,85.48,Low,86.0,97
EDU03627,Sanjay Reddy,Female,21,AIDS,7,92.3,1.9,7.0,8,4,62.0,56.4,57.6,64.4,63.0,6.22,6.24,2,140,0,0.9,1.6,65,57,Yes,Yes,Diploma,Low,Yes,Poor,High,5.87,90.92,Critical,99.3,69
EDU03628,Harish Iyer,Male,24,EEE,8,76.1,5.6,5.4,6,5,96.6,98.3,100.0,95.0,94.2,9.29,9.69,0,43,32,2.1,2.7,58,97,No,Yes,PG,Middle,Yes,Excellent,High,9.83,62.24,Low,75.8,82
EDU03629,Priya Kumar,Male,17,EEE,1,80.9,4.7,5.4,2,6,89.4,82.8,90.1,90.8,93.4,8.22,8.39,1,86,7,4.8,0.1,87,45,No,Yes,PG,Low,Yes,Poor,Medium,8.74,84.36,Moderate,74.9,61
EDU03630,Vihaan Gupta,Male,18,CIVIL,1,91.1,4.2,6.5,2,7,93.6,90.7,94.1,88.3,83.5,10.0,10.0,0,84,17,3.6,2.5,77,76,Yes,Yes,UG,Upper-Middle,Yes,Average,Medium,9.28,84.04,Low,91.3,99
EDU03631,Nithin Sharma,Female,21,AIDS,2,95.8,5.7,7.6,10,5,94.7,90.5,94.3,100.0,100.0,10.0,9.92,0,78,4,0.2,0.1,42,92,Yes,Yes,PhD,High,Yes,Average,Medium,9.32,70.72,Low,95.2,89
EDU03632,Aditya Iyer,Female,24,MECH,4,89.7,4.4,6.4,3,4,91.5,87.3,90.6,84.4,91.5,8.69,9.23,0,168,38,4.4,2.8,63,99,Yes,Yes,UG,Low,Yes,Excellent,Medium,8.98,94.68,Low,100.0,71
EDU03633,Riya Gupta,Male,24,ECE,8,65.4,2.5,7.3,5,6,64.4,57.1,57.9,56.6,61.1,6.08,5.79,2,139,39,0.5,2.7,64,98,Yes,Yes,School,Low,Yes,Good,High,5.98,79.56,Critical,58.3,44
EDU03634,Sneha Reddy,Female,19,IT,1,81.8,1.1,7.4,8,10,62.4,65.3,67.5,69.6,79.2,6.95,7.29,1,190,34,4.4,1.2,56,67,No,Yes,PhD,Low,Yes,Good,Medium,6.51,93.12,Moderate,82.5,64
EDU03635,Rahul Kumar,Male,21,IT,7,63.6,3.8,6.9,6,10,77.0,81.1,80.9,76.5,73.4,8.21,8.67,0,76,39,0.6,0.1,92,57,No,Yes,School,Middle,Yes,Good,Low,7.97,77.44,Low,56.4,53
EDU03636,Aditya Verma,Male,22,ECE,3,61.1,5.4,6.7,4,9,76.9,68.4,77.6,76.9,82.0,8.34,8.49,0,44,10,5.0,0.9,45,70,No,Yes,Diploma,Middle,Yes,Poor,Medium,7.43,51.24,Low,68.9,95
EDU03637,Aditya Das,Male,19,EEE,6,81.1,1.1,7.4,7,7,59.8,65.6,63.2,70.5,68.0,5.52,5.45,3,105,40,3.4,2.2,95,48,Yes,No,PhD,Middle,Yes,Excellent,Low,6.29,91.44,Critical,88.9,69
EDU03638,Aishwarya Nair,Male,23,ECE,3,89.4,3.2,7.0,3,8,76.5,81.5,77.2,78.6,77.3,6.95,6.72,1,30,35,0.7,2.7,86,85,No,Yes,School,High,Yes,Average,High,7.84,76.16,Moderate,86.7,70
EDU03639,Arjun Patel,Female,17,IT,2,85.5,4.9,7.7,10,9,87.5,88.5,86.0,90.7,96.3,8.55,8.41,1,196,5,4.4,1.8,42,73,Yes,Yes,UG,Upper-Middle,Yes,Poor,Low,8.73,90.2,Moderate,84.7,73
EDU03640,Arjun Kumar,Male,24,AIDS,4,85.0,1.6,6.0,1,10,61.0,54.2,56.4,53.2,48.5,6.6,6.12,1,24,38,1.3,2.8,59,59,No,Yes,Diploma,Low,No,Excellent,High,5.72,62.4,Moderate,75.9,52
EDU03641,Sneha Gupta,Female,20,ECE,6,95.2,3.2,6.8,4,10,84.1,85.4,89.5,89.1,87.4,9.13,8.86,0,58,5,0.5,2.2,86,45,Yes,No,Diploma,High,Yes,Excellent,Medium,8.63,84.08,Low,100.0,92
EDU03642,Harish Das,Female,22,CIVIL,3,88.7,3.6,6.3,5,6,77.9,76.6,76.6,75.3,71.2,6.97,7.47,1,48,0,3.9,2.4,86,77,No,Yes,Diploma,Middle,Yes,Good,Low,7.7,79.48,Moderate,98.7,67
EDU03643,Karthik Nair,Male,22,ECE,7,99.4,4.1,7.8,10,8,97.2,89.3,90.7,93.1,100.0,9.58,9.94,0,111,19,1.6,0.9,44,75,Yes,Yes,PhD,Middle,Yes,Poor,Medium,9.24,79.56,Low,93.8,83
EDU03644,Aarav Kumar,Male,17,AI&DS,4,75.8,3.3,5.9,1,10,66.5,69.6,63.7,58.6,63.4,6.99,7.32,0,168,31,1.4,2.2,63,78,No,Yes,PG,Upper-Middle,Yes,Average,Low,6.66,89.12,Low,65.1,75
EDU03645,Vihaan Singh,Male,21,ECE,7,82.1,2.3,5.8,3,7,70.3,78.0,76.7,83.5,91.2,7.55,7.29,0,177,6,2.5,0.1,51,48,No,Yes,PhD,Upper-Middle,No,Average,Medium,7.5,88.64,Low,77.0,71
EDU03646,Aarav Gupta,Female,21,EEE,3,84.8,4.3,8.2,1,7,81.6,84.8,84.8,92.4,88.7,9.17,9.44,0,76,31,2.8,2.0,80,98,No,Yes,Diploma,Middle,Yes,Excellent,Low,8.37,81.12,Low,73.7,91
EDU03647,Diya Patel,Female,22,CSE,2,77.5,5.1,6.5,6,10,81.4,87.3,83.1,90.1,93.6,8.54,8.41,0,203,14,2.1,2.4,50,54,No,Yes,UG,Low,Yes,Good,Medium,8.39,91.6,Low,81.5,79
EDU03648,Meera Iyer,Female,18,MECH,8,77.8,5.8,6.6,1,9,100.0,100.0,96.0,92.1,88.6,9.41,9.51,0,37,32,3.1,0.6,49,55,No,Yes,Diploma,Middle,Yes,Average,Low,9.87,58.12,Low,72.4,76
EDU03649,Pooja Iyer,Female,24,AIDS,6,70.8,1.4,7.6,6,7,57.9,63.6,63.4,64.4,62.6,6.39,5.93,2,78,5,3.3,1.0,56,99,Yes,Yes,School,Middle,Yes,Poor,High,6.16,66.32,Critical,68.3,55
EDU03650,Harish Gupta,Male,21,IT,1,85.9,2.7,7.3,8,8,78.3,79.4,78.5,71.5,69.8,7.53,8.02,0,146,8,1.0,1.0,97,42,Yes,Yes,UG,Low,Yes,Poor,High,7.87,102.36,Moderate,77.5,79
EDU03651,Aditya Reddy,Female,18,CSE,4,92.7,2.0,5.8,10,5,64.3,58.6,59.4,55.0,53.9,5.64,5.89,3,116,8,1.0,2.1,53,93,Yes,Yes,School,Low,Yes,Average,Low,6.08,81.48,Critical,92.0,81
EDU03652,Vihaan Verma,Male,21,MECH,1,82.1,1.7,5.9,9,5,67.4,59.5,67.0,71.8,76.5,6.57,6.17,1,184,14,2.2,2.7,43,54,Yes,Yes,School,Middle,Yes,Average,Low,6.46,86.84,High,82.1,58
EDU03653,Aishwarya Sharma,Female,22,AIDS,7,73.9,4.0,7.8,6,7,73.6,78.3,71.3,73.0,81.5,7.67,7.42,0,137,5,5.0,2.1,55,46,Yes,No,Diploma,Middle,Yes,Good,Low,7.44,78.96,Moderate,78.3,68
EDU03654,Rahul Iyer,Male,19,AIDS,4,69.5,3.7,6.0,2,7,74.9,67.0,75.8,76.5,85.7,8.55,8.15,1,216,38,5.0,1.4,46,83,Yes,Yes,UG,Middle,Yes,Average,High,7.26,89.4,Moderate,67.1,63
EDU03655,Ananya Singh,Female,19,CIVIL,3,86.0,3.3,6.2,9,5,76.2,70.5,69.3,66.9,64.7,6.86,6.9,2,215,14,0.3,2.9,56,89,No,Yes,UG,Low,Yes,Good,Medium,7.2,99.8,Critical,81.6,60
EDU03656,Aditya Reddy,Female,18,EEE,5,69.0,2.7,5.5,1,6,61.9,69.5,68.6,65.5,62.3,7.12,7.46,0,174,39,2.4,0.5,48,56,No,Yes,PG,High,Yes,Poor,High,6.67,81.6,Low,64.5,61
EDU03657,Aarav Iyer,Female,17,EEE,8,62.1,3.5,6.1,4,5,70.1,69.1,72.9,75.4,73.7,7.24,7.72,0,75,31,1.6,2.6,95,69,No,Yes,PG,Low,Yes,Poor,Low,7.07,77.84,Moderate,70.5,62
EDU03658,Nisha Sharma,Male,24,CIVIL,3,81.9,4.4,7.2,8,5,86.7,94.0,92.1,97.6,94.0,9.37,8.89,0,218,12,3.8,2.2,66,89,No,Yes,UG,Middle,Yes,Average,Medium,9.09,102.76,Moderate,62.4,80
EDU03659,Riya Reddy,Female,21,CIVIL,5,79.2,4.4,7.5,10,7,86.6,79.7,82.9,83.3,90.5,8.38,7.96,0,174,3,4.6,2.5,62,59,No,Yes,UG,Low,No,Excellent,Medium,8.31,91.28,Moderate,75.8,86
EDU03660,Harish Iyer,Female,21,ECE,7,95.5,5.8,8.0,8,4,95.1,94.2,89.7,89.3,85.2,8.99,9.29,0,77,17,3.4,2.0,64,61,Yes,Yes,PhD,High,Yes,Excellent,Low,9.3,79.2,Low,98.7,88
EDU03661,Aishwarya Nair,Female,23,AIDS,5,90.8,5.4,7.3,4,4,90.6,87.5,93.6,89.2,88.4,9.43,9.37,0,216,28,0.3,2.0,57,84,No,Yes,UG,Low,No,Poor,High,9.06,102.32,Low,100.0,74
EDU03662,Arjun Iyer,Female,21,ECE,3,79.9,1.5,7.1,2,6,56.3,53.2,59.1,60.9,56.7,5.89,5.88,3,148,3,1.0,1.8,70,80,No,Yes,School,Low,Yes,Poor,High,5.62,89.56,Critical,71.6,51
EDU03663,Harish Kumar,Female,19,CIVIL,8,78.6,5.6,7.7,2,10,90.0,90.6,86.1,83.5,90.5,9.58,10.0,0,178,26,4.4,2.4,62,72,No,Yes,PG,Middle,Yes,Good,High,8.89,91.84,Low,72.3,73
EDU03664,Nisha Nair,Female,18,AI&DS,4,100.0,5.0,8.2,6,6,100.0,100.0,98.1,90.6,90.7,10.0,10.0,0,86,5,3.8,1.5,41,73,Yes,No,UG,High,Yes,Good,Medium,9.94,73.6,Low,100.0,89
EDU03665,Arjun Sharma,Male,19,ECE,4,69.6,2.1,8.3,2,9,53.4,52.9,57.6,61.5,70.3,6.24,6.27,2,106,32,0.1,0.5,86,46,Yes,Yes,PhD,Low,Yes,Poor,Medium,5.46,83.44,High,65.5,59
EDU03666,Nisha Iyer,Male,20,CSE,2,86.8,5.6,6.7,7,6,90.5,96.4,90.7,96.9,92.1,8.41,8.34,1,165,12,1.6,1.4,47,82,No,Yes,Diploma,Low,No,Excellent,Medium,9.25,86.52,Moderate,96.6,83
EDU03667,Arjun Patel,Female,17,CIVIL,1,62.8,1.6,7.8,5,5,58.6,64.3,61.8,57.9,57.7,5.26,5.4,2,108,17,3.3,2.7,41,75,No,Yes,School,Upper-Middle,Yes,Good,High,6.16,63.12,Critical,70.4,45
EDU03668,Aarav Sharma,Female,17,AI&DS,2,67.1,1.7,8.4,1,6,55.8,58.5,52.7,53.5,58.5,4.5,4.37,4,100,21,3.2,0.8,43,80,Yes,Yes,PhD,Upper-Middle,Yes,Excellent,Medium,5.57,64.04,Critical,90.7,42
EDU03669,Nithin Nair,Male,24,AIDS,3,75.5,1.7,8.1,6,4,58.4,49.0,58.4,60.1,56.1,6.64,6.35,1,84,6,0.7,0.7,55,47,No,Yes,PhD,Middle,Yes,Good,Low,5.53,69.0,High,77.7,74
EDU03670,Sneha Iyer,Female,18,MECH,4,72.8,4.3,5.2,7,6,75.1,70.1,72.6,78.4,81.6,8.02,8.15,1,71,9,2.7,2.6,54,72,No,Yes,Diploma,Middle,Yes,Good,Low,7.26,64.92,Moderate,68.8,85
EDU03671,Diya Sharma,Male,24,AI&DS,8,90.6,5.8,8.3,8,10,100.0,100.0,98.9,100.0,100.0,10.0,9.55,0,40,0,4.3,2.5,79,77,No,Yes,UG,Low,No,Poor,High,9.96,75.84,Low,86.2,79
EDU03672,Aditya Iyer,Male,19,IT,8,63.9,2.9,7.3,1,6,61.5,64.6,68.0,68.5,74.5,5.9,6.29,1,137,11,3.4,0.8,95,63,No,No,PG,High,Yes,Average,High,6.47,90.96,Moderate,46.0,47
EDU03673,Aarav Gupta,Male,17,AI&DS,1,78.9,1.3,8.4,7,9,58.2,55.4,60.6,56.8,61.2,5.69,6.09,2,121,5,0.4,2.3,91,58,No,Yes,PhD,Low,Yes,Poor,Medium,5.81,92.16,High,74.8,58
EDU03674,Meera Reddy,Female,22,AIDS,5,69.7,4.7,8.1,10,9,83.4,85.4,84.1,83.9,87.9,9.25,8.9,0,116,24,0.3,2.9,78,96,No,Yes,Diploma,Middle,Yes,Good,High,8.43,82.28,Moderate,69.1,87
EDU03675,Sanjay Das,Male,20,AIDS,2,89.1,3.4,7.2,10,5,73.3,79.9,74.6,79.0,85.5,6.85,6.69,2,73,25,3.7,2.4,85,87,No,Yes,Diploma,Middle,Yes,Poor,High,7.59,84.24,Critical,83.8,48
EDU03676,Aishwarya Verma,Female,18,EEE,2,72.9,4.0,6.0,7,9,74.1,76.1,72.1,74.3,69.7,7.18,6.86,1,156,22,0.2,0.7,51,41,No,Yes,PG,Low,Yes,Excellent,Low,7.41,80.76,High,82.9,68
EDU03677,Meera Nair,Male,21,CSE,3,88.9,3.8,6.7,10,3,79.0,75.6,72.9,71.6,73.9,8.03,8.01,0,65,31,0.2,1.2,50,98,Yes,Yes,PG,Low,Yes,Poor,Low,7.58,68.56,Moderate,86.1,64
EDU03678,Sai Kumar,Male,21,MECH,1,72.3,2.8,5.3,5,5,61.9,60.2,65.8,59.9,59.0,6.31,6.37,2,49,22,1.0,2.0,57,99,No,Yes,UG,Low,Yes,Good,Medium,6.26,61.52,Critical,71.4,60
EDU03679,Harish Sharma,Female,22,AI&DS,5,77.8,5.0,6.3,9,7,94.3,99.9,93.5,100.0,100.0,9.66,9.79,0,34,30,3.5,2.3,46,66,Yes,Yes,PG,High,Yes,Average,Low,9.59,56.32,Low,79.4,77
EDU03680,Riya Kumar,Female,17,AI&DS,3,83.1,5.1,6.8,6,8,92.8,98.4,93.1,88.7,88.8,8.56,8.5,0,48,36,4.6,0.7,55,48,No,Yes,PG,High,Yes,Excellent,Medium,9.48,64.84,Low,81.5,64
EDU03681,Arjun Nair,Male,21,IT,4,100.0,1.2,7.1,9,4,70.8,64.0,66.0,69.4,72.1,5.68,6.1,2,143,14,3.7,0.2,100,80,No,Yes,Diploma,High,Yes,Average,Low,6.69,108.6,Critical,92.7,48
EDU03682,Diya Kumar,Female,20,CIVIL,8,75.5,3.2,6.5,10,8,71.7,62.3,66.4,64.9,65.5,5.78,5.41,4,58,14,1.5,1.9,44,45,No,Yes,Diploma,Middle,Yes,Good,Low,6.68,59.4,Critical,84.1,22
EDU03683,Ananya Kumar,Female,23,ECE,8,100.0,5.0,7.3,10,4,97.5,100.0,100.0,100.0,100.0,9.56,9.2,0,139,5,0.1,2.8,94,81,No,Yes,UG,Low,No,Poor,Medium,9.92,105.4,Moderate,95.4,69
EDU03684,Sanjay Das,Male,18,CIVIL,8,85.8,5.4,7.5,7,5,93.7,91.4,96.8,96.0,100.0,9.91,10.0,0,214,5,3.5,2.2,99,89,No,Yes,PhD,Low,Yes,Excellent,Medium,9.4,116.72,Low,78.4,92
EDU03685,Ananya Patel,Male,23,ECE,4,78.0,5.3,5.3,10,9,95.3,95.7,98.8,95.3,100.0,9.94,10.0,0,28,6,4.4,0.5,66,44,No,Yes,PhD,Low,Yes,Average,High,9.66,63.2,Low,70.5,77
EDU03686,Aditya Patel,Male,19,IT,6,86.8,5.3,5.2,6,3,95.7,98.7,93.5,90.8,98.6,9.03,9.33,0,84,17,4.9,1.0,83,43,No,Yes,PhD,Low,Yes,Poor,High,9.6,84.72,Low,86.2,79
EDU03687,Sai Iyer,Female,17,MECH,8,83.8,3.3,7.8,8,3,78.3,85.7,78.1,75.1,82.3,7.97,8.32,0,28,22,4.2,2.5,75,95,No,Yes,Diploma,Middle,Yes,Good,High,8.07,69.12,Moderate,78.0,84
EDU03688,Keerthi Iyer,Female,21,EEE,8,73.3,2.7,6.3,5,4,63.2,59.0,64.5,69.6,77.0,7.1,7.52,0,216,20,0.8,0.4,43,81,No,Yes,School,Upper-Middle,Yes,Excellent,Low,6.22,89.72,Moderate,73.6,100
EDU03689,Meera Gupta,Male,19,AI&DS,3,63.9,4.5,6.4,5,3,76.0,77.6,79.1,85.1,91.6,7.37,7.94,1,104,32,3.5,1.3,81,40,Yes,No,Diploma,Middle,Yes,Poor,Medium,7.76,78.76,High,70.4,85
EDU03690,Karthik Reddy,Male,22,ECE,6,85.8,2.8,6.5,6,4,79.4,74.0,78.9,83.4,82.0,8.68,8.43,1,23,32,4.6,0.8,40,77,Yes,Yes,PG,Upper-Middle,Yes,Good,Medium,7.74,54.92,Moderate,71.0,61
EDU03691,Meera Nair,Female,18,MECH,7,85.4,5.3,7.3,6,4,93.1,99.2,98.9,93.7,97.7,10.0,9.58,0,174,17,1.8,1.0,92,82,No,Yes,Diploma,Upper-Middle,Yes,Average,Low,9.71,105.76,Low,90.7,57
EDU03692,Rahul Reddy,Male,24,AIDS,6,84.5,2.5,7.3,3,9,72.0,76.1,72.0,66.8,74.4,6.87,6.4,1,57,7,1.3,0.2,43,89,Yes,Yes,Diploma,Upper-Middle,Yes,Poor,Low,7.34,62.4,Moderate,84.6,58
EDU03693,Vihaan Nair,Male,20,ECE,8,89.6,5.3,5.2,1,10,89.0,81.2,89.7,91.6,95.0,9.6,9.98,0,35,17,1.9,2.4,91,62,No,Yes,PG,Upper-Middle,Yes,Good,Low,8.66,79.24,Low,93.0,84
EDU03694,Riya Iyer,Female,24,EEE,7,67.1,3.6,6.7,4,10,76.7,78.4,81.5,83.5,86.3,8.11,8.61,0,185,4,0.3,0.4,82,73,Yes,Yes,Diploma,High,Yes,Excellent,High,7.89,96.64,Low,77.3,97
EDU03695,Aishwarya Reddy,Male,20,ECE,5,100.0,3.5,5.6,10,4,86.0,91.1,87.9,95.7,100.0,8.14,8.56,0,203,26,4.5,2.5,90,47,Yes,Yes,PhD,Upper-Middle,Yes,Excellent,High,8.83,116.6,Moderate,96.3,66
EDU03696,Aarav Das,Female,22,IT,3,94.8,5.1,5.8,7,4,98.5,93.7,96.1,100.0,99.3,9.68,9.98,0,161,35,1.0,2.3,63,58,Yes,Yes,PG,Low,Yes,Average,Medium,9.61,95.32,Low,100.0,82
EDU03697,Sanjay Singh,Female,19,IT,8,99.2,3.8,7.8,4,5,87.7,89.7,91.6,94.2,98.9,9.46,9.76,0,75,36,2.7,0.8,89,52,No,Yes,UG,Upper-Middle,Yes,Excellent,Medium,8.97,90.28,Low,87.2,67
EDU03698,Sneha Patel,Female,21,ECE,5,89.3,5.1,8.5,10,9,87.4,89.8,93.1,89.0,90.6,9.76,9.33,0,138,9,0.5,0.5,79,91,No,Yes,School,High,Yes,Good,Medium,9.01,94.92,Low,86.1,75
EDU03699,Aarav Iyer,Female,23,MECH,4,69.5,4.8,6.0,5,9,84.3,89.5,83.8,81.3,85.3,8.13,7.81,0,43,19,2.4,2.3,72,64,Yes,Yes,PhD,Middle,Yes,Excellent,Medium,8.59,65.2,Low,82.8,84
EDU03700,Diya Patel,Male,20,AI&DS,1,84.3,2.1,7.4,5,9,63.8,57.6,61.9,64.0,68.5,6.86,6.53,2,131,16,2.3,0.8,43,85,Yes,Yes,School,High,Yes,Good,Medium,6.11,77.12,High,81.5,65
EDU03701,Harish Verma,Female,17,AIDS,1,64.7,3.3,6.8,7,3,62.9,66.8,66.0,64.8,62.5,6.04,6.24,1,194,39,0.6,0.8,50,100,Yes,Yes,PhD,Upper-Middle,Yes,Excellent,Medium,6.52,84.68,High,82.4,61
EDU03702,Vihaan Das,Female,20,CSE,1,78.7,2.9,7.5,1,7,71.7,69.5,75.0,74.7,73.3,7.12,7.25,0,93,25,4.6,2.5,40,99,Yes,Yes,UG,High,Yes,Good,High,7.21,66.08,Low,86.5,66
EDU03703,Nisha Sharma,Male,20,CIVIL,7,77.8,3.0,6.4,1,6,70.6,71.4,74.1,69.1,71.4,7.43,7.22,0,205,5,3.2,1.6,89,71,Yes,Yes,Diploma,Upper-Middle,No,Excellent,High,7.2,107.72,Low,87.8,61
EDU03704,Ananya Verma,Female,19,ECE,3,76.5,2.0,8.5,6,9,62.8,59.1,64.6,61.1,56.2,5.49,5.74,3,155,22,3.9,0.8,96,46,Yes,Yes,PhD,High,Yes,Average,Medium,6.22,100.0,Critical,79.0,48
EDU03705,Sneha Patel,Male,20,AIDS,6,79.1,5.2,6.7,6,6,83.5,88.4,90.5,97.0,100.0,8.57,9.16,0,74,28,0.9,1.8,84,57,No,Yes,UG,High,Yes,Excellent,Medium,8.75,80.04,Low,79.8,84
EDU03706,Sanjay Singh,Female,20,IT,3,79.0,3.7,5.8,9,6,73.6,74.6,72.2,78.4,73.4,6.72,7.2,0,94,1,0.4,1.4,65,53,No,No,Diploma,High,Yes,Poor,High,7.35,76.4,Moderate,75.0,69
EDU03707,Aditya Patel,Female,21,MECH,7,92.2,3.0,5.5,5,6,84.6,87.1,87.1,85.1,86.1,9.28,9.27,0,184,27,0.6,2.5,67,93,Yes,Yes,School,Middle,Yes,Good,High,8.63,100.48,Low,100.0,78
EDU03708,Rahul Sharma,Female,19,EEE,6,94.6,5.6,6.6,2,3,98.1,96.0,100.0,92.9,95.5,10.0,10.0,0,138,32,3.9,0.1,42,81,Yes,Yes,UG,Upper-Middle,Yes,Excellent,Medium,9.8,82.24,Low,100.0,100
EDU03709,Keerthi Sharma,Male,19,AI&DS,2,79.5,1.1,6.5,3,9,51.7,53.5,55.1,51.0,56.2,6.04,5.56,2,66,33,1.6,0.7,90,83,Yes,Yes,School,Upper-Middle,Yes,Poor,Low,5.34,81.0,High,77.5,51
EDU03710,Rahul Singh,Male,20,CIVIL,4,68.4,3.0,6.7,10,5,66.6,57.0,60.8,65.7,71.8,6.37,6.29,1,62,1,1.4,1.5,69,67,No,Yes,School,Middle,Yes,Good,Medium,6.15,67.36,High,62.1,60
EDU03711,Ananya Singh,Male,19,ECE,8,92.0,1.8,5.7,10,10,68.8,75.5,72.5,66.1,75.1,6.56,6.75,1,156,11,2.2,0.7,47,86,No,Yes,Diploma,Middle,Yes,Good,High,7.23,86.8,High,88.5,77
EDU03712,Riya Gupta,Female,23,ECE,1,96.7,1.6,6.4,9,7,72.5,73.0,74.4,77.8,84.6,7.85,7.48,0,179,8,4.8,1.4,98,56,Yes,Yes,PhD,Low,Yes,Poor,High,7.33,113.68,Moderate,100.0,60
EDU03713,Aishwarya Verma,Male,20,AIDS,2,79.3,3.0,7.0,4,3,73.5,65.1,72.8,73.0,74.2,6.41,6.5,2,102,36,4.5,2.1,72,88,Yes,Yes,School,Middle,Yes,Good,High,7.05,80.92,High,96.2,63
EDU03714,Sai Iyer,Female,18,EEE,4,84.9,5.4,6.2,1,7,99.2,100.0,100.0,100.0,100.0,10.0,10.0,0,83,39,1.6,0.3,95,87,No,Yes,Diploma,Low,Yes,Excellent,Low,9.97,88.56,Low,87.3,91
EDU03715,Meera Sharma,Male,23,AIDS,6,87.6,1.5,6.6,8,4,61.7,53.3,53.4,46.2,49.8,6.07,6.61,1,117,28,4.1,1.5,88,91,No,Yes,Diploma,Low,Yes,Good,High,5.61,93.64,High,90.2,48
EDU03716,Diya Gupta,Female,24,IT,2,81.4,1.2,5.4,7,5,51.5,42.0,45.5,52.8,56.8,5.27,5.72,2,59,32,2.5,2.2,79,65,No,No,UG,Middle,Yes,Good,Low,4.63,75.96,Critical,80.6,60
EDU03717,Priya Verma,Female,23,EEE,2,91.8,3.4,5.7,7,6,87.4,87.4,89.2,85.1,92.5,8.21,7.87,0,211,17,1.8,0.6,93,56,No,Yes,School,Middle,Yes,Good,Low,8.8,116.12,Moderate,79.2,64
EDU03718,Priya Singh,Female,21,CSE,3,84.9,2.5,6.9,4,3,77.2,85.0,82.8,81.1,80.7,8.49,8.42,0,46,0,1.5,2.7,88,95,No,Yes,Diploma,Low,Yes,Poor,Medium,8.17,78.36,Low,68.0,79
EDU03719,Riya Iyer,Female,18,EEE,8,75.4,2.1,8.1,3,4,61.7,67.0,59.6,61.2,60.1,6.66,6.82,1,136,40,4.1,2.2,71,41,No,Yes,UG,High,Yes,Good,Medium,6.28,85.76,Moderate,78.6,70
EDU03720,Sneha Kumar,Female,23,EEE,1,60.5,1.2,7.9,2,9,53.3,58.1,54.9,58.3,58.8,4.8,4.69,3,54,10,2.0,3.0,86,100,Yes,Yes,Diploma,Low,Yes,Good,Low,5.54,69.4,Critical,65.4,45
EDU03721,Priya Gupta,Male,21,EEE,6,68.5,2.1,6.3,3,8,54.1,47.6,48.2,49.8,59.2,4.63,4.87,4,219,35,3.8,2.7,62,42,No,Yes,School,High,Yes,Good,High,5.0,96.0,Critical,74.2,35
EDU03722,Nisha Reddy,Male,19,AIDS,6,90.8,4.7,7.6,3,4,83.5,80.6,79.7,78.2,86.5,8.12,8.13,0,41,21,4.8,1.3,52,49,No,No,PhD,Middle,Yes,Poor,Low,8.13,65.32,Low,90.5,70
EDU03723,Aditya Iyer,Male,22,CSE,5,97.1,3.5,7.5,3,4,90.0,90.6,91.1,97.9,100.0,9.97,9.66,0,42,10,4.8,1.4,92,66,Yes,Yes,UG,Middle,Yes,Good,Medium,9.06,84.04,Low,100.0,95
EDU03724,Ananya Das,Female,22,CSE,2,85.8,5.7,6.0,4,9,100.0,95.2,99.8,92.0,94.1,10.0,9.73,0,78,5,1.3,0.6,67,53,Yes,Yes,PG,Middle,Yes,Excellent,High,9.83,76.72,Low,99.0,88
EDU03725,Sai Iyer,Male,23,CIVIL,8,88.2,2.8,5.0,2,8,79.8,70.5,75.1,74.2,69.9,6.59,7.02,0,56,31,0.9,2.2,48,84,Yes,Yes,School,Upper-Middle,Yes,Average,Medium,7.51,65.68,Low,86.7,59
EDU03726,Aishwarya Singh,Male,19,AIDS,6,85.4,4.5,5.8,6,7,82.1,74.3,77.2,84.3,88.5,7.72,7.59,1,74,29,1.2,1.9,68,67,No,Yes,PG,Low,No,Average,Medium,7.79,76.16,Moderate,84.9,81
EDU03727,Meera Singh,Male,18,AI&DS,1,77.0,2.4,5.6,3,4,62.5,64.5,67.4,63.4,63.4,7.45,7.13,1,116,22,1.2,1.3,66,58,Yes,Yes,Diploma,Upper-Middle,Yes,Excellent,Medium,6.48,80.4,Moderate,68.6,73
EDU03728,Karthik Das,Female,18,CSE,7,90.2,4.4,5.4,5,6,83.8,81.1,84.0,89.2,96.0,9.1,8.91,0,74,37,4.1,2.9,53,80,No,Yes,UG,Middle,Yes,Average,Low,8.3,72.08,Low,100.0,79
EDU03729,Arjun Iyer,Female,24,EEE,1,65.9,6.0,7.0,1,8,97.4,98.0,92.9,97.6,100.0,8.42,8.73,0,20,30,4.8,1.5,74,59,Yes,Yes,Diploma,High,Yes,Poor,Low,9.61,59.96,Low,64.1,73
EDU03730,Karthik Nair,Female,20,AI&DS,7,63.1,4.7,7.9,1,4,82.2,76.2,83.2,80.6,80.2,8.41,8.86,0,131,30,1.5,2.7,72,72,No,Yes,Diploma,Low,Yes,Poor,Medium,8.05,80.24,Low,66.6,82
EDU03731,Vihaan Iyer,Female,20,CIVIL,7,77.7,4.8,6.3,8,10,91.6,92.9,87.8,80.7,87.9,8.0,7.56,0,39,0,3.6,2.8,60,53,Yes,Yes,School,Middle,No,Excellent,Low,9.08,62.88,Moderate,74.5,90
EDU03732,Sanjay Sharma,Female,24,CIVIL,4,85.9,2.2,5.2,8,4,71.3,72.2,68.7,68.8,72.0,7.02,6.67,1,93,18,4.2,2.2,53,43,No,Yes,School,High,Yes,Average,High,7.07,74.16,High,79.7,58
EDU03733,Rahul Patel,Male,23,MECH,2,99.4,3.4,6.6,3,7,78.4,77.6,81.5,88.1,94.3,8.19,8.46,1,128,40,2.6,0.2,56,90,No,Yes,School,Upper-Middle,Yes,Average,Medium,7.92,87.76,Moderate,95.1,83
EDU03734,Sai Kumar,Male,18,ECE,5,72.6,4.6,7.8,4,8,86.9,92.8,93.0,95.4,100.0,8.39,8.77,0,137,24,1.3,2.9,80,90,No,Yes,UG,Upper-Middle,Yes,Good,High,9.09,88.44,Low,72.7,68
EDU03735,Arjun Singh,Female,20,MECH,6,86.3,5.5,6.3,3,6,89.8,94.2,88.7,83.0,80.6,8.36,8.74,0,32,26,2.9,1.2,67,91,Yes,Yes,PhD,Upper-Middle,Yes,Poor,Low,9.09,67.72,Low,82.2,72
EDU03736,Aarav Sharma,Female,19,AI&DS,3,91.8,4.4,6.0,9,8,93.9,99.6,96.9,90.3,93.3,8.97,9.15,0,172,10,2.4,2.1,69,50,No,Yes,UG,Low,Yes,Average,Medium,9.68,98.72,Low,98.3,76
EDU03737,Nisha Iyer,Female,20,ECE,8,100.0,4.2,8.0,5,4,98.2,92.1,99.2,98.0,100.0,8.98,8.48,0,205,13,1.2,0.9,56,55,No,Yes,Diploma,Upper-Middle,Yes,Poor,Medium,9.65,103.4,Low,97.7,69
EDU03738,Arjun Nair,Female,23,EEE,6,94.1,5.7,7.7,8,9,97.0,94.1,95.5,94.9,100.0,9.53,9.78,0,98,11,0.6,2.0,57,56,Yes,No,PhD,Middle,Yes,Average,Low,9.55,80.04,Low,100.0,89
EDU03739,Aarav Verma,Male,20,CIVIL,6,68.4,5.1,6.0,8,8,86.7,82.6,82.5,75.4,78.9,8.92,8.57,0,35,21,0.6,2.5,86,68,Yes,Yes,School,Middle,Yes,Good,High,8.39,68.76,Moderate,67.1,77
EDU03740,Vihaan Nair,Male,24,AI&DS,1,83.5,1.6,7.4,5,8,64.4,54.4,60.2,59.3,62.6,5.67,5.95,2,47,22,2.8,2.5,73,62,Yes,Yes,Diploma,Middle,Yes,Poor,Medium,5.97,72.0,High,75.0,58
EDU03741,Harish Singh,Female,24,AIDS,7,90.4,3.8,5.6,3,7,88.4,84.8,83.3,89.8,87.1,7.4,7.48,0,75,13,2.7,0.1,94,89,Yes,Yes,UG,Middle,Yes,Good,High,8.55,88.76,Low,100.0,71
EDU03742,Keerthi Nair,Male,24,ECE,2,84.1,5.2,6.3,7,5,95.4,98.8,100.0,100.0,100.0,10.0,9.51,0,152,33,1.6,1.5,74,90,No,Yes,PhD,Upper-Middle,Yes,Good,Low,9.81,93.64,Low,81.4,97
EDU03743,Arjun Kumar,Male,22,MECH,7,89.5,4.8,7.6,3,5,92.5,100.0,99.4,100.0,100.0,9.79,10.0,0,108,17,4.6,2.7,63,89,No,Yes,Diploma,High,No,Excellent,High,9.73,82.6,Low,90.0,79
EDU03744,Aditya Sharma,Male,23,IT,3,68.4,1.9,5.1,5,5,59.7,54.2,56.8,57.7,60.8,6.17,6.76,1,126,40,2.3,2.4,68,58,Yes,Yes,PhD,Low,Yes,Good,Low,5.69,79.76,High,76.2,70
EDU03745,Priya Patel,Female,22,IT,5,86.4,2.6,5.6,5,4,79.4,70.3,74.5,77.4,82.5,8.24,8.39,1,81,26,0.6,1.6,64,84,Yes,Yes,School,High,Yes,Poor,Medium,7.47,76.36,Moderate,90.0,83
EDU03746,Ananya Sharma,Female,24,IT,7,80.8,4.5,6.5,10,9,79.0,83.4,76.7,84.7,81.9,6.8,6.47,1,109,19,2.7,1.9,88,44,No,Yes,School,Low,Yes,Good,Medium,7.97,89.32,High,70.4,63
EDU03747,Sneha Iyer,Male,17,MECH,8,85.4,4.1,6.0,2,6,79.5,77.5,74.6,75.9,84.6,8.19,8.54,0,157,19,2.6,0.5,41,47,No,Yes,UG,Upper-Middle,Yes,Good,Low,7.72,81.96,Low,80.8,70
EDU03748,Keerthi Reddy,Female,24,AI&DS,4,100.0,4.7,6.1,7,5,100.0,98.2,95.6,92.0,92.7,9.65,9.38,0,208,8,3.1,2.7,82,53,No,Yes,Diploma,Low,Yes,Average,Medium,9.79,114.4,Low,91.8,60
EDU03749,Meera Patel,Female,18,AI&DS,6,87.3,5.4,7.7,5,5,96.1,93.7,94.5,88.6,96.9,9.39,9.11,0,127,35,0.4,2.1,97,61,Yes,Yes,School,Middle,Yes,Average,High,9.48,99.12,Low,89.1,94
EDU03750,Nisha Nair,Male,23,MECH,2,85.4,3.7,5.9,9,5,85.3,80.2,84.0,80.4,87.3,8.83,8.64,0,99,11,1.4,1.8,76,73,No,Yes,Diploma,High,Yes,Excellent,High,8.32,84.36,Moderate,96.4,54
EDU03751,Ananya Nair,Male,23,CSE,3,96.1,1.6,8.0,4,9,62.3,54.2,58.6,65.7,66.9,6.56,6.3,1,140,29,0.8,1.7,69,83,No,Yes,Diploma,High,Yes,Excellent,Low,5.84,94.04,Moderate,97.0,67
EDU03752,Aishwarya Das,Male,20,AI&DS,2,82.0,2.1,6.6,9,8,67.0,72.7,73.3,79.4,79.7,6.9,6.62,1,95,26,4.9,2.3,81,83,Yes,No,Diploma,Middle,Yes,Poor,Low,7.1,84.2,High,72.4,66
EDU03753,Arjun Patel,Female,18,IT,5,87.0,3.6,8.5,6,3,82.3,78.4,79.9,87.0,94.1,8.76,8.96,0,165,19,0.9,1.2,87,43,Yes,Yes,Diploma,High,Yes,Poor,Medium,8.02,102.6,Low,88.1,63
EDU03754,Sanjay Kumar,Male,18,CIVIL,6,91.8,5.3,7.2,4,4,100.0,94.2,93.0,96.0,92.0,9.61,10.0,0,189,22,1.0,2.3,72,73,No,Yes,PG,Upper-Middle,Yes,Poor,Medium,9.57,103.32,Low,73.2,99
EDU03755,Aishwarya Kumar,Female,17,AI&DS,7,83.7,3.8,6.4,3,10,83.3,91.3,89.7,95.2,91.0,9.57,9.15,0,186,24,2.4,1.9,80,99,No,Yes,UG,Low,Yes,Average,Low,8.81,102.68,Low,76.6,95
EDU03756,Riya Singh,Male,23,AIDS,5,90.8,4.0,7.3,6,6,83.9,78.6,79.1,81.4,79.9,8.6,9.19,0,46,33,0.1,0.2,89,91,Yes,No,PhD,Middle,Yes,Excellent,Medium,8.05,81.12,Low,81.6,68
EDU03757,Priya Patel,Male,24,EEE,5,75.3,2.2,7.4,7,3,59.4,51.1,54.6,60.9,67.4,5.64,5.26,4,179,36,4.5,0.3,59,74,Yes,Yes,PG,Middle,Yes,Excellent,High,5.5,89.52,Critical,65.7,49
EDU03758,Karthik Kumar,Male,23,CIVIL,6,82.8,5.1,8.4,4,6,88.6,84.7,83.1,79.8,89.8,9.03,9.21,0,162,37,0.8,0.8,98,76,Yes,Yes,PG,Low,No,Poor,Medium,8.55,104.72,Low,78.6,79
EDU03759,Diya Patel,Male,23,MECH,5,81.2,2.0,7.5,6,6,67.1,66.2,67.7,65.6,74.8,7.47,7.69,1,27,29,1.0,2.2,89,79,Yes,No,UG,Low,Yes,Average,Low,6.7,73.48,Moderate,91.6,63
EDU03760,Keerthi Nair,Female,21,IT,8,79.3,2.7,7.6,9,5,63.0,57.4,65.0,63.2,59.4,6.49,6.55,2,166,16,1.9,0.5,96,77,Yes,Yes,Diploma,High,Yes,Average,Low,6.18,103.32,Critical,84.9,63
EDU03761,Priya Sharma,Female,22,CIVIL,8,79.2,3.6,6.5,4,9,71.7,77.6,76.1,71.1,76.0,7.91,7.63,0,125,3,2.4,1.0,90,67,Yes,Yes,PhD,Middle,Yes,Excellent,Medium,7.51,92.68,Low,85.6,69
EDU03762,Rahul Gupta,Female,24,MECH,8,83.1,1.0,6.0,5,4,61.6,65.4,59.0,64.0,73.4,6.58,6.88,1,201,20,3.2,2.5,68,65,No,Yes,School,High,Yes,Poor,High,6.2,100.64,High,78.7,67
EDU03763,Pooja Reddy,Male,20,CIVIL,3,91.3,5.2,5.3,7,8,93.9,88.9,92.6,92.8,96.2,9.58,9.31,0,191,14,4.2,1.1,87,65,Yes,Yes,Diploma,Low,Yes,Good,High,9.18,109.52,Low,91.3,97
EDU03764,Meera Verma,Male,22,ECE,3,74.8,2.9,8.4,6,6,76.3,70.4,76.2,69.5,71.0,7.27,6.83,1,23,11,1.7,2.7,59,62,No,Yes,PG,Upper-Middle,Yes,Poor,Medium,7.43,58.12,High,75.1,66
EDU03765,Sanjay Nair,Male,24,IT,7,73.7,5.2,5.3,9,7,92.9,90.1,92.7,96.0,95.5,8.89,9.43,0,142,8,1.3,0.6,57,56,No,Yes,Diploma,Middle,No,Poor,High,9.19,80.68,Moderate,65.3,78
EDU03766,Sai Verma,Female,22,IT,7,93.4,4.3,8.3,4,9,94.9,93.0,95.1,89.2,91.9,10.0,10.0,0,83,18,4.0,0.1,98,98,Yes,Yes,PG,Middle,No,Good,Low,9.43,93.16,Low,93.8,98
EDU03767,Meera Iyer,Female,24,CSE,5,100.0,5.1,6.3,3,3,99.9,100.0,100.0,96.1,100.0,10.0,9.93,0,163,34,1.9,2.2,52,76,Yes,No,Diploma,High,Yes,Excellent,Low,10.0,93.4,Low,91.8,97
EDU03768,Sai Gupta,Female,20,AI&DS,6,68.6,2.5,7.5,10,4,62.2,59.6,63.4,56.2,59.1,5.59,6.14,1,204,37,5.0,0.8,41,45,Yes,Yes,School,Low,Yes,Poor,High,6.17,84.64,High,61.0,66
EDU03769,Aarav Das,Male,20,AIDS,6,86.7,5.9,7.0,8,3,96.4,100.0,98.0,91.2,93.2,8.9,9.26,0,72,37,2.1,2.0,87,70,Yes,Yes,UG,High,Yes,Poor,High,9.81,83.88,Moderate,96.3,100
EDU03770,Aishwarya Patel,Female,20,CIVIL,2,91.0,4.2,5.9,8,5,84.4,75.6,84.2,80.2,84.7,7.47,7.55,0,86,5,2.1,1.8,46,88,No,Yes,Diploma,Middle,Yes,Good,Medium,8.14,72.0,Moderate,97.9,74
EDU03771,Meera Singh,Male,20,EEE,2,99.4,3.4,7.9,8,7,90.3,95.1,92.9,92.2,98.6,10.0,10.0,0,92,33,2.2,2.6,53,100,Yes,No,School,Low,Yes,Poor,High,9.28,79.36,Low,94.9,81
EDU03772,Aishwarya Verma,Male,21,AIDS,2,94.3,5.6,6.9,6,3,99.5,100.0,100.0,94.2,94.0,10.0,9.67,0,208,12,2.3,1.2,63,58,Yes,Yes,UG,Upper-Middle,Yes,Good,Medium,9.98,104.52,Low,93.5,86
EDU03773,Karthik Gupta,Male,18,ECE,4,87.1,4.2,5.5,9,7,85.9,80.7,85.8,91.4,92.0,8.85,8.71,0,147,17,2.5,0.9,69,85,Yes,Yes,PhD,Middle,Yes,Excellent,Medium,8.41,91.84,Moderate,72.6,79
EDU03774,Keerthi Reddy,Male,24,CSE,6,84.8,3.5,7.3,2,5,83.3,82.6,78.2,71.1,77.9,7.73,8.28,0,117,11,4.0,0.3,82,44,Yes,Yes,PhD,High,Yes,Average,Low,8.14,90.12,Low,88.5,73
EDU03775,Pooja Iyer,Male,18,AI&DS,3,75.0,4.2,6.4,5,6,85.6,80.8,86.0,90.9,93.6,8.56,8.12,1,206,31,2.5,2.0,92,60,No,Yes,School,Low,Yes,Poor,Medium,8.41,108.0,Moderate,67.1,71
EDU03776,Ananya Das,Male,21,EEE,7,76.3,4.7,5.5,8,10,90.6,81.2,83.5,91.3,96.8,8.88,8.62,0,136,38,1.1,1.0,94,51,No,Yes,PhD,Upper-Middle,Yes,Good,High,8.51,95.32,Low,86.5,66
EDU03777,Harish Singh,Female,19,MECH,6,73.4,3.2,8.0,4,8,66.0,70.1,66.6,61.4,56.6,6.91,6.84,1,82,15,5.0,1.3,54,52,No,Yes,School,Low,Yes,Good,Medium,6.76,67.36,Moderate,80.2,66
EDU03778,Keerthi Das,Male,22,ECE,5,85.8,2.3,7.7,5,10,62.3,56.7,62.9,65.7,75.2,5.32,4.98,2,102,9,1.2,1.7,44,55,No,No,UG,High,Yes,Average,Medium,6.06,72.32,High,98.0,61
EDU03779,Karthik Reddy,Male,17,AIDS,1,94.6,3.0,8.2,1,3,77.3,73.1,71.0,75.6,80.9,7.57,7.79,1,75,30,0.1,0.4,76,60,Yes,Yes,Diploma,Low,Yes,Average,High,7.38,83.24,Moderate,92.5,76
EDU03780,Arjun Singh,Female,22,MECH,3,83.5,3.1,5.6,10,7,81.4,89.1,80.9,75.2,84.6,8.96,9.5,0,182,13,4.4,1.8,57,41,No,Yes,UG,Middle,Yes,Excellent,Medium,8.38,92.6,Low,99.3,84
EDU03781,Nisha Sharma,Male,21,EEE,1,90.9,2.5,7.7,4,7,74.7,72.7,78.1,78.1,76.8,7.35,7.05,0,192,35,4.9,1.3,56,46,Yes,Yes,PG,High,Yes,Average,High,7.52,97.16,Low,94.7,60
EDU03782,Aditya Iyer,Male,24,CIVIL,3,89.7,5.0,7.2,7,6,91.9,91.8,88.3,93.9,91.0,8.18,8.43,0,177,33,4.4,2.7,53,40,No,Yes,PG,High,Yes,Poor,High,9.07,92.48,Low,91.7,76
EDU03783,Vihaan Sharma,Male,18,ECE,4,80.4,3.3,5.7,10,5,80.7,88.7,87.0,80.6,83.5,8.73,8.23,0,203,34,3.2,2.7,79,85,No,Yes,Diploma,Middle,Yes,Excellent,Medium,8.55,104.36,Moderate,78.4,100
EDU03784,Keerthi Das,Male,20,AI&DS,4,70.1,1.5,6.8,3,8,54.7,47.1,48.5,52.7,51.0,4.5,4.95,3,172,11,1.4,0.1,93,45,No,Yes,School,High,Yes,Good,High,5.01,99.64,Critical,61.1,62
EDU03785,Harish Gupta,Female,18,AI&DS,8,83.3,3.5,5.5,10,10,81.3,82.2,85.3,84.0,89.4,9.04,9.63,0,50,11,4.6,2.5,70,62,Yes,Yes,Diploma,High,Yes,Excellent,High,8.29,71.32,Low,77.6,100
EDU03786,Vihaan Verma,Female,24,CIVIL,7,82.7,5.2,6.2,5,9,90.0,87.0,88.7,93.3,96.0,8.53,8.8,0,200,11,1.9,1.8,58,53,Yes,Yes,UG,Low,Yes,Poor,High,8.86,96.28,Low,93.9,56
EDU03787,Karthik Gupta,Female,24,MECH,6,73.5,5.2,6.6,10,6,85.5,76.2,80.9,85.6,80.9,8.42,8.57,0,76,22,1.1,1.7,64,46,Yes,Yes,PhD,Low,Yes,Good,High,8.09,70.2,Moderate,65.2,75
EDU03788,Karthik Patel,Female,20,ECE,1,67.3,4.2,5.6,7,7,80.7,87.6,88.5,88.4,91.0,9.12,9.38,0,188,29,3.5,1.8,43,76,No,Yes,School,Middle,Yes,Poor,Low,8.56,81.72,Low,59.5,60
EDU03789,Karthik Reddy,Female,18,IT,6,88.2,1.4,5.9,7,10,57.7,56.3,61.5,61.1,64.5,6.07,6.21,2,158,20,2.7,2.6,90,95,No,Yes,School,Upper-Middle,Yes,Good,Medium,5.85,102.88,High,93.5,46
EDU03790,Vihaan Iyer,Female,22,AI&DS,2,71.1,5.8,6.5,8,7,92.9,93.9,95.1,96.4,100.0,9.78,10.0,0,118,32,2.5,3.0,69,93,No,Yes,UG,Middle,Yes,Excellent,Low,9.4,79.64,Low,75.5,99
EDU03791,Pooja Das,Female,17,MECH,7,90.5,5.3,6.4,8,10,94.3,100.0,92.9,100.0,100.0,8.72,8.89,0,89,25,2.4,1.2,50,62,No,Yes,PhD,High,Yes,Average,High,9.57,74.0,Low,82.5,86
EDU03792,Sneha Gupta,Female,21,AIDS,4,67.1,1.7,6.3,4,8,52.3,45.5,44.7,48.6,50.8,5.22,4.82,4,102,7,3.3,0.6,65,54,No,Yes,School,Upper-Middle,Yes,Poor,High,4.75,73.24,Critical,63.5,54
EDU03793,Harish Reddy,Female,20,CSE,8,83.1,5.1,5.2,2,6,92.3,86.0,84.4,83.1,82.7,8.84,9.32,0,38,7,2.2,0.2,97,90,Yes,No,PhD,Middle,Yes,Good,High,8.76,79.64,Low,91.7,68
EDU03794,Keerthi Kumar,Male,21,MECH,1,86.0,2.2,6.8,6,5,62.0,56.9,63.6,57.7,63.7,5.83,6.23,1,143,3,1.6,1.7,45,60,No,Yes,Diploma,Middle,Yes,Average,Medium,6.08,81.0,High,100.0,43
EDU03795,Rahul Das,Male,24,AI&DS,6,79.2,5.0,5.3,1,9,88.9,90.3,90.3,94.0,100.0,9.9,9.65,0,216,13,0.8,0.5,70,73,No,Yes,School,Upper-Middle,Yes,Poor,High,8.98,102.88,Low,85.4,79
EDU03796,Aditya Gupta,Female,20,EEE,5,79.2,4.7,8.4,5,3,87.3,95.2,87.3,82.0,78.0,9.73,9.28,0,133,17,1.5,1.9,40,69,No,Yes,PhD,Middle,Yes,Excellent,High,8.99,74.28,Low,71.6,76
EDU03797,Priya Kumar,Female,22,IT,8,94.7,3.3,7.2,7,5,86.0,89.6,87.0,89.5,85.3,8.65,8.44,0,91,18,2.9,0.2,73,71,No,Yes,UG,High,Yes,Average,High,8.75,85.28,Low,96.7,71
EDU03798,Nithin Singh,Female,20,AIDS,7,84.1,2.9,6.9,7,6,75.4,82.0,74.9,79.9,84.7,7.78,7.78,0,61,3,1.4,2.0,59,86,No,No,Diploma,Upper-Middle,Yes,Excellent,Medium,7.74,69.44,Moderate,90.2,86
EDU03799,Nithin Verma,Female,23,CIVIL,5,88.9,3.4,7.9,4,9,85.8,88.3,90.2,87.1,83.1,8.38,8.36,0,192,21,4.7,1.0,77,53,Yes,Yes,UG,Upper-Middle,Yes,Good,Low,8.81,104.76,Low,87.2,93
EDU03800,Meera Verma,Female,19,AI&DS,8,89.9,3.0,5.9,8,6,75.5,66.6,70.8,73.0,81.3,6.81,7.07,0,83,7,2.5,2.0,97,100,Yes,Yes,PhD,Low,Yes,Good,Low,7.1,91.36,Moderate,78.9,75
EDU03801,Keerthi Sharma,Male,21,ECE,4,88.9,4.0,5.6,6,8,83.1,75.0,80.3,79.9,84.6,8.41,8.27,0,138,14,4.1,2.5,42,99,No,Yes,UG,Low,No,Poor,Low,7.95,79.96,Low,82.6,71
EDU03802,Aditya Verma,Male,17,CSE,4,93.9,5.6,7.2,6,7,97.8,99.7,95.2,94.1,94.4,9.17,9.42,0,103,30,4.3,1.7,57,77,No,Yes,School,Low,Yes,Good,Low,9.76,80.96,Low,100.0,98
EDU03803,Sneha Gupta,Male,24,CIVIL,4,84.7,3.3,6.7,9,10,76.5,79.3,79.0,85.1,87.4,8.2,8.37,0,158,13,1.9,2.3,71,63,No,Yes,UG,Upper-Middle,Yes,Excellent,Low,7.83,93.88,Low,86.6,70
EDU03804,Aishwarya Gupta,Female,20,ECE,8,90.9,5.7,5.6,2,7,100.0,97.4,100.0,99.5,100.0,10.0,10.0,0,116,15,2.3,0.1,85,82,Yes,Yes,UG,Low,Yes,Poor,High,9.91,93.56,Low,98.1,83
EDU03805,Sai Kumar,Male,19,EEE,3,87.0,3.3,6.7,9,4,80.9,87.6,89.2,93.4,98.6,8.36,8.59,0,168,6,4.0,0.0,43,57,No,Yes,PhD,Low,Yes,Poor,Medium,8.59,85.6,Moderate,73.9,67
EDU03806,Karthik Nair,Female,21,IT,8,86.1,4.6,6.0,3,4,93.9,95.6,91.0,85.4,89.2,9.01,8.58,0,122,3,0.4,0.2,46,46,Yes,Yes,UG,Middle,Yes,Excellent,High,9.35,77.24,Low,90.1,88
EDU03807,Karthik Kumar,Male,23,EEE,3,87.7,5.2,7.1,4,7,90.9,95.2,92.9,90.3,86.0,9.33,9.14,0,83,16,1.9,0.9,60,93,Yes,Yes,PhD,Middle,No,Excellent,Medium,9.3,75.68,Low,90.5,94
EDU03808,Sneha Iyer,Male,20,EEE,5,91.9,4.6,7.3,3,8,90.6,87.5,85.0,88.8,95.6,8.38,7.9,1,123,16,3.2,0.5,88,98,No,Yes,PG,Low,Yes,Good,Low,8.77,96.56,Moderate,93.9,77
EDU03809,Pooja Iyer,Female,21,CSE,2,80.4,2.3,6.1,8,6,70.1,72.8,71.8,78.6,76.9,6.74,7.12,0,44,5,2.1,0.8,74,46,No,Yes,Diploma,High,Yes,Average,High,7.16,70.56,Moderate,83.7,58
EDU03810,Arjun Reddy,Female,22,AIDS,6,69.4,1.7,5.7,2,5,61.3,69.2,61.2,55.1,51.9,5.69,6.18,1,57,39,0.7,1.3,67,44,Yes,Yes,PG,Upper-Middle,No,Excellent,Medium,6.39,65.96,High,70.3,66
EDU03811,Sai Reddy,Male,18,IT,4,85.0,5.0,6.6,7,10,86.4,83.8,82.7,76.5,74.1,8.86,8.92,0,215,6,0.2,0.9,65,69,No,Yes,UG,High,Yes,Poor,Low,8.43,103.0,Low,86.0,76
EDU03812,Diya Sharma,Male,20,IT,4,91.4,2.9,5.9,1,10,79.1,72.8,73.8,75.8,74.7,7.9,7.9,0,219,30,2.4,1.9,91,47,No,Yes,School,Middle,Yes,Poor,High,7.52,116.76,Low,89.4,72
EDU03813,Sneha Sharma,Male,24,CIVIL,2,92.0,3.7,5.5,5,6,82.8,87.7,81.2,79.3,81.2,7.77,7.33,0,172,9,3.4,0.2,44,100,Yes,Yes,Diploma,Upper-Middle,Yes,Average,Low,8.39,88.8,Low,100.0,54
EDU03814,Sneha Das,Female,24,CSE,5,88.5,1.7,8.2,6,7,72.1,79.2,80.0,78.0,80.0,7.12,7.63,1,119,34,0.1,0.3,80,44,Yes,Yes,PG,High,Yes,Poor,Low,7.71,91.2,Moderate,64.2,61
EDU03815,Nithin Iyer,Female,19,CIVIL,3,98.1,3.7,8.0,6,9,80.7,84.3,83.2,80.7,88.6,7.45,7.03,0,94,38,4.1,2.2,51,57,Yes,Yes,PhD,Low,Yes,Good,Medium,8.27,78.44,Low,92.0,68
EDU03816,Arjun Reddy,Female,24,IT,1,76.0,3.1,5.1,3,8,65.3,64.6,62.6,70.2,70.9,5.74,5.81,4,65,16,3.7,1.0,66,71,No,Yes,PhD,Middle,Yes,Good,Low,6.42,69.8,Critical,88.7,40
EDU03817,Rahul Iyer,Male,19,AI&DS,5,77.9,1.3,6.9,2,3,59.1,62.3,65.1,67.7,77.7,6.47,6.59,2,63,35,2.8,2.8,81,90,No,Yes,PhD,High,Yes,Average,High,6.22,76.16,High,75.6,61
EDU03818,Nisha Verma,Male,18,EEE,2,86.8,2.0,5.5,4,5,68.5,75.8,73.6,67.8,65.9,7.38,7.73,0,191,12,0.6,1.8,82,72,Yes,Yes,PG,Middle,Yes,Average,Medium,7.26,105.72,Low,83.1,52
EDU03819,Arjun Verma,Male,21,EEE,8,73.7,5.2,5.4,9,9,80.3,76.3,76.7,80.6,85.5,8.39,8.03,0,192,35,2.6,1.6,98,98,No,Yes,School,Upper-Middle,Yes,Poor,Medium,7.78,107.08,Moderate,78.0,79
EDU03820,Sneha Nair,Female,19,ECE,5,64.4,4.2,7.5,3,6,70.5,65.0,65.9,71.9,72.8,6.91,6.73,1,51,18,0.4,1.5,76,60,No,Yes,PG,High,Yes,Excellent,Medium,6.71,66.36,High,64.7,65
EDU03821,Aditya Patel,Female,24,AIDS,3,77.5,3.1,6.9,3,6,76.4,82.1,81.9,78.2,82.9,8.84,9.43,0,117,20,4.7,2.2,62,79,No,Yes,PG,Middle,Yes,Excellent,High,8.01,79.2,Low,83.6,95
EDU03822,Arjun Das,Male,19,MECH,5,76.5,1.9,8.0,10,6,61.6,60.6,63.5,59.8,65.1,5.39,5.06,2,28,40,1.9,1.3,42,59,Yes,Yes,UG,Upper-Middle,No,Average,High,6.19,53.0,Critical,83.7,32
EDU03823,Vihaan Kumar,Female,20,MECH,8,77.5,2.1,5.6,6,6,59.9,50.1,51.6,50.5,53.7,4.81,4.68,3,174,19,4.3,2.3,45,96,Yes,Yes,PhD,High,Yes,Good,High,5.39,83.8,Critical,67.4,46
EDU03824,Arjun Singh,Female,24,EEE,2,68.3,1.5,5.3,6,9,62.5,63.3,59.0,61.6,61.2,6.21,6.43,1,206,19,1.2,1.8,68,98,Yes,Yes,PhD,Middle,Yes,Excellent,Medium,6.16,95.72,High,62.5,80
EDU03825,Keerthi Verma,Female,17,ECE,8,64.1,1.4,5.3,8,3,49.0,49.9,46.7,49.6,52.4,5.26,5.82,2,96,3,2.2,0.0,50,95,Yes,Yes,PG,High,Yes,Excellent,High,4.85,64.84,Critical,70.2,70
EDU03826,Ananya Nair,Female,21,AIDS,4,82.0,5.1,6.6,7,6,88.3,83.2,84.9,83.5,82.4,7.59,7.38,0,75,27,1.8,1.9,78,41,No,Yes,School,High,No,Poor,Medium,8.55,79.0,Moderate,83.9,61
EDU03827,Harish Reddy,Female,18,AIDS,2,77.4,5.5,7.1,8,10,93.0,99.6,100.0,95.8,92.0,10.0,10.0,0,35,30,1.6,2.7,49,57,Yes,Yes,School,Middle,Yes,Excellent,Low,9.75,57.56,Low,99.4,100
EDU03828,Sai Kumar,Female,19,AIDS,4,79.0,2.3,6.1,7,7,60.2,51.6,51.8,49.4,47.9,4.58,4.77,3,148,21,1.3,3.0,55,73,No,No,School,Upper-Middle,Yes,Average,Low,5.45,83.2,Critical,77.9,55
EDU03829,Pooja Das,Male,19,CSE,1,77.1,2.5,6.1,4,5,69.8,66.6,63.2,60.5,66.7,6.65,6.97,1,60,1,4.9,1.4,91,52,Yes,Yes,School,High,Yes,Poor,Medium,6.65,79.24,Moderate,83.6,83
EDU03830,Ananya Gupta,Female,23,CSE,7,75.6,5.6,8.4,3,5,97.7,90.0,97.8,100.0,99.9,9.4,9.24,0,36,12,3.5,0.0,92,54,Yes,Yes,UG,Middle,Yes,Poor,High,9.52,74.24,Low,89.9,76
EDU03831,Aditya Sharma,Female,22,CSE,3,72.5,5.6,5.2,10,4,89.1,91.2,89.6,87.2,84.8,8.23,8.25,1,75,6,0.2,1.8,60,87,Yes,Yes,UG,Low,Yes,Poor,High,9.0,68.0,High,78.2,100
EDU03832,Riya Iyer,Female,24,ECE,7,82.6,1.8,6.5,8,4,66.2,70.7,70.5,76.5,85.7,6.9,6.83,1,119,16,0.4,2.8,52,53,No,Yes,PhD,High,Yes,Excellent,High,6.91,77.64,High,90.7,66
EDU03833,Harish Patel,Female,18,CSE,4,80.2,4.3,5.4,10,3,80.1,72.9,74.3,76.6,75.0,6.62,6.83,1,139,11,4.6,1.9,58,57,No,Yes,School,Low,Yes,Good,High,7.58,83.08,High,86.1,62
EDU03834,Karthik Verma,Male,17,AI&DS,7,76.5,5.1,5.0,7,8,92.8,88.5,90.9,95.8,92.4,8.48,8.87,0,45,3,1.8,2.7,90,80,Yes,Yes,School,Middle,Yes,Poor,Low,9.07,75.6,Low,73.5,59
EDU03835,Nisha Iyer,Male,22,CSE,5,88.3,5.7,6.6,7,8,100.0,97.4,100.0,100.0,100.0,10.0,9.93,0,146,10,4.0,2.4,65,82,No,Yes,PG,Middle,Yes,Excellent,Low,9.91,90.52,Low,82.2,89
EDU03836,Nithin Iyer,Male,21,CSE,1,84.6,2.2,7.1,4,7,72.4,65.6,66.3,71.4,71.9,6.97,6.57,1,130,35,2.4,2.7,63,84,Yes,Yes,PhD,Low,Yes,Good,Low,6.81,85.04,Moderate,92.3,70
EDU03837,Ananya Singh,Female,24,AIDS,2,64.8,5.3,6.0,10,10,90.4,86.8,85.4,89.4,99.2,8.29,8.82,0,52,36,0.3,2.1,84,90,No,Yes,School,Low,Yes,Good,High,8.75,69.92,Moderate,64.7,93
EDU03838,Arjun Nair,Male,22,MECH,5,74.0,2.9,5.9,6,8,74.3,65.8,70.4,68.6,76.5,6.97,6.98,1,166,12,1.3,2.6,51,42,No,Yes,Diploma,Upper-Middle,No,Poor,Medium,7.02,83.2,High,70.1,81
EDU03839,Karthik Singh,Male,22,AI&DS,3,81.2,1.8,6.9,10,9,70.4,71.2,73.9,72.9,81.2,7.54,7.42,0,159,37,1.2,1.5,98,79,Yes,Yes,School,Upper-Middle,No,Poor,Low,7.18,103.48,Moderate,81.1,51
EDU03840,Nithin Sharma,Male,17,EEE,6,94.2,5.4,6.8,4,4,96.5,96.2,99.7,100.0,97.5,8.98,9.03,0,59,27,1.7,1.5,86,48,Yes,Yes,UG,Middle,Yes,Good,Low,9.75,83.88,Low,100.0,77
EDU03841,Sanjay Nair,Male,19,CSE,5,70.5,4.0,8.3,5,3,82.1,74.2,76.6,68.7,74.0,7.58,8.0,1,143,11,4.3,0.1,50,99,Yes,Yes,Diploma,Upper-Middle,Yes,Good,Low,7.76,76.8,Moderate,66.4,71
EDU03842,Riya Verma,Male,19,CSE,7,87.1,5.5,6.7,3,9,100.0,90.9,92.0,89.1,98.1,8.54,8.07,0,144,4,2.6,2.3,73,56,No,Yes,PhD,High,No,Average,High,9.43,92.84,Low,82.9,81
EDU03843,Pooja Reddy,Male,19,MECH,7,77.4,1.7,6.4,4,10,62.1,63.3,60.9,58.0,54.2,6.09,6.36,1,89,16,0.6,1.1,72,64,Yes,Yes,UG,High,Yes,Average,Low,6.21,77.56,Moderate,80.2,53
EDU03844,Priya Reddy,Female,18,EEE,5,85.5,2.0,5.3,4,10,72.2,76.2,76.9,82.2,84.1,7.31,7.07,1,23,21,2.5,1.9,57,62,Yes,Yes,Diploma,Middle,Yes,Good,High,7.51,61.6,Moderate,82.7,80
EDU03845,Arjun Das,Male,20,AIDS,1,68.4,2.2,6.2,1,4,67.2,73.4,70.7,77.2,81.4,8.06,7.97,0,153,6,2.2,1.2,69,48,Yes,Yes,School,High,Yes,Average,High,7.04,85.56,Low,58.2,75
EDU03846,Rahul Patel,Male,22,CIVIL,8,56.9,2.5,5.7,3,4,52.6,57.2,50.9,50.9,50.3,6.0,6.38,2,92,9,3.9,2.3,51,48,No,Yes,PG,Low,Yes,Excellent,Low,5.36,61.56,Critical,61.3,72
EDU03847,Harish Reddy,Male,24,CSE,2,95.7,5.1,5.5,10,7,89.9,93.4,92.2,86.5,89.1,8.28,8.17,0,32,26,2.7,1.1,61,54,Yes,Yes,UG,High,Yes,Average,Low,9.18,69.08,Moderate,99.4,84
EDU03848,Riya Kumar,Male,18,EEE,3,88.8,3.4,6.6,10,9,87.1,82.1,83.6,75.7,81.4,7.93,7.66,1,53,34,0.7,1.6,79,43,No,Yes,UG,Upper-Middle,Yes,Poor,Medium,8.43,77.72,High,83.4,86
EDU03849,Nisha Sharma,Female,23,AI&DS,8,80.4,1.9,6.7,6,3,57.6,64.9,58.9,65.0,62.6,6.85,7.36,0,137,33,1.5,0.4,50,72,No,Yes,UG,Upper-Middle,Yes,Good,High,6.05,79.56,Moderate,86.4,64
EDU03850,Riya Das,Female,19,IT,8,99.7,3.2,7.1,6,7,77.5,82.9,82.9,79.1,79.4,8.22,7.9,0,103,22,4.9,2.0,90,69,No,Yes,UG,Middle,Yes,Good,High,8.11,96.48,Low,91.0,42
EDU03851,Sai Kumar,Female,19,MECH,8,87.0,5.2,6.7,4,8,98.8,100.0,100.0,93.4,100.0,10.0,10.0,0,122,24,2.1,0.8,79,44,No,Yes,Diploma,High,Yes,Average,High,9.96,90.8,Low,68.2,100
EDU03852,Sneha Verma,Female,19,MECH,5,78.8,1.7,5.0,3,6,57.9,48.5,56.6,50.8,56.4,6.2,5.81,3,52,18,4.3,0.1,97,57,No,Yes,Diploma,Middle,Yes,Good,High,5.43,80.72,Critical,62.6,79
EDU03853,Sanjay Kumar,Female,22,CSE,2,79.5,2.8,7.7,5,10,67.2,58.3,58.5,55.9,65.3,6.58,6.66,1,64,14,3.1,0.9,80,82,No,Yes,School,Low,Yes,Average,Low,6.13,76.6,Moderate,75.8,46
EDU03854,Diya Das,Male,17,AI&DS,7,78.3,2.8,7.4,9,4,68.6,64.7,65.3,59.9,69.7,7.51,7.54,1,178,18,1.8,0.0,69,88,No,Yes,School,High,Yes,Excellent,High,6.62,94.52,High,87.0,67
EDU03855,Aarav Patel,Female,18,EEE,3,74.0,4.6,6.6,10,6,88.9,94.7,90.8,96.9,96.8,8.79,9.05,0,170,21,2.7,0.7,76,41,Yes,Yes,Diploma,Low,Yes,Excellent,Medium,9.15,94.0,Moderate,75.2,63
EDU03856,Karthik Iyer,Female,17,IT,3,67.0,3.1,6.8,3,7,71.1,75.7,72.9,75.6,77.0,6.79,6.81,1,131,39,1.7,2.6,81,75,No,No,PG,High,Yes,Good,Low,7.32,85.4,Moderate,64.3,92
EDU03857,Meera Gupta,Female,19,CSE,6,94.6,5.5,6.5,4,8,98.0,100.0,95.7,88.1,83.9,9.17,9.09,0,52,38,0.9,0.8,84,65,Yes,Yes,Diploma,Upper-Middle,Yes,Poor,Medium,9.79,81.84,Low,85.0,90
EDU03858,Priya Nair,Female,18,IT,3,99.4,4.6,7.7,7,4,91.9,87.0,88.7,87.2,86.5,9.69,9.84,0,180,22,0.6,0.5,56,46,No,Yes,PhD,Upper-Middle,Yes,Good,Low,8.92,98.16,Low,92.9,98
EDU03859,Sai Patel,Female,22,IT,4,71.2,1.4,6.2,4,4,59.9,55.0,56.6,53.5,62.4,5.52,5.57,4,135,7,4.0,1.8,68,78,Yes,Yes,Diploma,Low,Yes,Average,Low,5.72,82.68,Critical,63.0,69
EDU03860,Aarav Singh,Male,18,MECH,7,71.8,4.0,8.3,1,9,74.2,74.7,72.2,73.3,81.7,6.32,6.84,1,50,24,2.2,1.4,91,42,Yes,Yes,School,High,Yes,Poor,High,7.37,75.12,Moderate,75.8,63
EDU03861,Aditya Gupta,Male,21,CSE,1,79.3,5.4,7.9,9,8,85.4,88.8,87.5,92.3,95.1,7.86,7.49,1,99,4,4.5,2.1,82,99,No,Yes,Diploma,Low,Yes,Average,High,8.72,84.32,High,76.5,67
EDU03862,Aarav Reddy,Male,24,CIVIL,2,83.6,2.6,8.1,7,4,64.7,55.8,63.6,61.1,62.5,6.96,6.75,2,184,12,2.8,0.8,97,92,Yes,No,UG,Upper-Middle,Yes,Poor,High,6.14,109.04,Critical,92.1,73
EDU03863,Pooja Verma,Male,22,MECH,8,77.8,3.7,8.4,4,6,84.1,75.6,83.1,82.0,87.5,8.84,9.38,0,215,1,4.7,0.8,60,50,Yes,Yes,Diploma,Upper-Middle,Yes,Average,High,8.09,98.12,Low,95.2,81
EDU03864,Sneha Nair,Male,22,IT,7,93.5,3.4,6.2,5,3,86.8,81.9,84.4,88.4,83.9,7.94,7.98,0,163,28,0.3,3.0,73,79,No,Yes,School,High,Yes,Excellent,High,8.44,99.2,Low,77.4,100
EDU03865,Aditya Singh,Male,21,ECE,7,78.0,2.4,6.2,1,10,68.6,64.4,70.4,64.4,66.1,6.63,6.22,1,51,8,2.3,0.7,89,91,Yes,Yes,School,Low,Yes,Poor,Medium,6.78,77.0,Moderate,61.6,65
EDU03866,Vihaan Das,Female,20,CSE,1,66.1,1.3,5.3,9,7,56.4,59.8,60.8,62.1,58.2,5.2,5.39,2,101,12,1.5,0.5,82,85,No,Yes,School,Middle,Yes,Good,Low,5.9,79.44,Critical,71.2,41
EDU03867,Pooja Nair,Female,19,AI&DS,1,77.7,3.9,6.3,10,9,86.0,83.6,88.0,93.9,96.0,8.28,8.39,0,208,19,3.7,0.9,91,60,No,Yes,UG,Low,Yes,Good,High,8.59,109.08,Moderate,82.9,85
EDU03868,Aishwarya Sharma,Female,23,AI&DS,2,78.7,6.0,6.0,3,4,92.9,94.4,95.6,94.2,100.0,10.0,10.0,0,166,5,1.4,0.0,77,91,Yes,Yes,PhD,High,Yes,Good,Low,9.43,95.48,Low,66.5,85
EDU03869,Vihaan Nair,Male,22,EEE,6,88.6,1.7,8.4,2,5,59.6,56.5,59.3,55.4,52.9,6.03,6.57,2,41,11,2.5,1.1,87,93,Yes,Yes,UG,Upper-Middle,No,Average,Low,5.85,78.44,High,90.0,59
EDU03870,Sneha Verma,Male,21,CIVIL,8,84.9,4.6,6.1,9,8,89.1,92.5,85.9,84.2,87.5,9.28,9.35,0,126,33,0.3,2.8,87,64,No,Yes,Diploma,Middle,Yes,Excellent,Medium,8.92,93.96,Low,92.0,95
EDU03871,Ananya Das,Female,23,AI&DS,7,72.2,2.8,5.6,6,6,63.5,65.0,65.4,72.7,67.7,6.94,7.27,1,180,36,4.1,3.0,78,52,No,Yes,School,Low,Yes,Excellent,Low,6.46,96.08,High,71.6,54
EDU03872,Sai Iyer,Male,23,CIVIL,1,81.9,3.4,6.8,8,8,79.8,78.8,83.9,86.6,84.9,8.66,8.19,0,69,38,2.1,2.6,88,85,Yes,Yes,School,Upper-Middle,Yes,Good,Medium,8.08,81.76,Moderate,95.3,68
EDU03873,Sai Sharma,Male,20,EEE,5,82.1,1.7,7.5,2,10,68.5,71.8,70.7,65.5,66.6,7.38,7.93,0,204,29,3.5,0.1,77,83,Yes,Yes,PhD,Low,Yes,Excellent,Low,7.03,104.44,Low,83.7,94
EDU03874,Aarav Iyer,Male,17,IT,7,67.0,4.1,5.7,2,6,70.7,63.7,65.6,63.0,58.3,7.02,7.44,0,164,18,4.3,0.0,90,59,No,Yes,PhD,Middle,Yes,Good,Medium,6.67,95.6,Low,63.7,76
EDU03875,Sneha Patel,Male,17,ECE,4,67.9,3.0,8.1,10,5,61.0,63.2,61.1,63.9,73.3,5.32,5.27,4,90,33,0.9,2.7,82,49,No,Yes,Diploma,Low,Yes,Average,Medium,6.18,77.96,Critical,78.3,33
EDU03876,Sanjay Das,Male,21,CIVIL,5,100.0,3.9,7.6,4,6,85.9,79.4,79.3,76.6,82.4,7.94,8.22,1,24,7,1.3,2.7,55,75,No,Yes,School,High,Yes,Average,High,8.15,66.8,Moderate,100.0,81
EDU03877,Aditya Gupta,Female,24,CSE,5,85.9,3.6,7.0,7,3,86.8,87.4,86.5,81.7,89.1,8.4,8.89,0,133,37,4.6,2.9,65,66,No,Yes,Diploma,High,Yes,Good,Medium,8.69,86.96,Moderate,82.7,90
EDU03878,Sanjay Reddy,Female,23,EEE,5,82.6,5.6,5.1,3,10,100.0,91.9,96.1,88.2,84.7,9.23,9.49,0,139,27,0.8,0.5,74,47,Yes,Yes,PG,Upper-Middle,Yes,Good,High,9.6,90.44,Low,74.0,93
EDU03879,Sneha Kumar,Male,22,EEE,5,74.3,5.7,8.4,10,6,86.3,84.3,83.2,82.2,85.4,7.62,7.55,0,211,28,4.8,2.0,94,60,Yes,Yes,UG,Middle,Yes,Good,Medium,8.46,109.52,Moderate,76.9,76
EDU03880,Sai Iyer,Female,23,AI&DS,4,71.2,4.9,5.4,9,3,81.5,80.0,85.3,85.7,83.8,8.51,8.13,0,98,18,1.4,0.2,100,50,No,No,School,High,Yes,Poor,Medium,8.23,88.08,Moderate,84.1,69
EDU03881,Aishwarya Sharma,Female,23,CSE,6,87.0,2.9,5.8,5,7,71.4,65.6,71.9,64.7,63.3,7.73,7.82,1,217,10,4.4,2.5,91,68,Yes,Yes,Diploma,Low,No,Average,Low,6.96,114.6,Moderate,79.7,79
EDU03882,Diya Das,Male,23,AIDS,6,89.2,5.8,7.0,3,8,100.0,92.2,99.2,100.0,100.0,9.33,9.78,0,198,0,3.0,2.3,43,41,No,Yes,PG,Upper-Middle,Yes,Excellent,High,9.71,92.48,Low,90.8,96
EDU03883,Nisha Nair,Female,23,AIDS,2,96.9,5.6,6.5,5,10,100.0,95.8,97.6,100.0,96.6,9.37,9.08,0,210,28,1.2,1.3,52,54,Yes,Yes,School,Middle,Yes,Poor,Medium,9.78,101.56,Low,97.0,100
EDU03884,Harish Verma,Female,22,AIDS,2,73.7,1.5,7.7,1,3,50.5,50.5,48.7,42.3,48.7,5.63,6.22,1,28,34,1.7,1.9,75,56,No,Yes,UG,Middle,Yes,Excellent,Medium,4.99,65.08,Moderate,78.5,62
EDU03885,Aditya Iyer,Female,18,MECH,6,76.8,1.3,8.1,6,4,51.2,55.6,57.7,50.5,46.4,5.66,5.26,2,82,0,4.2,0.8,78,50,No,Yes,PG,Middle,Yes,Poor,Low,5.48,78.32,Critical,63.3,50
EDU03886,Aarav Reddy,Male,22,AI&DS,2,83.2,2.7,7.2,6,8,73.1,63.4,67.1,66.3,64.4,6.66,6.48,1,21,25,2.3,2.3,89,62,Yes,Yes,PG,High,Yes,Average,High,6.79,73.08,High,77.3,61
EDU03887,Keerthi Patel,Female,18,CIVIL,2,74.8,4.1,6.0,1,8,82.3,77.4,76.6,74.7,72.5,8.46,8.23,0,109,23,1.8,0.7,63,62,Yes,Yes,PhD,High,Yes,Average,Low,7.88,76.92,Low,59.2,89
EDU03888,Rahul Nair,Female,18,CSE,4,91.6,5.0,5.9,8,3,100.0,100.0,100.0,95.1,93.9,10.0,10.0,0,206,39,4.0,2.0,89,66,Yes,Yes,PhD,Upper-Middle,Yes,Excellent,Medium,10.0,113.44,Low,93.8,91
EDU03889,Rahul Reddy,Female,19,EEE,1,73.3,3.4,8.1,1,4,72.4,73.4,71.4,64.1,61.4,7.15,7.32,0,142,18,3.8,2.0,40,58,Yes,Yes,PG,Upper-Middle,Yes,Poor,Low,7.24,73.72,Low,77.8,45
EDU03890,Arjun Sharma,Male,20,AI&DS,2,90.3,3.8,8.4,6,4,80.1,73.5,71.9,78.2,86.3,6.52,6.94,1,176,10,3.8,1.4,64,94,Yes,Yes,Diploma,Upper-Middle,No,Poor,Medium,7.52,96.92,High,89.5,73
EDU03891,Ananya Kumar,Female,19,EEE,7,69.5,1.4,8.4,9,5,53.5,58.4,57.1,56.5,54.9,6.17,6.12,1,71,30,1.3,2.2,73,57,Yes,Yes,Diploma,High,Yes,Poor,Low,5.63,71.2,High,71.2,61
EDU03892,Diya Das,Male,19,AI&DS,2,90.5,2.0,6.4,6,7,73.1,71.6,73.8,71.6,67.6,7.06,7.28,0,82,2,2.6,1.0,85,75,No,No,Diploma,Upper-Middle,Yes,Good,Medium,7.28,86.6,Moderate,71.6,73
EDU03893,Rahul Kumar,Female,17,ECE,1,96.7,1.1,8.3,6,7,67.8,62.8,68.1,60.9,66.3,6.47,6.69,1,118,12,1.8,0.9,95,59,Yes,Yes,PG,High,Yes,Poor,Low,6.62,100.28,Moderate,100.0,59
EDU03894,Riya Iyer,Male,21,CSE,5,73.0,3.6,5.3,3,7,70.2,64.5,63.7,60.9,61.4,6.28,6.22,1,197,37,1.2,1.3,84,70,Yes,Yes,PG,High,Yes,Average,High,6.61,102.2,Moderate,61.2,61
EDU03895,Pooja Gupta,Female,21,ECE,4,76.8,3.7,5.9,6,8,75.5,72.0,76.3,73.0,72.4,8.5,8.85,0,131,34,0.2,0.3,56,67,No,Yes,PG,High,Yes,Poor,High,7.46,79.32,Low,73.6,100
EDU03896,Nisha Patel,Male,20,CSE,4,91.9,2.4,6.8,5,9,71.4,61.7,67.9,71.0,77.7,6.84,7.44,1,38,20,0.0,1.4,74,61,No,Yes,PhD,Upper-Middle,Yes,Good,Low,6.7,73.96,Moderate,91.1,81
EDU03897,Aditya Kumar,Female,23,CIVIL,7,89.6,1.8,8.4,3,5,72.3,71.5,73.8,66.2,69.3,7.51,7.79,0,25,20,2.5,2.3,59,49,Yes,Yes,UG,Middle,Yes,Poor,Low,7.25,64.44,Low,81.3,49
EDU03898,Sanjay Singh,Female,23,ECE,3,80.1,1.7,6.3,6,5,55.2,57.7,52.6,58.4,65.1,6.04,6.09,1,168,21,0.3,1.9,96,95,No,Yes,School,Low,Yes,Poor,High,5.52,104.04,High,74.6,52
EDU03899,Harish Das,Female,24,IT,6,73.0,2.5,5.2,10,5,72.4,65.9,66.6,59.2,68.5,7.58,8.14,1,45,1,0.7,1.3,56,74,No,Yes,UG,Middle,Yes,Poor,Medium,6.83,60.6,High,76.4,65
EDU03900,Riya Nair,Female,19,AI&DS,7,73.9,4.0,6.8,4,4,73.9,81.4,78.5,78.9,80.5,8.77,8.73,0,54,28,4.2,1.8,99,98,Yes,Yes,Diploma,Low,Yes,Excellent,Low,7.79,79.96,Low,72.3,77
EDU03901,Karthik Gupta,Male,21,ECE,5,60.0,4.1,5.4,3,3,78.1,80.4,81.9,76.7,83.0,7.4,7.78,0,52,29,0.4,0.2,84,41,No,Yes,UG,Upper-Middle,No,Poor,Medium,8.01,68.0,Moderate,47.0,86
EDU03902,Aditya Patel,Female,20,AIDS,5,93.0,1.7,7.2,2,8,63.8,67.8,64.0,70.9,66.8,5.83,6.0,1,220,27,4.6,2.1,74,71,No,Yes,Diploma,Upper-Middle,Yes,Excellent,Low,6.52,110.8,Moderate,93.8,72
EDU03903,Sneha Kumar,Male,18,MECH,4,80.5,5.8,5.2,6,5,91.3,87.1,92.9,95.6,93.7,9.81,10.0,0,63,18,3.8,2.6,94,87,No,Yes,UG,Low,Yes,Poor,Medium,9.04,82.4,Low,73.0,87
EDU03904,Meera Das,Female,22,IT,5,70.2,5.8,5.7,3,9,87.8,91.0,91.8,87.2,96.4,9.01,8.85,0,40,13,1.4,1.7,71,94,Yes,Yes,Diploma,Low,Yes,Average,Medium,9.02,64.48,Low,65.2,59
EDU03905,Arjun Sharma,Male,20,EEE,8,95.0,5.7,8.2,10,3,97.2,94.7,92.7,88.0,87.9,9.67,9.95,0,189,17,3.7,1.6,51,100,No,Yes,Diploma,Upper-Middle,Yes,Good,High,9.49,96.2,Low,85.9,100
EDU03906,Rahul Verma,Female,17,CIVIL,4,89.1,3.1,7.9,9,6,78.3,71.5,73.2,68.6,65.8,7.03,7.39,1,135,31,4.7,1.2,96,40,No,Yes,PhD,High,Yes,Excellent,Low,7.43,101.04,High,70.9,74
EDU03907,Karthik Singh,Male,18,ECE,5,97.1,1.4,7.0,3,10,67.4,61.1,66.6,64.4,60.0,7.41,7.44,1,36,40,3.0,0.2,80,43,No,Yes,Diploma,High,Yes,Good,Medium,6.5,78.04,Moderate,92.3,56
EDU03908,Diya Singh,Male,17,CIVIL,2,84.8,5.5,5.5,6,6,89.4,96.4,91.0,89.3,98.1,9.97,9.79,0,128,19,2.1,2.4,94,45,No,Yes,PG,High,Yes,Excellent,Medium,9.23,97.12,Low,97.4,100
EDU03909,Vihaan Gupta,Male,20,ECE,1,91.1,3.1,6.5,8,7,78.6,72.3,73.4,81.1,85.8,8.08,7.61,1,215,10,3.9,1.7,45,53,Yes,Yes,PhD,Upper-Middle,Yes,Average,Medium,7.48,97.44,Moderate,81.8,100
EDU03910,Vihaan Patel,Male,20,ECE,8,74.7,5.3,8.1,8,7,81.5,89.2,84.3,79.9,84.4,7.44,7.68,0,80,30,0.3,0.1,97,90,Yes,Yes,School,Low,Yes,Good,Low,8.5,84.68,Moderate,74.2,67
EDU03911,Nithin Patel,Male,23,ECE,5,80.9,1.2,7.0,2,10,61.9,67.7,63.4,65.4,70.0,7.06,6.7,1,84,30,4.8,2.2,94,90,No,Yes,Diploma,Low,Yes,Average,High,6.43,86.76,Moderate,86.9,41
EDU03912,Aishwarya Reddy,Male,22,AI&DS,2,95.9,4.2,8.1,3,6,88.1,79.2,82.4,86.9,85.2,7.8,7.57,0,115,15,2.1,2.2,76,51,Yes,No,UG,Middle,Yes,Average,Medium,8.32,91.76,Low,100.0,63
EDU03913,Harish Verma,Male,17,EEE,5,73.8,2.1,7.6,10,7,60.6,54.5,57.6,54.1,54.1,5.79,6.1,1,100,32,0.6,0.8,47,46,No,Yes,School,Upper-Middle,No,Average,High,5.76,68.32,High,78.7,29
EDU03914,Sneha Verma,Female,21,CIVIL,7,83.2,2.2,8.1,7,5,71.9,70.0,68.3,70.5,66.1,6.13,6.24,2,81,30,2.1,2.8,40,87,Yes,Yes,School,High,Yes,Average,Low,7.01,65.48,Critical,91.4,68
EDU03915,Aishwarya Singh,Female,20,ECE,2,69.9,2.4,5.8,2,8,60.1,51.2,52.7,45.5,54.8,6.14,6.32,2,99,11,2.1,1.8,65,50,Yes,Yes,Diploma,Middle,Yes,Excellent,Medium,5.47,73.76,High,72.8,48
EDU03916,Ananya Kumar,Male,23,EEE,4,79.1,5.0,7.0,10,5,92.4,93.3,95.6,100.0,100.0,8.96,8.73,0,34,0,2.7,1.4,98,94,Yes,No,Diploma,Low,Yes,Average,Medium,9.38,77.64,Moderate,72.0,72
EDU03917,Arjun Nair,Male,22,AI&DS,3,65.0,4.1,7.0,2,9,77.6,68.7,74.7,71.9,76.6,7.93,7.45,0,122,7,4.5,0.0,83,91,No,Yes,School,High,Yes,Average,High,7.37,83.6,Low,56.2,52
EDU03918,Priya Gupta,Male,17,CIVIL,3,82.2,3.1,7.4,4,8,72.6,78.9,73.2,74.3,79.9,6.92,6.86,2,193,32,2.4,0.4,58,50,No,Yes,UG,Middle,Yes,Excellent,Medium,7.49,94.68,High,90.3,66
EDU03919,Nisha Gupta,Male,18,AIDS,6,64.7,1.3,5.4,7,10,54.4,56.0,59.1,54.2,53.1,6.48,6.34,1,178,20,1.0,0.7,50,45,Yes,Yes,School,Low,Yes,Good,Low,5.65,81.48,High,53.4,69
EDU03920,Diya Iyer,Male,18,CIVIL,1,86.5,3.2,7.5,5,10,70.7,75.3,69.3,65.2,74.8,6.65,6.94,1,125,18,4.3,2.0,40,47,Yes,Yes,School,Middle,Yes,Poor,Medium,7.18,75.6,Moderate,87.7,62
EDU03921,Nithin Gupta,Female,20,MECH,1,84.4,5.9,6.1,1,6,94.7,94.1,89.6,82.4,78.0,9.03,9.01,0,137,4,1.0,1.0,85,82,Yes,Yes,UG,Middle,Yes,Average,Low,9.28,95.16,Low,87.2,74
EDU03922,Priya Patel,Male,22,EEE,1,98.6,2.4,7.2,7,8,70.1,66.6,65.8,72.7,68.3,6.29,5.82,3,76,18,4.9,1.2,68,89,Yes,Yes,UG,Upper-Middle,Yes,Poor,High,6.75,81.84,Critical,96.5,64
EDU03923,Arjun Iyer,Male,24,EEE,3,81.1,1.2,7.1,5,4,56.7,61.2,58.2,59.9,58.5,6.13,6.12,1,181,15,3.1,0.9,55,84,No,No,UG,High,Yes,Poor,Low,5.87,90.64,High,75.0,64
EDU03924,Aditya Patel,Female,21,ECE,3,68.8,5.3,5.2,4,7,93.0,90.8,92.3,85.7,89.6,9.39,9.6,0,218,28,4.8,0.5,100,74,No,Yes,School,Upper-Middle,Yes,Average,High,9.2,111.12,Low,61.6,94
EDU03925,Pooja Gupta,Male,20,ECE,8,76.9,2.1,5.7,6,5,69.9,67.1,72.7,74.6,84.4,6.36,6.08,1,86,3,3.0,2.1,87,80,No,Yes,School,Middle,Yes,Good,Low,6.99,82.76,High,73.1,72
EDU03926,Nisha Reddy,Male,21,ECE,6,58.3,3.1,7.2,10,3,66.9,57.4,60.5,62.6,62.4,6.42,6.45,1,124,21,2.7,0.0,54,55,No,Yes,UG,Middle,Yes,Good,Medium,6.16,69.72,Critical,65.1,47
EDU03927,Rahul Nair,Male,18,MECH,5,77.8,2.2,7.0,4,3,65.1,64.3,60.9,63.5,69.2,5.44,5.74,4,68,37,3.5,0.2,62,53,No,Yes,School,Middle,Yes,Excellent,Medium,6.34,69.52,Critical,86.1,55
EDU03928,Rahul Gupta,Male,19,AI&DS,7,93.1,5.0,6.9,1,10,100.0,97.7,99.1,94.8,91.7,9.33,9.9,0,23,15,2.8,1.2,74,81,Yes,Yes,PG,Low,No,Average,High,9.89,71.44,Low,88.1,86
EDU03929,Sneha Kumar,Male,21,MECH,3,93.2,1.2,6.6,7,7,57.8,65.3,64.6,60.1,67.5,5.78,5.54,4,179,18,1.8,0.4,88,99,No,Yes,PhD,Upper-Middle,Yes,Average,Medium,6.26,108.28,Critical,100.0,52
EDU03930,Sanjay Das,Female,24,CSE,5,80.9,3.3,8.1,10,6,80.9,82.1,83.8,83.9,90.9,8.29,7.97,0,115,3,3.8,1.2,79,53,No,Yes,Diploma,Middle,No,Poor,Low,8.23,86.96,Moderate,65.4,76
EDU03931,Meera Kumar,Female,22,EEE,6,91.5,4.6,8.0,5,4,94.5,94.7,94.9,90.3,89.1,9.02,9.2,0,214,22,4.3,0.6,47,76,Yes,Yes,PG,Middle,Yes,Average,High,9.47,98.2,Low,96.0,91
EDU03932,Nithin Iyer,Female,21,ECE,1,89.1,4.5,7.2,3,4,92.0,93.7,89.8,87.6,92.0,8.47,8.64,0,28,1,4.2,2.0,97,86,Yes,Yes,PhD,High,Yes,Excellent,Medium,9.18,80.04,Low,77.8,72
EDU03933,Vihaan Gupta,Male,24,EEE,7,90.7,5.1,5.6,10,7,87.9,78.0,81.1,82.6,80.7,8.34,8.79,0,51,13,4.6,2.4,95,57,Yes,Yes,UG,Upper-Middle,Yes,Excellent,Low,8.23,84.48,Moderate,81.1,85
EDU03934,Sai Nair,Male,24,AIDS,4,91.5,2.4,5.2,4,8,69.8,61.2,70.3,78.2,80.6,7.72,7.6,1,218,23,1.4,0.6,41,65,No,Yes,UG,Upper-Middle,No,Good,High,6.71,96.6,Moderate,99.0,90
EDU03935,Keerthi Sharma,Male,21,EEE,6,86.0,1.1,6.4,1,3,60.8,61.9,60.6,66.4,61.7,5.44,5.54,3,22,20,3.4,1.9,58,82,No,Yes,PG,High,Yes,Average,Medium,6.11,62.0,Critical,83.5,52
EDU03936,Riya Verma,Female,20,EEE,2,78.7,5.2,6.1,9,3,88.9,92.5,88.8,85.9,94.7,8.37,8.01,0,55,25,4.8,0.1,54,99,No,Yes,PhD,Upper-Middle,Yes,Poor,High,9.01,64.08,Moderate,86.5,84
EDU03937,Meera Reddy,Female,21,CIVIL,5,84.7,4.1,5.9,4,3,76.2,74.3,71.8,77.7,78.7,6.88,6.65,1,147,31,4.7,1.5,60,69,No,Yes,PG,Low,Yes,Excellent,Low,7.41,87.28,High,87.5,65
EDU03938,Sneha Sharma,Male,23,CSE,4,80.3,5.5,6.2,10,9,89.3,81.9,87.8,86.2,93.5,8.51,8.51,0,113,0,4.3,2.3,76,59,No,Yes,PhD,Low,Yes,Excellent,Low,8.63,85.12,Moderate,90.4,98
EDU03939,Vihaan Reddy,Female,21,MECH,8,90.0,4.9,5.5,3,10,86.4,82.8,83.5,77.0,86.1,9.05,9.36,0,48,16,0.6,0.9,77,90,No,Yes,UG,Middle,Yes,Average,Low,8.42,76.4,Low,72.6,64
EDU03940,Aarav Reddy,Male,18,MECH,2,86.7,5.4,8.4,2,6,92.8,98.4,99.5,98.0,100.0,9.16,8.83,0,34,37,1.6,0.4,61,77,Yes,Yes,PG,Upper-Middle,Yes,Good,High,9.69,65.88,Low,79.3,78
EDU03941,Meera Das,Female,22,MECH,6,82.0,3.8,8.3,2,6,81.7,77.3,82.9,76.3,85.3,8.03,8.55,0,117,13,0.0,1.0,69,40,Yes,Yes,PG,Low,No,Poor,Medium,8.06,83.8,Low,91.3,55
EDU03942,Aishwarya Patel,Female,23,ECE,3,86.8,3.1,7.1,3,3,76.3,81.7,75.4,76.4,73.1,6.86,7.13,0,201,40,2.6,2.8,59,42,No,Yes,UG,Middle,Yes,Poor,Medium,7.78,98.52,Moderate,87.0,44
EDU03943,Sneha Iyer,Female,23,AIDS,4,82.9,4.0,5.8,8,7,88.1,91.6,94.8,99.1,97.0,10.0,9.71,0,209,28,1.0,1.7,46,83,No,Yes,UG,High,Yes,Average,Low,9.15,93.36,Low,63.4,100
EDU03944,Aishwarya Patel,Male,17,CIVIL,7,61.2,2.4,7.8,6,9,62.2,66.5,65.6,65.5,63.3,6.71,7.21,0,214,28,4.6,1.1,85,88,No,Yes,PhD,High,Yes,Poor,Medium,6.48,101.28,Moderate,57.3,75
EDU03945,Karthik Sharma,Female,20,IT,2,82.1,1.1,5.4,10,10,61.8,59.4,59.3,58.7,58.0,5.99,6.2,2,197,9,1.6,1.9,55,92,No,Yes,Diploma,Middle,Yes,Poor,Medium,6.02,94.24,Critical,85.2,62
EDU03946,Sai Iyer,Female,19,IT,4,99.5,3.5,5.4,4,5,85.8,82.9,82.5,86.5,95.0,8.86,8.85,0,116,8,2.5,1.4,47,50,No,Yes,Diploma,Middle,Yes,Average,Low,8.37,81.8,Low,100.0,77
EDU03947,Aditya Nair,Female,24,AIDS,7,87.6,4.1,7.4,1,5,84.5,76.0,78.4,86.0,85.4,8.62,8.53,0,204,7,3.5,2.1,58,67,Yes,Yes,Diploma,Low,No,Average,High,7.96,99.04,Low,95.8,59
EDU03948,Vihaan Sharma,Female,22,IT,7,68.4,1.4,7.6,1,8,57.3,48.7,51.9,56.5,59.8,4.5,4.24,4,216,16,2.3,1.1,56,80,Yes,Yes,PhD,Middle,Yes,Average,High,5.26,92.96,Critical,67.6,31
EDU03949,Rahul Reddy,Female,19,IT,2,89.0,2.6,7.8,4,4,69.8,72.2,67.5,74.7,78.1,6.95,7.48,0,89,32,1.3,1.4,91,91,Yes,Yes,UG,Upper-Middle,Yes,Excellent,Low,6.98,89.8,Low,82.7,66
EDU03950,Arjun Reddy,Female,24,AI&DS,2,50.2,3.5,7.7,5,6,63.7,60.9,58.0,65.9,70.8,5.94,5.78,4,94,34,4.7,0.4,41,59,Yes,Yes,PhD,Low,No,Average,Medium,6.09,55.28,Critical,51.1,47
EDU03951,Diya Verma,Female,22,IT,4,86.8,5.6,7.3,8,6,98.4,96.5,93.9,90.4,96.4,9.58,9.97,0,20,13,2.4,0.7,98,51,Yes,No,School,Low,Yes,Good,Medium,9.63,77.92,Low,91.7,98
EDU03952,Sai Nair,Female,19,MECH,6,63.5,1.3,6.6,3,10,47.7,42.3,42.9,41.0,45.0,4.77,5.36,2,52,5,0.8,2.3,48,77,Yes,Yes,UG,High,Yes,Good,Medium,4.43,55.0,High,58.6,50
EDU03953,Sai Sharma,Female,24,ECE,6,72.6,2.6,5.0,7,6,67.8,64.7,69.2,62.2,70.1,7.11,6.86,2,69,33,0.5,0.6,41,51,Yes,No,UG,Middle,Yes,Poor,Low,6.72,59.24,Critical,65.4,47
EDU03954,Diya Patel,Female,18,EEE,5,85.8,1.8,5.5,9,4,59.8,57.4,55.1,58.5,55.6,5.47,5.6,2,140,32,1.0,2.4,54,66,No,Yes,UG,High,Yes,Average,High,5.74,83.92,Critical,84.0,61
EDU03955,Rahul Reddy,Male,17,AIDS,5,92.9,1.3,5.6,3,7,62.4,67.8,65.5,60.9,58.7,6.31,6.35,1,158,24,4.8,2.4,84,57,No,Yes,PhD,Middle,Yes,Good,High,6.52,102.36,Moderate,86.0,48
EDU03956,Aishwarya Kumar,Male,19,MECH,3,67.7,3.2,6.1,8,6,62.2,58.5,58.7,62.5,68.2,6.73,7.24,0,53,15,4.5,3.0,52,66,Yes,Yes,PG,Low,Yes,Good,Medium,5.98,58.48,Moderate,58.1,65
EDU03957,Nisha Sharma,Male,20,EEE,4,99.5,2.2,7.3,10,9,70.0,64.7,66.0,61.6,67.5,6.24,6.52,1,187,1,1.5,1.5,48,89,No,No,UG,Upper-Middle,Yes,Excellent,Medium,6.69,96.4,High,100.0,52
EDU03958,Aditya Reddy,Female,20,AIDS,4,91.4,1.7,7.7,8,4,65.9,71.7,69.5,72.5,71.0,7.64,7.88,0,151,16,3.5,2.4,54,46,No,Yes,Diploma,Upper-Middle,Yes,Excellent,Medium,6.9,88.36,Moderate,92.6,73
EDU03959,Sai Kumar,Male,23,CSE,8,94.2,3.9,7.4,4,10,89.0,82.9,89.9,95.9,100.0,8.05,7.82,1,38,8,0.8,2.3,47,98,No,Yes,PhD,Middle,Yes,Good,Low,8.73,64.08,Moderate,100.0,58
EDU03960,Ananya Patel,Female,24,AIDS,2,90.9,5.5,5.7,2,9,100.0,100.0,99.9,100.0,99.5,10.0,9.95,0,58,30,0.0,2.3,98,98,Yes,Yes,PG,Low,Yes,Poor,Low,10.0,87.16,Low,90.7,70
EDU03961,Sanjay Nair,Female,22,AI&DS,8,96.0,2.8,5.2,7,3,76.4,78.7,80.5,75.4,73.5,7.79,8.37,0,56,12,4.1,2.9,77,98,Yes,Yes,PhD,Upper-Middle,No,Poor,Medium,7.85,80.4,Moderate,92.1,69
EDU03962,Aishwarya Reddy,Female,24,MECH,7,60.3,1.6,5.5,3,4,46.0,49.8,45.5,51.1,56.7,4.5,4.18,2,90,35,4.5,0.9,48,46,Yes,Yes,UG,Middle,Yes,Good,Medium,4.71,61.32,Critical,63.6,20
EDU03963,Aditya Das,Male,19,CSE,7,83.3,2.6,7.3,9,4,75.2,79.3,77.9,80.8,76.4,6.88,6.96,1,105,11,1.1,0.3,59,42,Yes,Yes,School,Low,No,Poor,Medium,7.75,77.92,High,88.7,77
EDU03964,Priya Nair,Female,21,CSE,8,85.2,4.2,7.0,10,6,84.7,79.2,86.6,93.4,89.9,8.01,8.57,0,117,7,4.1,2.8,89,93,Yes,Yes,Diploma,Middle,Yes,Poor,Low,8.35,93.08,Moderate,89.9,77
EDU03965,Ananya Iyer,Female,24,ECE,4,80.9,2.8,8.0,9,3,74.4,74.1,70.8,74.6,79.9,7.73,7.91,0,156,17,0.6,0.4,68,63,Yes,Yes,School,High,Yes,Excellent,High,7.31,90.76,Moderate,83.8,74
EDU03966,Aarav Sharma,Male,24,MECH,4,91.6,1.2,8.4,9,4,69.4,65.1,71.8,70.3,68.4,6.93,7.04,0,28,29,0.7,1.2,53,55,Yes,Yes,Diploma,Middle,Yes,Good,Low,6.88,63.44,Moderate,100.0,55
EDU03967,Pooja Iyer,Female,20,ECE,5,69.7,5.2,7.9,3,6,84.2,86.1,88.3,83.7,90.1,7.92,7.43,1,52,19,3.2,2.7,42,60,Yes,Yes,PhD,Low,Yes,Excellent,High,8.62,55.08,Moderate,64.7,44
EDU03968,Vihaan Nair,Male,24,MECH,3,96.6,2.4,7.8,1,3,75.0,72.8,77.8,78.9,88.2,8.49,8.16,0,71,18,0.8,0.3,44,77,No,Yes,UG,Upper-Middle,Yes,Average,Medium,7.52,70.44,Low,87.9,73
EDU03969,Sai Gupta,Female,21,EEE,4,90.0,5.5,5.0,10,4,100.0,100.0,95.6,89.0,92.2,10.0,9.97,0,27,26,2.3,0.6,51,73,Yes,Yes,PG,Middle,Yes,Excellent,High,9.85,61.8,Low,78.2,84
EDU03970,Aarav Patel,Female,21,ECE,7,97.5,4.5,6.9,7,5,86.9,94.1,90.5,85.1,92.7,9.69,10.0,0,162,22,1.7,1.4,58,89,No,Yes,PhD,High,Yes,Good,Medium,9.05,94.6,Low,88.3,87
EDU03971,Keerthi Gupta,Male,19,IT,5,88.0,4.8,7.1,9,8,90.7,97.7,95.5,100.0,100.0,10.0,10.0,0,215,0,0.9,0.6,64,87,Yes,Yes,School,Low,Yes,Excellent,Low,9.46,103.8,Low,79.6,58
EDU03972,Aditya Patel,Male,19,EEE,8,79.8,4.3,7.1,8,8,78.5,76.7,77.5,78.1,86.7,7.72,7.98,0,212,9,0.9,1.8,41,99,No,Yes,Diploma,Middle,Yes,Good,Low,7.76,90.72,Moderate,86.4,62
EDU03973,Sneha Singh,Female,21,MECH,7,88.6,4.5,6.3,6,4,82.8,89.2,85.2,89.2,87.4,8.74,8.64,0,176,33,2.0,1.9,61,98,Yes,Yes,PG,Low,Yes,Good,Low,8.57,95.04,Low,100.0,74
EDU03974,Aarav Gupta,Female,22,AI&DS,1,61.2,5.7,5.3,2,3,87.8,86.7,90.3,91.1,96.5,8.08,8.41,0,62,4,2.3,2.6,86,61,Yes,Yes,UG,Low,Yes,Poor,Medium,8.83,71.28,Low,59.4,78
EDU03975,Sanjay Kumar,Male,17,ECE,1,83.2,1.5,7.2,3,5,58.9,54.0,53.2,56.7,66.0,6.18,6.08,2,117,23,2.5,0.3,66,62,No,Yes,PG,High,Yes,Excellent,Medium,5.54,83.08,High,79.3,57
EDU03976,Aarav Kumar,Female,21,CIVIL,4,64.6,1.5,6.1,9,3,50.1,53.1,54.0,50.5,46.7,5.18,5.23,2,117,9,0.2,2.2,58,95,Yes,Yes,Diploma,Low,Yes,Average,Medium,5.24,72.44,Critical,71.5,55
EDU03977,Riya Gupta,Female,18,EEE,2,95.6,5.4,5.3,10,10,94.0,100.0,100.0,92.7,95.8,9.18,9.25,0,114,33,2.9,2.1,74,81,Yes,Yes,School,Middle,Yes,Excellent,High,9.8,90.64,Low,95.1,97
EDU03978,Harish Singh,Male,17,AI&DS,6,86.2,1.7,5.5,3,5,63.9,65.4,63.1,70.5,67.2,6.07,6.63,1,40,33,2.5,0.5,86,45,Yes,Yes,Diploma,High,Yes,Poor,Medium,6.41,76.88,Moderate,75.7,80
EDU03979,Sanjay Iyer,Female,19,CSE,4,75.8,5.0,7.1,3,8,90.2,84.9,89.3,85.3,92.6,8.56,8.34,0,159,33,3.6,1.3,49,72,Yes,No,Diploma,High,Yes,Average,High,8.81,81.72,Low,75.4,78
EDU03980,Karthik Singh,Male,21,MECH,6,95.4,5.3,6.1,1,8,100.0,100.0,96.7,99.0,100.0,9.8,9.97,0,161,5,3.3,2.3,87,62,Yes,Yes,School,High,Yes,Good,High,9.89,105.16,Low,95.1,72
EDU03981,Sneha Nair,Female,24,CIVIL,6,75.9,4.8,5.5,6,5,78.5,85.1,82.2,84.4,93.2,7.59,8.11,1,88,35,3.3,1.1,70,51,No,No,UG,Upper-Middle,Yes,Poor,High,8.19,75.96,Moderate,70.0,64
EDU03982,Meera Sharma,Female,24,AI&DS,8,83.2,2.5,8.0,2,10,76.1,67.4,66.8,74.6,82.6,5.92,6.27,1,35,4,0.8,0.0,93,95,Yes,Yes,PhD,High,Yes,Excellent,Low,7.01,77.48,Moderate,79.1,73
EDU03983,Sanjay Patel,Female,17,AI&DS,3,70.3,6.0,7.2,9,9,92.7,96.0,95.4,94.6,93.6,8.99,8.61,0,69,38,2.2,0.7,65,52,No,Yes,Diploma,Low,Yes,Good,Medium,9.47,67.92,Moderate,73.0,84
EDU03984,Arjun Patel,Male,23,CIVIL,7,73.7,3.0,7.5,5,9,67.5,61.5,66.0,67.3,71.9,5.91,6.1,1,217,9,0.1,2.6,98,83,No,Yes,PhD,High,Yes,Excellent,High,6.5,112.08,High,83.0,37
EDU03985,Ananya Kumar,Male,19,EEE,5,88.3,4.5,7.0,7,10,87.4,94.5,93.1,91.2,93.7,9.01,8.91,0,114,38,4.9,2.5,70,89,No,Yes,Diploma,Low,Yes,Good,Medium,9.17,86.12,Low,91.3,70
EDU03986,Rahul Sharma,Male,23,IT,3,92.0,3.8,7.2,6,4,81.0,83.6,81.4,88.4,86.8,8.7,8.71,0,158,22,1.0,2.5,93,52,No,Yes,School,Upper-Middle,Yes,Average,High,8.2,105.6,Low,89.9,88
EDU03987,Vihaan Sharma,Male,21,ECE,7,69.7,3.9,5.5,2,8,74.7,81.7,79.0,81.3,85.4,7.8,7.99,0,82,27,1.0,2.3,83,86,Yes,Yes,School,High,Yes,Poor,High,7.85,77.48,Low,70.8,62
EDU03988,Aarav Nair,Female,19,IT,8,80.5,2.1,5.5,7,5,68.1,66.3,69.7,64.5,69.7,6.74,6.63,1,167,1,0.1,0.2,46,76,Yes,Yes,Diploma,Upper-Middle,Yes,Excellent,Medium,6.8,84.0,High,82.5,68
EDU03989,Priya Gupta,Male,24,ECE,5,81.7,4.5,8.0,1,7,78.0,74.4,73.7,79.0,85.9,8.3,8.39,0,46,18,1.6,1.4,84,53,Yes,Yes,PG,Middle,Yes,Average,High,7.54,75.48,Low,85.6,100
EDU03990,Aarav Verma,Male,17,ECE,8,88.9,1.1,8.3,6,9,64.3,59.7,59.6,65.0,63.5,6.01,6.53,1,60,10,0.3,2.5,100,87,Yes,Yes,School,Upper-Middle,Yes,Poor,Low,6.12,87.56,Moderate,77.3,53
EDU03991,Karthik Sharma,Male,22,CIVIL,1,75.1,3.7,6.6,4,3,79.4,71.7,76.5,69.4,79.3,7.54,7.68,1,195,27,4.7,0.5,66,100,No,Yes,Diploma,Middle,Yes,Good,High,7.59,95.44,Moderate,85.3,62
EDU03992,Sai Patel,Male,19,CSE,1,92.6,4.7,6.0,1,3,94.8,100.0,95.1,92.9,99.7,9.06,9.12,0,56,1,1.7,2.7,58,70,Yes,Yes,PG,High,Yes,Excellent,Low,9.66,71.44,Low,100.0,69
EDU03993,Arjun Singh,Male,20,AI&DS,2,71.6,4.3,6.5,6,8,80.5,79.7,79.3,78.9,85.4,7.52,8.09,0,38,9,4.0,2.3,43,83,No,Yes,School,Middle,No,Poor,High,7.98,53.44,Moderate,72.4,70
EDU03994,Diya Kumar,Male,20,CIVIL,5,98.4,5.6,8.2,1,10,95.1,94.5,93.5,85.6,82.9,9.4,8.96,0,138,15,0.3,0.4,80,61,Yes,Yes,PhD,Middle,Yes,Good,Medium,9.44,98.96,Low,90.4,79
EDU03995,Arjun Reddy,Male,24,EEE,3,76.6,2.6,7.4,1,8,67.6,69.8,65.0,72.6,80.6,6.0,6.06,1,43,32,1.1,1.5,72,78,Yes,Yes,PG,Upper-Middle,Yes,Poor,Medium,6.75,68.04,Moderate,81.5,73
EDU03996,Nithin Singh,Male,21,AIDS,5,83.2,3.8,7.4,2,8,79.1,82.6,81.3,78.0,84.9,8.08,7.84,0,111,14,4.6,0.1,69,51,No,Yes,UG,Low,Yes,Excellent,High,8.1,83.08,Low,85.1,89
EDU03997,Nithin Nair,Male,23,EEE,3,84.5,3.0,8.3,3,7,67.9,58.6,67.2,70.5,67.5,7.53,7.24,0,106,32,0.5,1.0,48,73,No,Yes,Diploma,High,Yes,Average,High,6.46,74.2,Low,78.9,72
EDU03998,Nisha Nair,Female,19,EEE,5,97.4,5.5,5.0,5,3,97.4,89.0,94.4,95.9,97.1,9.35,9.51,0,42,30,5.0,0.7,57,79,Yes,Yes,UG,Low,Yes,Average,Low,9.36,70.16,Low,100.0,84
EDU03999,Priya Sharma,Male,24,MECH,2,73.8,4.9,7.4,4,3,92.0,97.7,97.6,93.4,92.2,10.0,10.0,0,70,27,4.2,1.5,60,67,No,Yes,PhD,Upper-Middle,Yes,Average,Medium,9.58,67.52,Low,67.7,84
EDU04000,Sanjay Kumar,Male,17,MECH,2,83.2,5.3,6.4,1,8,94.1,94.7,95.4,96.4,93.5,9.97,9.57,0,219,9,3.4,1.0,46,60,No,Yes,Diploma,Upper-Middle,Yes,Good,Medium,9.47,95.48,Low,84.7,77
